geography_type,area_code,geography,education_category,employment_2025,share_of_employment_percent,employment_relative_standard_error,hourly_mean_wage_2025,annual_mean_wage_2025,mean_wage_relative_standard_error,hourly_median_wage_2025,annual_median_wage_2025,annual_wage_p10_2025,annual_wage_p25_2025,annual_wage_p75_2025,annual_wage_p90_2025,source_vintage
National,99,U.S.,Doctoral or professional degree,4000490.0,2.5727330261737738,0.3,79.6,165580.0,0.5,61.96,128870.0,62190.0,82270.0,204830.0,345660.0,BLS OEWS May 2025 special education aggregation
National,99,U.S.,Master's degree,3573310.0,2.2980116560113903,0.3,46.12,95930.0,0.2,40.0,83210.0,46730.0,60780.0,122240.0,158540.0,BLS OEWS May 2025 special education aggregation
National,99,U.S.,Bachelor's degree,38977680.0,25.06672048164924,0.1,53.47,111220.0,0.1,46.38,96480.0,49930.0,66120.0,133210.0,185290.0,BLS OEWS May 2025 special education aggregation
National,99,U.S.,Associate's degree,3317490.0,2.133492668898368,0.4,34.3,71350.0,0.2,31.25,64990.0,37190.0,48060.0,86740.0,107410.0,BLS OEWS May 2025 special education aggregation
National,99,U.S.,Postsecondary nondegree award,9660290.0,6.212575740825809,0.2,27.21,56590.0,0.1,23.99,49910.0,35750.0,40870.0,64400.0,81580.0,BLS OEWS May 2025 special education aggregation
National,99,U.S.,"Some college, no degree",3882080.0,2.496583025141591,0.3,24.56,51080.0,0.3,22.44,46670.0,30160.0,36670.0,59680.0,75990.0,BLS OEWS May 2025 special education aggregation
National,99,U.S.,High school diploma or equivalent,54661270.0,35.15290741424218,0.1,26.89,55920.0,0.1,23.1,48050.0,32910.0,38060.0,63870.0,87470.0,BLS OEWS May 2025 special education aggregation
National,99,U.S.,No formal educational credential,37423120.0,24.066975987057653,0.1,18.88,39270.0,0.1,17.5,36400.0,27040.0,30880.0,44570.0,55510.0,BLS OEWS May 2025 special education aggregation
State,1,Alabama,Doctoral or professional degree,45120.0,2.1348,2.0,69.27,144090.0,2.6,51.17,106430.0,58400.0,74190.0,164830.0,304000.0,BLS OEWS May 2025 special education aggregation
State,1,Alabama,Master's degree,41910.0,1.9828,1.6,40.99,85260.0,1.0,36.61,76160.0,42740.0,57110.0,102430.0,129690.0,BLS OEWS May 2025 special education aggregation
State,1,Alabama,Bachelor's degree,456500.0,21.5976,0.5,44.48,92520.0,0.4,37.87,78770.0,45410.0,60660.0,111460.0,160050.0,BLS OEWS May 2025 special education aggregation
State,1,Alabama,Associate's degree,46350.0,2.1928,2.0,26.79,55720.0,0.7,26.41,54930.0,28440.0,37700.0,68270.0,82180.0,BLS OEWS May 2025 special education aggregation
State,1,Alabama,Postsecondary nondegree award,153490.0,7.2616,0.9,23.53,48940.0,0.5,21.51,44730.0,30000.0,35990.0,59430.0,75370.0,BLS OEWS May 2025 special education aggregation
State,1,Alabama,"Some college, no degree",39450.0,1.8663,2.2,19.91,41420.0,0.8,18.92,39350.0,22980.0,28340.0,49550.0,61000.0,BLS OEWS May 2025 special education aggregation
State,1,Alabama,High school diploma or equivalent,807220.0,38.1909,0.4,24.02,49960.0,0.3,21.69,45110.0,28110.0,35180.0,59930.0,77860.0,BLS OEWS May 2025 special education aggregation
State,1,Alabama,No formal educational credential,523620.0,24.7732,0.5,15.77,32810.0,0.3,14.46,30070.0,21820.0,26020.0,36740.0,46370.0,BLS OEWS May 2025 special education aggregation
State,2,Alaska,Doctoral or professional degree,,,,96.18,200050.0,2.7,69.75,145090.0,71170.0,98520.0,242410.0,418440.0,BLS OEWS May 2025 special education aggregation
State,2,Alaska,Master's degree,,,,49.31,102550.0,1.0,47.03,97810.0,53850.0,71240.0,126070.0,160230.0,BLS OEWS May 2025 special education aggregation
State,2,Alaska,Bachelor's degree,77810.0,23.9008,0.9,52.42,109020.0,0.4,47.04,97840.0,59130.0,76390.0,128970.0,166540.0,BLS OEWS May 2025 special education aggregation
State,2,Alaska,Associate's degree,7830.0,2.4057,2.6,41.15,85600.0,1.5,37.95,78930.0,43530.0,57080.0,104650.0,133320.0,BLS OEWS May 2025 special education aggregation
State,2,Alaska,Postsecondary nondegree award,22420.0,6.885599999999999,1.5,33.49,69660.0,0.9,29.77,61920.0,42370.0,48900.0,81060.0,104410.0,BLS OEWS May 2025 special education aggregation
State,2,Alaska,"Some college, no degree",10120.0,3.1099,2.5,24.4,50750.0,0.7,23.48,48840.0,29390.0,38010.0,60420.0,73760.0,BLS OEWS May 2025 special education aggregation
State,2,Alaska,High school diploma or equivalent,116350.0,35.737700000000004,0.8,31.16,64810.0,0.4,27.89,58010.0,36980.0,45090.0,78150.0,102290.0,BLS OEWS May 2025 special education aggregation
State,2,Alaska,No formal educational credential,75890.0,23.3117,1.0,21.01,43690.0,0.6,18.33,38130.0,28300.0,33650.0,47440.0,63440.0,BLS OEWS May 2025 special education aggregation
State,4,Arizona,Doctoral or professional degree,75810.0,2.3402000000000003,2.3,82.53,171660.0,2.7,62.75,130510.0,67140.0,82900.0,207480.0,371840.0,BLS OEWS May 2025 special education aggregation
State,4,Arizona,Master's degree,69940.0,2.159,2.0,43.25,89960.0,1.2,37.71,78440.0,46440.0,57880.0,110640.0,141680.0,BLS OEWS May 2025 special education aggregation
State,4,Arizona,Bachelor's degree,801250.0,24.7344,0.7,50.2,104420.0,1.1,42.8,89030.0,48560.0,62660.0,127950.0,169990.0,BLS OEWS May 2025 special education aggregation
State,4,Arizona,Associate's degree,66790.0,2.0618,2.6,33.39,69440.0,0.9,30.66,63760.0,36540.0,46450.0,86120.0,105020.0,BLS OEWS May 2025 special education aggregation
State,4,Arizona,Postsecondary nondegree award,196750.0,6.0735,1.6,26.91,55970.0,0.8,23.52,48920.0,36920.0,42560.0,62940.0,80550.0,BLS OEWS May 2025 special education aggregation
State,4,Arizona,"Some college, no degree",71620.0,2.2108,2.3,24.15,50220.0,0.7,22.24,46270.0,32690.0,36350.0,59440.0,74880.0,BLS OEWS May 2025 special education aggregation
State,4,Arizona,High school diploma or equivalent,1144340.0,35.3254,0.5,26.49,55110.0,0.3,23.16,48170.0,35200.0,38730.0,62660.0,81060.0,BLS OEWS May 2025 special education aggregation
State,4,Arizona,No formal educational credential,812930.0,25.095,0.6,19.98,41550.0,0.4,17.76,36930.0,31100.0,34090.0,45630.0,58010.0,BLS OEWS May 2025 special education aggregation
State,5,Arkansas,Doctoral or professional degree,27860.0,2.1369,1.9,67.52,140430.0,2.5,48.13,100120.0,50250.0,64330.0,164890.0,304800.0,BLS OEWS May 2025 special education aggregation
State,5,Arkansas,Master's degree,27860.0,2.1367000000000003,2.2,41.87,87080.0,1.6,37.6,78200.0,40680.0,57200.0,107150.0,135200.0,BLS OEWS May 2025 special education aggregation
State,5,Arkansas,Bachelor's degree,280190.0,21.4929,0.5,40.58,84400.0,0.7,34.17,71070.0,39840.0,51780.0,100420.0,139420.0,BLS OEWS May 2025 special education aggregation
State,5,Arkansas,Associate's degree,23750.0,1.8219,2.1,29.79,61960.0,1.0,28.84,59990.0,32290.0,43240.0,78300.0,93900.0,BLS OEWS May 2025 special education aggregation
State,5,Arkansas,Postsecondary nondegree award,102590.0,7.869400000000001,1.2,23.54,48970.0,0.5,21.86,45460.0,30320.0,35890.0,59200.0,72260.0,BLS OEWS May 2025 special education aggregation
State,5,Arkansas,"Some college, no degree",29800.0,2.2861000000000002,2.8,19.53,40630.0,0.7,17.92,37270.0,24560.0,28850.0,47430.0,59750.0,BLS OEWS May 2025 special education aggregation
State,5,Arkansas,High school diploma or equivalent,482060.0,36.977999999999994,0.5,22.85,47540.0,0.3,20.28,42180.0,28400.0,34450.0,54790.0,72710.0,BLS OEWS May 2025 special education aggregation
State,5,Arkansas,No formal educational credential,329530.0,25.278100000000002,0.5,15.98,33230.0,0.3,14.51,30180.0,23690.0,26890.0,36890.0,45610.0,BLS OEWS May 2025 special education aggregation
State,6,California,Doctoral or professional degree,462940.0,2.5417,1.4,87.44,181870.0,2.4,74.77,155520.0,74510.0,102380.0,217050.0,338460.0,BLS OEWS May 2025 special education aggregation
State,6,California,Master's degree,422200.0,2.318,1.0,51.02,106120.0,0.6,47.05,97870.0,47000.0,61120.0,135140.0,173100.0,BLS OEWS May 2025 special education aggregation
State,6,California,Bachelor's degree,4768880.0,26.183,0.4,63.62,132320.0,0.2,55.16,114730.0,58690.0,78520.0,166300.0,218780.0,BLS OEWS May 2025 special education aggregation
State,6,California,Associate's degree,370100.0,2.032,1.8,40.63,84510.0,0.8,36.79,76510.0,45640.0,55890.0,104670.0,133620.0,BLS OEWS May 2025 special education aggregation
State,6,California,Postsecondary nondegree award,1015220.0,5.5739,0.7,31.19,64870.0,0.3,28.25,58770.0,38480.0,46670.0,76700.0,96380.0,BLS OEWS May 2025 special education aggregation
State,6,California,"Some college, no degree",494670.0,2.7159,1.7,30.79,64030.0,2.1,24.69,51350.0,38020.0,45130.0,66000.0,94300.0,BLS OEWS May 2025 special education aggregation
State,6,California,High school diploma or equivalent,6216350.0,34.1301,0.2,29.39,61130.0,0.2,24.02,49960.0,34900.0,38940.0,73110.0,99840.0,BLS OEWS May 2025 special education aggregation
State,6,California,No formal educational credential,4463340.0,24.5054,0.3,21.63,44990.0,0.2,19.42,40390.0,35050.0,36540.0,47260.0,59730.0,BLS OEWS May 2025 special education aggregation
State,8,Colorado,Doctoral or professional degree,77570.0,2.6991,1.2,80.29,167010.0,2.2,62.34,129660.0,61990.0,82850.0,207480.0,332990.0,BLS OEWS May 2025 special education aggregation
State,8,Colorado,Master's degree,67760.0,2.3578,1.7,46.08,95850.0,1.6,40.5,84240.0,48370.0,62110.0,120720.0,148520.0,BLS OEWS May 2025 special education aggregation
State,8,Colorado,Bachelor's degree,808150.0,28.1202,0.5,56.19,116880.0,0.5,48.82,101540.0,57460.0,76030.0,139230.0,194420.0,BLS OEWS May 2025 special education aggregation
State,8,Colorado,Associate's degree,61530.0,2.1409,2.4,37.89,78810.0,1.0,36.44,75800.0,45680.0,56570.0,98200.0,119220.0,BLS OEWS May 2025 special education aggregation
State,8,Colorado,Postsecondary nondegree award,155530.0,5.4117,1.2,29.52,61400.0,0.6,27.17,56510.0,38870.0,46540.0,71600.0,91290.0,BLS OEWS May 2025 special education aggregation
State,8,Colorado,"Some college, no degree",70360.0,2.4482,2.1,26.7,55530.0,0.7,23.87,49650.0,30800.0,38200.0,64380.0,83600.0,BLS OEWS May 2025 special education aggregation
State,8,Colorado,High school diploma or equivalent,946090.0,32.92,0.4,30.09,62590.0,0.6,26.46,55040.0,37560.0,44680.0,73940.0,97240.0,BLS OEWS May 2025 special education aggregation
State,8,Colorado,No formal educational credential,686920.0,23.902,0.4,21.28,44260.0,0.5,18.89,39290.0,31940.0,35970.0,47130.0,59490.0,BLS OEWS May 2025 special education aggregation
State,9,Connecticut,Doctoral or professional degree,57610.0,3.3965000000000005,1.3,76.41,158930.0,1.4,60.62,126090.0,65720.0,85910.0,185810.0,326860.0,BLS OEWS May 2025 special education aggregation
State,9,Connecticut,Master's degree,47230.0,2.7847,1.8,50.04,104080.0,0.7,47.15,98070.0,49630.0,68300.0,131190.0,166430.0,BLS OEWS May 2025 special education aggregation
State,9,Connecticut,Bachelor's degree,455970.0,26.8824,0.5,58.34,121350.0,0.5,49.53,103020.0,58680.0,78700.0,140620.0,203590.0,BLS OEWS May 2025 special education aggregation
State,9,Connecticut,Associate's degree,37080.0,2.1863,2.8,36.4,75710.0,0.9,35.87,74610.0,43680.0,55850.0,96810.0,106840.0,BLS OEWS May 2025 special education aggregation
State,9,Connecticut,Postsecondary nondegree award,108220.0,6.3805,1.3,28.71,59730.0,0.5,26.11,54300.0,38190.0,44890.0,72650.0,84240.0,BLS OEWS May 2025 special education aggregation
State,9,Connecticut,"Some college, no degree",48470.0,2.8576,1.9,26.39,54900.0,0.7,23.47,48810.0,34010.0,38500.0,64240.0,81590.0,BLS OEWS May 2025 special education aggregation
State,9,Connecticut,High school diploma or equivalent,570110.0,33.6115,0.5,28.89,60100.0,0.3,24.58,51120.0,35940.0,40880.0,72240.0,95480.0,BLS OEWS May 2025 special education aggregation
State,9,Connecticut,No formal educational credential,371470.0,21.9006,0.5,20.35,42330.0,0.3,17.93,37290.0,34010.0,35210.0,45280.0,57700.0,BLS OEWS May 2025 special education aggregation
State,10,Delaware,Doctoral or professional degree,13360.0,2.7567,2.0,86.56,180040.0,1.9,67.67,140760.0,77370.0,100660.0,222650.0,354910.0,BLS OEWS May 2025 special education aggregation
State,10,Delaware,Master's degree,13370.0,2.7584,2.9,45.68,95010.0,1.6,40.27,83750.0,47840.0,61110.0,125720.0,150210.0,BLS OEWS May 2025 special education aggregation
State,10,Delaware,Bachelor's degree,118350.0,24.413,0.7,53.86,112030.0,1.1,47.39,98560.0,57260.0,75470.0,132400.0,176440.0,BLS OEWS May 2025 special education aggregation
State,10,Delaware,Associate's degree,12300.0,2.5373,2.8,32.69,68000.0,1.1,30.39,63210.0,36370.0,46120.0,84410.0,100470.0,BLS OEWS May 2025 special education aggregation
State,10,Delaware,Postsecondary nondegree award,32860.0,6.7777,1.8,26.27,54640.0,0.6,24.44,50820.0,36410.0,42280.0,61150.0,75610.0,BLS OEWS May 2025 special education aggregation
State,10,Delaware,"Some college, no degree",12570.0,2.5932,3.0,23.7,49300.0,1.3,22.28,46330.0,33150.0,36890.0,57130.0,69380.0,BLS OEWS May 2025 special education aggregation
State,10,Delaware,High school diploma or equivalent,156670.0,32.318,0.7,26.88,55910.0,0.3,23.39,48650.0,32910.0,38200.0,64960.0,86010.0,BLS OEWS May 2025 special education aggregation
State,10,Delaware,No formal educational credential,125300.0,25.845800000000004,0.7,18.92,39360.0,0.3,17.29,35950.0,31200.0,31460.0,42600.0,54690.0,BLS OEWS May 2025 special education aggregation
State,11,District of Columbia,Doctoral or professional degree,49350.0,7.0304,1.6,101.11,210300.0,1.5,93.79,195080.0,79720.0,124590.0,281790.0,381390.0,BLS OEWS May 2025 special education aggregation
State,11,District of Columbia,Master's degree,22340.0,3.1825,4.0,61.32,127540.0,1.8,59.6,123960.0,62210.0,84990.0,156750.0,195190.0,BLS OEWS May 2025 special education aggregation
State,11,District of Columbia,Bachelor's degree,329030.0,46.875099999999996,0.6,66.86,139070.0,0.5,61.83,128610.0,69680.0,93520.0,170980.0,210610.0,BLS OEWS May 2025 special education aggregation
State,11,District of Columbia,Associate's degree,17280.0,2.4625,3.8,44.17,91860.0,1.6,40.18,83570.0,47760.0,62520.0,114030.0,135260.0,BLS OEWS May 2025 special education aggregation
State,11,District of Columbia,Postsecondary nondegree award,18190.0,2.5908,2.1,32.09,66740.0,1.4,28.78,59870.0,41600.0,47790.0,77730.0,101160.0,BLS OEWS May 2025 special education aggregation
State,11,District of Columbia,"Some college, no degree",9370.0,1.3347,7.0,31.44,65390.0,2.6,27.48,57160.0,39940.0,46920.0,79030.0,100820.0,BLS OEWS May 2025 special education aggregation
State,11,District of Columbia,High school diploma or equivalent,152040.0,21.6603,1.3,33.29,69240.0,0.6,29.44,61240.0,38650.0,45830.0,79920.0,106290.0,BLS OEWS May 2025 special education aggregation
State,11,District of Columbia,No formal educational credential,104330.0,14.8637,1.2,23.03,47900.0,1.1,19.52,40610.0,36480.0,37870.0,48610.0,64360.0,BLS OEWS May 2025 special education aggregation
State,12,Florida,Doctoral or professional degree,232570.0,2.3422,1.4,78.86,164020.0,2.5,60.53,125890.0,59980.0,79400.0,205400.0,352990.0,BLS OEWS May 2025 special education aggregation
State,12,Florida,Master's degree,203490.0,2.0492999999999997,2.0,42.29,87970.0,1.2,37.56,78120.0,45610.0,56610.0,105820.0,135670.0,BLS OEWS May 2025 special education aggregation
State,12,Florida,Bachelor's degree,2396060.0,24.1299,0.4,49.33,102600.0,0.3,39.96,83120.0,47790.0,61000.0,125210.0,171060.0,BLS OEWS May 2025 special education aggregation
State,12,Florida,Associate's degree,224150.0,2.2573,1.4,31.25,65000.0,0.6,29.82,62030.0,35470.0,44530.0,80040.0,97410.0,BLS OEWS May 2025 special education aggregation
State,12,Florida,Postsecondary nondegree award,661810.0,6.6649,0.8,25.7,53460.0,0.3,22.79,47410.0,34990.0,38070.0,61210.0,77790.0,BLS OEWS May 2025 special education aggregation
State,12,Florida,"Some college, no degree",219780.0,2.2133,1.5,24.05,50020.0,0.7,22.19,46160.0,30470.0,35970.0,59130.0,74970.0,BLS OEWS May 2025 special education aggregation
State,12,Florida,High school diploma or equivalent,3351100.0,33.747699999999995,0.4,25.79,53650.0,0.2,22.5,46800.0,32000.0,37270.0,61250.0,80500.0,BLS OEWS May 2025 special education aggregation
State,12,Florida,No formal educational credential,2640900.0,26.5956,0.4,18.12,37690.0,0.2,16.92,35190.0,28020.0,29620.0,40020.0,49070.0,BLS OEWS May 2025 special education aggregation
State,13,Georgia,Doctoral or professional degree,108680.0,2.2228000000000003,1.5,85.72,178290.0,4.3,61.75,128430.0,56800.0,80650.0,208810.0,375610.0,BLS OEWS May 2025 special education aggregation
State,13,Georgia,Master's degree,91870.0,1.879,1.9,44.42,92380.0,1.1,40.16,83520.0,47510.0,61650.0,115150.0,138970.0,BLS OEWS May 2025 special education aggregation
State,13,Georgia,Bachelor's degree,1240950.0,25.3816,0.4,51.14,106380.0,0.6,42.42,88230.0,47160.0,63110.0,128960.0,173310.0,BLS OEWS May 2025 special education aggregation
State,13,Georgia,Associate's degree,103600.0,2.1189,2.2,33.97,70670.0,1.1,31.1,64680.0,36470.0,47400.0,86020.0,104010.0,BLS OEWS May 2025 special education aggregation
State,13,Georgia,Postsecondary nondegree award,315290.0,6.4488,0.9,25.71,53480.0,0.5,23.01,47860.0,34330.0,38550.0,62100.0,78090.0,BLS OEWS May 2025 special education aggregation
State,13,Georgia,"Some college, no degree",109380.0,2.2372,1.8,23.46,48790.0,0.9,21.51,44740.0,23960.0,31200.0,59410.0,77650.0,BLS OEWS May 2025 special education aggregation
State,13,Georgia,High school diploma or equivalent,1710280.0,34.981,0.4,25.55,53150.0,0.3,22.39,46570.0,29540.0,36580.0,61690.0,81110.0,BLS OEWS May 2025 special education aggregation
State,13,Georgia,No formal educational credential,1209120.0,24.730600000000003,0.5,16.71,34750.0,0.5,16.12,33540.0,21860.0,27590.0,38810.0,47650.0,BLS OEWS May 2025 special education aggregation
State,15,Hawaii,Doctoral or professional degree,17210.0,2.7428999999999997,2.6,76.94,160030.0,2.9,62.21,129400.0,49760.0,79560.0,179250.0,347120.0,BLS OEWS May 2025 special education aggregation
State,15,Hawaii,Master's degree,13570.0,2.162,2.9,44.87,93330.0,1.6,41.15,85590.0,49440.0,59940.0,120810.0,153680.0,BLS OEWS May 2025 special education aggregation
State,15,Hawaii,Bachelor's degree,134620.0,21.452199999999998,0.8,50.5,105050.0,0.5,43.72,90930.0,51100.0,63560.0,128900.0,162600.0,BLS OEWS May 2025 special education aggregation
State,15,Hawaii,Associate's degree,11490.0,1.8305,3.0,35.14,73100.0,1.0,30.96,64390.0,40800.0,49790.0,94680.0,111730.0,BLS OEWS May 2025 special education aggregation
State,15,Hawaii,Postsecondary nondegree award,35100.0,5.5933,2.1,30.65,63750.0,1.6,27.22,56610.0,38260.0,46450.0,70480.0,94570.0,BLS OEWS May 2025 special education aggregation
State,15,Hawaii,"Some college, no degree",14790.0,2.3563,3.0,25.88,53830.0,8.2,21.87,45490.0,32310.0,36230.0,55340.0,66560.0,BLS OEWS May 2025 special education aggregation
State,15,Hawaii,High school diploma or equivalent,209910.0,33.449799999999996,0.7,29.57,61500.0,0.4,25.65,53340.0,35920.0,42360.0,73370.0,100330.0,BLS OEWS May 2025 special education aggregation
State,15,Hawaii,No formal educational credential,190850.0,30.4129,0.7,23.05,47930.0,0.8,19.89,41380.0,30100.0,35160.0,53220.0,72420.0,BLS OEWS May 2025 special education aggregation
State,16,Idaho,Doctoral or professional degree,18120.0,2.1132,2.1,69.08,143690.0,2.1,52.0,108160.0,54140.0,76540.0,161220.0,318030.0,BLS OEWS May 2025 special education aggregation
State,16,Idaho,Master's degree,19810.0,2.3108,4.5,44.25,92050.0,4.6,38.41,79880.0,46830.0,59200.0,111120.0,146210.0,BLS OEWS May 2025 special education aggregation
State,16,Idaho,Bachelor's degree,179910.0,20.982400000000002,0.8,46.31,96320.0,0.6,39.27,81690.0,46800.0,60930.0,114710.0,161920.0,BLS OEWS May 2025 special education aggregation
State,16,Idaho,Associate's degree,20440.0,2.3838,2.2,32.64,67890.0,0.8,30.31,63030.0,37790.0,47580.0,85510.0,100300.0,BLS OEWS May 2025 special education aggregation
State,16,Idaho,Postsecondary nondegree award,60740.0,7.0844,1.5,25.56,53160.0,0.7,23.15,48160.0,34420.0,39200.0,61430.0,77230.0,BLS OEWS May 2025 special education aggregation
State,16,Idaho,"Some college, no degree",22980.0,2.6806,2.7,22.55,46910.0,0.9,21.21,44110.0,28840.0,35240.0,55720.0,70720.0,BLS OEWS May 2025 special education aggregation
State,16,Idaho,High school diploma or equivalent,325280.0,37.9364,0.5,25.38,52780.0,0.3,22.59,47000.0,30880.0,37430.0,60930.0,80050.0,BLS OEWS May 2025 special education aggregation
State,16,Idaho,No formal educational credential,210150.0,24.5085,0.7,17.91,37250.0,0.4,17.19,35750.0,22670.0,29130.0,43620.0,52520.0,BLS OEWS May 2025 special education aggregation
State,17,Illinois,Doctoral or professional degree,162070.0,2.6577,1.8,73.79,153470.0,1.4,56.88,118320.0,59570.0,80280.0,176850.0,322960.0,BLS OEWS May 2025 special education aggregation
State,17,Illinois,Master's degree,136520.0,2.2388000000000003,1.7,44.22,91980.0,1.5,39.3,81750.0,46540.0,59900.0,112260.0,140750.0,BLS OEWS May 2025 special education aggregation
State,17,Illinois,Bachelor's degree,1581790.0,25.939,0.5,53.64,111570.0,0.3,47.19,98160.0,50460.0,70570.0,131770.0,180610.0,BLS OEWS May 2025 special education aggregation
State,17,Illinois,Associate's degree,121710.0,1.9959,2.1,33.9,70520.0,1.0,31.12,64730.0,38480.0,47080.0,86050.0,104190.0,BLS OEWS May 2025 special education aggregation
State,17,Illinois,Postsecondary nondegree award,368540.0,6.0435,1.6,28.0,58230.0,0.7,24.07,50070.0,36820.0,43240.0,68370.0,87240.0,BLS OEWS May 2025 special education aggregation
State,17,Illinois,"Some college, no degree",155500.0,2.55,1.7,23.12,48090.0,0.7,21.83,45400.0,31200.0,36030.0,56630.0,69910.0,BLS OEWS May 2025 special education aggregation
State,17,Illinois,High school diploma or equivalent,2122530.0,34.8063,0.5,27.92,58080.0,0.2,23.34,48550.0,34880.0,38470.0,66460.0,96030.0,BLS OEWS May 2025 special education aggregation
State,17,Illinois,No formal educational credential,1449460.0,23.7688,0.5,19.58,40720.0,0.3,17.5,36410.0,31200.0,31870.0,44790.0,54760.0,BLS OEWS May 2025 special education aggregation
State,18,Indiana,Doctoral or professional degree,77270.0,2.4139,1.4,81.54,169600.0,1.6,59.59,123940.0,61980.0,80410.0,209490.0,383560.0,BLS OEWS May 2025 special education aggregation
State,18,Indiana,Master's degree,65890.0,2.0581,1.7,41.45,86220.0,1.1,36.94,76830.0,42690.0,54010.0,105880.0,133080.0,BLS OEWS May 2025 special education aggregation
State,18,Indiana,Bachelor's degree,612930.0,19.1468,0.5,45.38,94380.0,0.3,38.75,80600.0,47310.0,60570.0,108410.0,156800.0,BLS OEWS May 2025 special education aggregation
State,18,Indiana,Associate's degree,68320.0,2.1343,1.5,32.18,66930.0,0.6,30.42,63280.0,36950.0,46850.0,81470.0,99580.0,BLS OEWS May 2025 special education aggregation
State,18,Indiana,Postsecondary nondegree award,226790.0,7.0846,1.0,26.33,54760.0,0.4,23.65,49190.0,36420.0,39610.0,64120.0,77540.0,BLS OEWS May 2025 special education aggregation
State,18,Indiana,"Some college, no degree",78130.0,2.4405,1.6,21.9,45540.0,0.9,20.71,43070.0,28870.0,33810.0,53240.0,65000.0,BLS OEWS May 2025 special education aggregation
State,18,Indiana,High school diploma or equivalent,1252260.0,39.1182,0.3,25.92,53920.0,0.2,22.94,47700.0,31630.0,37920.0,62400.0,81940.0,BLS OEWS May 2025 special education aggregation
State,18,Indiana,No formal educational credential,819630.0,25.6036,0.4,17.64,36690.0,0.2,16.86,35070.0,23290.0,28750.0,42450.0,50020.0,BLS OEWS May 2025 special education aggregation
State,19,Iowa,Doctoral or professional degree,33250.0,2.1325,1.3,71.03,147750.0,1.2,52.25,108680.0,59820.0,78130.0,165950.0,318970.0,BLS OEWS May 2025 special education aggregation
State,19,Iowa,Master's degree,34590.0,2.2183,1.6,41.18,85650.0,0.9,36.57,76070.0,44550.0,53840.0,104470.0,135660.0,BLS OEWS May 2025 special education aggregation
State,19,Iowa,Bachelor's degree,340300.0,21.8249,0.5,43.41,90280.0,0.5,37.62,78250.0,46800.0,60370.0,104530.0,146110.0,BLS OEWS May 2025 special education aggregation
State,19,Iowa,Associate's degree,35130.0,2.253,2.1,29.45,61260.0,0.7,29.16,60640.0,33340.0,43360.0,78160.0,91770.0,BLS OEWS May 2025 special education aggregation
State,19,Iowa,Postsecondary nondegree award,110440.0,7.082800000000001,1.2,26.01,54100.0,0.5,23.68,49250.0,36500.0,40450.0,61860.0,76890.0,BLS OEWS May 2025 special education aggregation
State,19,Iowa,"Some college, no degree",46390.0,2.9752,2.2,19.86,41310.0,0.9,17.51,36410.0,23880.0,30010.0,48850.0,62120.0,BLS OEWS May 2025 special education aggregation
State,19,Iowa,High school diploma or equivalent,562850.0,36.097899999999996,0.4,25.9,53870.0,0.2,23.42,48710.0,32950.0,38910.0,62200.0,79970.0,BLS OEWS May 2025 special education aggregation
State,19,Iowa,No formal educational credential,396290.0,25.4156,0.4,17.38,36140.0,0.4,16.76,34850.0,22420.0,28510.0,42600.0,49920.0,BLS OEWS May 2025 special education aggregation
State,20,Kansas,Doctoral or professional degree,32890.0,2.2879,2.5,68.59,142670.0,2.7,51.62,107360.0,52790.0,75160.0,164960.0,303660.0,BLS OEWS May 2025 special education aggregation
State,20,Kansas,Master's degree,30500.0,2.1216999999999997,2.0,41.95,87260.0,1.5,36.65,76230.0,45290.0,56330.0,106720.0,135330.0,BLS OEWS May 2025 special education aggregation
State,20,Kansas,Bachelor's degree,324430.0,22.5685,0.6,44.8,93180.0,0.5,37.98,79000.0,46990.0,59990.0,109990.0,158520.0,BLS OEWS May 2025 special education aggregation
State,20,Kansas,Associate's degree,27350.0,1.9022999999999999,2.2,32.64,67880.0,0.7,30.66,63780.0,39830.0,49800.0,80100.0,97140.0,BLS OEWS May 2025 special education aggregation
State,20,Kansas,Postsecondary nondegree award,103790.0,7.2199,1.5,25.22,52460.0,0.5,22.76,47350.0,34900.0,38090.0,61510.0,77650.0,BLS OEWS May 2025 special education aggregation
State,20,Kansas,"Some college, no degree",44330.0,3.084,1.5,19.76,41090.0,0.6,18.14,37730.0,22450.0,29160.0,49790.0,61810.0,BLS OEWS May 2025 special education aggregation
State,20,Kansas,High school diploma or equivalent,523520.0,36.4182,0.4,25.56,53160.0,0.3,22.63,47060.0,30510.0,37230.0,61750.0,80910.0,BLS OEWS May 2025 special education aggregation
State,20,Kansas,No formal educational credential,350720.0,24.397399999999998,0.5,17.32,36020.0,0.4,16.39,34080.0,22880.0,28170.0,42390.0,49280.0,BLS OEWS May 2025 special education aggregation
State,21,Kentucky,Doctoral or professional degree,44970.0,2.2483,1.8,74.22,154380.0,1.8,52.35,108890.0,52220.0,72790.0,166990.0,337530.0,BLS OEWS May 2025 special education aggregation
State,21,Kentucky,Master's degree,45500.0,2.2746,1.8,41.95,87250.0,1.6,37.4,77790.0,42290.0,56220.0,105090.0,135460.0,BLS OEWS May 2025 special education aggregation
State,21,Kentucky,Bachelor's degree,407470.0,20.3699,0.6,44.44,92430.0,0.7,37.47,77930.0,46160.0,59230.0,104750.0,153800.0,BLS OEWS May 2025 special education aggregation
State,21,Kentucky,Associate's degree,44900.0,2.2445,1.7,28.89,60080.0,0.7,28.6,59480.0,29000.0,39780.0,75600.0,93400.0,BLS OEWS May 2025 special education aggregation
State,21,Kentucky,Postsecondary nondegree award,139750.0,6.986,1.3,25.26,52540.0,0.6,22.54,46880.0,32450.0,37870.0,60140.0,77340.0,BLS OEWS May 2025 special education aggregation
State,21,Kentucky,"Some college, no degree",52520.0,2.6253,1.6,21.91,45570.0,1.0,20.53,42700.0,27520.0,31820.0,53810.0,67000.0,BLS OEWS May 2025 special education aggregation
State,21,Kentucky,High school diploma or equivalent,770670.0,38.5265,0.4,24.68,51330.0,0.3,22.27,46310.0,29970.0,36740.0,60270.0,78330.0,BLS OEWS May 2025 special education aggregation
State,21,Kentucky,No formal educational credential,494590.0,24.724899999999998,0.5,16.95,35260.0,0.4,15.85,32960.0,22190.0,27450.0,39770.0,49310.0,BLS OEWS May 2025 special education aggregation
State,22,Louisiana,Doctoral or professional degree,45700.0,2.3619,1.8,70.94,147560.0,1.8,54.59,113550.0,57510.0,77670.0,165220.0,324810.0,BLS OEWS May 2025 special education aggregation
State,22,Louisiana,Master's degree,45530.0,2.353,1.4,40.57,84390.0,0.9,34.87,72520.0,38220.0,54570.0,103340.0,134700.0,BLS OEWS May 2025 special education aggregation
State,22,Louisiana,Bachelor's degree,386980.0,19.9999,0.5,43.48,90430.0,0.4,36.91,76770.0,46350.0,58500.0,104280.0,152610.0,BLS OEWS May 2025 special education aggregation
State,22,Louisiana,Associate's degree,41370.0,2.1382000000000003,2.3,31.6,65720.0,0.8,30.1,62610.0,34860.0,46340.0,80110.0,97790.0,BLS OEWS May 2025 special education aggregation
State,22,Louisiana,Postsecondary nondegree award,152910.0,7.902800000000001,1.1,24.52,51010.0,0.5,22.01,45770.0,28920.0,34720.0,59620.0,77460.0,BLS OEWS May 2025 special education aggregation
State,22,Louisiana,"Some college, no degree",40950.0,2.1166,2.0,20.01,41620.0,1.0,18.24,37930.0,22000.0,27970.0,49330.0,62950.0,BLS OEWS May 2025 special education aggregation
State,22,Louisiana,High school diploma or equivalent,718010.0,37.1085,0.4,23.79,49490.0,0.3,21.37,44450.0,24030.0,32210.0,60500.0,79810.0,BLS OEWS May 2025 special education aggregation
State,22,Louisiana,No formal educational credential,503450.0,26.0192,0.5,15.46,32150.0,0.4,14.04,29210.0,18750.0,22720.0,36870.0,47920.0,BLS OEWS May 2025 special education aggregation
State,23,Maine,Doctoral or professional degree,16310.0,2.5453,2.2,85.41,177640.0,2.1,61.62,128160.0,65210.0,84060.0,216990.0,419410.0,BLS OEWS May 2025 special education aggregation
State,23,Maine,Master's degree,17430.0,2.721,2.0,43.59,90660.0,1.1,38.0,79050.0,47110.0,59150.0,110180.0,136130.0,BLS OEWS May 2025 special education aggregation
State,23,Maine,Bachelor's degree,146970.0,22.9422,0.6,46.24,96170.0,0.7,39.92,83040.0,48970.0,63550.0,109810.0,155360.0,BLS OEWS May 2025 special education aggregation
State,23,Maine,Associate's degree,14020.0,2.1886,3.0,34.67,72110.0,1.1,32.7,68020.0,43890.0,52000.0,86170.0,103710.0,BLS OEWS May 2025 special education aggregation
State,23,Maine,Postsecondary nondegree award,43790.0,6.834999999999999,1.3,26.38,54870.0,0.5,24.25,50430.0,39340.0,45680.0,61400.0,74030.0,BLS OEWS May 2025 special education aggregation
State,23,Maine,"Some college, no degree",19880.0,3.1029,3.4,24.85,51680.0,0.6,23.49,48860.0,37400.0,44140.0,58000.0,67230.0,BLS OEWS May 2025 special education aggregation
State,23,Maine,High school diploma or equivalent,228080.0,35.602999999999994,0.5,26.58,55280.0,0.3,23.69,49280.0,36410.0,41420.0,62890.0,79730.0,BLS OEWS May 2025 special education aggregation
State,23,Maine,No formal educational credential,154140.0,24.062,0.6,20.21,42040.0,0.5,18.09,37620.0,31190.0,34710.0,46120.0,57520.0,BLS OEWS May 2025 special education aggregation
State,24,Maryland,Doctoral or professional degree,86800.0,3.1416,2.0,77.81,161850.0,2.2,63.86,132840.0,66820.0,88980.0,195190.0,312000.0,BLS OEWS May 2025 special education aggregation
State,24,Maryland,Master's degree,85820.0,3.1061,1.8,51.23,106560.0,1.7,48.53,100950.0,48880.0,66370.0,134550.0,169880.0,BLS OEWS May 2025 special education aggregation
State,24,Maryland,Bachelor's degree,842800.0,30.5028,0.5,56.22,116940.0,0.4,49.57,103110.0,57610.0,76490.0,144680.0,189350.0,BLS OEWS May 2025 special education aggregation
State,24,Maryland,Associate's degree,64500.0,2.3343,2.7,39.05,81220.0,1.3,37.26,77510.0,39280.0,50450.0,102130.0,125150.0,BLS OEWS May 2025 special education aggregation
State,24,Maryland,Postsecondary nondegree award,161400.0,5.8415,1.8,28.28,58830.0,0.6,24.56,51090.0,37010.0,43410.0,70570.0,88820.0,BLS OEWS May 2025 special education aggregation
State,24,Maryland,"Some college, no degree",60340.0,2.1839,3.3,26.25,54590.0,1.9,23.55,48990.0,33840.0,37440.0,62540.0,79860.0,BLS OEWS May 2025 special education aggregation
State,24,Maryland,High school diploma or equivalent,857320.0,31.0282,0.6,28.11,58470.0,0.3,24.07,50070.0,35210.0,39510.0,68190.0,92420.0,BLS OEWS May 2025 special education aggregation
State,24,Maryland,No formal educational credential,604040.0,21.8617,0.6,19.46,40490.0,0.3,17.65,36720.0,31200.0,33950.0,44270.0,53580.0,BLS OEWS May 2025 special education aggregation
State,25,Massachusetts,Doctoral or professional degree,153530.0,4.2206,1.6,80.9,168270.0,1.4,64.51,134180.0,75180.0,94670.0,208280.0,343720.0,BLS OEWS May 2025 special education aggregation
State,25,Massachusetts,Master's degree,126330.0,3.4728000000000003,1.3,48.4,100670.0,0.6,44.53,92620.0,49150.0,64340.0,126130.0,162640.0,BLS OEWS May 2025 special education aggregation
State,25,Massachusetts,Bachelor's degree,1109620.0,30.5036,0.6,62.89,130800.0,0.4,51.88,107910.0,62400.0,81470.0,163350.0,214500.0,BLS OEWS May 2025 special education aggregation
State,25,Massachusetts,Associate's degree,84210.0,2.3151,2.6,36.35,75610.0,1.1,35.55,73940.0,41910.0,49110.0,98040.0,111150.0,BLS OEWS May 2025 special education aggregation
State,25,Massachusetts,Postsecondary nondegree award,204620.0,5.6252,1.4,29.56,61480.0,0.6,27.99,58220.0,39620.0,46870.0,74060.0,88920.0,BLS OEWS May 2025 special education aggregation
State,25,Massachusetts,"Some college, no degree",93840.0,2.5797999999999996,1.8,27.08,56320.0,0.7,24.88,51750.0,32090.0,39330.0,65620.0,82130.0,BLS OEWS May 2025 special education aggregation
State,25,Massachusetts,High school diploma or equivalent,1136650.0,31.2468,0.6,30.49,63430.0,0.3,26.53,55180.0,37810.0,43770.0,75980.0,100380.0,BLS OEWS May 2025 special education aggregation
State,25,Massachusetts,No formal educational credential,728850.0,20.036099999999998,0.6,20.71,43070.0,0.5,18.34,38140.0,32650.0,35360.0,46810.0,58950.0,BLS OEWS May 2025 special education aggregation
State,26,Michigan,Doctoral or professional degree,104270.0,2.3678,1.0,73.5,152890.0,3.2,56.52,117560.0,62270.0,80660.0,172430.0,314490.0,BLS OEWS May 2025 special education aggregation
State,26,Michigan,Master's degree,96340.0,2.1876,1.5,44.75,93090.0,1.0,39.4,81950.0,46470.0,60810.0,112410.0,140670.0,BLS OEWS May 2025 special education aggregation
State,26,Michigan,Bachelor's degree,1073670.0,24.3809,0.4,48.56,101000.0,0.3,42.03,87430.0,48750.0,64570.0,123870.0,163980.0,BLS OEWS May 2025 special education aggregation
State,26,Michigan,Associate's degree,97380.0,2.2113,1.5,32.0,66560.0,0.6,30.84,64150.0,37010.0,48020.0,80980.0,95690.0,BLS OEWS May 2025 special education aggregation
State,26,Michigan,Postsecondary nondegree award,277070.0,6.2918,1.1,25.75,53570.0,0.4,23.23,48330.0,36700.0,39470.0,61840.0,76900.0,BLS OEWS May 2025 special education aggregation
State,26,Michigan,"Some college, no degree",108780.0,2.4702,2.2,22.48,46760.0,0.5,21.0,43680.0,29650.0,35250.0,55030.0,67260.0,BLS OEWS May 2025 special education aggregation
State,26,Michigan,High school diploma or equivalent,1622040.0,36.8333,0.4,25.69,53440.0,0.2,22.6,47010.0,32490.0,37570.0,62250.0,80180.0,BLS OEWS May 2025 special education aggregation
State,26,Michigan,No formal educational credential,1024180.0,23.2572,0.4,18.52,38510.0,0.3,17.13,35630.0,27480.0,29660.0,43120.0,54110.0,BLS OEWS May 2025 special education aggregation
State,27,Minnesota,Doctoral or professional degree,76270.0,2.5857,1.5,88.15,183350.0,1.7,63.06,131160.0,68430.0,84590.0,215510.0,381280.0,BLS OEWS May 2025 special education aggregation
State,27,Minnesota,Master's degree,66630.0,2.2586,1.7,46.94,97640.0,1.0,40.47,84180.0,50200.0,63060.0,122370.0,159770.0,BLS OEWS May 2025 special education aggregation
State,27,Minnesota,Bachelor's degree,755140.0,25.5995,0.6,51.97,108090.0,0.4,46.98,97720.0,53150.0,72530.0,129450.0,169740.0,BLS OEWS May 2025 special education aggregation
State,27,Minnesota,Associate's degree,68370.0,2.3177,1.8,34.89,72560.0,0.7,33.25,69160.0,41040.0,50840.0,87570.0,105280.0,BLS OEWS May 2025 special education aggregation
State,27,Minnesota,Postsecondary nondegree award,167300.0,5.6716,1.5,28.24,58730.0,0.5,27.13,56420.0,38150.0,46450.0,67140.0,81110.0,BLS OEWS May 2025 special education aggregation
State,27,Minnesota,"Some college, no degree",85480.0,2.8977,1.9,24.65,51280.0,0.5,22.94,47710.0,35320.0,38660.0,59810.0,73890.0,BLS OEWS May 2025 special education aggregation
State,27,Minnesota,High school diploma or equivalent,1073360.0,36.387299999999996,0.5,27.79,57810.0,0.3,24.12,50170.0,35850.0,40800.0,65520.0,89890.0,BLS OEWS May 2025 special education aggregation
State,27,Minnesota,No formal educational credential,657280.0,22.2819,0.5,19.45,40450.0,0.3,17.71,36830.0,27470.0,31120.0,45800.0,58640.0,BLS OEWS May 2025 special education aggregation
State,28,Mississippi,Doctoral or professional degree,24740.0,2.1276,1.8,64.75,134670.0,3.2,47.83,99480.0,49870.0,63400.0,153590.0,305170.0,BLS OEWS May 2025 special education aggregation
State,28,Mississippi,Master's degree,27730.0,2.3838999999999997,2.0,40.89,85040.0,1.2,36.69,76320.0,41370.0,54800.0,103960.0,132580.0,BLS OEWS May 2025 special education aggregation
State,28,Mississippi,Bachelor's degree,196040.0,16.8559,0.6,38.3,79660.0,0.5,31.67,65880.0,41760.0,50110.0,94480.0,130960.0,BLS OEWS May 2025 special education aggregation
State,28,Mississippi,Associate's degree,24310.0,2.0902000000000003,2.4,27.01,56180.0,0.8,26.04,54170.0,29970.0,39400.0,67880.0,81730.0,BLS OEWS May 2025 special education aggregation
State,28,Mississippi,Postsecondary nondegree award,89230.0,7.6721,1.0,23.07,47990.0,0.7,21.41,44520.0,29260.0,34630.0,58280.0,73430.0,BLS OEWS May 2025 special education aggregation
State,28,Mississippi,"Some college, no degree",27990.0,2.4068,1.9,19.26,40060.0,0.8,17.36,36120.0,22100.0,27360.0,48520.0,62380.0,BLS OEWS May 2025 special education aggregation
State,28,Mississippi,High school diploma or equivalent,454200.0,39.0529,0.6,22.26,46300.0,0.2,19.2,39940.0,25620.0,31280.0,55440.0,73900.0,BLS OEWS May 2025 special education aggregation
State,28,Mississippi,No formal educational credential,318790.0,27.410700000000002,0.7,15.07,31340.0,0.3,14.0,29120.0,20680.0,22880.0,36390.0,45180.0,BLS OEWS May 2025 special education aggregation
State,29,Missouri,Doctoral or professional degree,66280.0,2.2574,1.4,73.32,152500.0,2.3,53.59,111460.0,60710.0,78140.0,171700.0,311210.0,BLS OEWS May 2025 special education aggregation
State,29,Missouri,Master's degree,65810.0,2.2416,1.8,42.98,89410.0,1.3,37.05,77060.0,43440.0,55650.0,109130.0,141590.0,BLS OEWS May 2025 special education aggregation
State,29,Missouri,Bachelor's degree,736010.0,25.0679,0.5,43.94,91400.0,0.4,37.88,78800.0,44200.0,57320.0,106350.0,156980.0,BLS OEWS May 2025 special education aggregation
State,29,Missouri,Associate's degree,60250.0,2.0519,2.2,32.6,67800.0,0.9,30.72,63900.0,36940.0,48200.0,82610.0,99950.0,BLS OEWS May 2025 special education aggregation
State,29,Missouri,Postsecondary nondegree award,199200.0,6.7846,1.0,25.09,52200.0,0.6,22.73,47270.0,34560.0,38280.0,61070.0,76110.0,BLS OEWS May 2025 special education aggregation
State,29,Missouri,"Some college, no degree",59890.0,2.0398,2.0,23.24,48330.0,1.3,21.81,45370.0,28600.0,36130.0,56990.0,71300.0,BLS OEWS May 2025 special education aggregation
State,29,Missouri,High school diploma or equivalent,1051640.0,35.8181,0.5,25.11,52220.0,0.3,22.27,46320.0,30410.0,36680.0,60570.0,80080.0,BLS OEWS May 2025 special education aggregation
State,29,Missouri,No formal educational credential,696980.0,23.7387,0.5,18.6,38680.0,0.5,16.72,34790.0,28600.0,29810.0,41490.0,52070.0,BLS OEWS May 2025 special education aggregation
State,30,Montana,Doctoral or professional degree,12790.0,2.4996,2.6,73.89,153700.0,2.0,50.6,105240.0,59750.0,78550.0,163650.0,362590.0,BLS OEWS May 2025 special education aggregation
State,30,Montana,Master's degree,11700.0,2.2870999999999997,1.8,40.29,83800.0,1.1,36.32,75550.0,42920.0,54480.0,102980.0,140250.0,BLS OEWS May 2025 special education aggregation
State,30,Montana,Bachelor's degree,114100.0,22.3032,0.6,42.52,88440.0,0.6,37.92,78870.0,44260.0,59450.0,103560.0,137980.0,BLS OEWS May 2025 special education aggregation
State,30,Montana,Associate's degree,11770.0,2.3006,2.0,31.63,65790.0,0.9,29.86,62110.0,39110.0,47940.0,80330.0,98720.0,BLS OEWS May 2025 special education aggregation
State,30,Montana,Postsecondary nondegree award,31400.0,6.1387,1.7,26.64,55420.0,0.6,24.53,51010.0,37320.0,44370.0,62690.0,76810.0,BLS OEWS May 2025 special education aggregation
State,30,Montana,"Some college, no degree",13300.0,2.5994,3.7,22.02,45800.0,1.2,21.42,44560.0,29360.0,35390.0,53550.0,63250.0,BLS OEWS May 2025 special education aggregation
State,30,Montana,High school diploma or equivalent,181600.0,35.497699999999995,0.6,26.11,54300.0,0.4,23.26,48370.0,32570.0,38790.0,62830.0,81420.0,BLS OEWS May 2025 special education aggregation
State,30,Montana,No formal educational credential,134920.0,26.373700000000003,0.6,18.26,37980.0,0.4,17.36,36120.0,23570.0,29130.0,44180.0,53360.0,BLS OEWS May 2025 special education aggregation
State,31,Nebraska,Doctoral or professional degree,26570.0,2.5936,1.7,71.79,149310.0,1.7,51.01,106090.0,57720.0,76020.0,170090.0,311090.0,BLS OEWS May 2025 special education aggregation
State,31,Nebraska,Master's degree,22660.0,2.2117999999999998,1.4,44.52,92600.0,1.0,39.31,81760.0,46050.0,60860.0,114610.0,138880.0,BLS OEWS May 2025 special education aggregation
State,31,Nebraska,Bachelor's degree,236680.0,23.104599999999998,0.5,44.73,93050.0,0.5,38.49,80050.0,47110.0,61360.0,106950.0,149790.0,BLS OEWS May 2025 special education aggregation
State,31,Nebraska,Associate's degree,19550.0,1.9082999999999999,2.7,32.27,67120.0,1.2,30.64,63730.0,40470.0,49450.0,81230.0,96210.0,BLS OEWS May 2025 special education aggregation
State,31,Nebraska,Postsecondary nondegree award,74200.0,7.2431,1.2,26.25,54600.0,0.4,23.64,49180.0,37560.0,40810.0,62720.0,80650.0,BLS OEWS May 2025 special education aggregation
State,31,Nebraska,"Some college, no degree",29670.0,2.8960999999999997,2.6,21.92,45590.0,1.1,20.65,42960.0,28080.0,35160.0,53660.0,64980.0,BLS OEWS May 2025 special education aggregation
State,31,Nebraska,High school diploma or equivalent,355640.0,34.7184,0.5,25.91,53890.0,0.3,23.02,47880.0,33050.0,38400.0,61890.0,80790.0,BLS OEWS May 2025 special education aggregation
State,31,Nebraska,No formal educational credential,259410.0,25.324,0.5,18.45,38380.0,0.3,17.13,35630.0,28080.0,29710.0,44950.0,50980.0,BLS OEWS May 2025 special education aggregation
State,32,Nevada,Doctoral or professional degree,26470.0,1.7058,3.6,77.56,161320.0,5.5,61.23,127360.0,61430.0,87410.0,172950.0,309260.0,BLS OEWS May 2025 special education aggregation
State,32,Nevada,Master's degree,20700.0,1.3343,2.7,44.59,92740.0,1.4,41.2,85690.0,46490.0,61540.0,116390.0,144080.0,BLS OEWS May 2025 special education aggregation
State,32,Nevada,Bachelor's degree,292790.0,18.8708,1.0,49.84,103670.0,1.4,41.24,85770.0,47830.0,62930.0,124110.0,168080.0,BLS OEWS May 2025 special education aggregation
State,32,Nevada,Associate's degree,30110.0,1.9408,3.1,35.38,73600.0,1.6,33.57,69820.0,38940.0,50500.0,91520.0,109990.0,BLS OEWS May 2025 special education aggregation
State,32,Nevada,Postsecondary nondegree award,82780.0,5.3351,1.8,28.4,59070.0,0.7,24.62,51220.0,36780.0,43400.0,72240.0,88570.0,BLS OEWS May 2025 special education aggregation
State,32,Nevada,"Some college, no degree",31860.0,2.0532,4.0,23.68,49260.0,1.3,22.3,46390.0,29850.0,36190.0,59170.0,72560.0,BLS OEWS May 2025 special education aggregation
State,32,Nevada,High school diploma or equivalent,560300.0,36.1121,0.5,26.46,55030.0,0.4,22.91,47660.0,30190.0,37330.0,63760.0,88350.0,BLS OEWS May 2025 special education aggregation
State,32,Nevada,No formal educational credential,506550.0,32.647800000000004,0.5,19.19,39920.0,0.5,17.57,36540.0,25930.0,29100.0,45320.0,56780.0,BLS OEWS May 2025 special education aggregation
State,33,New Hampshire,Doctoral or professional degree,16290.0,2.3847,2.0,84.79,176360.0,3.0,58.08,120810.0,63780.0,83160.0,224410.0,378260.0,BLS OEWS May 2025 special education aggregation
State,33,New Hampshire,Master's degree,18710.0,2.7379000000000002,2.4,45.53,94700.0,2.5,39.49,82140.0,46360.0,59970.0,117300.0,156370.0,BLS OEWS May 2025 special education aggregation
State,33,New Hampshire,Bachelor's degree,175370.0,25.6656,0.7,53.51,111290.0,0.7,46.46,96640.0,53790.0,71940.0,132930.0,180180.0,BLS OEWS May 2025 special education aggregation
State,33,New Hampshire,Associate's degree,,,,35.61,74060.0,0.8,32.08,66730.0,39040.0,49760.0,93000.0,107080.0,BLS OEWS May 2025 special education aggregation
State,33,New Hampshire,Postsecondary nondegree award,43550.0,6.3739,1.5,28.17,58590.0,0.5,27.02,56200.0,38370.0,46530.0,66430.0,81200.0,BLS OEWS May 2025 special education aggregation
State,33,New Hampshire,"Some college, no degree",,,,24.33,50610.0,0.9,22.66,47130.0,34250.0,38370.0,59210.0,72820.0,BLS OEWS May 2025 special education aggregation
State,33,New Hampshire,High school diploma or equivalent,229730.0,33.6208,0.6,27.88,57990.0,0.5,24.52,50990.0,35810.0,42630.0,65400.0,85280.0,BLS OEWS May 2025 special education aggregation
State,33,New Hampshire,No formal educational credential,163000.0,23.855,0.6,19.12,39780.0,0.4,17.74,36900.0,28380.0,31220.0,45260.0,56440.0,BLS OEWS May 2025 special education aggregation
State,34,New Jersey,Doctoral or professional degree,121000.0,2.8234000000000004,2.0,78.66,163610.0,2.6,63.16,131380.0,63420.0,89990.0,199470.0,327600.0,BLS OEWS May 2025 special education aggregation
State,34,New Jersey,Master's degree,100570.0,2.3466,2.0,53.56,111400.0,1.4,48.6,101090.0,54950.0,74660.0,137200.0,173250.0,BLS OEWS May 2025 special education aggregation
State,34,New Jersey,Bachelor's degree,1090470.0,25.444200000000002,0.5,61.05,126990.0,0.4,50.89,105850.0,61590.0,79600.0,157310.0,213550.0,BLS OEWS May 2025 special education aggregation
State,34,New Jersey,Associate's degree,90420.0,2.1097,2.5,37.26,77500.0,1.2,36.05,74990.0,43700.0,55210.0,99900.0,115460.0,BLS OEWS May 2025 special education aggregation
State,34,New Jersey,Postsecondary nondegree award,250880.0,5.8538,1.4,29.41,61170.0,0.8,26.71,55560.0,36400.0,45510.0,73420.0,92000.0,BLS OEWS May 2025 special education aggregation
State,34,New Jersey,"Some college, no degree",121900.0,2.8444,2.3,24.89,51760.0,0.7,22.47,46740.0,32820.0,36950.0,60920.0,77000.0,BLS OEWS May 2025 special education aggregation
State,34,New Jersey,High school diploma or equivalent,1501130.0,35.0264,0.5,29.94,62280.0,0.3,24.74,51460.0,35270.0,40350.0,73680.0,101390.0,BLS OEWS May 2025 special education aggregation
State,34,New Jersey,No formal educational credential,1009350.0,23.551499999999997,0.6,20.41,42440.0,0.4,17.94,37320.0,32220.0,34290.0,45480.0,58320.0,BLS OEWS May 2025 special education aggregation
State,35,New Mexico,Doctoral or professional degree,20480.0,2.3512,1.7,75.94,157950.0,1.1,60.19,125190.0,58900.0,82620.0,188860.0,342310.0,BLS OEWS May 2025 special education aggregation
State,35,New Mexico,Master's degree,19510.0,2.2397,2.5,47.28,98340.0,1.0,43.93,91370.0,52140.0,66750.0,124340.0,151660.0,BLS OEWS May 2025 special education aggregation
State,35,New Mexico,Bachelor's degree,191630.0,22.0024,0.7,48.85,101610.0,0.4,41.52,86360.0,49450.0,64770.0,125460.0,167380.0,BLS OEWS May 2025 special education aggregation
State,35,New Mexico,Associate's degree,22070.0,2.5338000000000003,2.1,34.98,72770.0,1.0,32.19,66960.0,39120.0,48760.0,94220.0,118540.0,BLS OEWS May 2025 special education aggregation
State,35,New Mexico,Postsecondary nondegree award,51050.0,5.8613,1.9,24.57,51110.0,0.7,22.47,46730.0,34870.0,38310.0,59420.0,74850.0,BLS OEWS May 2025 special education aggregation
State,35,New Mexico,"Some college, no degree",21160.0,2.4292000000000002,2.3,21.68,45100.0,0.8,20.95,43580.0,28440.0,35050.0,51520.0,62400.0,BLS OEWS May 2025 special education aggregation
State,35,New Mexico,High school diploma or equivalent,321170.0,36.8752,0.5,24.12,50160.0,0.3,21.74,45220.0,28650.0,35160.0,59860.0,78970.0,BLS OEWS May 2025 special education aggregation
State,35,New Mexico,No formal educational credential,223900.0,25.7072,0.6,17.99,37430.0,0.4,16.64,34610.0,27540.0,29120.0,39450.0,51910.0,BLS OEWS May 2025 special education aggregation
State,36,New York,Doctoral or professional degree,339510.0,3.5043999999999995,1.0,88.13,183310.0,1.2,65.41,136060.0,68710.0,94060.0,225110.0,383980.0,BLS OEWS May 2025 special education aggregation
State,36,New York,Master's degree,258610.0,2.6694,1.6,51.91,107980.0,0.6,45.79,95250.0,50920.0,65030.0,137550.0,173330.0,BLS OEWS May 2025 special education aggregation
State,36,New York,Bachelor's degree,2583540.0,26.667399999999997,0.4,63.76,132620.0,0.3,52.18,108530.0,59350.0,79070.0,162990.0,220540.0,BLS OEWS May 2025 special education aggregation
State,36,New York,Associate's degree,187760.0,1.9381,1.6,37.89,78800.0,1.0,35.63,74120.0,44470.0,54990.0,99280.0,123010.0,BLS OEWS May 2025 special education aggregation
State,36,New York,Postsecondary nondegree award,482240.0,4.9777000000000005,1.0,29.58,61530.0,0.6,27.02,56190.0,36760.0,46120.0,71920.0,93050.0,BLS OEWS May 2025 special education aggregation
State,36,New York,"Some college, no degree",287330.0,2.9658,1.8,25.97,54020.0,1.3,22.7,47210.0,34100.0,37410.0,61160.0,80100.0,BLS OEWS May 2025 special education aggregation
State,36,New York,High school diploma or equivalent,3586320.0,37.0181,0.3,29.06,60430.0,0.2,23.53,48940.0,36730.0,39690.0,70230.0,99010.0,BLS OEWS May 2025 special education aggregation
State,36,New York,No formal educational credential,1962700.0,20.259,0.5,21.89,45540.0,0.4,18.57,38620.0,33540.0,35230.0,48620.0,63660.0,BLS OEWS May 2025 special education aggregation
State,37,North Carolina,Doctoral or professional degree,121600.0,2.4606000000000003,1.0,73.75,153400.0,1.1,53.35,110970.0,60210.0,76820.0,185680.0,334880.0,BLS OEWS May 2025 special education aggregation
State,37,North Carolina,Master's degree,109810.0,2.2221,1.3,43.19,89840.0,0.7,37.31,77600.0,45870.0,58590.0,108590.0,142530.0,BLS OEWS May 2025 special education aggregation
State,37,North Carolina,Bachelor's degree,1244410.0,25.1813,0.3,49.3,102530.0,0.3,40.78,84830.0,47310.0,61270.0,128370.0,170380.0,BLS OEWS May 2025 special education aggregation
State,37,North Carolina,Associate's degree,110950.0,2.2451,1.7,30.89,64260.0,0.6,29.46,61270.0,35160.0,44910.0,80250.0,99210.0,BLS OEWS May 2025 special education aggregation
State,37,North Carolina,Postsecondary nondegree award,330960.0,6.697100000000001,0.8,24.75,51480.0,0.4,22.65,47100.0,34040.0,38390.0,60140.0,75170.0,BLS OEWS May 2025 special education aggregation
State,37,North Carolina,"Some college, no degree",116670.0,2.3609999999999998,2.1,22.82,47460.0,0.7,21.4,44510.0,28200.0,34060.0,57240.0,72540.0,BLS OEWS May 2025 special education aggregation
State,37,North Carolina,High school diploma or equivalent,1659810.0,33.587,0.3,25.36,52760.0,0.3,22.52,46840.0,30520.0,37190.0,60830.0,79210.0,BLS OEWS May 2025 special education aggregation
State,37,North Carolina,No formal educational credential,1247600.0,25.2458,0.4,17.07,35510.0,0.5,16.43,34180.0,22680.0,28110.0,39100.0,47790.0,BLS OEWS May 2025 special education aggregation
State,38,North Dakota,Doctoral or professional degree,9820.0,2.2864,1.9,82.84,172310.0,2.0,54.62,113600.0,60320.0,79290.0,175960.0,418980.0,BLS OEWS May 2025 special education aggregation
State,38,North Dakota,Master's degree,9970.0,2.3217,2.5,44.63,92840.0,1.1,38.49,80050.0,50740.0,62400.0,108190.0,137970.0,BLS OEWS May 2025 special education aggregation
State,38,North Dakota,Bachelor's degree,89640.0,20.8736,0.9,43.37,90210.0,0.4,38.02,79070.0,48700.0,61210.0,103480.0,139800.0,BLS OEWS May 2025 special education aggregation
State,38,North Dakota,Associate's degree,7840.0,1.8255,2.6,33.12,68890.0,1.1,31.82,66190.0,41490.0,51360.0,82700.0,97380.0,BLS OEWS May 2025 special education aggregation
State,38,North Dakota,Postsecondary nondegree award,33860.0,7.8839,2.0,28.13,58520.0,0.9,27.0,56160.0,36790.0,46570.0,63540.0,81700.0,BLS OEWS May 2025 special education aggregation
State,38,North Dakota,"Some college, no degree",11610.0,2.7041,2.1,22.65,47120.0,0.9,21.62,44970.0,30850.0,37850.0,54410.0,64170.0,BLS OEWS May 2025 special education aggregation
State,38,North Dakota,High school diploma or equivalent,155660.0,36.2475,0.6,28.41,59090.0,0.4,24.96,51910.0,35580.0,42290.0,69660.0,92270.0,BLS OEWS May 2025 special education aggregation
State,38,North Dakota,No formal educational credential,111040.0,25.857400000000002,0.8,19.63,40820.0,0.5,17.77,36970.0,27700.0,30700.0,47000.0,59930.0,BLS OEWS May 2025 special education aggregation
State,39,Ohio,Doctoral or professional degree,139480.0,2.513,1.6,75.69,157430.0,1.6,51.93,108010.0,52520.0,76580.0,180780.0,361230.0,BLS OEWS May 2025 special education aggregation
State,39,Ohio,Master's degree,128440.0,2.3142,1.2,42.24,87850.0,0.9,37.9,78830.0,44770.0,57820.0,107260.0,134750.0,BLS OEWS May 2025 special education aggregation
State,39,Ohio,Bachelor's degree,1357680.0,24.4619,0.4,47.56,98920.0,0.3,40.22,83660.0,48460.0,63750.0,117020.0,162410.0,BLS OEWS May 2025 special education aggregation
State,39,Ohio,Associate's degree,126610.0,2.2813,1.5,31.85,66240.0,0.6,30.58,63610.0,35330.0,47140.0,81130.0,97670.0,BLS OEWS May 2025 special education aggregation
State,39,Ohio,Postsecondary nondegree award,378780.0,6.8247,0.9,26.26,54620.0,0.5,23.55,48970.0,35880.0,39240.0,63110.0,77420.0,BLS OEWS May 2025 special education aggregation
State,39,Ohio,"Some college, no degree",126590.0,2.2808,1.3,22.66,47130.0,0.5,21.7,45140.0,28740.0,35990.0,56280.0,67570.0,BLS OEWS May 2025 special education aggregation
State,39,Ohio,High school diploma or equivalent,1962720.0,35.3632,0.3,25.73,53510.0,0.2,22.88,47590.0,31120.0,37520.0,62170.0,80250.0,BLS OEWS May 2025 special education aggregation
State,39,Ohio,No formal educational credential,1329880.0,23.961000000000002,0.3,17.99,37410.0,0.3,16.77,34870.0,24650.0,28710.0,42330.0,51680.0,BLS OEWS May 2025 special education aggregation
State,40,Oklahoma,Doctoral or professional degree,35490.0,2.0782,2.7,68.69,142880.0,1.8,50.66,105370.0,51470.0,67840.0,162230.0,319750.0,BLS OEWS May 2025 special education aggregation
State,40,Oklahoma,Master's degree,39520.0,2.3145,1.7,39.84,82870.0,1.2,35.0,72800.0,38030.0,49490.0,103220.0,139830.0,BLS OEWS May 2025 special education aggregation
State,40,Oklahoma,Bachelor's degree,361330.0,21.159200000000002,0.6,42.68,88770.0,0.4,37.34,77670.0,42910.0,52700.0,104680.0,149990.0,BLS OEWS May 2025 special education aggregation
State,40,Oklahoma,Associate's degree,40200.0,2.3539000000000003,2.5,30.9,64270.0,1.0,29.55,61470.0,29940.0,44250.0,81470.0,98970.0,BLS OEWS May 2025 special education aggregation
State,40,Oklahoma,Postsecondary nondegree award,128810.0,7.5428,1.1,25.18,52370.0,0.5,22.79,47390.0,31520.0,37070.0,61890.0,77930.0,BLS OEWS May 2025 special education aggregation
State,40,Oklahoma,"Some college, no degree",44270.0,2.5925000000000002,1.7,20.86,43380.0,0.7,19.57,40700.0,22570.0,30080.0,51510.0,65220.0,BLS OEWS May 2025 special education aggregation
State,40,Oklahoma,High school diploma or equivalent,621080.0,36.3698,0.4,24.08,50080.0,0.3,21.55,44830.0,27910.0,35140.0,59430.0,78850.0,BLS OEWS May 2025 special education aggregation
State,40,Oklahoma,No formal educational credential,436980.0,25.589,0.5,15.94,33140.0,0.5,14.6,30370.0,21270.0,25490.0,37070.0,47120.0,BLS OEWS May 2025 special education aggregation
State,41,Oregon,Doctoral or professional degree,50820.0,2.5834,1.4,82.2,170980.0,1.7,62.46,129910.0,62270.0,82970.0,212040.0,353370.0,BLS OEWS May 2025 special education aggregation
State,41,Oregon,Master's degree,47200.0,2.3992,1.7,49.67,103320.0,1.0,44.4,92350.0,54580.0,66580.0,129540.0,163590.0,BLS OEWS May 2025 special education aggregation
State,41,Oregon,Bachelor's degree,480370.0,24.4196,0.7,53.55,111370.0,0.4,47.96,99750.0,55050.0,72260.0,133040.0,174460.0,BLS OEWS May 2025 special education aggregation
State,41,Oregon,Associate's degree,45310.0,2.3030999999999997,2.1,36.31,75520.0,0.9,33.29,69240.0,43420.0,51190.0,97900.0,121840.0,BLS OEWS May 2025 special education aggregation
State,41,Oregon,Postsecondary nondegree award,107730.0,5.4765999999999995,1.3,30.47,63370.0,0.4,28.58,59450.0,43960.0,48930.0,73530.0,92110.0,BLS OEWS May 2025 special education aggregation
State,41,Oregon,"Some college, no degree",57030.0,2.8994,2.3,24.9,51800.0,0.7,23.04,47910.0,34420.0,39140.0,59990.0,74380.0,BLS OEWS May 2025 special education aggregation
State,41,Oregon,High school diploma or equivalent,690060.0,35.0795,0.5,28.68,59650.0,0.2,24.85,51690.0,37850.0,43780.0,67170.0,92490.0,BLS OEWS May 2025 special education aggregation
State,41,Oregon,No formal educational credential,488620.0,24.8391,0.5,20.77,43200.0,0.4,18.56,38600.0,31820.0,35130.0,47150.0,59910.0,BLS OEWS May 2025 special education aggregation
State,42,Pennsylvania,Doctoral or professional degree,189100.0,3.118,1.0,72.44,150680.0,1.1,56.52,117570.0,58380.0,77920.0,177370.0,308780.0,BLS OEWS May 2025 special education aggregation
State,42,Pennsylvania,Master's degree,151830.0,2.5035,1.7,42.33,88050.0,1.1,37.49,77980.0,44200.0,56930.0,108250.0,137910.0,BLS OEWS May 2025 special education aggregation
State,42,Pennsylvania,Bachelor's degree,1479200.0,24.3908,0.4,49.55,103070.0,0.4,43.44,90360.0,49260.0,64650.0,123590.0,167420.0,BLS OEWS May 2025 special education aggregation
State,42,Pennsylvania,Associate's degree,128490.0,2.1186,1.6,31.24,64990.0,0.8,29.82,62030.0,35490.0,45010.0,79650.0,98250.0,BLS OEWS May 2025 special education aggregation
State,42,Pennsylvania,Postsecondary nondegree award,402770.0,6.6414,0.8,25.99,54070.0,0.4,23.57,49030.0,36640.0,42680.0,62480.0,76750.0,BLS OEWS May 2025 special education aggregation
State,42,Pennsylvania,"Some college, no degree",138180.0,2.2784,2.4,22.63,47080.0,0.8,21.7,45140.0,28560.0,35160.0,57090.0,71070.0,BLS OEWS May 2025 special education aggregation
State,42,Pennsylvania,High school diploma or equivalent,2179040.0,35.9305,0.3,25.46,52960.0,0.2,22.58,46960.0,29170.0,36560.0,61790.0,81900.0,BLS OEWS May 2025 special education aggregation
State,42,Pennsylvania,No formal educational credential,1396000.0,23.0188,0.4,18.01,37460.0,0.3,17.04,35440.0,23320.0,28720.0,43860.0,54150.0,BLS OEWS May 2025 special education aggregation
State,44,Rhode Island,Doctoral or professional degree,16430.0,3.2771,2.9,74.87,155720.0,2.2,60.15,125100.0,64120.0,82400.0,178900.0,309210.0,BLS OEWS May 2025 special education aggregation
State,44,Rhode Island,Master's degree,16250.0,3.2409,2.2,46.38,96460.0,1.3,43.31,90080.0,47900.0,62880.0,123330.0,154010.0,BLS OEWS May 2025 special education aggregation
State,44,Rhode Island,Bachelor's degree,128880.0,25.707900000000002,1.3,52.21,108600.0,0.8,46.75,97230.0,54240.0,75010.0,129370.0,171620.0,BLS OEWS May 2025 special education aggregation
State,44,Rhode Island,Associate's degree,11380.0,2.2708,4.4,33.78,70270.0,1.7,31.32,65150.0,36850.0,45040.0,86900.0,105390.0,BLS OEWS May 2025 special education aggregation
State,44,Rhode Island,Postsecondary nondegree award,35240.0,7.0282,2.3,26.56,55240.0,0.8,23.32,48510.0,37530.0,45490.0,62400.0,79710.0,BLS OEWS May 2025 special education aggregation
State,44,Rhode Island,"Some college, no degree",12100.0,2.4132000000000002,4.6,24.22,50370.0,2.4,22.66,47130.0,31200.0,37530.0,59540.0,75420.0,BLS OEWS May 2025 special education aggregation
State,44,Rhode Island,High school diploma or equivalent,162720.0,32.457100000000004,1.1,28.82,59950.0,0.6,24.88,51740.0,35740.0,42960.0,69990.0,92830.0,BLS OEWS May 2025 special education aggregation
State,44,Rhode Island,No formal educational credential,118340.0,23.6047,1.1,19.56,40680.0,1.0,17.35,36080.0,31200.0,31530.0,45620.0,56390.0,BLS OEWS May 2025 special education aggregation
State,45,South Carolina,Doctoral or professional degree,49090.0,2.1296,1.7,73.97,153850.0,1.9,53.85,112020.0,59830.0,78010.0,172350.0,331540.0,BLS OEWS May 2025 special education aggregation
State,45,South Carolina,Master's degree,51240.0,2.2231,1.7,41.5,86320.0,1.8,37.16,77290.0,40450.0,53710.0,106240.0,132120.0,BLS OEWS May 2025 special education aggregation
State,45,South Carolina,Bachelor's degree,479840.0,20.816399999999998,0.5,46.63,97000.0,0.4,39.19,81520.0,48080.0,61420.0,117900.0,164540.0,BLS OEWS May 2025 special education aggregation
State,45,South Carolina,Associate's degree,52350.0,2.2710999999999997,1.6,31.24,64970.0,0.6,30.03,62450.0,35920.0,46700.0,80280.0,96400.0,BLS OEWS May 2025 special education aggregation
State,45,South Carolina,Postsecondary nondegree award,151050.0,6.553100000000001,0.9,24.45,50850.0,0.4,22.64,47100.0,33390.0,38220.0,60360.0,75170.0,BLS OEWS May 2025 special education aggregation
State,45,South Carolina,"Some college, no degree",47340.0,2.0536000000000003,1.8,21.79,45310.0,0.7,20.82,43310.0,23340.0,29950.0,54950.0,68520.0,BLS OEWS May 2025 special education aggregation
State,45,South Carolina,High school diploma or equivalent,870090.0,37.7466,0.3,24.63,51220.0,0.3,22.13,46030.0,29170.0,36230.0,60220.0,78190.0,BLS OEWS May 2025 special education aggregation
State,45,South Carolina,No formal educational credential,604080.0,26.206400000000002,0.4,16.19,33670.0,0.4,15.28,31780.0,20970.0,26880.0,37750.0,46610.0,BLS OEWS May 2025 special education aggregation
State,46,South Dakota,Doctoral or professional degree,9890.0,2.1616,1.8,75.74,157550.0,1.8,50.9,105880.0,62310.0,79530.0,174070.0,325040.0,BLS OEWS May 2025 special education aggregation
State,46,South Dakota,Master's degree,10300.0,2.2524,1.5,40.69,84640.0,1.1,31.44,65380.0,44540.0,51680.0,104010.0,137830.0,BLS OEWS May 2025 special education aggregation
State,46,South Dakota,Bachelor's degree,93390.0,20.4195,0.7,42.07,87510.0,0.6,36.82,76580.0,47750.0,58030.0,100570.0,140870.0,BLS OEWS May 2025 special education aggregation
State,46,South Dakota,Associate's degree,10180.0,2.2245999999999997,3.1,29.48,61320.0,1.1,27.66,57530.0,38440.0,47000.0,75450.0,91650.0,BLS OEWS May 2025 special education aggregation
State,46,South Dakota,Postsecondary nondegree award,30120.0,6.5844,1.3,24.73,51440.0,0.6,23.12,48090.0,36320.0,39190.0,60480.0,73110.0,BLS OEWS May 2025 special education aggregation
State,46,South Dakota,"Some college, no degree",16980.0,3.7135,1.7,20.39,42410.0,0.5,20.2,42020.0,27500.0,32400.0,49850.0,58720.0,BLS OEWS May 2025 special education aggregation
State,46,South Dakota,High school diploma or equivalent,158180.0,34.585,0.7,24.95,51890.0,0.3,22.73,47280.0,32920.0,38540.0,59950.0,76600.0,BLS OEWS May 2025 special education aggregation
State,46,South Dakota,No formal educational credential,128340.0,28.0589,0.6,17.41,36210.0,0.3,16.33,33970.0,27860.0,29160.0,39110.0,47590.0,BLS OEWS May 2025 special education aggregation
State,47,Tennessee,Doctoral or professional degree,69170.0,2.1098,1.4,77.12,160410.0,2.2,58.47,121630.0,61240.0,79060.0,173990.0,345550.0,BLS OEWS May 2025 special education aggregation
State,47,Tennessee,Master's degree,71230.0,2.1726,1.6,41.12,85530.0,1.1,37.34,77670.0,42930.0,54910.0,105560.0,132400.0,BLS OEWS May 2025 special education aggregation
State,47,Tennessee,Bachelor's degree,719290.0,21.9379,0.5,46.55,96820.0,0.5,38.51,80100.0,47430.0,60770.0,115140.0,163810.0,BLS OEWS May 2025 special education aggregation
State,47,Tennessee,Associate's degree,63610.0,1.9401,2.1,31.29,65090.0,0.9,29.83,62050.0,37440.0,48170.0,79040.0,94750.0,BLS OEWS May 2025 special education aggregation
State,47,Tennessee,Postsecondary nondegree award,235070.0,7.1694,1.1,26.15,54390.0,0.4,23.49,48870.0,34910.0,38900.0,62520.0,78500.0,BLS OEWS May 2025 special education aggregation
State,47,Tennessee,"Some college, no degree",79930.0,2.4378,1.5,22.01,45770.0,0.6,21.3,44300.0,25240.0,32990.0,55630.0,66350.0,BLS OEWS May 2025 special education aggregation
State,47,Tennessee,High school diploma or equivalent,1207920.0,36.8408,0.4,24.87,51730.0,0.2,22.31,46410.0,30590.0,36860.0,60420.0,78910.0,BLS OEWS May 2025 special education aggregation
State,47,Tennessee,No formal educational credential,832530.0,25.3917,0.5,17.01,35370.0,0.5,16.51,34330.0,22530.0,28040.0,39260.0,47760.0,BLS OEWS May 2025 special education aggregation
State,48,Texas,Doctoral or professional degree,303980.0,2.1603000000000003,1.5,77.05,160270.0,1.6,60.75,126360.0,59750.0,80360.0,195080.0,341450.0,BLS OEWS May 2025 special education aggregation
State,48,Texas,Master's degree,274730.0,1.9524000000000001,1.0,45.25,94120.0,0.7,40.29,83800.0,47760.0,65150.0,109880.0,139560.0,BLS OEWS May 2025 special education aggregation
State,48,Texas,Bachelor's degree,3670050.0,26.082100000000004,0.3,51.45,107010.0,0.3,43.41,90300.0,49230.0,63500.0,130770.0,176440.0,BLS OEWS May 2025 special education aggregation
State,48,Texas,Associate's degree,287070.0,2.0401,1.8,31.96,66470.0,0.9,30.0,62390.0,32150.0,43730.0,83720.0,103200.0,BLS OEWS May 2025 special education aggregation
State,48,Texas,Postsecondary nondegree award,842200.0,5.9853000000000005,0.9,26.16,54420.0,0.4,23.44,48760.0,33500.0,38310.0,62750.0,80080.0,BLS OEWS May 2025 special education aggregation
State,48,Texas,"Some college, no degree",328550.0,2.3349,1.3,22.47,46740.0,0.7,21.07,43830.0,24290.0,31330.0,57960.0,72290.0,BLS OEWS May 2025 special education aggregation
State,48,Texas,High school diploma or equivalent,5014310.0,35.6354,0.3,24.99,51970.0,0.2,22.25,46270.0,27490.0,35620.0,61160.0,81510.0,BLS OEWS May 2025 special education aggregation
State,48,Texas,No formal educational credential,3350280.0,23.8096,0.4,16.78,34910.0,0.4,15.95,33170.0,22090.0,27360.0,38950.0,48050.0,BLS OEWS May 2025 special education aggregation
State,49,Utah,Doctoral or professional degree,38220.0,2.2022,1.7,73.52,152920.0,2.4,56.83,118210.0,52260.0,77090.0,173810.0,331930.0,BLS OEWS May 2025 special education aggregation
State,49,Utah,Master's degree,39460.0,2.2736,1.7,43.33,90120.0,1.1,39.3,81750.0,39250.0,57320.0,113420.0,140910.0,BLS OEWS May 2025 special education aggregation
State,49,Utah,Bachelor's degree,449510.0,25.899400000000004,0.5,49.17,102270.0,0.5,42.12,87620.0,47000.0,62730.0,126190.0,168670.0,BLS OEWS May 2025 special education aggregation
State,49,Utah,Associate's degree,37470.0,2.1592,2.3,33.76,70210.0,0.9,31.22,64940.0,35380.0,46350.0,85600.0,104090.0,BLS OEWS May 2025 special education aggregation
State,49,Utah,Postsecondary nondegree award,103080.0,5.939,1.6,25.62,53290.0,0.5,23.02,47870.0,35010.0,38640.0,62610.0,77440.0,BLS OEWS May 2025 special education aggregation
State,49,Utah,"Some college, no degree",47160.0,2.7173,2.2,23.24,48340.0,1.4,21.44,44600.0,29810.0,36270.0,57370.0,74050.0,BLS OEWS May 2025 special education aggregation
State,49,Utah,High school diploma or equivalent,622360.0,35.8587,0.4,26.29,54690.0,0.3,23.1,48050.0,33270.0,38380.0,62950.0,82040.0,BLS OEWS May 2025 special education aggregation
State,49,Utah,No formal educational credential,398330.0,22.9506,0.7,18.39,38250.0,0.4,17.35,36090.0,24190.0,29270.0,44790.0,54720.0,BLS OEWS May 2025 special education aggregation
State,50,Vermont,Doctoral or professional degree,10090.0,3.3192999999999997,2.5,77.88,161980.0,2.2,53.4,111080.0,65440.0,82230.0,193200.0,350890.0,BLS OEWS May 2025 special education aggregation
State,50,Vermont,Master's degree,,,,43.87,91250.0,0.7,38.37,79820.0,51960.0,62740.0,106010.0,139330.0,BLS OEWS May 2025 special education aggregation
State,50,Vermont,Bachelor's degree,79260.0,26.081799999999998,0.8,47.25,98290.0,0.8,40.21,83650.0,51190.0,64560.0,112330.0,160010.0,BLS OEWS May 2025 special education aggregation
State,50,Vermont,Associate's degree,,,,34.65,72070.0,0.8,32.07,66710.0,46690.0,53760.0,85080.0,101230.0,BLS OEWS May 2025 special education aggregation
State,50,Vermont,Postsecondary nondegree award,18630.0,6.1298,2.3,27.64,57500.0,0.7,25.64,53330.0,39320.0,46820.0,63410.0,78640.0,BLS OEWS May 2025 special education aggregation
State,50,Vermont,"Some college, no degree",10110.0,3.3259,3.5,24.58,51130.0,1.1,23.07,47980.0,31850.0,39870.0,58470.0,71780.0,BLS OEWS May 2025 special education aggregation
State,50,Vermont,High school diploma or equivalent,98690.0,32.4756,0.7,27.1,56360.0,0.3,24.23,50400.0,37090.0,43900.0,62630.0,79810.0,BLS OEWS May 2025 special education aggregation
State,50,Vermont,No formal educational credential,70910.0,23.332900000000002,0.9,20.72,43100.0,0.6,18.5,38480.0,30840.0,35270.0,47110.0,58860.0,BLS OEWS May 2025 special education aggregation
State,51,Virginia,Doctoral or professional degree,103770.0,2.5251,1.4,78.02,162270.0,2.0,62.42,129830.0,62710.0,84110.0,202370.0,314520.0,BLS OEWS May 2025 special education aggregation
State,51,Virginia,Master's degree,100610.0,2.4484000000000004,1.5,46.82,97390.0,0.9,41.02,85320.0,47700.0,62100.0,122310.0,157250.0,BLS OEWS May 2025 special education aggregation
State,51,Virginia,Bachelor's degree,1228050.0,29.884500000000003,0.4,55.89,116240.0,0.7,48.51,100890.0,52170.0,73070.0,143230.0,195190.0,BLS OEWS May 2025 special education aggregation
State,51,Virginia,Associate's degree,92350.0,2.2474,2.1,37.07,77100.0,1.0,34.45,71660.0,37140.0,49330.0,95720.0,121690.0,BLS OEWS May 2025 special education aggregation
State,51,Virginia,Postsecondary nondegree award,249920.0,6.0819,1.2,26.57,55270.0,0.5,23.57,49030.0,35580.0,40560.0,62610.0,79580.0,BLS OEWS May 2025 special education aggregation
State,51,Virginia,"Some college, no degree",92340.0,2.2472000000000003,1.9,25.43,52880.0,0.6,23.15,48150.0,31160.0,38070.0,62080.0,79380.0,BLS OEWS May 2025 special education aggregation
State,51,Virginia,High school diploma or equivalent,1311120.0,31.905900000000003,0.5,26.86,55880.0,0.3,23.26,48380.0,31330.0,37990.0,63440.0,84640.0,BLS OEWS May 2025 special education aggregation
State,51,Virginia,No formal educational credential,931160.0,22.6596,0.5,18.47,38420.0,0.4,17.09,35550.0,27900.0,29960.0,43140.0,52280.0,BLS OEWS May 2025 special education aggregation
State,53,Washington,Doctoral or professional degree,77750.0,2.1896,1.7,85.17,177150.0,2.5,64.76,134700.0,71350.0,96890.0,212280.0,340010.0,BLS OEWS May 2025 special education aggregation
State,53,Washington,Master's degree,85480.0,2.4071000000000002,1.5,51.55,107230.0,0.9,47.96,99750.0,54330.0,70010.0,131060.0,169680.0,BLS OEWS May 2025 special education aggregation
State,53,Washington,Bachelor's degree,1008090.0,28.389100000000003,0.6,61.15,127190.0,0.6,53.8,111900.0,61790.0,81240.0,161180.0,209740.0,BLS OEWS May 2025 special education aggregation
State,53,Washington,Associate's degree,77890.0,2.1935,2.0,40.61,84460.0,0.9,37.57,78150.0,44890.0,54670.0,108010.0,132060.0,BLS OEWS May 2025 special education aggregation
State,53,Washington,Postsecondary nondegree award,209580.0,5.9021,1.3,33.26,69180.0,0.5,29.8,61980.0,45760.0,49910.0,78950.0,103410.0,BLS OEWS May 2025 special education aggregation
State,53,Washington,"Some college, no degree",107050.0,3.0147,3.1,28.68,59660.0,0.6,26.96,56090.0,39630.0,46620.0,64720.0,82950.0,BLS OEWS May 2025 special education aggregation
State,53,Washington,High school diploma or equivalent,1149400.0,32.368700000000004,0.7,32.19,66950.0,0.2,28.43,59140.0,40630.0,47310.0,78310.0,103980.0,BLS OEWS May 2025 special education aggregation
State,53,Washington,No formal educational credential,835720.0,23.5351,0.5,23.2,48250.0,0.6,21.42,44550.0,35790.0,37870.0,52080.0,63070.0,BLS OEWS May 2025 special education aggregation
State,54,West Virginia,Doctoral or professional degree,20310.0,2.895,2.2,66.39,138100.0,2.3,47.14,98050.0,49720.0,63540.0,157760.0,304290.0,BLS OEWS May 2025 special education aggregation
State,54,West Virginia,Master's degree,17870.0,2.5476,2.2,44.43,92410.0,1.6,36.94,76820.0,42370.0,54180.0,112180.0,149990.0,BLS OEWS May 2025 special education aggregation
State,54,West Virginia,Bachelor's degree,150140.0,21.3996,0.7,41.26,85820.0,0.5,35.68,74210.0,45290.0,55210.0,101770.0,138850.0,BLS OEWS May 2025 special education aggregation
State,54,West Virginia,Associate's degree,17770.0,2.5331,2.1,29.51,61380.0,0.8,29.17,60670.0,32350.0,44490.0,75870.0,92950.0,BLS OEWS May 2025 special education aggregation
State,54,West Virginia,Postsecondary nondegree award,52770.0,7.521599999999999,1.4,22.54,46890.0,0.6,21.13,43960.0,31220.0,36380.0,54720.0,65100.0,BLS OEWS May 2025 special education aggregation
State,54,West Virginia,"Some college, no degree",15740.0,2.243,2.8,20.27,42170.0,1.2,18.41,38300.0,28510.0,30640.0,48400.0,60160.0,BLS OEWS May 2025 special education aggregation
State,54,West Virginia,High school diploma or equivalent,257740.0,36.7363,0.5,23.03,47900.0,0.3,20.37,42360.0,27120.0,31970.0,57980.0,77310.0,BLS OEWS May 2025 special education aggregation
State,54,West Virginia,No formal educational credential,169250.0,24.1238,0.6,16.2,33690.0,0.4,14.38,29900.0,22020.0,24650.0,37150.0,48690.0,BLS OEWS May 2025 special education aggregation
State,55,Wisconsin,Doctoral or professional degree,68660.0,2.3343,1.2,84.2,175130.0,1.8,57.9,120420.0,64480.0,81690.0,217400.0,393130.0,BLS OEWS May 2025 special education aggregation
State,55,Wisconsin,Master's degree,57340.0,1.9492999999999998,1.5,43.92,91360.0,0.6,38.33,79720.0,48570.0,61160.0,110140.0,137730.0,BLS OEWS May 2025 special education aggregation
State,55,Wisconsin,Bachelor's degree,654930.0,22.264699999999998,0.4,47.43,98660.0,0.4,40.27,83760.0,49830.0,63760.0,115860.0,159920.0,BLS OEWS May 2025 special education aggregation
State,55,Wisconsin,Associate's degree,62390.0,2.121,1.4,31.4,65300.0,0.6,29.84,62080.0,35880.0,45790.0,81660.0,99340.0,BLS OEWS May 2025 special education aggregation
State,55,Wisconsin,Postsecondary nondegree award,192380.0,6.5402000000000005,0.9,26.51,55150.0,0.5,24.29,50520.0,37110.0,44840.0,62230.0,76890.0,BLS OEWS May 2025 special education aggregation
State,55,Wisconsin,"Some college, no degree",69220.0,2.3533,2.7,23.08,48000.0,0.6,22.01,45790.0,31880.0,37540.0,56750.0,65410.0,BLS OEWS May 2025 special education aggregation
State,55,Wisconsin,High school diploma or equivalent,1137180.0,38.6594,0.3,26.58,55280.0,0.2,23.47,48830.0,34070.0,39050.0,62970.0,82630.0,BLS OEWS May 2025 special education aggregation
State,55,Wisconsin,No formal educational credential,699430.0,23.7779,0.4,18.08,37600.0,0.3,17.1,35560.0,23310.0,29140.0,44290.0,54120.0,BLS OEWS May 2025 special education aggregation
State,56,Wyoming,Doctoral or professional degree,6120.0,2.1795,2.7,67.62,140650.0,2.7,48.69,101280.0,49380.0,70200.0,155660.0,318020.0,BLS OEWS May 2025 special education aggregation
State,56,Wyoming,Master's degree,,,,41.0,85270.0,1.1,36.79,76530.0,44210.0,58140.0,105870.0,133340.0,BLS OEWS May 2025 special education aggregation
State,56,Wyoming,Bachelor's degree,57240.0,20.387700000000002,0.8,43.47,90410.0,0.6,37.58,78170.0,45750.0,60480.0,106250.0,144990.0,BLS OEWS May 2025 special education aggregation
State,56,Wyoming,Associate's degree,6650.0,2.3688,3.6,30.19,62790.0,1.6,28.75,59800.0,31530.0,46330.0,79210.0,98010.0,BLS OEWS May 2025 special education aggregation
State,56,Wyoming,Postsecondary nondegree award,18220.0,6.489700000000001,2.1,26.67,55480.0,1.0,24.38,50710.0,35530.0,40440.0,64040.0,80690.0,BLS OEWS May 2025 special education aggregation
State,56,Wyoming,"Some college, no degree",,,,21.84,45430.0,1.0,18.91,39330.0,29300.0,35300.0,51610.0,65890.0,BLS OEWS May 2025 special education aggregation
State,56,Wyoming,High school diploma or equivalent,106370.0,37.888,0.7,28.13,58510.0,0.5,24.81,51590.0,31650.0,39460.0,72020.0,94970.0,BLS OEWS May 2025 special education aggregation
State,56,Wyoming,No formal educational credential,72050.0,25.664299999999997,0.9,18.16,37770.0,0.6,17.27,35930.0,22110.0,28540.0,44500.0,56250.0,BLS OEWS May 2025 special education aggregation
State,66,Guam,Doctoral or professional degree,690.0,1.0426,1.8,66.81,138960.0,2.1,50.03,104060.0,48280.0,65940.0,162170.0,300830.0,BLS OEWS May 2025 special education aggregation
State,66,Guam,Master's degree,830.0,1.2391999999999999,2.8,40.58,84410.0,1.5,37.98,79010.0,39790.0,54910.0,103260.0,126460.0,BLS OEWS May 2025 special education aggregation
State,66,Guam,Bachelor's degree,16440.0,24.6804,1.7,34.75,72280.0,0.9,30.16,62730.0,36090.0,46260.0,85800.0,115520.0,BLS OEWS May 2025 special education aggregation
State,66,Guam,Associate's degree,1180.0,1.7704,4.7,24.96,51920.0,2.0,21.87,45480.0,22940.0,31820.0,63450.0,86380.0,BLS OEWS May 2025 special education aggregation
State,66,Guam,Postsecondary nondegree award,3120.0,4.6833,2.5,21.11,43900.0,0.7,18.36,38190.0,28170.0,31840.0,48750.0,67250.0,BLS OEWS May 2025 special education aggregation
State,66,Guam,"Some college, no degree",1420.0,2.1252,5.7,16.52,34360.0,1.7,15.21,31630.0,21940.0,24980.0,38700.0,48640.0,BLS OEWS May 2025 special education aggregation
State,66,Guam,High school diploma or equivalent,24850.0,37.308,1.1,19.45,40450.0,0.5,17.59,36590.0,22970.0,28270.0,46570.0,62390.0,BLS OEWS May 2025 special education aggregation
State,66,Guam,No formal educational credential,18080.0,27.150799999999997,1.5,12.53,26050.0,0.6,10.75,22360.0,20410.0,21050.0,28770.0,36530.0,BLS OEWS May 2025 special education aggregation
State,72,Puerto Rico,Doctoral or professional degree,19870.0,2.1162,3.1,49.62,103210.0,3.5,40.8,84870.0,48510.0,61970.0,120430.0,160070.0,BLS OEWS May 2025 special education aggregation
State,72,Puerto Rico,Master's degree,10360.0,1.1037000000000001,3.8,29.41,61180.0,7.0,25.57,53180.0,29260.0,37270.0,77330.0,97210.0,BLS OEWS May 2025 special education aggregation
State,72,Puerto Rico,Bachelor's degree,184470.0,19.6516,1.0,30.32,63060.0,0.9,24.82,51630.0,30760.0,38800.0,73920.0,104540.0,BLS OEWS May 2025 special education aggregation
State,72,Puerto Rico,Associate's degree,18130.0,1.9318000000000002,2.6,20.14,41880.0,1.3,17.94,37320.0,23020.0,29330.0,47620.0,64610.0,BLS OEWS May 2025 special education aggregation
State,72,Puerto Rico,Postsecondary nondegree award,37160.0,3.9582,1.9,15.77,32810.0,0.9,13.5,28080.0,21840.0,23390.0,36870.0,47870.0,BLS OEWS May 2025 special education aggregation
State,72,Puerto Rico,"Some college, no degree",23050.0,2.4559,2.8,15.01,31220.0,1.2,13.12,27290.0,22450.0,23150.0,35570.0,46000.0,BLS OEWS May 2025 special education aggregation
State,72,Puerto Rico,High school diploma or equivalent,381870.0,40.6805,0.6,15.84,32940.0,0.4,13.49,28050.0,21840.0,22610.0,37230.0,49040.0,BLS OEWS May 2025 special education aggregation
State,72,Puerto Rico,No formal educational credential,263800.0,28.101999999999997,0.7,12.52,26040.0,0.5,10.81,22490.0,21840.0,21840.0,26900.0,35190.0,BLS OEWS May 2025 special education aggregation
State,78,Virgin Islands,Doctoral or professional degree,690.0,2.1577,2.9,57.45,119490.0,2.4,48.07,99990.0,59190.0,75010.0,135050.0,177190.0,BLS OEWS May 2025 special education aggregation
State,78,Virgin Islands,Master's degree,580.0,1.8099,3.9,40.84,84950.0,2.0,36.05,74990.0,41900.0,59730.0,100110.0,137140.0,BLS OEWS May 2025 special education aggregation
State,78,Virgin Islands,Bachelor's degree,6660.0,20.762,1.7,37.73,78470.0,0.7,31.86,66270.0,43150.0,52770.0,93130.0,119990.0,BLS OEWS May 2025 special education aggregation
State,78,Virgin Islands,Associate's degree,510.0,1.5771000000000002,4.8,26.6,55320.0,1.9,24.77,51520.0,33280.0,39500.0,65210.0,88400.0,BLS OEWS May 2025 special education aggregation
State,78,Virgin Islands,Postsecondary nondegree award,1520.0,4.724,3.0,24.77,51520.0,2.8,21.62,44970.0,32130.0,37240.0,55110.0,71070.0,BLS OEWS May 2025 special education aggregation
State,78,Virgin Islands,"Some college, no degree",790.0,2.4466,4.4,20.75,43160.0,1.0,18.28,38010.0,31030.0,37710.0,48270.0,60910.0,BLS OEWS May 2025 special education aggregation
State,78,Virgin Islands,High school diploma or equivalent,11630.0,36.2618,1.0,23.05,47940.0,1.1,20.28,42180.0,27490.0,32910.0,57910.0,76270.0,BLS OEWS May 2025 special education aggregation
State,78,Virgin Islands,No formal educational credential,9710.0,30.2606,1.7,16.81,34970.0,1.8,14.43,30010.0,23620.0,26510.0,37260.0,48910.0,BLS OEWS May 2025 special education aggregation
Metropolitan Area,10180,"Abilene, TX",Doctoral or professional degree,1930.0,2.5674,5.3,58.26,121180.0,4.4,44.7,92980.0,48880.0,56800.0,133660.0,252230.0,BLS OEWS May 2025 special education aggregation
Metropolitan Area,10180,"Abilene, TX",Master's degree,1920.0,2.5552,3.5,39.11,81350.0,1.3,35.9,74680.0,40590.0,56680.0,97300.0,129960.0,BLS OEWS May 2025 special education aggregation
Metropolitan Area,10180,"Abilene, TX",Bachelor's degree,15940.0,21.2261,0.7,40.43,84100.0,0.7,33.6,69880.0,39850.0,53060.0,99640.0,139530.0,BLS OEWS May 2025 special education aggregation
Metropolitan Area,10180,"Abilene, TX",Associate's degree,1380.0,1.8425999999999998,3.1,28.11,58470.0,1.3,26.68,55500.0,28360.0,36760.0,76740.0,94700.0,BLS OEWS May 2025 special education aggregation
Metropolitan Area,10180,"Abilene, TX",Postsecondary nondegree award,5430.0,7.2334000000000005,1.5,24.84,51680.0,1.0,22.66,47130.0,30710.0,37480.0,62090.0,78380.0,BLS OEWS May 2025 special education aggregation
Metropolitan Area,10180,"Abilene, TX","Some college, no degree",1830.0,2.4356,2.3,19.14,39800.0,0.7,17.81,37040.0,23120.0,28700.0,47850.0,59290.0,BLS OEWS May 2025 special education aggregation
Metropolitan Area,10180,"Abilene, TX",High school diploma or equivalent,28430.0,37.865300000000005,0.7,22.57,46950.0,0.5,20.66,42970.0,27290.0,34050.0,55490.0,73760.0,BLS OEWS May 2025 special education aggregation
Metropolitan Area,10180,"Abilene, TX",No formal educational credential,18220.0,24.2745,0.7,15.36,31950.0,0.7,14.06,29250.0,21510.0,24400.0,36280.0,45470.0,BLS OEWS May 2025 special education aggregation
Metropolitan Area,10380,"Aguadilla, PR",Doctoral or professional degree,890.0,1.8288,6.9,39.68,82540.0,5.2,31.13,64760.0,48730.0,48940.0,104840.0,137270.0,BLS OEWS May 2025 special education aggregation
Metropolitan Area,10380,"Aguadilla, PR",Master's degree,480.0,0.9835,2.1,30.05,62510.0,1.7,28.88,60070.0,27280.0,38900.0,80700.0,97210.0,BLS OEWS May 2025 special education aggregation
Metropolitan Area,10380,"Aguadilla, PR",Bachelor's degree,9130.0,18.7061,1.2,30.93,64330.0,1.7,28.02,58280.0,27520.0,37600.0,76730.0,110020.0,BLS OEWS May 2025 special education aggregation
Metropolitan Area,10380,"Aguadilla, PR",Associate's degree,870.0,1.7786000000000002,5.3,21.3,44310.0,2.4,17.53,36470.0,22290.0,27980.0,55260.0,76440.0,BLS OEWS May 2025 special education aggregation
Metropolitan Area,10380,"Aguadilla, PR",Postsecondary nondegree award,1670.0,3.4171,3.7,14.45,30060.0,1.6,12.16,25300.0,21840.0,21880.0,31390.0,45640.0,BLS OEWS May 2025 special education aggregation
Metropolitan Area,10380,"Aguadilla, PR","Some college, no degree",1070.0,2.2006,7.8,13.81,28720.0,3.1,12.01,24970.0,21840.0,23010.0,30490.0,41740.0,BLS OEWS May 2025 special education aggregation
Metropolitan Area,10380,"Aguadilla, PR",High school diploma or equivalent,19900.0,40.7729,0.9,14.77,30730.0,0.9,12.44,25880.0,21840.0,22230.0,32990.0,45430.0,BLS OEWS May 2025 special education aggregation
Metropolitan Area,10380,"Aguadilla, PR",No formal educational credential,14800.0,30.312400000000004,0.8,11.86,24670.0,0.8,10.66,22170.0,21840.0,21840.0,24850.0,29340.0,BLS OEWS May 2025 special education aggregation
Metropolitan Area,10420,"Akron, OH",Doctoral or professional degree,8030.0,2.5137,1.8,76.88,159900.0,2.1,53.37,111010.0,60570.0,77000.0,202450.0,335550.0,BLS OEWS May 2025 special education aggregation
Metropolitan Area,10420,"Akron, OH",Master's degree,7910.0,2.4751000000000003,4.5,42.6,88610.0,1.6,38.36,79800.0,46090.0,58130.0,110180.0,133030.0,BLS OEWS May 2025 special education aggregation
Metropolitan Area,10420,"Akron, OH",Bachelor's degree,74680.0,23.3686,0.6,46.69,97110.0,0.5,39.83,82850.0,48250.0,63920.0,109390.0,158730.0,BLS OEWS May 2025 special education aggregation
Metropolitan Area,10420,"Akron, OH",Associate's degree,7450.0,2.3318000000000003,2.8,30.93,64330.0,0.8,30.08,62570.0,34780.0,46840.0,80190.0,94630.0,BLS OEWS May 2025 special education aggregation
Metropolitan Area,10420,"Akron, OH",Postsecondary nondegree award,22520.0,7.048699999999999,1.5,25.96,54000.0,0.5,23.58,49040.0,36660.0,39320.0,62950.0,76030.0,BLS OEWS May 2025 special education aggregation
Metropolitan Area,10420,"Akron, OH","Some college, no degree",7270.0,2.2757,3.6,22.74,47310.0,1.3,21.8,45340.0,28750.0,36850.0,55600.0,65270.0,BLS OEWS May 2025 special education aggregation
Metropolitan Area,10420,"Akron, OH",High school diploma or equivalent,114220.0,35.741699999999994,0.5,25.65,53340.0,0.4,22.6,47000.0,30830.0,37370.0,61880.0,80290.0,BLS OEWS May 2025 special education aggregation
Metropolitan Area,10420,"Akron, OH",No formal educational credential,77480.0,24.2447,0.7,17.99,37410.0,0.5,16.81,34960.0,24880.0,28610.0,42140.0,51360.0,BLS OEWS May 2025 special education aggregation
Metropolitan Area,10500,"Albany, GA",Doctoral or professional degree,1190.0,2.0343,3.9,66.34,138000.0,2.6,48.81,101530.0,56650.0,73280.0,151680.0,296710.0,BLS OEWS May 2025 special education aggregation
Metropolitan Area,10500,"Albany, GA",Master's degree,1100.0,1.8915,4.0,41.01,85300.0,2.5,37.58,78160.0,43080.0,56360.0,105920.0,130640.0,BLS OEWS May 2025 special education aggregation
Metropolitan Area,10500,"Albany, GA",Bachelor's degree,12280.0,21.0262,1.6,40.97,85220.0,1.0,36.79,76530.0,41660.0,56470.0,100300.0,133470.0,BLS OEWS May 2025 special education aggregation
Metropolitan Area,10500,"Albany, GA",Associate's degree,1450.0,2.4775,10.9,30.69,63830.0,3.9,30.14,62680.0,31370.0,44900.0,79700.0,98480.0,BLS OEWS May 2025 special education aggregation
Metropolitan Area,10500,"Albany, GA",Postsecondary nondegree award,4810.0,8.2457,2.1,23.09,48030.0,1.1,21.67,45070.0,30470.0,35960.0,58800.0,70660.0,BLS OEWS May 2025 special education aggregation
Metropolitan Area,10500,"Albany, GA","Some college, no degree",1230.0,2.1036,4.5,19.95,41490.0,1.7,17.8,37020.0,21250.0,27780.0,47620.0,64840.0,BLS OEWS May 2025 special education aggregation
Metropolitan Area,10500,"Albany, GA",High school diploma or equivalent,21790.0,37.3271,0.8,22.84,47510.0,0.7,20.33,42280.0,27230.0,32540.0,56760.0,74370.0,BLS OEWS May 2025 special education aggregation
Metropolitan Area,10500,"Albany, GA",No formal educational credential,14540.0,24.8941,1.0,14.98,31160.0,0.7,14.06,29240.0,20450.0,23530.0,35380.0,44390.0,BLS OEWS May 2025 special education aggregation
Metropolitan Area,10540,"Albany, OR",Doctoral or professional degree,740.0,1.5737999999999999,2.7,77.08,160330.0,2.9,59.18,123100.0,44640.0,80400.0,215870.0,335190.0,BLS OEWS May 2025 special education aggregation
Metropolitan Area,10540,"Albany, OR",Master's degree,940.0,1.9804,2.9,46.68,97090.0,1.3,43.71,90920.0,51500.0,65410.0,124080.0,143250.0,BLS OEWS May 2025 special education aggregation
Metropolitan Area,10540,"Albany, OR",Bachelor's degree,7740.0,16.3685,1.2,44.69,92940.0,0.6,39.36,81860.0,48720.0,61350.0,111920.0,141650.0,BLS OEWS May 2025 special education aggregation
Metropolitan Area,10540,"Albany, OR",Associate's degree,690.0,1.454,5.3,34.32,71390.0,1.3,30.8,64060.0,38310.0,50840.0,92290.0,111380.0,BLS OEWS May 2025 special education aggregation
Metropolitan Area,10540,"Albany, OR",Postsecondary nondegree award,2750.0,5.8218000000000005,2.2,28.83,59970.0,0.8,28.18,58610.0,42210.0,48370.0,66040.0,80720.0,BLS OEWS May 2025 special education aggregation
Metropolitan Area,10540,"Albany, OR","Some college, no degree",1570.0,3.3219000000000003,3.5,22.43,46640.0,1.1,21.82,45390.0,31190.0,36740.0,53190.0,63470.0,BLS OEWS May 2025 special education aggregation
Metropolitan Area,10540,"Albany, OR",High school diploma or equivalent,19660.0,41.602999999999994,0.7,28.06,58370.0,0.4,24.35,50660.0,37430.0,42120.0,66670.0,87610.0,BLS OEWS May 2025 special education aggregation
Metropolitan Area,10540,"Albany, OR",No formal educational credential,13170.0,27.876299999999997,0.7,20.21,42030.0,0.3,18.45,38370.0,31220.0,34370.0,47150.0,56480.0,BLS OEWS May 2025 special education aggregation
Metropolitan Area,10580,"Albany-Schenectady-Troy, NY",Doctoral or professional degree,15230.0,3.3884999999999996,1.3,74.19,154310.0,1.8,57.01,118580.0,64280.0,81570.0,175910.0,331310.0,BLS OEWS May 2025 special education aggregation
Metropolitan Area,10580,"Albany-Schenectady-Troy, NY",Master's degree,12220.0,2.7190000000000003,1.7,47.11,97990.0,2.1,40.16,83530.0,49810.0,63030.0,122380.0,154180.0,BLS OEWS May 2025 special education aggregation
Metropolitan Area,10580,"Albany-Schenectady-Troy, NY",Bachelor's degree,124530.0,27.709699999999998,0.5,49.87,103720.0,0.4,44.9,93380.0,54560.0,68730.0,121720.0,164820.0,BLS OEWS May 2025 special education aggregation
Metropolitan Area,10580,"Albany-Schenectady-Troy, NY",Associate's degree,11670.0,2.5978000000000003,2.1,33.6,69880.0,0.6,30.8,64060.0,43310.0,51260.0,84070.0,101150.0,BLS OEWS May 2025 special education aggregation
Metropolitan Area,10580,"Albany-Schenectady-Troy, NY",Postsecondary nondegree award,24170.0,5.3787,1.2,26.89,55940.0,0.5,24.4,50750.0,36090.0,43190.0,63940.0,78270.0,BLS OEWS May 2025 special education aggregation
Metropolitan Area,10580,"Albany-Schenectady-Troy, NY","Some college, no degree",13820.0,3.0747,1.9,23.59,49060.0,0.7,21.7,45140.0,33730.0,36800.0,56890.0,66780.0,BLS OEWS May 2025 special education aggregation
Metropolitan Area,10580,"Albany-Schenectady-Troy, NY",High school diploma or equivalent,152390.0,33.9096,0.4,28.02,58270.0,0.3,24.06,50040.0,35520.0,40110.0,66200.0,91410.0,BLS OEWS May 2025 special education aggregation
Metropolitan Area,10580,"Albany-Schenectady-Troy, NY",No formal educational credential,95370.0,21.222,0.6,20.62,42880.0,0.5,17.8,37020.0,32240.0,34170.0,46650.0,59810.0,BLS OEWS May 2025 special education aggregation
Metropolitan Area,10740,"Albuquerque, NM",Doctoral or professional degree,10970.0,2.7114000000000003,2.1,78.56,163400.0,1.3,63.36,131790.0,56510.0,84220.0,205400.0,355560.0,BLS OEWS May 2025 special education aggregation
Metropolitan Area,10740,"Albuquerque, NM",Master's degree,9090.0,2.2457000000000003,3.1,47.69,99200.0,1.3,44.59,92740.0,51840.0,66400.0,128280.0,152870.0,BLS OEWS May 2025 special education aggregation
Metropolitan Area,10740,"Albuquerque, NM",Bachelor's degree,94440.0,23.3352,0.8,50.05,104100.0,0.5,43.06,89560.0,51390.0,67050.0,128570.0,169330.0,BLS OEWS May 2025 special education aggregation
Metropolitan Area,10740,"Albuquerque, NM",Associate's degree,11420.0,2.8209,2.9,35.18,73180.0,1.2,32.03,66630.0,39520.0,48630.0,93500.0,119680.0,BLS OEWS May 2025 special education aggregation
Metropolitan Area,10740,"Albuquerque, NM",Postsecondary nondegree award,22850.0,5.6457,1.9,24.89,51760.0,0.8,22.65,47100.0,36170.0,38910.0,60840.0,75380.0,BLS OEWS May 2025 special education aggregation
Metropolitan Area,10740,"Albuquerque, NM","Some college, no degree",9300.0,2.299,3.1,22.05,45850.0,1.1,21.63,44980.0,29020.0,35140.0,53020.0,63610.0,BLS OEWS May 2025 special education aggregation
Metropolitan Area,10740,"Albuquerque, NM",High school diploma or equivalent,146530.0,36.206599999999995,0.6,24.12,50180.0,0.4,21.9,45540.0,29920.0,35970.0,59900.0,77400.0,BLS OEWS May 2025 special education aggregation
Metropolitan Area,10740,"Albuquerque, NM",No formal educational credential,100100.0,24.735599999999998,0.8,18.12,37700.0,0.5,16.8,34940.0,28320.0,29570.0,39710.0,52060.0,BLS OEWS May 2025 special education aggregation
Metropolitan Area,10780,"Alexandria, LA",Doctoral or professional degree,1290.0,2.143,4.9,74.89,155770.0,3.5,59.41,123570.0,57720.0,79990.0,169740.0,349010.0,BLS OEWS May 2025 special education aggregation
Metropolitan Area,10780,"Alexandria, LA",Master's degree,1650.0,2.748,2.2,36.87,76680.0,2.0,31.47,65450.0,34980.0,49490.0,98650.0,132710.0,BLS OEWS May 2025 special education aggregation
Metropolitan Area,10780,"Alexandria, LA",Bachelor's degree,11210.0,18.685200000000002,0.7,39.16,81450.0,1.1,34.08,70880.0,44770.0,50240.0,96270.0,128630.0,BLS OEWS May 2025 special education aggregation
Metropolitan Area,10780,"Alexandria, LA",Associate's degree,1410.0,2.3545000000000003,2.4,28.88,60070.0,0.8,28.59,59480.0,34180.0,45880.0,76250.0,87230.0,BLS OEWS May 2025 special education aggregation
Metropolitan Area,10780,"Alexandria, LA",Postsecondary nondegree award,5210.0,8.6869,1.7,21.09,43880.0,0.6,18.55,38590.0,27730.0,30940.0,52490.0,65580.0,BLS OEWS May 2025 special education aggregation
Metropolitan Area,10780,"Alexandria, LA","Some college, no degree",1210.0,2.0225999999999997,2.2,17.71,36840.0,1.1,16.77,34880.0,20630.0,20730.0,46420.0,61160.0,BLS OEWS May 2025 special education aggregation
Metropolitan Area,10780,"Alexandria, LA",High school diploma or equivalent,23300.0,38.8361,0.6,21.83,45400.0,0.5,18.73,38970.0,21880.0,28990.0,56510.0,77020.0,BLS OEWS May 2025 special education aggregation
Metropolitan Area,10780,"Alexandria, LA",No formal educational credential,14710.0,24.523500000000002,0.8,14.44,30030.0,0.5,13.66,28410.0,18410.0,22080.0,35490.0,44630.0,BLS OEWS May 2025 special education aggregation
Metropolitan Area,10900,"Allentown-Bethlehem-Easton, PA-NJ",Doctoral or professional degree,10220.0,2.7084,2.6,79.9,166200.0,3.3,58.27,121190.0,58190.0,79490.0,210140.0,374750.0,BLS OEWS May 2025 special education aggregation
Metropolitan Area,10900,"Allentown-Bethlehem-Easton, PA-NJ",Master's degree,9410.0,2.4941,2.7,45.85,95380.0,3.2,39.38,81920.0,46200.0,60650.0,121440.0,156320.0,BLS OEWS May 2025 special education aggregation
Metropolitan Area,10900,"Allentown-Bethlehem-Easton, PA-NJ",Bachelor's degree,78390.0,20.7833,0.7,48.95,101810.0,0.5,43.72,90930.0,50800.0,66110.0,117980.0,164180.0,BLS OEWS May 2025 special education aggregation
Metropolitan Area,10900,"Allentown-Bethlehem-Easton, PA-NJ",Associate's degree,8260.0,2.1894,2.2,31.8,66150.0,0.9,30.69,63840.0,35630.0,45640.0,81330.0,98300.0,BLS OEWS May 2025 special education aggregation
Metropolitan Area,10900,"Allentown-Bethlehem-Easton, PA-NJ",Postsecondary nondegree award,28030.0,7.4313,1.1,26.27,54640.0,0.8,23.57,49030.0,37460.0,43880.0,63160.0,77550.0,BLS OEWS May 2025 special education aggregation
Metropolitan Area,10900,"Allentown-Bethlehem-Easton, PA-NJ","Some college, no degree",8210.0,2.1763000000000003,3.6,21.8,45350.0,1.2,20.08,41760.0,29490.0,34520.0,52320.0,65880.0,BLS OEWS May 2025 special education aggregation
Metropolitan Area,10900,"Allentown-Bethlehem-Easton, PA-NJ",High school diploma or equivalent,132030.0,35.005399999999995,0.5,25.93,53930.0,0.3,22.96,47770.0,30800.0,37810.0,62360.0,81450.0,BLS OEWS May 2025 special education aggregation
Metropolitan Area,10900,"Allentown-Bethlehem-Easton, PA-NJ",No formal educational credential,102640.0,27.2117,0.5,18.87,39260.0,0.3,17.59,36590.0,26730.0,30070.0,46030.0,57890.0,BLS OEWS May 2025 special education aggregation
Metropolitan Area,11020,"Altoona, PA",Doctoral or professional degree,1070.0,1.8171,3.7,82.59,171790.0,4.9,56.98,118520.0,62390.0,77800.0,220010.0,425440.0,BLS OEWS May 2025 special education aggregation
Metropolitan Area,11020,"Altoona, PA",Master's degree,1710.0,2.9105,3.3,37.13,77230.0,2.6,30.82,64110.0,37980.0,45910.0,100790.0,127460.0,BLS OEWS May 2025 special education aggregation
Metropolitan Area,11020,"Altoona, PA",Bachelor's degree,11140.0,19.002699999999997,1.1,41.27,85850.0,0.7,36.81,76570.0,45120.0,59180.0,100420.0,133270.0,BLS OEWS May 2025 special education aggregation
Metropolitan Area,11020,"Altoona, PA",Associate's degree,1070.0,1.8173,3.1,28.29,58850.0,1.7,28.33,58920.0,31340.0,41710.0,74220.0,81110.0,BLS OEWS May 2025 special education aggregation
Metropolitan Area,11020,"Altoona, PA",Postsecondary nondegree award,4970.0,8.4714,1.8,23.68,49250.0,0.6,22.38,46550.0,34330.0,38080.0,57910.0,69860.0,BLS OEWS May 2025 special education aggregation
Metropolitan Area,11020,"Altoona, PA","Some college, no degree",1180.0,2.0116,2.8,19.81,41200.0,1.3,18.13,37700.0,26440.0,29710.0,47960.0,59660.0,BLS OEWS May 2025 special education aggregation
Metropolitan Area,11020,"Altoona, PA",High school diploma or equivalent,21940.0,37.4052,0.7,22.75,47320.0,0.7,21.05,43790.0,27250.0,34930.0,55640.0,72470.0,BLS OEWS May 2025 special education aggregation
Metropolitan Area,11020,"Altoona, PA",No formal educational credential,15580.0,26.564299999999996,0.7,15.9,33070.0,0.6,14.62,30410.0,21880.0,26060.0,37000.0,46340.0,BLS OEWS May 2025 special education aggregation
Metropolitan Area,11100,"Amarillo, TX",Doctoral or professional degree,2920.0,2.3594999999999997,5.2,74.96,155920.0,6.8,57.84,120300.0,48530.0,76980.0,174990.0,356640.0,BLS OEWS May 2025 special education aggregation
Metropolitan Area,11100,"Amarillo, TX",Master's degree,2700.0,2.1753,2.9,43.6,90690.0,1.8,39.4,81950.0,48120.0,64770.0,106230.0,136120.0,BLS OEWS May 2025 special education aggregation
Metropolitan Area,11100,"Amarillo, TX",Bachelor's degree,25250.0,20.3758,0.8,43.0,89430.0,0.7,36.36,75620.0,46220.0,59040.0,103460.0,149640.0,BLS OEWS May 2025 special education aggregation
Metropolitan Area,11100,"Amarillo, TX",Associate's degree,2440.0,1.9663,3.1,28.97,60250.0,1.2,28.32,58900.0,28590.0,38740.0,79420.0,94300.0,BLS OEWS May 2025 special education aggregation
Metropolitan Area,11100,"Amarillo, TX",Postsecondary nondegree award,8770.0,7.075100000000001,1.7,24.69,51350.0,0.7,22.8,47420.0,31680.0,37170.0,61330.0,76030.0,BLS OEWS May 2025 special education aggregation
Metropolitan Area,11100,"Amarillo, TX","Some college, no degree",2980.0,2.4076,2.8,20.22,42070.0,0.9,18.8,39110.0,23180.0,28410.0,49600.0,63210.0,BLS OEWS May 2025 special education aggregation
Metropolitan Area,11100,"Amarillo, TX",High school diploma or equivalent,43670.0,35.241,0.5,23.4,48660.0,0.5,21.4,44510.0,27540.0,34340.0,58480.0,76510.0,BLS OEWS May 2025 special education aggregation
Metropolitan Area,11100,"Amarillo, TX",No formal educational credential,35190.0,28.3993,0.5,16.16,33610.0,0.7,14.61,30380.0,21540.0,26150.0,38440.0,45480.0,BLS OEWS May 2025 special education aggregation
Metropolitan Area,11180,"Ames, IA",Doctoral or professional degree,2460.0,4.3951,1.5,59.33,123400.0,1.0,49.69,103360.0,61590.0,80010.0,135210.0,199660.0,BLS OEWS May 2025 special education aggregation
Metropolitan Area,11180,"Ames, IA",Master's degree,1760.0,3.1515999999999997,1.6,43.14,89730.0,0.9,36.77,76480.0,50260.0,60610.0,105110.0,135920.0,BLS OEWS May 2025 special education aggregation
Metropolitan Area,11180,"Ames, IA",Bachelor's degree,13410.0,23.9984,1.2,43.27,90010.0,0.5,38.08,79200.0,48300.0,62390.0,104350.0,143130.0,BLS OEWS May 2025 special education aggregation
Metropolitan Area,11180,"Ames, IA",Associate's degree,1850.0,3.3091999999999997,2.4,29.08,60490.0,1.1,28.84,59990.0,30720.0,42490.0,78600.0,89920.0,BLS OEWS May 2025 special education aggregation
Metropolitan Area,11180,"Ames, IA",Postsecondary nondegree award,3310.0,5.9155,1.7,25.59,53230.0,0.7,23.52,48920.0,37000.0,40440.0,61250.0,77030.0,BLS OEWS May 2025 special education aggregation
Metropolitan Area,11180,"Ames, IA","Some college, no degree",1630.0,2.9082999999999997,2.7,21.57,44860.0,1.1,17.55,36500.0,23740.0,30230.0,57250.0,77830.0,BLS OEWS May 2025 special education aggregation
Metropolitan Area,11180,"Ames, IA",High school diploma or equivalent,17410.0,31.157100000000003,0.8,25.65,53350.0,0.4,23.61,49110.0,31430.0,38490.0,62490.0,79080.0,BLS OEWS May 2025 special education aggregation
Metropolitan Area,11180,"Ames, IA",No formal educational credential,14070.0,25.1648,0.9,17.16,35690.0,0.8,16.62,34570.0,22270.0,28640.0,40110.0,49870.0,BLS OEWS May 2025 special education aggregation
Metropolitan Area,11200,"Amherst Town-Northampton, MA",Doctoral or professional degree,4350.0,6.6265,0.7,63.52,132110.0,1.1,52.37,108930.0,64900.0,83860.0,162050.0,215440.0,BLS OEWS May 2025 special education aggregation
Metropolitan Area,11200,"Amherst Town-Northampton, MA",Master's degree,4090.0,6.2315,1.4,45.1,93800.0,0.6,39.58,82330.0,49620.0,62400.0,107050.0,144150.0,BLS OEWS May 2025 special education aggregation
Metropolitan Area,11200,"Amherst Town-Northampton, MA",Bachelor's degree,15340.0,23.3589,0.7,47.35,98490.0,0.7,40.91,85100.0,50980.0,64740.0,114670.0,160260.0,BLS OEWS May 2025 special education aggregation
Metropolitan Area,11200,"Amherst Town-Northampton, MA",Associate's degree,1250.0,1.9077000000000002,3.9,32.57,67750.0,1.2,30.89,64250.0,38710.0,46930.0,83400.0,100310.0,BLS OEWS May 2025 special education aggregation
Metropolitan Area,11200,"Amherst Town-Northampton, MA",Postsecondary nondegree award,3320.0,5.0482,2.1,27.38,56960.0,0.7,26.08,54250.0,38020.0,45410.0,65670.0,79510.0,BLS OEWS May 2025 special education aggregation
Metropolitan Area,11200,"Amherst Town-Northampton, MA","Some college, no degree",1770.0,2.7016,2.7,24.87,51730.0,0.8,23.44,48750.0,32090.0,37410.0,59420.0,75090.0,BLS OEWS May 2025 special education aggregation
Metropolitan Area,11200,"Amherst Town-Northampton, MA",High school diploma or equivalent,20880.0,31.788,0.7,27.76,57730.0,0.5,24.51,50970.0,37300.0,42360.0,66210.0,85170.0,BLS OEWS May 2025 special education aggregation
Metropolitan Area,11200,"Amherst Town-Northampton, MA",No formal educational credential,14670.0,22.3374,0.7,19.82,41230.0,0.6,17.92,37280.0,32730.0,34650.0,44840.0,54830.0,BLS OEWS May 2025 special education aggregation
Metropolitan Area,11260,"Anchorage, AK",Doctoral or professional degree,3920.0,2.2152000000000003,4.9,97.85,203530.0,3.1,70.07,145740.0,73890.0,100570.0,242410.0,415140.0,BLS OEWS May 2025 special education aggregation
Metropolitan Area,11260,"Anchorage, AK",Master's degree,4520.0,2.5556,3.2,50.38,104780.0,1.1,47.37,98530.0,51440.0,74500.0,127920.0,161690.0,BLS OEWS May 2025 special education aggregation
Metropolitan Area,11260,"Anchorage, AK",Bachelor's degree,43870.0,24.778100000000002,0.9,54.57,113510.0,0.4,47.5,98800.0,60950.0,77830.0,130250.0,172710.0,BLS OEWS May 2025 special education aggregation
Metropolitan Area,11260,"Anchorage, AK",Associate's degree,4340.0,2.4505,3.5,41.9,87150.0,1.9,38.05,79140.0,38040.0,56040.0,108660.0,137630.0,BLS OEWS May 2025 special education aggregation
Metropolitan Area,11260,"Anchorage, AK",Postsecondary nondegree award,12610.0,7.122199999999999,1.6,33.07,68790.0,1.0,29.43,61210.0,40650.0,47900.0,81330.0,104240.0,BLS OEWS May 2025 special education aggregation
Metropolitan Area,11260,"Anchorage, AK","Some college, no degree",4740.0,2.6786000000000003,2.6,24.03,49970.0,0.8,22.73,47270.0,29390.0,37190.0,60590.0,73980.0,BLS OEWS May 2025 special education aggregation
Metropolitan Area,11260,"Anchorage, AK",High school diploma or equivalent,61150.0,34.5383,0.9,29.76,61900.0,0.5,26.32,54750.0,36510.0,43560.0,75060.0,99160.0,BLS OEWS May 2025 special education aggregation
Metropolitan Area,11260,"Anchorage, AK",No formal educational credential,41890.0,23.6616,1.2,20.54,42720.0,0.8,18.36,38200.0,28220.0,33770.0,47020.0,62130.0,BLS OEWS May 2025 special education aggregation
Metropolitan Area,11460,"Ann Arbor, MI",Doctoral or professional degree,11740.0,5.3421,0.7,80.12,166640.0,2.3,63.9,132920.0,66390.0,82970.0,184220.0,332430.0,BLS OEWS May 2025 special education aggregation
Metropolitan Area,11460,"Ann Arbor, MI",Master's degree,7890.0,3.5906999999999996,1.2,55.15,114700.0,0.5,49.03,101970.0,55330.0,72400.0,139610.0,179880.0,BLS OEWS May 2025 special education aggregation
Metropolitan Area,11460,"Ann Arbor, MI",Bachelor's degree,72520.0,33.006099999999996,0.6,46.53,96780.0,0.4,40.8,84870.0,38990.0,61980.0,125070.0,159250.0,BLS OEWS May 2025 special education aggregation
Metropolitan Area,11460,"Ann Arbor, MI",Associate's degree,5440.0,2.476,1.7,34.08,70880.0,0.7,34.35,71440.0,38120.0,51220.0,85120.0,98030.0,BLS OEWS May 2025 special education aggregation
Metropolitan Area,11460,"Ann Arbor, MI",Postsecondary nondegree award,15090.0,6.8683000000000005,1.1,26.7,55530.0,0.9,22.99,47810.0,37840.0,40350.0,62310.0,77520.0,BLS OEWS May 2025 special education aggregation
Metropolitan Area,11460,"Ann Arbor, MI","Some college, no degree",6780.0,3.0848,2.1,22.16,46080.0,0.6,18.71,38920.0,31880.0,34740.0,51840.0,67810.0,BLS OEWS May 2025 special education aggregation
Metropolitan Area,11460,"Ann Arbor, MI",High school diploma or equivalent,62210.0,28.3099,0.6,25.07,52140.0,0.3,22.1,45970.0,34510.0,37280.0,60720.0,79400.0,BLS OEWS May 2025 special education aggregation
Metropolitan Area,11460,"Ann Arbor, MI",No formal educational credential,38060.0,17.322,0.6,18.89,39290.0,0.6,17.33,36050.0,28170.0,30580.0,42870.0,54860.0,BLS OEWS May 2025 special education aggregation
Metropolitan Area,11500,"Anniston-Oxford, AL",Doctoral or professional degree,960.0,2.1919,3.0,58.92,122550.0,6.1,40.14,83490.0,50420.0,63420.0,129510.0,280340.0,BLS OEWS May 2025 special education aggregation
Metropolitan Area,11500,"Anniston-Oxford, AL",Master's degree,930.0,2.1334,3.3,38.7,80490.0,2.2,34.69,72140.0,42770.0,53610.0,98770.0,124460.0,BLS OEWS May 2025 special education aggregation
Metropolitan Area,11500,"Anniston-Oxford, AL",Bachelor's degree,7400.0,16.9849,0.8,38.82,80740.0,0.9,34.14,71010.0,43130.0,55950.0,92500.0,124070.0,BLS OEWS May 2025 special education aggregation
Metropolitan Area,11500,"Anniston-Oxford, AL",Associate's degree,840.0,1.9376000000000002,2.8,26.63,55400.0,1.8,25.63,53300.0,27780.0,36410.0,69950.0,87110.0,BLS OEWS May 2025 special education aggregation
Metropolitan Area,11500,"Anniston-Oxford, AL",Postsecondary nondegree award,3400.0,7.801900000000001,2.1,21.85,45460.0,1.0,19.32,40180.0,29240.0,33150.0,57300.0,68390.0,BLS OEWS May 2025 special education aggregation
Metropolitan Area,11500,"Anniston-Oxford, AL","Some college, no degree",710.0,1.6228000000000002,2.3,17.48,36360.0,1.0,16.71,34750.0,22230.0,23240.0,46800.0,52160.0,BLS OEWS May 2025 special education aggregation
Metropolitan Area,11500,"Anniston-Oxford, AL",High school diploma or equivalent,17730.0,40.6942,0.6,22.91,47660.0,0.5,21.7,45130.0,27680.0,34250.0,57860.0,70440.0,BLS OEWS May 2025 special education aggregation
Metropolitan Area,11500,"Anniston-Oxford, AL",No formal educational credential,11610.0,26.633300000000002,0.6,14.85,30890.0,0.6,13.7,28490.0,21300.0,23410.0,34660.0,44190.0,BLS OEWS May 2025 special education aggregation
Metropolitan Area,11540,"Appleton, WI",Doctoral or professional degree,2090.0,1.6835999999999998,3.3,89.85,186890.0,3.1,58.64,121970.0,76830.0,94410.0,234160.0,407180.0,BLS OEWS May 2025 special education aggregation
Metropolitan Area,11540,"Appleton, WI",Master's degree,2140.0,1.7251,2.6,42.94,89320.0,2.7,37.64,78300.0,47710.0,60510.0,105690.0,135690.0,BLS OEWS May 2025 special education aggregation
Metropolitan Area,11540,"Appleton, WI",Bachelor's degree,23910.0,19.2472,1.3,46.36,96420.0,0.8,39.28,81700.0,49940.0,62290.0,109030.0,155550.0,BLS OEWS May 2025 special education aggregation
Metropolitan Area,11540,"Appleton, WI",Associate's degree,2610.0,2.1021,2.7,30.43,63300.0,1.0,29.12,60570.0,33930.0,45050.0,80380.0,97220.0,BLS OEWS May 2025 special education aggregation
Metropolitan Area,11540,"Appleton, WI",Postsecondary nondegree award,7810.0,6.2881,2.0,26.52,55170.0,0.7,24.75,51470.0,37140.0,44760.0,62900.0,76980.0,BLS OEWS May 2025 special education aggregation
Metropolitan Area,11540,"Appleton, WI","Some college, no degree",2620.0,2.1088999999999998,3.2,22.83,47480.0,0.9,21.49,44700.0,30960.0,37560.0,56790.0,65100.0,BLS OEWS May 2025 special education aggregation
Metropolitan Area,11540,"Appleton, WI",High school diploma or equivalent,52260.0,42.0657,0.5,27.24,56660.0,0.4,24.04,49990.0,35300.0,40210.0,64750.0,85560.0,BLS OEWS May 2025 special education aggregation
Metropolitan Area,11540,"Appleton, WI",No formal educational credential,30780.0,24.7793,0.9,18.17,37780.0,0.5,17.05,35460.0,23390.0,29280.0,44050.0,54330.0,BLS OEWS May 2025 special education aggregation
Metropolitan Area,11640,"Arecibo, PR",Doctoral or professional degree,730.0,2.0951,6.6,44.23,92000.0,5.3,39.16,81460.0,43040.0,57820.0,108000.0,151420.0,BLS OEWS May 2025 special education aggregation
Metropolitan Area,11640,"Arecibo, PR",Master's degree,450.0,1.3054000000000001,1.6,26.78,55700.0,0.8,25.35,52730.0,29180.0,36110.0,75140.0,97210.0,BLS OEWS May 2025 special education aggregation
Metropolitan Area,11640,"Arecibo, PR",Bachelor's degree,5600.0,16.1332,1.1,26.67,55470.0,1.3,24.67,51320.0,29370.0,36390.0,62230.0,79320.0,BLS OEWS May 2025 special education aggregation
Metropolitan Area,11640,"Arecibo, PR",Associate's degree,570.0,1.6522,4.8,18.57,38620.0,1.8,17.57,36540.0,22590.0,27170.0,47360.0,58870.0,BLS OEWS May 2025 special education aggregation
Metropolitan Area,11640,"Arecibo, PR",Postsecondary nondegree award,1410.0,4.0551,3.1,14.6,30360.0,1.5,12.45,25890.0,21840.0,22680.0,32380.0,46820.0,BLS OEWS May 2025 special education aggregation
Metropolitan Area,11640,"Arecibo, PR","Some college, no degree",1030.0,2.9559,3.5,12.76,26540.0,1.6,11.02,22920.0,22450.0,22450.0,29300.0,35450.0,BLS OEWS May 2025 special education aggregation
Metropolitan Area,11640,"Arecibo, PR",High school diploma or equivalent,13320.0,38.3717,1.0,14.98,31160.0,0.5,12.89,26810.0,21840.0,22400.0,34200.0,45160.0,BLS OEWS May 2025 special education aggregation
Metropolitan Area,11640,"Arecibo, PR",No formal educational credential,11610.0,33.4313,0.7,12.11,25180.0,1.2,10.76,22390.0,21840.0,21840.0,24870.0,30650.0,BLS OEWS May 2025 special education aggregation
Metropolitan Area,11700,"Asheville, NC",Doctoral or professional degree,5110.0,2.8319,2.3,89.87,186920.0,3.2,65.61,136460.0,57160.0,78420.0,299080.0,371580.0,BLS OEWS May 2025 special education aggregation
Metropolitan Area,11700,"Asheville, NC",Master's degree,5070.0,2.8045999999999998,2.5,41.06,85410.0,1.9,35.83,74520.0,39310.0,53350.0,105970.0,136070.0,BLS OEWS May 2025 special education aggregation
Metropolitan Area,11700,"Asheville, NC",Bachelor's degree,36950.0,20.4576,0.7,44.0,91520.0,0.8,37.97,78980.0,46640.0,58550.0,106700.0,155660.0,BLS OEWS May 2025 special education aggregation
Metropolitan Area,11700,"Asheville, NC",Associate's degree,4350.0,2.4082,3.5,31.37,65250.0,1.4,29.89,62160.0,36060.0,46840.0,81340.0,100820.0,BLS OEWS May 2025 special education aggregation
Metropolitan Area,11700,"Asheville, NC",Postsecondary nondegree award,13280.0,7.3519000000000005,1.5,24.38,50710.0,0.5,22.41,46620.0,35650.0,39080.0,59730.0,71860.0,BLS OEWS May 2025 special education aggregation
Metropolitan Area,11700,"Asheville, NC","Some college, no degree",4470.0,2.477,2.7,22.07,45900.0,1.1,21.49,44690.0,28830.0,33900.0,56540.0,64700.0,BLS OEWS May 2025 special education aggregation
Metropolitan Area,11700,"Asheville, NC",High school diploma or equivalent,62300.0,34.4949,0.6,24.68,51320.0,0.5,22.34,46460.0,31740.0,38170.0,59540.0,75850.0,BLS OEWS May 2025 special education aggregation
Metropolitan Area,11700,"Asheville, NC",No formal educational credential,49080.0,27.174,0.7,17.57,36550.0,0.9,16.82,34990.0,23340.0,28840.0,40200.0,48650.0,BLS OEWS May 2025 special education aggregation
Metropolitan Area,12020,"Athens-Clarke County, GA",Doctoral or professional degree,3060.0,3.1929,2.6,67.35,140090.0,7.5,51.45,107010.0,51310.0,73340.0,155480.0,281100.0,BLS OEWS May 2025 special education aggregation
Metropolitan Area,12020,"Athens-Clarke County, GA",Master's degree,2210.0,2.3041,2.4,41.48,86280.0,2.0,37.74,78500.0,42520.0,59370.0,106500.0,133000.0,BLS OEWS May 2025 special education aggregation
Metropolitan Area,12020,"Athens-Clarke County, GA",Bachelor's degree,24430.0,25.5043,0.7,34.2,71130.0,0.9,30.21,62840.0,19240.0,35210.0,90020.0,124230.0,BLS OEWS May 2025 special education aggregation
Metropolitan Area,12020,"Athens-Clarke County, GA",Associate's degree,2050.0,2.1427,3.0,29.1,60520.0,1.0,27.94,58100.0,31820.0,42360.0,78390.0,93160.0,BLS OEWS May 2025 special education aggregation
Metropolitan Area,12020,"Athens-Clarke County, GA",Postsecondary nondegree award,5990.0,6.2501,2.1,23.55,48990.0,0.8,21.33,44360.0,31410.0,36470.0,59110.0,74150.0,BLS OEWS May 2025 special education aggregation
Metropolitan Area,12020,"Athens-Clarke County, GA","Some college, no degree",2520.0,2.6256,2.9,19.96,41510.0,1.6,19.8,41180.0,22450.0,27850.0,51810.0,62050.0,BLS OEWS May 2025 special education aggregation
Metropolitan Area,12020,"Athens-Clarke County, GA",High school diploma or equivalent,31730.0,33.117200000000004,0.6,22.81,47430.0,0.6,20.17,41960.0,28010.0,34150.0,55640.0,71630.0,BLS OEWS May 2025 special education aggregation
Metropolitan Area,12020,"Athens-Clarke County, GA",No formal educational credential,23820.0,24.8632,0.9,15.29,31810.0,0.5,14.37,29890.0,20880.0,24140.0,36750.0,44540.0,BLS OEWS May 2025 special education aggregation
Metropolitan Area,12060,"Atlanta-Sandy Springs-Roswell, GA",Doctoral or professional degree,70240.0,2.4308,2.1,95.21,198030.0,5.7,65.33,135880.0,58750.0,85620.0,223760.0,419330.0,BLS OEWS May 2025 special education aggregation
Metropolitan Area,12060,"Atlanta-Sandy Springs-Roswell, GA",Master's degree,54870.0,1.8986999999999998,2.7,46.02,95710.0,1.4,41.91,87160.0,50140.0,62230.0,122220.0,144870.0,BLS OEWS May 2025 special education aggregation
Metropolitan Area,12060,"Atlanta-Sandy Springs-Roswell, GA",Bachelor's degree,800250.0,27.6935,0.5,55.01,114410.0,0.8,46.76,97260.0,50060.0,67350.0,134200.0,186370.0,BLS OEWS May 2025 special education aggregation
Metropolitan Area,12060,"Atlanta-Sandy Springs-Roswell, GA",Associate's degree,61970.0,2.1447,2.9,35.99,74850.0,1.7,33.2,69050.0,37240.0,48120.0,95150.0,109890.0,BLS OEWS May 2025 special education aggregation
Metropolitan Area,12060,"Atlanta-Sandy Springs-Roswell, GA",Postsecondary nondegree award,175030.0,6.0571,1.2,26.75,55650.0,0.7,23.59,49070.0,35890.0,41090.0,63890.0,79940.0,BLS OEWS May 2025 special education aggregation
Metropolitan Area,12060,"Atlanta-Sandy Springs-Roswell, GA","Some college, no degree",62770.0,2.1723,2.5,25.13,52270.0,1.2,22.96,47750.0,27980.0,35640.0,61630.0,80890.0,BLS OEWS May 2025 special education aggregation
Metropolitan Area,12060,"Atlanta-Sandy Springs-Roswell, GA",High school diploma or equivalent,969660.0,33.556200000000004,0.5,26.96,56080.0,0.4,23.13,48120.0,30480.0,37660.0,63890.0,86880.0,BLS OEWS May 2025 special education aggregation
Metropolitan Area,12060,"Atlanta-Sandy Springs-Roswell, GA",No formal educational credential,694870.0,24.0467,0.6,17.31,36000.0,0.7,16.88,35110.0,22340.0,28530.0,39980.0,48630.0,BLS OEWS May 2025 special education aggregation
Metropolitan Area,12100,"Atlantic City-Hammonton, NJ",Doctoral or professional degree,3690.0,2.1881,2.9,81.86,170260.0,2.4,62.05,129060.0,54460.0,83450.0,216370.0,393890.0,BLS OEWS May 2025 special education aggregation
Metropolitan Area,12100,"Atlantic City-Hammonton, NJ",Master's degree,3940.0,2.3367999999999998,2.6,51.8,107740.0,1.7,47.43,98660.0,47240.0,67150.0,136930.0,167210.0,BLS OEWS May 2025 special education aggregation
Metropolitan Area,12100,"Atlantic City-Hammonton, NJ",Bachelor's degree,28200.0,16.717,0.8,50.63,105310.0,0.6,46.19,96060.0,56920.0,72130.0,121090.0,167330.0,BLS OEWS May 2025 special education aggregation
Metropolitan Area,12100,"Atlantic City-Hammonton, NJ",Associate's degree,2990.0,1.7721,2.2,35.81,74490.0,1.0,35.19,73200.0,38490.0,51980.0,96750.0,104650.0,BLS OEWS May 2025 special education aggregation
Metropolitan Area,12100,"Atlantic City-Hammonton, NJ",Postsecondary nondegree award,9740.0,5.7734000000000005,2.3,27.73,57670.0,0.9,23.73,49350.0,35980.0,41480.0,69120.0,87550.0,BLS OEWS May 2025 special education aggregation
Metropolitan Area,12100,"Atlantic City-Hammonton, NJ","Some college, no degree",3640.0,2.1559999999999997,2.1,22.03,45810.0,0.8,20.3,42230.0,32220.0,35880.0,51490.0,64570.0,BLS OEWS May 2025 special education aggregation
Metropolitan Area,12100,"Atlantic City-Hammonton, NJ",High school diploma or equivalent,62070.0,36.796499999999995,0.6,27.2,56570.0,0.5,23.33,48520.0,33560.0,38270.0,64670.0,86830.0,BLS OEWS May 2025 special education aggregation
Metropolitan Area,12100,"Atlantic City-Hammonton, NJ",No formal educational credential,54420.0,32.2601,0.8,19.53,40610.0,0.5,17.41,36200.0,32220.0,33040.0,43100.0,54690.0,BLS OEWS May 2025 special education aggregation
Metropolitan Area,12220,"Auburn-Opelika, AL",Doctoral or professional degree,3240.0,4.4531,1.4,54.29,112910.0,2.0,44.78,93140.0,47370.0,61550.0,129990.0,173880.0,BLS OEWS May 2025 special education aggregation
Metropolitan Area,12220,"Auburn-Opelika, AL",Master's degree,1950.0,2.6834,1.7,43.99,91500.0,1.0,37.04,77050.0,46640.0,60430.0,104630.0,157430.0,BLS OEWS May 2025 special education aggregation
Metropolitan Area,12220,"Auburn-Opelika, AL",Bachelor's degree,14210.0,19.5405,0.9,37.39,77760.0,0.7,33.65,69990.0,22690.0,47460.0,97200.0,132030.0,BLS OEWS May 2025 special education aggregation
Metropolitan Area,12220,"Auburn-Opelika, AL",Associate's degree,1510.0,2.0835,3.5,22.62,47050.0,1.6,20.54,42720.0,25910.0,28660.0,60700.0,74980.0,BLS OEWS May 2025 special education aggregation
Metropolitan Area,12220,"Auburn-Opelika, AL",Postsecondary nondegree award,4180.0,5.7558,1.7,22.65,47100.0,1.1,21.35,44400.0,29420.0,35530.0,56130.0,69270.0,BLS OEWS May 2025 special education aggregation
Metropolitan Area,12220,"Auburn-Opelika, AL","Some college, no degree",1610.0,2.2144,5.1,18.99,39490.0,1.5,17.33,36050.0,21440.0,23340.0,47790.0,65810.0,BLS OEWS May 2025 special education aggregation
Metropolitan Area,12220,"Auburn-Opelika, AL",High school diploma or equivalent,25450.0,35.0072,0.7,21.94,45640.0,0.7,18.95,39410.0,27040.0,32640.0,53160.0,71390.0,BLS OEWS May 2025 special education aggregation
Metropolitan Area,12220,"Auburn-Opelika, AL",No formal educational credential,20550.0,28.2622,0.8,15.2,31620.0,0.7,14.03,29180.0,21140.0,24110.0,35670.0,45350.0,BLS OEWS May 2025 special education aggregation
Metropolitan Area,12260,"Augusta-Richmond County, GA-SC",Doctoral or professional degree,5830.0,2.5152,1.3,74.64,155240.0,1.5,58.09,120820.0,63020.0,80120.0,181680.0,312000.0,BLS OEWS May 2025 special education aggregation
Metropolitan Area,12260,"Augusta-Richmond County, GA-SC",Master's degree,4600.0,1.9824000000000002,2.2,46.29,96290.0,1.8,39.53,82220.0,46220.0,61080.0,110660.0,150820.0,BLS OEWS May 2025 special education aggregation
Metropolitan Area,12260,"Augusta-Richmond County, GA-SC",Bachelor's degree,53580.0,23.1014,0.5,46.13,95950.0,0.8,40.56,84370.0,46060.0,62200.0,116640.0,160920.0,BLS OEWS May 2025 special education aggregation
Metropolitan Area,12260,"Augusta-Richmond County, GA-SC",Associate's degree,5370.0,2.3143000000000002,2.0,33.76,70230.0,0.8,32.34,67270.0,36830.0,48260.0,89880.0,105950.0,BLS OEWS May 2025 special education aggregation
Metropolitan Area,12260,"Augusta-Richmond County, GA-SC",Postsecondary nondegree award,15890.0,6.851699999999999,1.0,24.0,49930.0,0.5,22.0,45760.0,32180.0,37250.0,59560.0,74880.0,BLS OEWS May 2025 special education aggregation
Metropolitan Area,12260,"Augusta-Richmond County, GA-SC","Some college, no degree",5110.0,2.2042,2.8,19.69,40940.0,1.3,17.66,36730.0,22320.0,24140.0,50330.0,67820.0,BLS OEWS May 2025 special education aggregation
Metropolitan Area,12260,"Augusta-Richmond County, GA-SC",High school diploma or equivalent,84230.0,36.3161,0.5,23.97,49860.0,0.3,21.62,44970.0,28010.0,34800.0,59670.0,77410.0,BLS OEWS May 2025 special education aggregation
Metropolitan Area,12260,"Augusta-Richmond County, GA-SC",No formal educational credential,57320.0,24.7147,0.6,15.52,32290.0,0.4,14.46,30080.0,21260.0,25650.0,36510.0,45070.0,BLS OEWS May 2025 special education aggregation
Metropolitan Area,12420,"Austin-Round Rock-San Marcos, TX",Doctoral or professional degree,29710.0,2.2963999999999998,2.1,74.93,155850.0,2.0,62.61,130230.0,62030.0,91570.0,174190.0,319880.0,BLS OEWS May 2025 special education aggregation
Metropolitan Area,12420,"Austin-Round Rock-San Marcos, TX",Master's degree,31850.0,2.4621,2.1,47.37,98520.0,2.1,40.26,83740.0,48360.0,64150.0,119820.0,149800.0,BLS OEWS May 2025 special education aggregation
Metropolitan Area,12420,"Austin-Round Rock-San Marcos, TX",Bachelor's degree,416370.0,32.1849,0.6,55.81,116080.0,0.9,48.26,100370.0,53050.0,65940.0,139730.0,204710.0,BLS OEWS May 2025 special education aggregation
Metropolitan Area,12420,"Austin-Round Rock-San Marcos, TX",Associate's degree,29550.0,2.2841,3.3,32.62,67850.0,1.5,30.07,62550.0,36040.0,45770.0,84670.0,104160.0,BLS OEWS May 2025 special education aggregation
Metropolitan Area,12420,"Austin-Round Rock-San Marcos, TX",Postsecondary nondegree award,60480.0,4.674799999999999,1.4,26.91,55970.0,0.6,23.99,49890.0,35970.0,41030.0,63900.0,81170.0,BLS OEWS May 2025 special education aggregation
Metropolitan Area,12420,"Austin-Round Rock-San Marcos, TX","Some college, no degree",32490.0,2.5111999999999997,5.6,25.49,53010.0,1.7,23.16,48170.0,30450.0,37710.0,62880.0,78070.0,BLS OEWS May 2025 special education aggregation
Metropolitan Area,12420,"Austin-Round Rock-San Marcos, TX",High school diploma or equivalent,409640.0,31.6644,0.6,26.77,55680.0,0.4,23.29,48430.0,30790.0,38300.0,63650.0,85230.0,BLS OEWS May 2025 special education aggregation
Metropolitan Area,12420,"Austin-Round Rock-San Marcos, TX",No formal educational credential,283600.0,21.9219,0.7,17.73,36880.0,0.9,17.23,35840.0,23260.0,28940.0,42780.0,49030.0,BLS OEWS May 2025 special education aggregation
Metropolitan Area,12540,"Bakersfield-Delano, CA",Doctoral or professional degree,5360.0,1.5854,2.9,81.5,169510.0,4.2,66.57,138470.0,59070.0,88250.0,195190.0,351930.0,BLS OEWS May 2025 special education aggregation
Metropolitan Area,12540,"Bakersfield-Delano, CA",Master's degree,8010.0,2.3695,3.7,51.31,106730.0,4.0,47.11,97990.0,45150.0,59620.0,134480.0,168220.0,BLS OEWS May 2025 special education aggregation
Metropolitan Area,12540,"Bakersfield-Delano, CA",Bachelor's degree,64910.0,19.1901,1.4,49.85,103680.0,1.0,45.75,95160.0,52340.0,67040.0,126820.0,162020.0,BLS OEWS May 2025 special education aggregation
Metropolitan Area,12540,"Bakersfield-Delano, CA",Associate's degree,6620.0,1.9586999999999999,2.5,38.76,80620.0,1.2,36.73,76400.0,43040.0,53230.0,103670.0,124790.0,BLS OEWS May 2025 special education aggregation
Metropolitan Area,12540,"Bakersfield-Delano, CA",Postsecondary nondegree award,21550.0,6.3707,1.3,33.38,69430.0,0.6,27.52,57240.0,37440.0,45780.0,71040.0,91260.0,BLS OEWS May 2025 special education aggregation
Metropolitan Area,12540,"Bakersfield-Delano, CA","Some college, no degree",10710.0,3.1678,7.0,22.96,47750.0,2.2,21.54,44800.0,36210.0,37480.0,50920.0,64130.0,BLS OEWS May 2025 special education aggregation
Metropolitan Area,12540,"Bakersfield-Delano, CA",High school diploma or equivalent,107220.0,31.700499999999998,0.5,27.52,57230.0,0.4,22.76,47340.0,34320.0,36790.0,67330.0,96490.0,BLS OEWS May 2025 special education aggregation
Metropolitan Area,12540,"Bakersfield-Delano, CA",No formal educational credential,113840.0,33.6572,0.5,19.83,41250.0,0.4,17.33,36050.0,34320.0,34520.0,44250.0,54980.0,BLS OEWS May 2025 special education aggregation
Metropolitan Area,12580,"Baltimore-Columbia-Towson, MD",Doctoral or professional degree,46290.0,3.4119,1.9,78.19,162630.0,2.4,62.9,130830.0,66510.0,86140.0,201840.0,332790.0,BLS OEWS May 2025 special education aggregation
Metropolitan Area,12580,"Baltimore-Columbia-Towson, MD",Master's degree,39570.0,2.9167,2.0,48.7,101290.0,1.2,45.0,93600.0,47630.0,63770.0,130570.0,160390.0,BLS OEWS May 2025 special education aggregation
Metropolitan Area,12580,"Baltimore-Columbia-Towson, MD",Bachelor's degree,403220.0,29.7211,0.6,55.23,114880.0,0.4,48.56,101000.0,57460.0,75490.0,137380.0,186660.0,BLS OEWS May 2025 special education aggregation
Metropolitan Area,12580,"Baltimore-Columbia-Towson, MD",Associate's degree,33440.0,2.465,2.7,38.41,79900.0,1.5,36.44,75790.0,37550.0,50010.0,100880.0,124950.0,BLS OEWS May 2025 special education aggregation
Metropolitan Area,12580,"Baltimore-Columbia-Towson, MD",Postsecondary nondegree award,80400.0,5.926,2.2,28.39,59060.0,0.7,24.78,51540.0,37610.0,43390.0,71050.0,89220.0,BLS OEWS May 2025 special education aggregation
Metropolitan Area,12580,"Baltimore-Columbia-Towson, MD","Some college, no degree",28470.0,2.0987999999999998,4.0,25.38,52790.0,1.9,23.09,48030.0,31910.0,36490.0,61320.0,78190.0,BLS OEWS May 2025 special education aggregation
Metropolitan Area,12580,"Baltimore-Columbia-Towson, MD",High school diploma or equivalent,431610.0,31.813299999999998,0.7,27.87,57960.0,0.4,23.91,49730.0,34970.0,39210.0,67320.0,90880.0,BLS OEWS May 2025 special education aggregation
Metropolitan Area,12580,"Baltimore-Columbia-Towson, MD",No formal educational credential,293690.0,21.6473,0.9,19.34,40230.0,0.3,17.51,36420.0,31200.0,33580.0,44280.0,53610.0,BLS OEWS May 2025 special education aggregation
Metropolitan Area,12620,"Bangor, ME",Doctoral or professional degree,2360.0,3.2667,1.8,76.0,158080.0,2.3,52.8,109810.0,60720.0,81730.0,172760.0,372520.0,BLS OEWS May 2025 special education aggregation
Metropolitan Area,12620,"Bangor, ME",Master's degree,2440.0,3.3832,4.1,41.86,87070.0,2.3,35.79,74450.0,46510.0,55650.0,105340.0,135590.0,BLS OEWS May 2025 special education aggregation
Metropolitan Area,12620,"Bangor, ME",Bachelor's degree,14150.0,19.584899999999998,1.1,42.54,88470.0,0.7,37.62,78240.0,47330.0,60550.0,99880.0,134680.0,BLS OEWS May 2025 special education aggregation
Metropolitan Area,12620,"Bangor, ME",Associate's degree,1550.0,2.1435,2.4,32.06,66680.0,1.0,30.08,62570.0,41870.0,48500.0,81880.0,96270.0,BLS OEWS May 2025 special education aggregation
Metropolitan Area,12620,"Bangor, ME",Postsecondary nondegree award,6060.0,8.385200000000001,1.9,25.46,52950.0,0.6,23.54,48970.0,38410.0,44230.0,60220.0,68890.0,BLS OEWS May 2025 special education aggregation
Metropolitan Area,12620,"Bangor, ME","Some college, no degree",2150.0,2.9772,3.8,23.44,48740.0,1.0,22.31,46390.0,36660.0,40440.0,52530.0,63210.0,BLS OEWS May 2025 special education aggregation
Metropolitan Area,12620,"Bangor, ME",High school diploma or equivalent,25090.0,34.7261,0.7,24.87,51720.0,0.4,22.51,46810.0,35290.0,38950.0,58970.0,75450.0,BLS OEWS May 2025 special education aggregation
Metropolitan Area,12620,"Bangor, ME",No formal educational credential,18450.0,25.533099999999997,0.8,19.09,39720.0,0.4,17.31,36010.0,30620.0,32900.0,43610.0,49570.0,BLS OEWS May 2025 special education aggregation
Metropolitan Area,12700,"Barnstable Town, MA",Doctoral or professional degree,1960.0,2.0819,4.4,88.45,183970.0,4.5,65.18,135580.0,75760.0,96320.0,226610.0,374620.0,BLS OEWS May 2025 special education aggregation
Metropolitan Area,12700,"Barnstable Town, MA",Master's degree,2720.0,2.8905000000000003,2.5,46.55,96820.0,1.4,45.17,93950.0,48270.0,63160.0,119050.0,155980.0,BLS OEWS May 2025 special education aggregation
Metropolitan Area,12700,"Barnstable Town, MA",Bachelor's degree,19080.0,20.2759,1.0,52.82,109870.0,0.7,47.82,99470.0,56870.0,75600.0,129650.0,172550.0,BLS OEWS May 2025 special education aggregation
Metropolitan Area,12700,"Barnstable Town, MA",Associate's degree,1930.0,2.0518,3.4,37.09,77150.0,1.3,36.67,76270.0,46200.0,54740.0,99650.0,111920.0,BLS OEWS May 2025 special education aggregation
Metropolitan Area,12700,"Barnstable Town, MA",Postsecondary nondegree award,5960.0,6.3347,2.2,30.55,63540.0,0.9,28.98,60270.0,39350.0,47900.0,75950.0,92330.0,BLS OEWS May 2025 special education aggregation
Metropolitan Area,12700,"Barnstable Town, MA","Some college, no degree",2440.0,2.5876,5.0,25.1,52210.0,1.0,23.79,49490.0,31200.0,36140.0,62810.0,74880.0,BLS OEWS May 2025 special education aggregation
Metropolitan Area,12700,"Barnstable Town, MA",High school diploma or equivalent,30280.0,32.1725,1.0,30.1,62600.0,0.7,27.63,57470.0,38040.0,44810.0,75470.0,96400.0,BLS OEWS May 2025 special education aggregation
Metropolitan Area,12700,"Barnstable Town, MA",No formal educational credential,29740.0,31.605200000000004,0.8,21.17,44040.0,0.9,18.58,38650.0,34100.0,36080.0,47990.0,60380.0,BLS OEWS May 2025 special education aggregation
Metropolitan Area,12940,"Baton Rouge, LA",Doctoral or professional degree,9760.0,2.3825,4.3,72.81,151440.0,3.1,52.22,108620.0,54990.0,78630.0,165220.0,359200.0,BLS OEWS May 2025 special education aggregation
Metropolitan Area,12940,"Baton Rouge, LA",Master's degree,9570.0,2.3352,1.9,42.62,88650.0,1.6,36.52,75970.0,45480.0,59280.0,106430.0,138650.0,BLS OEWS May 2025 special education aggregation
Metropolitan Area,12940,"Baton Rouge, LA",Bachelor's degree,91040.0,22.2205,0.6,45.25,94120.0,0.7,38.07,79190.0,47920.0,59950.0,108520.0,160980.0,BLS OEWS May 2025 special education aggregation
Metropolitan Area,12940,"Baton Rouge, LA",Associate's degree,9520.0,2.3243,4.0,34.71,72200.0,1.2,30.81,64090.0,35990.0,49690.0,88180.0,109340.0,BLS OEWS May 2025 special education aggregation
Metropolitan Area,12940,"Baton Rouge, LA",Postsecondary nondegree award,29330.0,7.160200000000001,1.4,24.89,51770.0,0.6,22.3,46370.0,29830.0,35250.0,60840.0,77330.0,BLS OEWS May 2025 special education aggregation
Metropolitan Area,12940,"Baton Rouge, LA","Some college, no degree",8600.0,2.0989,3.2,20.97,43620.0,1.1,19.64,40860.0,22410.0,29020.0,51730.0,65770.0,BLS OEWS May 2025 special education aggregation
Metropolitan Area,12940,"Baton Rouge, LA",High school diploma or equivalent,153380.0,37.438900000000004,0.6,26.14,54360.0,0.4,23.04,47930.0,27160.0,36010.0,66100.0,87200.0,BLS OEWS May 2025 special education aggregation
Metropolitan Area,12940,"Baton Rouge, LA",No formal educational credential,98490.0,24.0396,0.8,15.97,33220.0,0.7,14.4,29960.0,20120.0,23460.0,37880.0,49050.0,BLS OEWS May 2025 special education aggregation
Metropolitan Area,12980,"Battle Creek, MI",Doctoral or professional degree,830.0,1.5130000000000001,2.6,67.13,139620.0,2.7,50.07,104140.0,46990.0,77990.0,157630.0,287330.0,BLS OEWS May 2025 special education aggregation
Metropolitan Area,12980,"Battle Creek, MI",Master's degree,1350.0,2.4786,1.4,43.57,90630.0,0.6,40.78,84830.0,50270.0,63770.0,105720.0,136360.0,BLS OEWS May 2025 special education aggregation
Metropolitan Area,12980,"Battle Creek, MI",Bachelor's degree,11720.0,21.4663,0.7,45.75,95170.0,0.4,40.77,84810.0,49710.0,64740.0,109960.0,144800.0,BLS OEWS May 2025 special education aggregation
Metropolitan Area,12980,"Battle Creek, MI",Associate's degree,1060.0,1.9436,2.2,31.93,66400.0,0.8,31.61,65760.0,36930.0,50630.0,79700.0,88590.0,BLS OEWS May 2025 special education aggregation
Metropolitan Area,12980,"Battle Creek, MI",Postsecondary nondegree award,3680.0,6.7417,1.4,25.78,53620.0,0.8,23.58,49050.0,37230.0,39980.0,62980.0,76130.0,BLS OEWS May 2025 special education aggregation
Metropolitan Area,12980,"Battle Creek, MI","Some college, no degree",1120.0,2.0579,2.6,21.27,44240.0,1.0,19.04,39590.0,29810.0,34390.0,51180.0,62400.0,BLS OEWS May 2025 special education aggregation
Metropolitan Area,12980,"Battle Creek, MI",High school diploma or equivalent,22090.0,40.4517,0.5,25.0,52010.0,0.4,22.87,47570.0,33410.0,37800.0,60010.0,77310.0,BLS OEWS May 2025 special education aggregation
Metropolitan Area,12980,"Battle Creek, MI",No formal educational credential,12750.0,23.3471,0.6,18.03,37500.0,0.6,16.81,34960.0,27190.0,29100.0,40930.0,50180.0,BLS OEWS May 2025 special education aggregation
Metropolitan Area,13020,"Bay City, MI",Doctoral or professional degree,790.0,2.3411,4.4,51.43,106980.0,4.6,46.81,97360.0,31720.0,57450.0,119450.0,174000.0,BLS OEWS May 2025 special education aggregation
Metropolitan Area,13020,"Bay City, MI",Master's degree,1040.0,3.0844,5.4,34.8,72380.0,1.4,32.6,67820.0,37620.0,46450.0,90600.0,114410.0,BLS OEWS May 2025 special education aggregation
Metropolitan Area,13020,"Bay City, MI",Bachelor's degree,6490.0,19.200499999999998,0.9,44.84,93270.0,0.6,39.52,82200.0,45870.0,60140.0,105000.0,155360.0,BLS OEWS May 2025 special education aggregation
Metropolitan Area,13020,"Bay City, MI",Associate's degree,980.0,2.9066,2.3,32.27,67120.0,0.9,35.73,74310.0,38870.0,53620.0,78240.0,83720.0,BLS OEWS May 2025 special education aggregation
Metropolitan Area,13020,"Bay City, MI",Postsecondary nondegree award,2280.0,6.7523,4.1,24.16,50250.0,1.0,22.17,46120.0,35660.0,38260.0,59490.0,69880.0,BLS OEWS May 2025 special education aggregation
Metropolitan Area,13020,"Bay City, MI","Some college, no degree",790.0,2.3306999999999998,4.6,21.34,44380.0,1.7,19.57,40710.0,28730.0,32130.0,50960.0,66610.0,BLS OEWS May 2025 special education aggregation
Metropolitan Area,13020,"Bay City, MI",High school diploma or equivalent,12120.0,35.8603,0.9,24.54,51050.0,0.6,21.85,45450.0,29830.0,35890.0,60290.0,80450.0,BLS OEWS May 2025 special education aggregation
Metropolitan Area,13020,"Bay City, MI",No formal educational credential,9310.0,27.524,0.7,17.22,35820.0,0.5,15.25,31720.0,25960.0,28060.0,37770.0,48350.0,BLS OEWS May 2025 special education aggregation
Metropolitan Area,13140,"Beaumont-Port Arthur, TX",Doctoral or professional degree,2570.0,1.5721,3.3,70.1,145820.0,3.6,58.14,120940.0,59560.0,80280.0,163240.0,290980.0,BLS OEWS May 2025 special education aggregation
Metropolitan Area,13140,"Beaumont-Port Arthur, TX",Master's degree,2760.0,1.6888,2.2,42.35,88100.0,3.0,38.3,79670.0,46830.0,63410.0,105830.0,134040.0,BLS OEWS May 2025 special education aggregation
Metropolitan Area,13140,"Beaumont-Port Arthur, TX",Bachelor's degree,35040.0,21.464599999999997,1.1,46.72,97190.0,0.9,38.77,80630.0,47400.0,60300.0,122490.0,164670.0,BLS OEWS May 2025 special education aggregation
Metropolitan Area,13140,"Beaumont-Port Arthur, TX",Associate's degree,3860.0,2.3625,4.3,32.87,68380.0,2.1,30.73,63920.0,34000.0,45910.0,88040.0,102120.0,BLS OEWS May 2025 special education aggregation
Metropolitan Area,13140,"Beaumont-Port Arthur, TX",Postsecondary nondegree award,9760.0,5.9788,1.6,25.89,53860.0,0.8,22.87,47570.0,31720.0,36830.0,62290.0,82740.0,BLS OEWS May 2025 special education aggregation
Metropolitan Area,13140,"Beaumont-Port Arthur, TX","Some college, no degree",3470.0,2.1253,1.8,19.52,40610.0,0.7,18.25,37950.0,21960.0,26400.0,50250.0,62950.0,BLS OEWS May 2025 special education aggregation
Metropolitan Area,13140,"Beaumont-Port Arthur, TX",High school diploma or equivalent,67580.0,41.402699999999996,0.6,26.64,55410.0,0.6,23.28,48420.0,28350.0,36450.0,66860.0,94590.0,BLS OEWS May 2025 special education aggregation
Metropolitan Area,13140,"Beaumont-Port Arthur, TX",No formal educational credential,38200.0,23.405099999999997,1.0,16.61,34540.0,1.1,15.11,31420.0,21680.0,26410.0,38620.0,49660.0,BLS OEWS May 2025 special education aggregation
Metropolitan Area,13220,"Beckley, WV",Doctoral or professional degree,930.0,2.1681,5.8,76.27,158640.0,4.9,56.27,117040.0,52120.0,76000.0,174230.0,341180.0,BLS OEWS May 2025 special education aggregation
Metropolitan Area,13220,"Beckley, WV",Master's degree,1060.0,2.4608,4.5,41.64,86600.0,2.4,36.59,76100.0,43540.0,53620.0,107880.0,133860.0,BLS OEWS May 2025 special education aggregation
Metropolitan Area,13220,"Beckley, WV",Bachelor's degree,8140.0,18.899,1.1,38.41,79890.0,0.6,33.04,68730.0,44490.0,53770.0,95150.0,128870.0,BLS OEWS May 2025 special education aggregation
Metropolitan Area,13220,"Beckley, WV",Associate's degree,930.0,2.1673999999999998,4.1,28.1,58460.0,1.3,28.73,59760.0,31260.0,43150.0,71240.0,77550.0,BLS OEWS May 2025 special education aggregation
Metropolitan Area,13220,"Beckley, WV",Postsecondary nondegree award,3670.0,8.5267,3.3,21.81,45360.0,1.1,20.14,41880.0,30740.0,35370.0,54480.0,63440.0,BLS OEWS May 2025 special education aggregation
Metropolitan Area,13220,"Beckley, WV","Some college, no degree",880.0,2.049,4.4,19.77,41130.0,1.2,17.84,37100.0,27730.0,29090.0,48820.0,59420.0,BLS OEWS May 2025 special education aggregation
Metropolitan Area,13220,"Beckley, WV",High school diploma or equivalent,16190.0,37.5837,0.9,21.92,45600.0,0.6,18.82,39140.0,24470.0,29980.0,56450.0,73890.0,BLS OEWS May 2025 special education aggregation
Metropolitan Area,13220,"Beckley, WV",No formal educational credential,11260.0,26.1452,0.8,15.65,32550.0,0.5,13.83,28770.0,21560.0,23330.0,35770.0,47960.0,BLS OEWS May 2025 special education aggregation
Metropolitan Area,13380,"Bellingham, WA",Doctoral or professional degree,1940.0,2.1192,3.3,68.19,141830.0,6.4,49.9,103790.0,62330.0,78100.0,158300.0,277090.0,BLS OEWS May 2025 special education aggregation
Metropolitan Area,13380,"Bellingham, WA",Master's degree,2340.0,2.5617,3.0,48.35,100560.0,1.4,45.19,93990.0,54470.0,67350.0,126480.0,165880.0,BLS OEWS May 2025 special education aggregation
Metropolitan Area,13380,"Bellingham, WA",Bachelor's degree,19270.0,21.0809,0.7,51.35,106810.0,0.9,48.02,99890.0,55740.0,72580.0,129120.0,163310.0,BLS OEWS May 2025 special education aggregation
Metropolitan Area,13380,"Bellingham, WA",Associate's degree,1720.0,1.8864,3.8,36.47,75860.0,1.3,31.95,66450.0,39350.0,49100.0,101650.0,124970.0,BLS OEWS May 2025 special education aggregation
Metropolitan Area,13380,"Bellingham, WA",Postsecondary nondegree award,5710.0,6.2484,1.9,31.84,66230.0,0.8,28.75,59800.0,44330.0,48190.0,75810.0,101110.0,BLS OEWS May 2025 special education aggregation
Metropolitan Area,13380,"Bellingham, WA","Some college, no degree",2830.0,3.0998,3.3,26.94,56030.0,0.5,26.62,55370.0,40330.0,47670.0,60630.0,74140.0,BLS OEWS May 2025 special education aggregation
Metropolitan Area,13380,"Bellingham, WA",High school diploma or equivalent,32920.0,36.0244,0.5,31.24,64990.0,0.4,27.36,56920.0,38900.0,45560.0,76250.0,105640.0,BLS OEWS May 2025 special education aggregation
Metropolitan Area,13380,"Bellingham, WA",No formal educational credential,24660.0,26.9792,0.6,22.27,46330.0,0.4,20.07,41750.0,35700.0,37060.0,49550.0,61550.0,BLS OEWS May 2025 special education aggregation
Metropolitan Area,13460,"Bend, OR",Doctoral or professional degree,2470.0,2.2827,3.7,104.31,216960.0,7.4,68.63,142750.0,67990.0,99220.0,311580.0,553730.0,BLS OEWS May 2025 special education aggregation
Metropolitan Area,13460,"Bend, OR",Master's degree,2700.0,2.4920999999999998,4.1,49.79,103570.0,1.9,45.56,94760.0,57530.0,72440.0,129650.0,161510.0,BLS OEWS May 2025 special education aggregation
Metropolitan Area,13460,"Bend, OR",Bachelor's degree,23790.0,21.9767,1.0,49.27,102480.0,0.6,44.23,91990.0,51450.0,64170.0,127240.0,159200.0,BLS OEWS May 2025 special education aggregation
Metropolitan Area,13460,"Bend, OR",Associate's degree,2520.0,2.3245,2.2,35.16,73120.0,0.9,31.27,65040.0,43660.0,49580.0,93620.0,120030.0,BLS OEWS May 2025 special education aggregation
Metropolitan Area,13460,"Bend, OR",Postsecondary nondegree award,6050.0,5.5896,2.1,30.06,62530.0,0.6,28.56,59400.0,44720.0,48970.0,69810.0,87450.0,BLS OEWS May 2025 special education aggregation
Metropolitan Area,13460,"Bend, OR","Some college, no degree",3140.0,2.8987,4.0,25.19,52400.0,1.5,23.69,49280.0,35500.0,39690.0,60820.0,73990.0,BLS OEWS May 2025 special education aggregation
Metropolitan Area,13460,"Bend, OR",High school diploma or equivalent,38180.0,35.2786,0.7,28.12,58500.0,0.5,24.52,51010.0,37790.0,44080.0,65020.0,87110.0,BLS OEWS May 2025 special education aggregation
Metropolitan Area,13460,"Bend, OR",No formal educational credential,29390.0,27.157,0.7,20.99,43650.0,0.5,19.2,39940.0,32290.0,35430.0,47780.0,59660.0,BLS OEWS May 2025 special education aggregation
Metropolitan Area,13740,"Billings, MT",Doctoral or professional degree,2000.0,2.1287,3.3,90.78,188830.0,4.1,61.85,128640.0,62010.0,85200.0,236960.0,438850.0,BLS OEWS May 2025 special education aggregation
Metropolitan Area,13740,"Billings, MT",Master's degree,2090.0,2.2259,2.2,38.72,80540.0,1.1,36.16,75200.0,38470.0,48940.0,102900.0,140870.0,BLS OEWS May 2025 special education aggregation
Metropolitan Area,13740,"Billings, MT",Bachelor's degree,19820.0,21.1351,0.9,44.12,91760.0,0.7,38.94,80990.0,45520.0,61620.0,104680.0,143790.0,BLS OEWS May 2025 special education aggregation
Metropolitan Area,13740,"Billings, MT",Associate's degree,2160.0,2.3035,3.8,33.4,69480.0,2.0,32.19,66960.0,38290.0,48780.0,83920.0,101920.0,BLS OEWS May 2025 special education aggregation
Metropolitan Area,13740,"Billings, MT",Postsecondary nondegree award,6740.0,7.1836,1.8,26.86,55860.0,0.7,25.29,52600.0,37970.0,44850.0,63060.0,77030.0,BLS OEWS May 2025 special education aggregation
Metropolitan Area,13740,"Billings, MT","Some college, no degree",2240.0,2.3897,4.1,22.31,46410.0,1.1,21.93,45620.0,28880.0,35800.0,55070.0,64480.0,BLS OEWS May 2025 special education aggregation
Metropolitan Area,13740,"Billings, MT",High school diploma or equivalent,32880.0,35.056,0.8,26.52,55170.0,0.5,23.46,48800.0,33390.0,38940.0,63870.0,84590.0,BLS OEWS May 2025 special education aggregation
Metropolitan Area,13740,"Billings, MT",No formal educational credential,25870.0,27.5773,0.8,18.54,38570.0,0.6,17.45,36290.0,23530.0,29480.0,44480.0,55490.0,BLS OEWS May 2025 special education aggregation
Metropolitan Area,13780,"Binghamton, NY",Doctoral or professional degree,3040.0,3.1289000000000002,1.2,77.6,161410.0,2.9,57.13,118830.0,65480.0,90910.0,167340.0,337720.0,BLS OEWS May 2025 special education aggregation
Metropolitan Area,13780,"Binghamton, NY",Master's degree,2870.0,2.9629000000000003,2.4,46.44,96590.0,2.1,39.9,82980.0,47420.0,59990.0,124220.0,163330.0,BLS OEWS May 2025 special education aggregation
Metropolitan Area,13780,"Binghamton, NY",Bachelor's degree,21230.0,21.8747,1.0,47.96,99760.0,0.4,41.82,86980.0,49950.0,64590.0,116200.0,163090.0,BLS OEWS May 2025 special education aggregation
Metropolitan Area,13780,"Binghamton, NY",Associate's degree,2450.0,2.5246,1.6,32.66,67930.0,1.2,30.54,63520.0,41070.0,50500.0,82280.0,99780.0,BLS OEWS May 2025 special education aggregation
Metropolitan Area,13780,"Binghamton, NY",Postsecondary nondegree award,6400.0,6.5949,1.2,26.15,54390.0,0.7,23.6,49090.0,36850.0,43140.0,61900.0,76900.0,BLS OEWS May 2025 special education aggregation
Metropolitan Area,13780,"Binghamton, NY","Some college, no degree",3400.0,3.5020000000000002,2.4,20.87,43400.0,0.7,18.27,38010.0,32240.0,33570.0,48430.0,61670.0,BLS OEWS May 2025 special education aggregation
Metropolitan Area,13780,"Binghamton, NY",High school diploma or equivalent,33970.0,35.0033,0.7,26.02,54120.0,0.5,22.76,47340.0,34550.0,38220.0,61420.0,82520.0,BLS OEWS May 2025 special education aggregation
Metropolitan Area,13780,"Binghamton, NY",No formal educational credential,23680.0,24.4087,0.6,19.62,40810.0,0.6,17.39,36160.0,32240.0,32720.0,44160.0,55490.0,BLS OEWS May 2025 special education aggregation
Metropolitan Area,13820,"Birmingham, AL",Doctoral or professional degree,14670.0,2.8195,2.9,72.67,151150.0,3.2,60.77,126390.0,61270.0,77760.0,175660.0,304000.0,BLS OEWS May 2025 special education aggregation
Metropolitan Area,13820,"Birmingham, AL",Master's degree,10950.0,2.1054,2.6,42.13,87620.0,1.3,37.37,77730.0,45110.0,59070.0,104570.0,130930.0,BLS OEWS May 2025 special education aggregation
Metropolitan Area,13820,"Birmingham, AL",Bachelor's degree,120190.0,23.1006,0.8,44.6,92760.0,0.7,37.85,78730.0,45880.0,61880.0,106680.0,158360.0,BLS OEWS May 2025 special education aggregation
Metropolitan Area,13820,"Birmingham, AL",Associate's degree,12960.0,2.491,3.2,27.37,56930.0,1.1,27.93,58100.0,28710.0,38470.0,69950.0,81410.0,BLS OEWS May 2025 special education aggregation
Metropolitan Area,13820,"Birmingham, AL",Postsecondary nondegree award,39650.0,7.62,1.8,23.78,49450.0,0.7,21.74,45210.0,31130.0,36380.0,60370.0,74750.0,BLS OEWS May 2025 special education aggregation
Metropolitan Area,13820,"Birmingham, AL","Some college, no degree",10490.0,2.0161000000000002,3.9,21.52,44760.0,1.2,21.57,44870.0,27240.0,31130.0,54170.0,62930.0,BLS OEWS May 2025 special education aggregation
Metropolitan Area,13820,"Birmingham, AL",High school diploma or equivalent,187160.0,35.9721,0.6,25.28,52580.0,0.6,22.48,46770.0,29530.0,36720.0,61480.0,80680.0,BLS OEWS May 2025 special education aggregation
Metropolitan Area,13820,"Birmingham, AL",No formal educational credential,124220.0,23.8753,0.7,16.57,34470.0,0.5,15.16,31520.0,22400.0,27580.0,37900.0,48510.0,BLS OEWS May 2025 special education aggregation
Metropolitan Area,13900,"Bismarck, ND",Doctoral or professional degree,1840.0,2.5831,3.8,85.57,177980.0,2.9,51.83,107810.0,60320.0,78260.0,202480.0,438510.0,BLS OEWS May 2025 special education aggregation
Metropolitan Area,13900,"Bismarck, ND",Master's degree,1920.0,2.689,2.3,42.87,89170.0,1.1,36.87,76700.0,52710.0,62830.0,103320.0,135750.0,BLS OEWS May 2025 special education aggregation
Metropolitan Area,13900,"Bismarck, ND",Bachelor's degree,17160.0,24.0713,0.9,43.79,91090.0,0.5,38.89,80890.0,51950.0,63330.0,103550.0,136890.0,BLS OEWS May 2025 special education aggregation
Metropolitan Area,13900,"Bismarck, ND",Associate's degree,1470.0,2.0632,3.5,33.22,69090.0,1.0,31.79,66120.0,42130.0,53880.0,82940.0,96890.0,BLS OEWS May 2025 special education aggregation
Metropolitan Area,13900,"Bismarck, ND",Postsecondary nondegree award,5320.0,7.462999999999999,1.6,27.87,57970.0,1.1,24.49,50930.0,36980.0,45310.0,62860.0,85790.0,BLS OEWS May 2025 special education aggregation
Metropolitan Area,13900,"Bismarck, ND","Some college, no degree",1930.0,2.7074000000000003,2.9,23.84,49580.0,1.4,21.43,44570.0,37440.0,40720.0,56730.0,67310.0,BLS OEWS May 2025 special education aggregation
Metropolitan Area,13900,"Bismarck, ND",High school diploma or equivalent,23870.0,33.4857,0.9,27.0,56160.0,0.4,24.08,50080.0,34590.0,39820.0,63810.0,82720.0,BLS OEWS May 2025 special education aggregation
Metropolitan Area,13900,"Bismarck, ND",No formal educational credential,17770.0,24.9374,0.8,18.9,39320.0,0.5,17.59,36580.0,27990.0,30560.0,45180.0,55170.0,BLS OEWS May 2025 special education aggregation
Metropolitan Area,13980,"Blacksburg-Christiansburg-Radford, VA",Doctoral or professional degree,4920.0,6.6435,0.7,58.75,122190.0,1.2,50.64,105330.0,55000.0,73630.0,137820.0,209710.0,BLS OEWS May 2025 special education aggregation
Metropolitan Area,13980,"Blacksburg-Christiansburg-Radford, VA",Master's degree,2650.0,3.5744,1.2,43.02,89480.0,1.1,31.85,66240.0,41670.0,52060.0,102760.0,147530.0,BLS OEWS May 2025 special education aggregation
Metropolitan Area,13980,"Blacksburg-Christiansburg-Radford, VA",Bachelor's degree,14340.0,19.3665,1.1,43.65,90800.0,0.5,37.87,78780.0,47240.0,59450.0,105370.0,146740.0,BLS OEWS May 2025 special education aggregation
Metropolitan Area,13980,"Blacksburg-Christiansburg-Radford, VA",Associate's degree,1780.0,2.3979,2.1,29.95,62300.0,0.8,29.48,61310.0,34030.0,47850.0,77110.0,92500.0,BLS OEWS May 2025 special education aggregation
Metropolitan Area,13980,"Blacksburg-Christiansburg-Radford, VA",Postsecondary nondegree award,4300.0,5.8022,2.3,23.98,49880.0,0.8,22.2,46170.0,31990.0,37800.0,58770.0,72350.0,BLS OEWS May 2025 special education aggregation
Metropolitan Area,13980,"Blacksburg-Christiansburg-Radford, VA","Some college, no degree",1740.0,2.3442,1.6,22.75,47320.0,0.5,22.17,46120.0,27390.0,34720.0,55190.0,66690.0,BLS OEWS May 2025 special education aggregation
Metropolitan Area,13980,"Blacksburg-Christiansburg-Radford, VA",High school diploma or equivalent,26310.0,35.5154,0.5,24.38,50710.0,1.8,22.26,46300.0,30880.0,37430.0,60720.0,74100.0,BLS OEWS May 2025 special education aggregation
Metropolitan Area,13980,"Blacksburg-Christiansburg-Radford, VA",No formal educational credential,18040.0,24.3559,0.6,17.15,35670.0,0.4,15.58,32400.0,27100.0,28310.0,37910.0,47970.0,BLS OEWS May 2025 special education aggregation
Metropolitan Area,14010,"Bloomington, IL",Doctoral or professional degree,2700.0,3.0604,1.7,55.48,115400.0,1.8,41.35,86000.0,48060.0,64080.0,135310.0,198660.0,BLS OEWS May 2025 special education aggregation
Metropolitan Area,14010,"Bloomington, IL",Master's degree,2090.0,2.3748,1.8,38.55,80180.0,0.8,34.48,71720.0,43580.0,51820.0,98520.0,128770.0,BLS OEWS May 2025 special education aggregation
Metropolitan Area,14010,"Bloomington, IL",Bachelor's degree,25720.0,29.1901,0.5,53.05,110340.0,0.7,45.27,94160.0,49620.0,68160.0,126590.0,192070.0,BLS OEWS May 2025 special education aggregation
Metropolitan Area,14010,"Bloomington, IL",Associate's degree,2430.0,2.7535,1.9,31.45,65410.0,0.8,29.91,62220.0,37180.0,48780.0,79000.0,98320.0,BLS OEWS May 2025 special education aggregation
Metropolitan Area,14010,"Bloomington, IL",Postsecondary nondegree award,4530.0,5.137700000000001,1.6,25.97,54020.0,1.2,22.59,46980.0,35480.0,39260.0,63420.0,76360.0,BLS OEWS May 2025 special education aggregation
Metropolitan Area,14010,"Bloomington, IL","Some college, no degree",1900.0,2.1532,2.8,20.81,43290.0,0.6,19.19,39920.0,31200.0,31690.0,48960.0,59930.0,BLS OEWS May 2025 special education aggregation
Metropolitan Area,14010,"Bloomington, IL",High school diploma or equivalent,29580.0,33.5757,0.6,26.87,55890.0,0.6,23.03,47890.0,31580.0,36110.0,69770.0,88500.0,BLS OEWS May 2025 special education aggregation
Metropolitan Area,14010,"Bloomington, IL",No formal educational credential,19170.0,21.7548,0.6,17.9,37220.0,0.5,15.99,33250.0,31200.0,31200.0,37940.0,48110.0,BLS OEWS May 2025 special education aggregation
Metropolitan Area,14020,"Bloomington, IN",Doctoral or professional degree,4050.0,5.5362,1.2,61.04,126960.0,2.5,50.35,104730.0,52070.0,70450.0,138570.0,228770.0,BLS OEWS May 2025 special education aggregation
Metropolitan Area,14020,"Bloomington, IN",Master's degree,3110.0,4.2437,2.0,40.57,84380.0,1.0,32.59,67790.0,46010.0,52100.0,102640.0,132790.0,BLS OEWS May 2025 special education aggregation
Metropolitan Area,14020,"Bloomington, IN",Bachelor's degree,14840.0,20.2559,1.3,43.82,91140.0,0.9,38.64,80370.0,47250.0,60440.0,104210.0,146720.0,BLS OEWS May 2025 special education aggregation
Metropolitan Area,14020,"Bloomington, IN",Associate's degree,1820.0,2.4898,2.4,30.91,64290.0,0.9,30.05,62500.0,37990.0,46270.0,77590.0,92390.0,BLS OEWS May 2025 special education aggregation
Metropolitan Area,14020,"Bloomington, IN",Postsecondary nondegree award,4280.0,5.8473999999999995,2.1,23.79,49480.0,0.8,21.82,45380.0,35130.0,37450.0,59550.0,74110.0,BLS OEWS May 2025 special education aggregation
Metropolitan Area,14020,"Bloomington, IN","Some college, no degree",2240.0,3.0553,1.7,23.8,49500.0,0.7,22.46,46710.0,28620.0,35080.0,58970.0,69580.0,BLS OEWS May 2025 special education aggregation
Metropolitan Area,14020,"Bloomington, IN",High school diploma or equivalent,24990.0,34.1181,1.1,24.53,51030.0,0.5,22.1,45960.0,30520.0,37060.0,59980.0,78020.0,BLS OEWS May 2025 special education aggregation
Metropolitan Area,14020,"Bloomington, IN",No formal educational credential,17910.0,24.4538,0.9,16.7,34730.0,0.6,16.0,33280.0,22370.0,27860.0,38820.0,47390.0,BLS OEWS May 2025 special education aggregation
Metropolitan Area,14260,"Boise City, ID",Doctoral or professional degree,8520.0,2.1739,2.9,74.37,154690.0,3.7,55.01,114420.0,58630.0,78190.0,177020.0,347160.0,BLS OEWS May 2025 special education aggregation
Metropolitan Area,14260,"Boise City, ID",Master's degree,9360.0,2.3879,8.9,44.37,92280.0,8.0,38.7,80490.0,46830.0,60950.0,114400.0,147210.0,BLS OEWS May 2025 special education aggregation
Metropolitan Area,14260,"Boise City, ID",Bachelor's degree,89120.0,22.7474,1.3,48.5,100890.0,0.7,40.98,85230.0,48140.0,62690.0,123140.0,165520.0,BLS OEWS May 2025 special education aggregation
Metropolitan Area,14260,"Boise City, ID",Associate's degree,9100.0,2.3221,3.0,33.93,70580.0,1.0,31.55,65620.0,38020.0,48560.0,92060.0,101190.0,BLS OEWS May 2025 special education aggregation
Metropolitan Area,14260,"Boise City, ID",Postsecondary nondegree award,26430.0,6.747,1.9,26.36,54840.0,0.9,23.45,48780.0,36120.0,40910.0,62880.0,78850.0,BLS OEWS May 2025 special education aggregation
Metropolitan Area,14260,"Boise City, ID","Some college, no degree",9590.0,2.4489,3.9,23.8,49500.0,1.2,22.44,46680.0,29850.0,36380.0,58920.0,75280.0,BLS OEWS May 2025 special education aggregation
Metropolitan Area,14260,"Boise City, ID",High school diploma or equivalent,146610.0,37.420100000000005,0.9,26.17,54430.0,0.5,22.98,47810.0,31850.0,38120.0,61960.0,82250.0,BLS OEWS May 2025 special education aggregation
Metropolitan Area,14260,"Boise City, ID",No formal educational credential,93060.0,23.7528,0.9,18.41,38290.0,0.5,17.58,36570.0,23390.0,29950.0,44860.0,54610.0,BLS OEWS May 2025 special education aggregation
Metropolitan Area,14460,"Boston-Cambridge-Newton, MA-NH",Doctoral or professional degree,122780.0,4.5409999999999995,1.7,82.52,171650.0,1.4,65.15,135510.0,76590.0,98090.0,211240.0,351170.0,BLS OEWS May 2025 special education aggregation
Metropolitan Area,14460,"Boston-Cambridge-Newton, MA-NH",Master's degree,89240.0,3.3004,1.4,50.61,105280.0,0.6,46.97,97700.0,51470.0,67260.0,130060.0,168170.0,BLS OEWS May 2025 special education aggregation
Metropolitan Area,14460,"Boston-Cambridge-Newton, MA-NH",Bachelor's degree,875230.0,32.3694,0.6,64.94,135070.0,0.4,56.23,116960.0,64000.0,83440.0,166400.0,217370.0,BLS OEWS May 2025 special education aggregation
Metropolitan Area,14460,"Boston-Cambridge-Newton, MA-NH",Associate's degree,64420.0,2.3825,3.1,37.04,77040.0,1.2,36.25,75410.0,43320.0,49540.0,99110.0,117570.0,BLS OEWS May 2025 special education aggregation
Metropolitan Area,14460,"Boston-Cambridge-Newton, MA-NH",Postsecondary nondegree award,145350.0,5.375500000000001,1.4,30.21,62830.0,0.6,28.36,58990.0,40280.0,47590.0,75350.0,92180.0,BLS OEWS May 2025 special education aggregation
Metropolitan Area,14460,"Boston-Cambridge-Newton, MA-NH","Some college, no degree",67200.0,2.4853,2.0,28.16,58580.0,0.8,27.07,56310.0,34020.0,41960.0,69660.0,84670.0,BLS OEWS May 2025 special education aggregation
Metropolitan Area,14460,"Boston-Cambridge-Newton, MA-NH",High school diploma or equivalent,810460.0,29.9738,0.7,31.19,64870.0,0.4,27.49,57180.0,38320.0,44980.0,77220.0,101830.0,BLS OEWS May 2025 special education aggregation
Metropolitan Area,14460,"Boston-Cambridge-Newton, MA-NH",No formal educational credential,529210.0,19.572200000000002,0.6,20.92,43510.0,0.5,18.56,38600.0,32830.0,35740.0,47210.0,59630.0,BLS OEWS May 2025 special education aggregation
Metropolitan Area,14500,"Boulder, CO",Doctoral or professional degree,8440.0,4.3866,4.3,88.71,184520.0,12.0,60.63,126100.0,62250.0,80330.0,180800.0,330850.0,BLS OEWS May 2025 special education aggregation
Metropolitan Area,14500,"Boulder, CO",Master's degree,4980.0,2.5904,4.6,51.81,107760.0,1.3,48.69,101260.0,57130.0,74070.0,134510.0,168030.0,BLS OEWS May 2025 special education aggregation
Metropolitan Area,14500,"Boulder, CO",Bachelor's degree,69970.0,36.3718,1.0,62.4,129790.0,0.7,54.63,113640.0,63070.0,81540.0,164680.0,211880.0,BLS OEWS May 2025 special education aggregation
Metropolitan Area,14500,"Boulder, CO",Associate's degree,5160.0,2.6821,3.7,42.15,87670.0,1.0,37.74,78490.0,48290.0,60080.0,105530.0,133210.0,BLS OEWS May 2025 special education aggregation
Metropolitan Area,14500,"Boulder, CO",Postsecondary nondegree award,8070.0,4.1926000000000005,1.8,30.38,63190.0,1.4,27.58,57370.0,41140.0,47360.0,74480.0,97980.0,BLS OEWS May 2025 special education aggregation
Metropolitan Area,14500,"Boulder, CO","Some college, no degree",5140.0,2.6736999999999997,6.6,28.52,59320.0,1.5,26.23,54570.0,30800.0,38650.0,73260.0,94130.0,BLS OEWS May 2025 special education aggregation
Metropolitan Area,14500,"Boulder, CO",High school diploma or equivalent,53040.0,27.568099999999998,1.2,32.03,66620.0,0.8,27.63,57470.0,38940.0,45870.0,77100.0,103900.0,BLS OEWS May 2025 special education aggregation
Metropolitan Area,14500,"Boulder, CO",No formal educational credential,37580.0,19.5346,0.7,21.44,44600.0,0.6,19.13,39780.0,34410.0,36450.0,47820.0,60340.0,BLS OEWS May 2025 special education aggregation
Metropolitan Area,14540,"Bowling Green, KY",Doctoral or professional degree,2160.0,2.6313,1.6,68.22,141910.0,2.7,48.63,101140.0,51810.0,73900.0,151380.0,294440.0,BLS OEWS May 2025 special education aggregation
Metropolitan Area,14540,"Bowling Green, KY",Master's degree,1940.0,2.3609999999999998,2.4,39.25,81630.0,1.6,36.6,76120.0,41740.0,56630.0,99860.0,124680.0,BLS OEWS May 2025 special education aggregation
Metropolitan Area,14540,"Bowling Green, KY",Bachelor's degree,14740.0,17.9367,0.8,40.14,83500.0,0.8,35.12,73060.0,43310.0,54280.0,97800.0,132710.0,BLS OEWS May 2025 special education aggregation
Metropolitan Area,14540,"Bowling Green, KY",Associate's degree,1760.0,2.1390000000000002,3.0,27.93,58100.0,1.3,29.11,60560.0,27790.0,39710.0,73690.0,89720.0,BLS OEWS May 2025 special education aggregation
Metropolitan Area,14540,"Bowling Green, KY",Postsecondary nondegree award,5860.0,7.1372,2.4,23.67,49230.0,1.0,21.89,45540.0,31840.0,37560.0,56670.0,73300.0,BLS OEWS May 2025 special education aggregation
Metropolitan Area,14540,"Bowling Green, KY","Some college, no degree",1890.0,2.2975000000000003,2.1,20.63,42900.0,0.9,17.94,37320.0,27420.0,31530.0,48600.0,62490.0,BLS OEWS May 2025 special education aggregation
Metropolitan Area,14540,"Bowling Green, KY",High school diploma or equivalent,32630.0,39.71,0.7,23.94,49790.0,0.5,21.78,45290.0,29750.0,36400.0,58760.0,78010.0,BLS OEWS May 2025 special education aggregation
Metropolitan Area,14540,"Bowling Green, KY",No formal educational credential,21190.0,25.787200000000002,0.9,15.97,33220.0,0.6,14.63,30430.0,21910.0,26720.0,36770.0,46860.0,BLS OEWS May 2025 special education aggregation
Metropolitan Area,14580,"Bozeman, MT",Doctoral or professional degree,2330.0,3.2257,1.9,62.2,129380.0,3.2,47.34,98460.0,61020.0,77120.0,132700.0,207020.0,BLS OEWS May 2025 special education aggregation
Metropolitan Area,14580,"Bozeman, MT",Master's degree,1500.0,2.082,2.7,42.0,87360.0,1.7,37.11,77190.0,48470.0,57280.0,102980.0,142140.0,BLS OEWS May 2025 special education aggregation
Metropolitan Area,14580,"Bozeman, MT",Bachelor's degree,16550.0,22.9236,2.5,46.59,96900.0,1.3,40.86,84990.0,49380.0,63060.0,115130.0,153530.0,BLS OEWS May 2025 special education aggregation
Metropolitan Area,14580,"Bozeman, MT",Associate's degree,1510.0,2.0928999999999998,5.1,32.81,68230.0,1.0,30.39,63200.0,42380.0,49850.0,81720.0,103050.0,BLS OEWS May 2025 special education aggregation
Metropolitan Area,14580,"Bozeman, MT",Postsecondary nondegree award,3380.0,4.683400000000001,2.0,29.22,60770.0,1.1,28.13,58500.0,40900.0,46410.0,69410.0,82240.0,BLS OEWS May 2025 special education aggregation
Metropolitan Area,14580,"Bozeman, MT","Some college, no degree",1600.0,2.2181,6.1,25.11,52230.0,2.5,22.98,47790.0,32610.0,38640.0,60220.0,73710.0,BLS OEWS May 2025 special education aggregation
Metropolitan Area,14580,"Bozeman, MT",High school diploma or equivalent,24480.0,33.8971,1.6,28.25,58760.0,0.7,26.3,54710.0,36660.0,44290.0,69580.0,85270.0,BLS OEWS May 2025 special education aggregation
Metropolitan Area,14580,"Bozeman, MT",No formal educational credential,20850.0,28.8772,0.8,20.17,41950.0,0.6,18.9,39310.0,27230.0,33670.0,47860.0,59000.0,BLS OEWS May 2025 special education aggregation
Metropolitan Area,14740,"Bremerton-Silverdale-Port Orchard, WA",Doctoral or professional degree,1560.0,1.6638000000000002,2.2,75.77,157600.0,3.5,60.91,126700.0,59390.0,94370.0,176340.0,312310.0,BLS OEWS May 2025 special education aggregation
Metropolitan Area,14740,"Bremerton-Silverdale-Port Orchard, WA",Master's degree,2290.0,2.4381,1.7,49.86,103710.0,1.3,46.97,97690.0,54190.0,69670.0,130400.0,167860.0,BLS OEWS May 2025 special education aggregation
Metropolitan Area,14740,"Bremerton-Silverdale-Port Orchard, WA",Bachelor's degree,22750.0,24.2716,0.5,53.84,111990.0,0.6,50.45,104930.0,61560.0,80450.0,130890.0,160460.0,BLS OEWS May 2025 special education aggregation
Metropolitan Area,14740,"Bremerton-Silverdale-Port Orchard, WA",Associate's degree,3250.0,3.4665999999999997,1.8,44.67,92910.0,0.7,46.06,95800.0,47370.0,67370.0,116210.0,129480.0,BLS OEWS May 2025 special education aggregation
Metropolitan Area,14740,"Bremerton-Silverdale-Port Orchard, WA",Postsecondary nondegree award,5470.0,5.832,2.3,32.59,67790.0,1.5,28.56,59400.0,45110.0,49130.0,79260.0,104150.0,BLS OEWS May 2025 special education aggregation
Metropolitan Area,14740,"Bremerton-Silverdale-Port Orchard, WA","Some college, no degree",2600.0,2.7734,1.7,27.13,56420.0,0.5,26.64,55410.0,40580.0,48920.0,61270.0,74150.0,BLS OEWS May 2025 special education aggregation
Metropolitan Area,14740,"Bremerton-Silverdale-Port Orchard, WA",High school diploma or equivalent,32710.0,34.896499999999996,0.6,33.36,69380.0,0.3,29.95,62290.0,41270.0,47570.0,85300.0,105910.0,BLS OEWS May 2025 special education aggregation
Metropolitan Area,14740,"Bremerton-Silverdale-Port Orchard, WA",No formal educational credential,23110.0,24.6582,0.8,22.89,47610.0,0.4,21.0,43680.0,36130.0,37360.0,51860.0,65000.0,BLS OEWS May 2025 special education aggregation
Metropolitan Area,14860,"Bridgeport-Stamford-Danbury, CT",Doctoral or professional degree,11930.0,2.9516,3.1,87.21,181400.0,3.1,65.66,136560.0,68160.0,96040.0,217690.0,388530.0,BLS OEWS May 2025 special education aggregation
Metropolitan Area,14860,"Bridgeport-Stamford-Danbury, CT",Master's degree,9840.0,2.4345,2.5,53.38,111030.0,1.1,49.95,103890.0,57870.0,76610.0,135450.0,172950.0,BLS OEWS May 2025 special education aggregation
Metropolitan Area,14860,"Bridgeport-Stamford-Danbury, CT",Bachelor's degree,118900.0,29.4183,0.8,65.91,137090.0,0.8,53.05,110340.0,61550.0,81600.0,166060.0,231540.0,BLS OEWS May 2025 special education aggregation
Metropolitan Area,14860,"Bridgeport-Stamford-Danbury, CT",Associate's degree,9580.0,2.3714,7.7,36.39,75680.0,2.1,31.71,65950.0,46680.0,57200.0,97050.0,111010.0,BLS OEWS May 2025 special education aggregation
Metropolitan Area,14860,"Bridgeport-Stamford-Danbury, CT",Postsecondary nondegree award,25280.0,6.2554,1.9,29.51,61370.0,0.7,26.5,55130.0,37800.0,45430.0,75170.0,91460.0,BLS OEWS May 2025 special education aggregation
Metropolitan Area,14860,"Bridgeport-Stamford-Danbury, CT","Some college, no degree",11740.0,2.9044,3.6,28.03,58300.0,1.3,24.87,51730.0,35160.0,39810.0,71890.0,88250.0,BLS OEWS May 2025 special education aggregation
Metropolitan Area,14860,"Bridgeport-Stamford-Danbury, CT",High school diploma or equivalent,127690.0,31.592599999999997,0.7,29.71,61790.0,0.4,25.33,52680.0,36870.0,42150.0,74280.0,98780.0,BLS OEWS May 2025 special education aggregation
Metropolitan Area,14860,"Bridgeport-Stamford-Danbury, CT",No formal educational credential,89210.0,22.0717,0.7,20.61,42870.0,0.5,18.17,37780.0,34910.0,36150.0,45870.0,58480.0,BLS OEWS May 2025 special education aggregation
Metropolitan Area,15180,"Brownsville-Harlingen, TX",Doctoral or professional degree,2130.0,1.3552,5.5,70.04,145680.0,3.5,57.05,118670.0,59310.0,77430.0,170190.0,296700.0,BLS OEWS May 2025 special education aggregation
Metropolitan Area,15180,"Brownsville-Harlingen, TX",Master's degree,4000.0,2.5383,3.2,43.71,90910.0,3.7,38.01,79060.0,42340.0,64510.0,104770.0,146210.0,BLS OEWS May 2025 special education aggregation
Metropolitan Area,15180,"Brownsville-Harlingen, TX",Bachelor's degree,29880.0,18.9772,0.8,38.0,79040.0,0.7,30.46,63350.0,40580.0,56680.0,93450.0,129230.0,BLS OEWS May 2025 special education aggregation
Metropolitan Area,15180,"Brownsville-Harlingen, TX",Associate's degree,2800.0,1.7795,3.1,25.99,54060.0,1.6,24.56,51090.0,27870.0,34970.0,73070.0,83030.0,BLS OEWS May 2025 special education aggregation
Metropolitan Area,15180,"Brownsville-Harlingen, TX",Postsecondary nondegree award,9020.0,5.728,2.0,22.01,45780.0,0.9,20.29,42200.0,28950.0,33680.0,56000.0,65760.0,BLS OEWS May 2025 special education aggregation
Metropolitan Area,15180,"Brownsville-Harlingen, TX","Some college, no degree",3790.0,2.4048,1.8,19.08,39680.0,0.9,17.65,36710.0,24980.0,29740.0,46550.0,57560.0,BLS OEWS May 2025 special education aggregation
Metropolitan Area,15180,"Brownsville-Harlingen, TX",High school diploma or equivalent,69020.0,43.8352,0.5,18.03,37510.0,0.4,15.15,31520.0,22360.0,24970.0,44420.0,59690.0,BLS OEWS May 2025 special education aggregation
Metropolitan Area,15180,"Brownsville-Harlingen, TX",No formal educational credential,36810.0,23.381700000000002,0.7,14.09,29320.0,0.6,13.18,27420.0,19330.0,22200.0,34570.0,41600.0,BLS OEWS May 2025 special education aggregation
Metropolitan Area,15260,"Brunswick-St. Simons, GA",Doctoral or professional degree,830.0,1.775,3.6,70.96,147590.0,6.6,58.87,122440.0,52490.0,79500.0,159260.0,325320.0,BLS OEWS May 2025 special education aggregation
Metropolitan Area,15260,"Brunswick-St. Simons, GA",Master's degree,800.0,1.7003,2.1,41.59,86500.0,1.4,40.01,83220.0,42730.0,57190.0,110460.0,129460.0,BLS OEWS May 2025 special education aggregation
Metropolitan Area,15260,"Brunswick-St. Simons, GA",Bachelor's degree,9940.0,21.2108,0.7,43.37,90200.0,3.7,38.97,81060.0,44450.0,60510.0,106330.0,136970.0,BLS OEWS May 2025 special education aggregation
Metropolitan Area,15260,"Brunswick-St. Simons, GA",Associate's degree,850.0,1.8050000000000002,4.0,31.42,65350.0,1.2,30.43,63290.0,36660.0,47380.0,81780.0,93680.0,BLS OEWS May 2025 special education aggregation
Metropolitan Area,15260,"Brunswick-St. Simons, GA",Postsecondary nondegree award,3210.0,6.8492999999999995,1.8,22.91,47660.0,0.7,21.53,44780.0,31830.0,36380.0,57600.0,70800.0,BLS OEWS May 2025 special education aggregation
Metropolitan Area,15260,"Brunswick-St. Simons, GA","Some college, no degree",1260.0,2.6938,1.7,19.82,41230.0,0.9,19.0,39510.0,29070.0,31020.0,44170.0,60910.0,BLS OEWS May 2025 special education aggregation
Metropolitan Area,15260,"Brunswick-St. Simons, GA",High school diploma or equivalent,15580.0,33.251,0.9,23.6,49100.0,0.6,20.57,42790.0,27710.0,34170.0,57320.0,76670.0,BLS OEWS May 2025 special education aggregation
Metropolitan Area,15260,"Brunswick-St. Simons, GA",No formal educational credential,14390.0,30.714800000000004,0.9,15.5,32250.0,1.3,14.31,29760.0,19800.0,24220.0,36350.0,45700.0,BLS OEWS May 2025 special education aggregation
Metropolitan Area,15380,"Buffalo-Cheektowaga, NY",Doctoral or professional degree,16980.0,3.1763000000000003,1.9,68.67,142830.0,1.4,53.06,110360.0,59740.0,76940.0,168550.0,269700.0,BLS OEWS May 2025 special education aggregation
Metropolitan Area,15380,"Buffalo-Cheektowaga, NY",Master's degree,13120.0,2.4551,1.6,43.29,90050.0,0.8,38.47,80010.0,47550.0,58990.0,111890.0,144810.0,BLS OEWS May 2025 special education aggregation
Metropolitan Area,15380,"Buffalo-Cheektowaga, NY",Bachelor's degree,122480.0,22.9137,0.6,48.86,101620.0,0.6,43.24,89940.0,49020.0,64360.0,117980.0,163370.0,BLS OEWS May 2025 special education aggregation
Metropolitan Area,15380,"Buffalo-Cheektowaga, NY",Associate's degree,13700.0,2.5627,2.0,32.23,67030.0,0.8,30.18,62760.0,39670.0,49010.0,80600.0,97170.0,BLS OEWS May 2025 special education aggregation
Metropolitan Area,15380,"Buffalo-Cheektowaga, NY",Postsecondary nondegree award,29990.0,5.611,1.3,26.73,55590.0,0.6,23.8,49500.0,36550.0,40730.0,63530.0,79810.0,BLS OEWS May 2025 special education aggregation
Metropolitan Area,15380,"Buffalo-Cheektowaga, NY","Some college, no degree",17090.0,3.1967,2.3,23.28,48430.0,0.8,21.74,45220.0,32240.0,35620.0,56430.0,67430.0,BLS OEWS May 2025 special education aggregation
Metropolitan Area,15380,"Buffalo-Cheektowaga, NY",High school diploma or equivalent,196870.0,36.8296,0.4,26.58,55290.0,0.3,23.11,48060.0,35140.0,38110.0,62910.0,82550.0,BLS OEWS May 2025 special education aggregation
Metropolitan Area,15380,"Buffalo-Cheektowaga, NY",No formal educational credential,124310.0,23.2548,0.5,20.05,41710.0,0.5,17.48,36360.0,32240.0,33700.0,44630.0,59060.0,BLS OEWS May 2025 special education aggregation
Metropolitan Area,15500,"Burlington, NC",Doctoral or professional degree,1450.0,2.1414999999999997,4.0,59.67,124120.0,2.8,47.31,98400.0,60350.0,76390.0,140670.0,219540.0,BLS OEWS May 2025 special education aggregation
Metropolitan Area,15500,"Burlington, NC",Master's degree,1470.0,2.1673999999999998,1.9,37.69,78390.0,1.3,32.5,67600.0,41660.0,54060.0,98000.0,126550.0,BLS OEWS May 2025 special education aggregation
Metropolitan Area,15500,"Burlington, NC",Bachelor's degree,13080.0,19.288800000000002,0.9,41.53,86390.0,1.0,35.38,73590.0,41400.0,51000.0,101230.0,150320.0,BLS OEWS May 2025 special education aggregation
Metropolitan Area,15500,"Burlington, NC",Associate's degree,1230.0,1.8161999999999998,3.1,30.11,62630.0,1.2,28.91,60130.0,31140.0,42130.0,80850.0,97210.0,BLS OEWS May 2025 special education aggregation
Metropolitan Area,15500,"Burlington, NC",Postsecondary nondegree award,4780.0,7.0444,2.1,24.22,50380.0,0.6,22.29,46360.0,34180.0,38330.0,58930.0,75720.0,BLS OEWS May 2025 special education aggregation
Metropolitan Area,15500,"Burlington, NC","Some college, no degree",1480.0,2.1888,3.0,21.05,43780.0,1.2,18.89,39290.0,27620.0,29780.0,52480.0,63570.0,BLS OEWS May 2025 special education aggregation
Metropolitan Area,15500,"Burlington, NC",High school diploma or equivalent,22830.0,33.662099999999995,0.7,23.68,49260.0,0.5,21.8,45340.0,29380.0,36000.0,57530.0,74560.0,BLS OEWS May 2025 special education aggregation
Metropolitan Area,15500,"Burlington, NC",No formal educational credential,21490.0,31.6909,0.5,16.68,34700.0,0.6,15.64,32520.0,22420.0,27590.0,39160.0,46440.0,BLS OEWS May 2025 special education aggregation
Metropolitan Area,15540,"Burlington-South Burlington, VT",Doctoral or professional degree,5410.0,4.5009999999999994,1.5,77.64,161480.0,1.8,51.68,107500.0,65770.0,81100.0,192150.0,368930.0,BLS OEWS May 2025 special education aggregation
Metropolitan Area,15540,"Burlington-South Burlington, VT",Master's degree,3710.0,3.0909,2.1,45.47,94570.0,1.0,39.01,81140.0,52340.0,63460.0,109820.0,157000.0,BLS OEWS May 2025 special education aggregation
Metropolitan Area,15540,"Burlington-South Burlington, VT",Bachelor's degree,34130.0,28.4075,0.8,49.96,103920.0,1.0,44.53,92630.0,54120.0,69440.0,123640.0,168000.0,BLS OEWS May 2025 special education aggregation
Metropolitan Area,15540,"Burlington-South Burlington, VT",Associate's degree,3210.0,2.6692,1.9,35.31,73440.0,0.7,32.8,68230.0,46690.0,54440.0,85440.0,102080.0,BLS OEWS May 2025 special education aggregation
Metropolitan Area,15540,"Burlington-South Burlington, VT",Postsecondary nondegree award,7370.0,6.1376,3.5,28.94,60200.0,0.7,28.2,58660.0,44500.0,48190.0,65650.0,81170.0,BLS OEWS May 2025 special education aggregation
Metropolitan Area,15540,"Burlington-South Burlington, VT","Some college, no degree",3710.0,3.088,3.7,26.31,54720.0,1.4,25.02,52040.0,34030.0,44600.0,62630.0,80620.0,BLS OEWS May 2025 special education aggregation
Metropolitan Area,15540,"Burlington-South Burlington, VT",High school diploma or equivalent,35440.0,29.493599999999997,1.2,28.23,58710.0,0.4,25.44,52900.0,38380.0,45600.0,64540.0,82420.0,BLS OEWS May 2025 special education aggregation
Metropolitan Area,15540,"Burlington-South Burlington, VT",No formal educational credential,27170.0,22.612000000000002,1.0,21.23,44160.0,0.7,18.94,39400.0,31350.0,36030.0,48010.0,60580.0,BLS OEWS May 2025 special education aggregation
Metropolitan Area,15940,"Canton-Massillon, OH",Doctoral or professional degree,3090.0,1.8919000000000001,3.3,80.42,167280.0,2.9,57.75,120120.0,63340.0,78500.0,196100.0,384470.0,BLS OEWS May 2025 special education aggregation
Metropolitan Area,15940,"Canton-Massillon, OH",Master's degree,3680.0,2.2577000000000003,2.3,41.13,85550.0,1.3,37.4,77790.0,41030.0,56300.0,104020.0,127460.0,BLS OEWS May 2025 special education aggregation
Metropolitan Area,15940,"Canton-Massillon, OH",Bachelor's degree,32310.0,19.8126,0.9,42.62,88650.0,0.5,37.82,78660.0,45610.0,59810.0,101500.0,137060.0,BLS OEWS May 2025 special education aggregation
Metropolitan Area,15940,"Canton-Massillon, OH",Associate's degree,3720.0,2.2800000000000002,2.0,30.73,63920.0,1.1,30.37,63160.0,34270.0,47260.0,79360.0,92460.0,BLS OEWS May 2025 special education aggregation
Metropolitan Area,15940,"Canton-Massillon, OH",Postsecondary nondegree award,12000.0,7.3605,1.3,24.01,49940.0,0.7,22.07,45900.0,35120.0,37460.0,59480.0,71640.0,BLS OEWS May 2025 special education aggregation
Metropolitan Area,15940,"Canton-Massillon, OH","Some college, no degree",3720.0,2.2814,3.0,20.94,43560.0,1.1,19.51,40590.0,27820.0,34620.0,49210.0,61820.0,BLS OEWS May 2025 special education aggregation
Metropolitan Area,15940,"Canton-Massillon, OH",High school diploma or equivalent,58700.0,35.994299999999996,0.5,24.18,50290.0,0.5,22.08,45920.0,29800.0,35980.0,59630.0,76230.0,BLS OEWS May 2025 special education aggregation
Metropolitan Area,15940,"Canton-Massillon, OH",No formal educational credential,45860.0,28.1216,0.6,17.27,35910.0,0.5,15.91,33090.0,23760.0,27810.0,39400.0,49530.0,BLS OEWS May 2025 special education aggregation
Metropolitan Area,15980,"Cape Coral-Fort Myers, FL",Doctoral or professional degree,6030.0,1.9776,2.4,76.75,159630.0,3.3,56.02,116530.0,61080.0,79820.0,186890.0,367850.0,BLS OEWS May 2025 special education aggregation
Metropolitan Area,15980,"Cape Coral-Fort Myers, FL",Master's degree,5650.0,1.8546,3.4,44.22,91980.0,3.1,40.68,84620.0,47130.0,59900.0,108220.0,133990.0,BLS OEWS May 2025 special education aggregation
Metropolitan Area,15980,"Cape Coral-Fort Myers, FL",Bachelor's degree,60180.0,19.7456,0.9,46.34,96390.0,0.8,38.78,80670.0,47990.0,60370.0,108400.0,159500.0,BLS OEWS May 2025 special education aggregation
Metropolitan Area,15980,"Cape Coral-Fort Myers, FL",Associate's degree,5930.0,1.9459,3.5,31.1,64680.0,1.0,29.86,62110.0,35310.0,44740.0,80580.0,96810.0,BLS OEWS May 2025 special education aggregation
Metropolitan Area,15980,"Cape Coral-Fort Myers, FL",Postsecondary nondegree award,22530.0,7.3922,1.7,24.49,50940.0,0.7,22.49,46780.0,34710.0,38110.0,59770.0,73350.0,BLS OEWS May 2025 special education aggregation
Metropolitan Area,15980,"Cape Coral-Fort Myers, FL","Some college, no degree",5800.0,1.9013000000000002,3.4,23.56,49010.0,1.4,22.09,45950.0,34640.0,36910.0,55390.0,69640.0,BLS OEWS May 2025 special education aggregation
Metropolitan Area,15980,"Cape Coral-Fort Myers, FL",High school diploma or equivalent,104620.0,34.3253,0.7,25.69,53430.0,0.7,22.6,47010.0,33440.0,37670.0,61280.0,79230.0,BLS OEWS May 2025 special education aggregation
Metropolitan Area,15980,"Cape Coral-Fort Myers, FL",No formal educational credential,94050.0,30.857400000000002,0.7,18.48,38440.0,0.6,17.21,35800.0,28530.0,29970.0,42800.0,49780.0,BLS OEWS May 2025 special education aggregation
Metropolitan Area,16020,"Cape Girardeau, MO-IL",Doctoral or professional degree,1120.0,2.5157,2.7,83.68,174050.0,1.6,51.86,107870.0,54690.0,73330.0,184930.0,416880.0,BLS OEWS May 2025 special education aggregation
Metropolitan Area,16020,"Cape Girardeau, MO-IL",Master's degree,1390.0,3.1043,2.8,41.07,85430.0,1.3,34.47,71690.0,38920.0,51300.0,109950.0,139690.0,BLS OEWS May 2025 special education aggregation
Metropolitan Area,16020,"Cape Girardeau, MO-IL",Bachelor's degree,9300.0,20.8146,0.9,38.26,79580.0,0.6,32.59,67790.0,40060.0,48770.0,93810.0,128820.0,BLS OEWS May 2025 special education aggregation
Metropolitan Area,16020,"Cape Girardeau, MO-IL",Associate's degree,1040.0,2.3197,2.7,29.74,61860.0,1.1,30.04,62490.0,33920.0,44120.0,76970.0,86580.0,BLS OEWS May 2025 special education aggregation
Metropolitan Area,16020,"Cape Girardeau, MO-IL",Postsecondary nondegree award,3850.0,8.608,1.6,24.11,50140.0,0.8,21.48,44670.0,32800.0,36650.0,57780.0,74250.0,BLS OEWS May 2025 special education aggregation
Metropolitan Area,16020,"Cape Girardeau, MO-IL","Some college, no degree",1100.0,2.46,2.4,19.45,40450.0,1.4,16.87,35100.0,28600.0,28600.0,47190.0,59990.0,BLS OEWS May 2025 special education aggregation
Metropolitan Area,16020,"Cape Girardeau, MO-IL",High school diploma or equivalent,15640.0,35.0048,0.7,23.68,49250.0,0.5,20.83,43320.0,29990.0,35060.0,58250.0,75250.0,BLS OEWS May 2025 special education aggregation
Metropolitan Area,16020,"Cape Girardeau, MO-IL",No formal educational credential,11250.0,25.1727,0.8,17.3,35970.0,0.5,14.87,30930.0,28600.0,28680.0,36720.0,49100.0,BLS OEWS May 2025 special education aggregation
Metropolitan Area,16180,"Carson City, NV",Doctoral or professional degree,710.0,2.2138,3.3,69.84,145270.0,6.1,58.86,122430.0,50790.0,74710.0,167670.0,280930.0,BLS OEWS May 2025 special education aggregation
Metropolitan Area,16180,"Carson City, NV",Master's degree,600.0,1.8725999999999998,6.3,44.59,92750.0,4.6,39.14,81410.0,42190.0,61940.0,112380.0,159700.0,BLS OEWS May 2025 special education aggregation
Metropolitan Area,16180,"Carson City, NV",Bachelor's degree,8500.0,26.613999999999997,1.0,49.21,102350.0,0.7,42.95,89340.0,54410.0,69950.0,117560.0,156450.0,BLS OEWS May 2025 special education aggregation
Metropolitan Area,16180,"Carson City, NV",Associate's degree,980.0,3.0773,4.9,37.32,77630.0,1.4,36.31,75520.0,46450.0,55390.0,96740.0,116650.0,BLS OEWS May 2025 special education aggregation
Metropolitan Area,16180,"Carson City, NV",Postsecondary nondegree award,1810.0,5.6631,2.9,28.3,58860.0,1.0,25.02,52040.0,38720.0,46030.0,68310.0,83350.0,BLS OEWS May 2025 special education aggregation
Metropolitan Area,16180,"Carson City, NV","Some college, no degree",1280.0,4.016,1.5,32.28,67140.0,0.6,28.63,59550.0,29660.0,43090.0,88790.0,114250.0,BLS OEWS May 2025 special education aggregation
Metropolitan Area,16180,"Carson City, NV",High school diploma or equivalent,10980.0,34.3857,0.8,27.52,57230.0,0.5,24.0,49920.0,33930.0,39810.0,65610.0,87510.0,BLS OEWS May 2025 special education aggregation
Metropolitan Area,16180,"Carson City, NV",No formal educational credential,7080.0,22.1572,1.7,18.68,38850.0,1.2,17.31,36010.0,26200.0,28970.0,43420.0,57470.0,BLS OEWS May 2025 special education aggregation
Metropolitan Area,16220,"Casper, WY",Doctoral or professional degree,860.0,2.1491,4.9,68.72,142940.0,5.0,50.9,105870.0,52150.0,72180.0,167610.0,307510.0,BLS OEWS May 2025 special education aggregation
Metropolitan Area,16220,"Casper, WY",Master's degree,760.0,1.907,3.7,41.52,86360.0,1.1,39.02,81150.0,46150.0,59930.0,108460.0,131480.0,BLS OEWS May 2025 special education aggregation
Metropolitan Area,16220,"Casper, WY",Bachelor's degree,7570.0,18.9246,1.1,43.92,91360.0,0.9,38.3,79670.0,44220.0,60910.0,106330.0,143880.0,BLS OEWS May 2025 special education aggregation
Metropolitan Area,16220,"Casper, WY",Associate's degree,930.0,2.3325,4.1,30.8,64060.0,1.6,29.83,62040.0,36410.0,47740.0,78710.0,98750.0,BLS OEWS May 2025 special education aggregation
Metropolitan Area,16220,"Casper, WY",Postsecondary nondegree award,2840.0,7.093300000000001,2.7,25.98,54030.0,1.1,23.49,48870.0,35920.0,39540.0,62450.0,76120.0,BLS OEWS May 2025 special education aggregation
Metropolitan Area,16220,"Casper, WY","Some college, no degree",1120.0,2.798,4.0,23.7,49290.0,1.1,19.47,40500.0,30990.0,31000.0,56330.0,89440.0,BLS OEWS May 2025 special education aggregation
Metropolitan Area,16220,"Casper, WY",High school diploma or equivalent,15470.0,38.6575,0.9,27.17,56520.0,0.8,23.91,49720.0,31200.0,38620.0,65960.0,89740.0,BLS OEWS May 2025 special education aggregation
Metropolitan Area,16220,"Casper, WY",No formal educational credential,10460.0,26.137900000000002,1.0,17.69,36800.0,0.8,16.69,34710.0,21840.0,28210.0,42890.0,53040.0,BLS OEWS May 2025 special education aggregation
Metropolitan Area,16300,"Cedar Rapids, IA",Doctoral or professional degree,2570.0,1.8473,2.0,62.69,130400.0,3.0,44.88,93340.0,60230.0,75310.0,153750.0,259670.0,BLS OEWS May 2025 special education aggregation
Metropolitan Area,16300,"Cedar Rapids, IA",Master's degree,2950.0,2.1188,4.7,40.33,83880.0,1.1,36.75,76440.0,44800.0,54990.0,103800.0,131650.0,BLS OEWS May 2025 special education aggregation
Metropolitan Area,16300,"Cedar Rapids, IA",Bachelor's degree,31860.0,22.8772,0.9,43.76,91020.0,0.7,37.68,78370.0,47170.0,61170.0,105180.0,147200.0,BLS OEWS May 2025 special education aggregation
Metropolitan Area,16300,"Cedar Rapids, IA",Associate's degree,3350.0,2.4026,2.6,28.94,60200.0,0.8,28.53,59350.0,34590.0,43100.0,76780.0,89420.0,BLS OEWS May 2025 special education aggregation
Metropolitan Area,16300,"Cedar Rapids, IA",Postsecondary nondegree award,9450.0,6.7833,1.9,26.42,54950.0,0.9,24.23,50390.0,36110.0,42920.0,62660.0,76880.0,BLS OEWS May 2025 special education aggregation
Metropolitan Area,16300,"Cedar Rapids, IA","Some college, no degree",3850.0,2.7649,2.9,20.75,43160.0,1.1,18.47,38410.0,24930.0,31700.0,50720.0,63860.0,BLS OEWS May 2025 special education aggregation
Metropolitan Area,16300,"Cedar Rapids, IA",High school diploma or equivalent,53160.0,38.1742,0.6,26.4,54910.0,0.6,23.3,48470.0,32990.0,38890.0,63950.0,83470.0,BLS OEWS May 2025 special education aggregation
Metropolitan Area,16300,"Cedar Rapids, IA",No formal educational credential,32070.0,23.032,0.8,17.47,36330.0,0.6,16.45,34220.0,22250.0,28370.0,41430.0,50510.0,BLS OEWS May 2025 special education aggregation
Metropolitan Area,16540,"Chambersburg, PA",Doctoral or professional degree,800.0,1.3289,2.8,74.86,155710.0,6.5,60.75,126350.0,61710.0,80360.0,191700.0,288070.0,BLS OEWS May 2025 special education aggregation
Metropolitan Area,16540,"Chambersburg, PA",Master's degree,1160.0,1.9291,3.5,39.61,82380.0,2.2,36.86,76680.0,42800.0,49570.0,103720.0,130800.0,BLS OEWS May 2025 special education aggregation
Metropolitan Area,16540,"Chambersburg, PA",Bachelor's degree,11000.0,18.2486,1.0,44.75,93070.0,0.6,39.4,81950.0,48160.0,62360.0,112790.0,146430.0,BLS OEWS May 2025 special education aggregation
Metropolitan Area,16540,"Chambersburg, PA",Associate's degree,1070.0,1.7821000000000002,1.9,30.78,64020.0,0.8,29.83,62050.0,34400.0,46010.0,79680.0,94320.0,BLS OEWS May 2025 special education aggregation
Metropolitan Area,16540,"Chambersburg, PA",Postsecondary nondegree award,4490.0,7.4465,1.6,26.11,54320.0,0.7,25.09,52180.0,36390.0,44250.0,62950.0,75710.0,BLS OEWS May 2025 special education aggregation
Metropolitan Area,16540,"Chambersburg, PA","Some college, no degree",1070.0,1.7832999999999999,3.4,21.17,44020.0,1.9,19.58,40730.0,28140.0,34740.0,50730.0,62410.0,BLS OEWS May 2025 special education aggregation
Metropolitan Area,16540,"Chambersburg, PA",High school diploma or equivalent,21710.0,36.0247,0.6,24.78,51540.0,0.5,22.82,47470.0,30440.0,37290.0,61290.0,75710.0,BLS OEWS May 2025 special education aggregation
Metropolitan Area,16540,"Chambersburg, PA",No formal educational credential,18960.0,31.457100000000004,0.6,18.3,38070.0,0.4,17.59,36580.0,23960.0,28670.0,46210.0,50800.0,BLS OEWS May 2025 special education aggregation
Metropolitan Area,16580,"Champaign-Urbana, IL",Doctoral or professional degree,5510.0,5.2259,0.7,87.62,182240.0,0.7,66.22,137740.0,66650.0,87590.0,211290.0,423260.0,BLS OEWS May 2025 special education aggregation
Metropolitan Area,16580,"Champaign-Urbana, IL",Master's degree,4790.0,4.539,0.9,47.14,98050.0,0.4,40.4,84030.0,51340.0,65720.0,114210.0,150600.0,BLS OEWS May 2025 special education aggregation
Metropolitan Area,16580,"Champaign-Urbana, IL",Bachelor's degree,26740.0,25.3472,0.6,43.29,90050.0,0.4,37.44,77870.0,45900.0,59630.0,104130.0,140610.0,BLS OEWS May 2025 special education aggregation
Metropolitan Area,16580,"Champaign-Urbana, IL",Associate's degree,2930.0,2.7728,1.8,30.94,64350.0,0.5,29.85,62080.0,37650.0,47620.0,78150.0,98770.0,BLS OEWS May 2025 special education aggregation
Metropolitan Area,16580,"Champaign-Urbana, IL",Postsecondary nondegree award,6320.0,5.987299999999999,2.2,25.6,53240.0,0.8,22.45,46700.0,36490.0,38500.0,61110.0,78700.0,BLS OEWS May 2025 special education aggregation
Metropolitan Area,16580,"Champaign-Urbana, IL","Some college, no degree",2220.0,2.0995999999999997,2.9,21.62,44970.0,0.8,19.13,39780.0,31200.0,31790.0,52430.0,63950.0,BLS OEWS May 2025 special education aggregation
Metropolitan Area,16580,"Champaign-Urbana, IL",High school diploma or equivalent,30940.0,29.326,0.6,26.21,54530.0,0.5,22.73,47270.0,33140.0,37420.0,63180.0,86890.0,BLS OEWS May 2025 special education aggregation
Metropolitan Area,16580,"Champaign-Urbana, IL",No formal educational credential,26060.0,24.702099999999998,0.6,18.65,38790.0,0.3,16.83,35000.0,31200.0,31200.0,41970.0,51480.0,BLS OEWS May 2025 special education aggregation
Metropolitan Area,16620,"Charleston, WV",Doctoral or professional degree,3330.0,3.2235,2.7,73.15,152150.0,3.4,49.86,103700.0,59030.0,72520.0,167180.0,344250.0,BLS OEWS May 2025 special education aggregation
Metropolitan Area,16620,"Charleston, WV",Master's degree,2830.0,2.7364,3.0,45.42,94460.0,2.5,34.8,72390.0,43040.0,51420.0,116360.0,164070.0,BLS OEWS May 2025 special education aggregation
Metropolitan Area,16620,"Charleston, WV",Bachelor's degree,24440.0,23.6216,0.6,41.18,85660.0,0.5,34.64,72040.0,45190.0,54900.0,102920.0,138850.0,BLS OEWS May 2025 special education aggregation
Metropolitan Area,16620,"Charleston, WV",Associate's degree,3250.0,3.1397,2.7,30.27,62950.0,0.9,30.19,62790.0,35140.0,46030.0,75980.0,95090.0,BLS OEWS May 2025 special education aggregation
Metropolitan Area,16620,"Charleston, WV",Postsecondary nondegree award,7730.0,7.4753,1.6,22.48,46760.0,0.7,20.65,42950.0,32620.0,36470.0,51840.0,65050.0,BLS OEWS May 2025 special education aggregation
Metropolitan Area,16620,"Charleston, WV","Some college, no degree",2340.0,2.2655000000000003,2.7,20.23,42070.0,1.0,18.72,38930.0,28930.0,30370.0,48860.0,58490.0,BLS OEWS May 2025 special education aggregation
Metropolitan Area,16620,"Charleston, WV",High school diploma or equivalent,37670.0,36.414100000000005,0.7,22.28,46340.0,0.5,19.31,40170.0,25700.0,31070.0,55700.0,76150.0,BLS OEWS May 2025 special education aggregation
Metropolitan Area,16620,"Charleston, WV",No formal educational credential,21850.0,21.1239,1.0,16.28,33860.0,0.5,14.35,29850.0,22080.0,24010.0,36970.0,50770.0,BLS OEWS May 2025 special education aggregation
Metropolitan Area,16700,"Charleston-North Charleston, SC",Doctoral or professional degree,10380.0,2.6329000000000002,2.8,72.04,149830.0,2.4,52.84,109900.0,60400.0,77620.0,163900.0,328000.0,BLS OEWS May 2025 special education aggregation
Metropolitan Area,16700,"Charleston-North Charleston, SC",Master's degree,9070.0,2.3011,2.2,44.01,91540.0,1.7,39.91,83020.0,45460.0,58880.0,122320.0,136990.0,BLS OEWS May 2025 special education aggregation
Metropolitan Area,16700,"Charleston-North Charleston, SC",Bachelor's degree,90150.0,22.8703,0.8,49.65,103280.0,0.6,43.66,90820.0,49840.0,65590.0,126090.0,167850.0,BLS OEWS May 2025 special education aggregation
Metropolitan Area,16700,"Charleston-North Charleston, SC",Associate's degree,10130.0,2.5690999999999997,2.8,32.89,68400.0,1.0,30.95,64380.0,36930.0,47560.0,83580.0,100780.0,BLS OEWS May 2025 special education aggregation
Metropolitan Area,16700,"Charleston-North Charleston, SC",Postsecondary nondegree award,27080.0,6.8711,1.2,25.85,53770.0,0.6,23.42,48720.0,36160.0,40330.0,62530.0,77000.0,BLS OEWS May 2025 special education aggregation
Metropolitan Area,16700,"Charleston-North Charleston, SC","Some college, no degree",7970.0,2.0208,3.4,23.67,49230.0,1.8,22.46,46720.0,24550.0,31450.0,59290.0,73560.0,BLS OEWS May 2025 special education aggregation
Metropolitan Area,16700,"Charleston-North Charleston, SC",High school diploma or equivalent,134840.0,34.2079,0.7,26.35,54800.0,0.5,23.31,48480.0,31400.0,38340.0,63080.0,80790.0,BLS OEWS May 2025 special education aggregation
Metropolitan Area,16700,"Charleston-North Charleston, SC",No formal educational credential,104560.0,26.526799999999998,0.6,17.03,35410.0,0.8,16.65,34630.0,20600.0,27870.0,39070.0,48250.0,BLS OEWS May 2025 special education aggregation
Metropolitan Area,16740,"Charlotte-Concord-Gastonia, NC-SC",Doctoral or professional degree,23860.0,1.7564,2.2,83.55,173790.0,2.7,63.57,132230.0,58240.0,81230.0,220750.0,375560.0,BLS OEWS May 2025 special education aggregation
Metropolitan Area,16740,"Charlotte-Concord-Gastonia, NC-SC",Master's degree,24780.0,1.8245,1.8,44.15,91830.0,1.3,37.01,76980.0,45220.0,58320.0,108440.0,143840.0,BLS OEWS May 2025 special education aggregation
Metropolitan Area,16740,"Charlotte-Concord-Gastonia, NC-SC",Bachelor's degree,366740.0,26.9985,0.6,53.48,111240.0,0.6,47.67,99150.0,49990.0,66360.0,134970.0,176730.0,BLS OEWS May 2025 special education aggregation
Metropolitan Area,16740,"Charlotte-Concord-Gastonia, NC-SC",Associate's degree,28600.0,2.1055,3.2,32.45,67500.0,1.0,30.32,63070.0,36140.0,45730.0,84220.0,101470.0,BLS OEWS May 2025 special education aggregation
Metropolitan Area,16740,"Charlotte-Concord-Gastonia, NC-SC",Postsecondary nondegree award,86510.0,6.3688,1.3,26.22,54540.0,0.6,23.38,48640.0,35550.0,40070.0,62220.0,78580.0,BLS OEWS May 2025 special education aggregation
Metropolitan Area,16740,"Charlotte-Concord-Gastonia, NC-SC","Some college, no degree",28700.0,2.1129000000000002,3.5,23.55,48980.0,1.1,22.33,46440.0,28480.0,35550.0,58940.0,74910.0,BLS OEWS May 2025 special education aggregation
Metropolitan Area,16740,"Charlotte-Concord-Gastonia, NC-SC",High school diploma or equivalent,459190.0,33.8046,0.6,26.89,55930.0,0.8,23.23,48320.0,32930.0,38460.0,63340.0,82560.0,BLS OEWS May 2025 special education aggregation
Metropolitan Area,16740,"Charlotte-Concord-Gastonia, NC-SC",No formal educational credential,339980.0,25.0287,0.6,17.87,37170.0,0.6,17.16,35680.0,23890.0,29150.0,41750.0,48990.0,BLS OEWS May 2025 special education aggregation
Metropolitan Area,16820,"Charlottesville, VA",Doctoral or professional degree,8520.0,7.421200000000001,1.0,78.37,163010.0,1.0,65.35,135930.0,65540.0,85060.0,222860.0,299990.0,BLS OEWS May 2025 special education aggregation
Metropolitan Area,16820,"Charlottesville, VA",Master's degree,5550.0,4.834899999999999,1.2,52.25,108680.0,0.8,42.32,88030.0,52000.0,65930.0,133840.0,183180.0,BLS OEWS May 2025 special education aggregation
Metropolitan Area,16820,"Charlottesville, VA",Bachelor's degree,30680.0,26.731599999999997,0.6,48.68,101240.0,0.6,41.26,85810.0,48480.0,63200.0,122470.0,167170.0,BLS OEWS May 2025 special education aggregation
Metropolitan Area,16820,"Charlottesville, VA",Associate's degree,3940.0,3.4329,1.6,33.15,68950.0,0.7,32.23,67040.0,39400.0,48900.0,83860.0,105210.0,BLS OEWS May 2025 special education aggregation
Metropolitan Area,16820,"Charlottesville, VA",Postsecondary nondegree award,6450.0,5.6181,2.3,25.21,52430.0,0.8,23.43,48740.0,34770.0,39670.0,61000.0,75200.0,BLS OEWS May 2025 special education aggregation
Metropolitan Area,16820,"Charlottesville, VA","Some college, no degree",2360.0,2.0552,1.8,24.0,49920.0,0.8,22.47,46730.0,28670.0,35970.0,60480.0,73660.0,BLS OEWS May 2025 special education aggregation
Metropolitan Area,16820,"Charlottesville, VA",High school diploma or equivalent,32400.0,28.230399999999996,0.7,25.45,52930.0,0.8,22.86,47550.0,30440.0,37510.0,61410.0,79330.0,BLS OEWS May 2025 special education aggregation
Metropolitan Area,16820,"Charlottesville, VA",No formal educational credential,24880.0,21.675800000000002,0.7,18.41,38280.0,0.6,17.0,35360.0,28600.0,30230.0,39910.0,49790.0,BLS OEWS May 2025 special education aggregation
Metropolitan Area,16860,"Chattanooga, TN-GA",Doctoral or professional degree,4830.0,1.7983,2.5,79.47,165310.0,3.5,59.77,124320.0,59880.0,78940.0,177350.0,355460.0,BLS OEWS May 2025 special education aggregation
Metropolitan Area,16860,"Chattanooga, TN-GA",Master's degree,5940.0,2.2094,2.8,42.23,87840.0,3.9,37.9,78840.0,44040.0,56620.0,107180.0,129430.0,BLS OEWS May 2025 special education aggregation
Metropolitan Area,16860,"Chattanooga, TN-GA",Bachelor's degree,56240.0,20.9283,0.7,45.25,94120.0,0.7,38.35,79770.0,46340.0,60350.0,110500.0,157210.0,BLS OEWS May 2025 special education aggregation
Metropolitan Area,16860,"Chattanooga, TN-GA",Associate's degree,5810.0,2.1616,3.8,31.31,65120.0,1.4,30.28,62980.0,36700.0,47680.0,79040.0,95150.0,BLS OEWS May 2025 special education aggregation
Metropolitan Area,16860,"Chattanooga, TN-GA",Postsecondary nondegree award,18700.0,6.9597999999999995,1.5,24.89,51770.0,0.7,22.75,47320.0,34890.0,38790.0,60530.0,74500.0,BLS OEWS May 2025 special education aggregation
Metropolitan Area,16860,"Chattanooga, TN-GA","Some college, no degree",5520.0,2.0552,2.1,22.3,46370.0,1.1,21.59,44910.0,27870.0,33510.0,55210.0,65640.0,BLS OEWS May 2025 special education aggregation
Metropolitan Area,16860,"Chattanooga, TN-GA",High school diploma or equivalent,103390.0,38.4719,0.5,24.34,50620.0,0.4,22.31,46400.0,29550.0,36380.0,59480.0,75730.0,BLS OEWS May 2025 special education aggregation
Metropolitan Area,16860,"Chattanooga, TN-GA",No formal educational credential,68300.0,25.4153,0.6,16.32,33950.0,0.5,15.38,31980.0,22180.0,27390.0,37830.0,46590.0,BLS OEWS May 2025 special education aggregation
Metropolitan Area,16940,"Cheyenne, WY",Doctoral or professional degree,1290.0,2.6574999999999998,3.7,73.12,152090.0,3.3,50.53,105100.0,47920.0,73760.0,169450.0,342800.0,BLS OEWS May 2025 special education aggregation
Metropolitan Area,16940,"Cheyenne, WY",Master's degree,1020.0,2.1052,2.9,42.17,87720.0,1.2,37.58,78170.0,48390.0,62520.0,109300.0,132660.0,BLS OEWS May 2025 special education aggregation
Metropolitan Area,16940,"Cheyenne, WY",Bachelor's degree,11650.0,24.0298,1.0,44.13,91790.0,1.0,38.59,80280.0,50250.0,61780.0,108690.0,140190.0,BLS OEWS May 2025 special education aggregation
Metropolitan Area,16940,"Cheyenne, WY",Associate's degree,1370.0,2.8333,4.1,30.8,64060.0,1.5,29.14,60610.0,29550.0,46010.0,81330.0,100110.0,BLS OEWS May 2025 special education aggregation
Metropolitan Area,16940,"Cheyenne, WY",Postsecondary nondegree award,3290.0,6.794499999999999,2.1,28.89,60090.0,1.0,27.71,57640.0,36640.0,45840.0,73290.0,92210.0,BLS OEWS May 2025 special education aggregation
Metropolitan Area,16940,"Cheyenne, WY","Some college, no degree",1200.0,2.4863,3.8,21.39,44500.0,1.8,18.43,38330.0,29340.0,31070.0,53290.0,66060.0,BLS OEWS May 2025 special education aggregation
Metropolitan Area,16940,"Cheyenne, WY",High school diploma or equivalent,16200.0,33.4251,1.0,26.25,54600.0,0.6,23.32,48510.0,31040.0,37720.0,64110.0,82160.0,BLS OEWS May 2025 special education aggregation
Metropolitan Area,16940,"Cheyenne, WY",No formal educational credential,12440.0,25.6683,0.9,18.51,38500.0,1.0,17.4,36180.0,23150.0,29010.0,45930.0,59400.0,BLS OEWS May 2025 special education aggregation
Metropolitan Area,16980,"Chicago-Naperville-Elgin, IL-IN",Doctoral or professional degree,126600.0,2.8049,2.1,73.93,153770.0,1.7,58.84,122400.0,60840.0,81250.0,183020.0,319630.0,BLS OEWS May 2025 special education aggregation
Metropolitan Area,16980,"Chicago-Naperville-Elgin, IL-IN",Master's degree,101310.0,2.2447,2.0,45.86,95390.0,1.8,40.06,83320.0,47470.0,61400.0,119960.0,145600.0,BLS OEWS May 2025 special education aggregation
Metropolitan Area,16980,"Chicago-Naperville-Elgin, IL-IN",Bachelor's degree,1177240.0,26.083800000000004,0.5,55.94,116350.0,0.3,48.62,101120.0,54350.0,75700.0,134980.0,196190.0,BLS OEWS May 2025 special education aggregation
Metropolitan Area,16980,"Chicago-Naperville-Elgin, IL-IN",Associate's degree,87770.0,1.9446,2.6,34.99,72780.0,1.2,32.52,67640.0,38750.0,47840.0,93640.0,106320.0,BLS OEWS May 2025 special education aggregation
Metropolitan Area,16980,"Chicago-Naperville-Elgin, IL-IN",Postsecondary nondegree award,267570.0,5.9285,1.9,29.07,60460.0,0.8,25.2,52420.0,37600.0,45330.0,74370.0,92960.0,BLS OEWS May 2025 special education aggregation
Metropolitan Area,16980,"Chicago-Naperville-Elgin, IL-IN","Some college, no degree",113060.0,2.5050999999999997,2.2,23.87,49650.0,0.8,22.5,46800.0,31200.0,36980.0,58240.0,73120.0,BLS OEWS May 2025 special education aggregation
Metropolitan Area,16980,"Chicago-Naperville-Elgin, IL-IN",High school diploma or equivalent,1552100.0,34.3896,0.5,28.47,59210.0,0.3,23.61,49110.0,35530.0,38840.0,68590.0,98380.0,BLS OEWS May 2025 special education aggregation
Metropolitan Area,16980,"Chicago-Naperville-Elgin, IL-IN",No formal educational credential,1087640.0,24.0987,0.5,19.89,41370.0,0.3,17.75,36910.0,31200.0,33900.0,45360.0,55950.0,BLS OEWS May 2025 special education aggregation
Metropolitan Area,17020,"Chico, CA",Doctoral or professional degree,2010.0,2.5757000000000003,4.2,73.35,152560.0,2.9,64.19,133510.0,65090.0,99970.0,177030.0,258990.0,BLS OEWS May 2025 special education aggregation
Metropolitan Area,17020,"Chico, CA",Master's degree,2190.0,2.7982,2.4,49.92,103820.0,1.1,47.02,97810.0,46230.0,62780.0,134820.0,166020.0,BLS OEWS May 2025 special education aggregation
Metropolitan Area,17020,"Chico, CA",Bachelor's degree,16310.0,20.8535,0.8,49.36,102670.0,0.5,45.68,95000.0,49050.0,64290.0,126160.0,161270.0,BLS OEWS May 2025 special education aggregation
Metropolitan Area,17020,"Chico, CA",Associate's degree,1940.0,2.4819,1.8,37.24,77460.0,0.7,33.2,69050.0,39600.0,48900.0,103000.0,126030.0,BLS OEWS May 2025 special education aggregation
Metropolitan Area,17020,"Chico, CA",Postsecondary nondegree award,5110.0,6.5374,1.7,28.29,58830.0,0.6,25.78,53630.0,38900.0,46380.0,66070.0,82420.0,BLS OEWS May 2025 special education aggregation
Metropolitan Area,17020,"Chico, CA","Some college, no degree",2460.0,3.1435,3.6,23.7,49300.0,1.0,22.6,47010.0,36100.0,39140.0,55450.0,63790.0,BLS OEWS May 2025 special education aggregation
Metropolitan Area,17020,"Chico, CA",High school diploma or equivalent,28310.0,36.1896,0.5,25.51,53060.0,0.4,22.04,45850.0,34320.0,35870.0,59680.0,79990.0,BLS OEWS May 2025 special education aggregation
Metropolitan Area,17020,"Chico, CA",No formal educational credential,19880.0,25.4203,0.7,20.14,41890.0,0.4,18.04,37520.0,34320.0,34860.0,44800.0,55740.0,BLS OEWS May 2025 special education aggregation
Metropolitan Area,17140,"Cincinnati, OH-KY-IN",Doctoral or professional degree,27830.0,2.528,4.0,76.29,158680.0,3.2,52.48,109150.0,49020.0,77130.0,178420.0,337800.0,BLS OEWS May 2025 special education aggregation
Metropolitan Area,17140,"Cincinnati, OH-KY-IN",Master's degree,24460.0,2.2211,1.6,43.66,90810.0,1.1,38.84,80780.0,45720.0,59380.0,111700.0,138370.0,BLS OEWS May 2025 special education aggregation
Metropolitan Area,17140,"Cincinnati, OH-KY-IN",Bachelor's degree,279160.0,25.354400000000002,0.5,50.84,105740.0,0.6,42.83,89080.0,49500.0,65140.0,127060.0,172800.0,BLS OEWS May 2025 special education aggregation
Metropolitan Area,17140,"Cincinnati, OH-KY-IN",Associate's degree,24180.0,2.1965,2.1,32.37,67330.0,0.9,30.97,64410.0,35170.0,46730.0,82490.0,101970.0,BLS OEWS May 2025 special education aggregation
Metropolitan Area,17140,"Cincinnati, OH-KY-IN",Postsecondary nondegree award,69720.0,6.3327,1.2,26.81,55760.0,0.5,23.79,49470.0,36880.0,40550.0,64330.0,79090.0,BLS OEWS May 2025 special education aggregation
Metropolitan Area,17140,"Cincinnati, OH-KY-IN","Some college, no degree",25800.0,2.3428,2.1,22.89,47620.0,1.1,21.98,45710.0,29180.0,36390.0,57370.0,69520.0,BLS OEWS May 2025 special education aggregation
Metropolitan Area,17140,"Cincinnati, OH-KY-IN",High school diploma or equivalent,380660.0,34.5727,0.5,26.53,55180.0,0.3,23.21,48280.0,32160.0,38370.0,63370.0,82390.0,BLS OEWS May 2025 special education aggregation
Metropolitan Area,17140,"Cincinnati, OH-KY-IN",No formal educational credential,269220.0,24.4517,0.5,18.35,38160.0,0.7,16.99,35330.0,26530.0,29300.0,42680.0,52890.0,BLS OEWS May 2025 special education aggregation
Metropolitan Area,17300,"Clarksville, TN-KY",Doctoral or professional degree,1570.0,1.5224,1.8,64.42,133990.0,3.7,49.13,102190.0,59970.0,75660.0,149450.0,244420.0,BLS OEWS May 2025 special education aggregation
Metropolitan Area,17300,"Clarksville, TN-KY",Master's degree,2610.0,2.5324999999999998,2.5,38.35,79760.0,2.0,36.43,75780.0,36450.0,48220.0,100420.0,125090.0,BLS OEWS May 2025 special education aggregation
Metropolitan Area,17300,"Clarksville, TN-KY",Bachelor's degree,19630.0,19.014699999999998,0.6,39.68,82520.0,0.5,35.78,74410.0,40820.0,52970.0,97540.0,132470.0,BLS OEWS May 2025 special education aggregation
Metropolitan Area,17300,"Clarksville, TN-KY",Associate's degree,2160.0,2.0949999999999998,3.2,29.05,60410.0,1.3,28.89,60100.0,28690.0,41810.0,75980.0,90310.0,BLS OEWS May 2025 special education aggregation
Metropolitan Area,17300,"Clarksville, TN-KY",Postsecondary nondegree award,6940.0,6.7233,1.5,25.05,52110.0,0.9,23.03,47890.0,32340.0,37900.0,60130.0,75070.0,BLS OEWS May 2025 special education aggregation
Metropolitan Area,17300,"Clarksville, TN-KY","Some college, no degree",2720.0,2.6387,1.8,19.22,39990.0,0.8,17.66,36730.0,24300.0,26940.0,47900.0,60470.0,BLS OEWS May 2025 special education aggregation
Metropolitan Area,17300,"Clarksville, TN-KY",High school diploma or equivalent,39130.0,37.910199999999996,0.5,23.58,49050.0,0.4,21.9,45560.0,29360.0,36100.0,58130.0,73840.0,BLS OEWS May 2025 special education aggregation
Metropolitan Area,17300,"Clarksville, TN-KY",No formal educational credential,28450.0,27.563,0.6,15.97,33220.0,0.6,14.91,31020.0,21840.0,26730.0,37070.0,46270.0,BLS OEWS May 2025 special education aggregation
Metropolitan Area,17410,"Cleveland, OH",Doctoral or professional degree,30280.0,2.9367,1.8,82.53,171670.0,2.1,57.96,120550.0,58250.0,77310.0,217970.0,432890.0,BLS OEWS May 2025 special education aggregation
Metropolitan Area,17410,"Cleveland, OH",Master's degree,24120.0,2.3396,2.0,43.47,90410.0,1.3,38.47,80010.0,45660.0,59300.0,112060.0,135860.0,BLS OEWS May 2025 special education aggregation
Metropolitan Area,17410,"Cleveland, OH",Bachelor's degree,250960.0,24.3382,0.6,48.56,101000.0,0.4,40.86,84990.0,49120.0,64690.0,117260.0,163040.0,BLS OEWS May 2025 special education aggregation
Metropolitan Area,17410,"Cleveland, OH",Associate's degree,25320.0,2.4552,2.0,32.94,68500.0,0.8,31.22,64950.0,35570.0,48240.0,82400.0,97530.0,BLS OEWS May 2025 special education aggregation
Metropolitan Area,17410,"Cleveland, OH",Postsecondary nondegree award,70890.0,6.874599999999999,1.4,26.54,55210.0,0.8,23.52,48920.0,36650.0,39380.0,63830.0,78260.0,BLS OEWS May 2025 special education aggregation
Metropolitan Area,17410,"Cleveland, OH","Some college, no degree",23490.0,2.2777000000000003,2.5,23.21,48280.0,1.0,22.28,46340.0,30000.0,37510.0,57430.0,67810.0,BLS OEWS May 2025 special education aggregation
Metropolitan Area,17410,"Cleveland, OH",High school diploma or equivalent,367480.0,35.6383,0.5,26.07,54220.0,0.3,23.07,47990.0,31740.0,37940.0,62730.0,81090.0,BLS OEWS May 2025 special education aggregation
Metropolitan Area,17410,"Cleveland, OH",No formal educational credential,238600.0,23.1398,0.6,18.02,37470.0,0.5,16.76,34860.0,25730.0,28820.0,41590.0,51320.0,BLS OEWS May 2025 special education aggregation
Metropolitan Area,17420,"Cleveland, TN",Doctoral or professional degree,940.0,2.1946000000000003,2.6,57.65,119910.0,4.6,42.7,88820.0,57410.0,62400.0,129570.0,213230.0,BLS OEWS May 2025 special education aggregation
Metropolitan Area,17420,"Cleveland, TN",Master's degree,1000.0,2.3289999999999997,3.7,37.11,77180.0,2.1,32.47,67530.0,39640.0,48860.0,100290.0,124340.0,BLS OEWS May 2025 special education aggregation
Metropolitan Area,17420,"Cleveland, TN",Bachelor's degree,6880.0,15.9982,1.3,40.18,83580.0,0.9,35.0,72800.0,40120.0,55620.0,97210.0,139900.0,BLS OEWS May 2025 special education aggregation
Metropolitan Area,17420,"Cleveland, TN",Associate's degree,730.0,1.6905000000000001,3.8,28.49,59250.0,1.2,27.0,56160.0,34720.0,46860.0,74060.0,82080.0,BLS OEWS May 2025 special education aggregation
Metropolitan Area,17420,"Cleveland, TN",Postsecondary nondegree award,2980.0,6.9316,2.2,23.49,48860.0,1.2,22.0,45750.0,33360.0,37350.0,57630.0,71360.0,BLS OEWS May 2025 special education aggregation
Metropolitan Area,17420,"Cleveland, TN","Some college, no degree",960.0,2.2399,3.9,18.24,37930.0,1.2,17.43,36260.0,23080.0,24080.0,46690.0,59390.0,BLS OEWS May 2025 special education aggregation
Metropolitan Area,17420,"Cleveland, TN",High school diploma or equivalent,16430.0,38.214,0.8,22.37,46540.0,0.6,20.53,42700.0,28750.0,34010.0,53320.0,72480.0,BLS OEWS May 2025 special education aggregation
Metropolitan Area,17420,"Cleveland, TN",No formal educational credential,13070.0,30.402300000000004,0.8,15.58,32400.0,0.6,14.47,30090.0,21650.0,26310.0,37250.0,44950.0,BLS OEWS May 2025 special education aggregation
Metropolitan Area,17660,"Coeur d'Alene, ID",Doctoral or professional degree,1340.0,1.8578,2.5,79.54,165440.0,3.0,59.49,123750.0,62150.0,85960.0,172120.0,396180.0,BLS OEWS May 2025 special education aggregation
Metropolitan Area,17660,"Coeur d'Alene, ID",Master's degree,1450.0,2.0075,4.6,49.1,102130.0,4.2,42.96,89350.0,49850.0,65060.0,127260.0,153960.0,BLS OEWS May 2025 special education aggregation
Metropolitan Area,17660,"Coeur d'Alene, ID",Bachelor's degree,13600.0,18.8167,1.2,44.97,93530.0,1.0,40.06,83310.0,46350.0,61210.0,106390.0,153700.0,BLS OEWS May 2025 special education aggregation
Metropolitan Area,17660,"Coeur d'Alene, ID",Associate's degree,1680.0,2.3295000000000003,4.3,34.25,71250.0,1.3,31.5,65520.0,40550.0,49640.0,95620.0,102280.0,BLS OEWS May 2025 special education aggregation
Metropolitan Area,17660,"Coeur d'Alene, ID",Postsecondary nondegree award,5630.0,7.7891,2.0,25.77,53610.0,1.0,23.44,48750.0,34890.0,39630.0,62410.0,79340.0,BLS OEWS May 2025 special education aggregation
Metropolitan Area,17660,"Coeur d'Alene, ID","Some college, no degree",1740.0,2.4103000000000003,5.7,23.2,48250.0,1.8,22.02,45800.0,29810.0,36920.0,57990.0,73990.0,BLS OEWS May 2025 special education aggregation
Metropolitan Area,17660,"Coeur d'Alene, ID",High school diploma or equivalent,26300.0,36.3896,0.9,25.5,53030.0,0.6,22.85,47520.0,32690.0,38430.0,61300.0,79560.0,BLS OEWS May 2025 special education aggregation
Metropolitan Area,17660,"Coeur d'Alene, ID",No formal educational credential,20530.0,28.3995,1.0,18.69,38880.0,0.8,17.79,37000.0,22870.0,30210.0,44830.0,57020.0,BLS OEWS May 2025 special education aggregation
Metropolitan Area,17780,"College Station-Bryan, TX",Doctoral or professional degree,7400.0,5.5211,2.2,65.93,137140.0,1.1,58.58,121850.0,59340.0,73750.0,167360.0,271100.0,BLS OEWS May 2025 special education aggregation
Metropolitan Area,17780,"College Station-Bryan, TX",Master's degree,4310.0,3.2122,1.7,43.55,90580.0,1.3,38.43,79940.0,45240.0,57340.0,106370.0,148900.0,BLS OEWS May 2025 special education aggregation
Metropolitan Area,17780,"College Station-Bryan, TX",Bachelor's degree,31470.0,23.4774,0.9,39.03,81190.0,0.6,31.18,64860.0,39590.0,53810.0,97540.0,133650.0,BLS OEWS May 2025 special education aggregation
Metropolitan Area,17780,"College Station-Bryan, TX",Associate's degree,3960.0,2.9541,1.4,24.17,50280.0,1.0,21.41,44540.0,25920.0,30970.0,63650.0,82370.0,BLS OEWS May 2025 special education aggregation
Metropolitan Area,17780,"College Station-Bryan, TX",Postsecondary nondegree award,6440.0,4.8015,1.6,23.03,47910.0,0.6,21.42,44550.0,31010.0,35790.0,57200.0,70830.0,BLS OEWS May 2025 special education aggregation
Metropolitan Area,17780,"College Station-Bryan, TX","Some college, no degree",3190.0,2.3827000000000003,2.1,19.77,41110.0,3.2,18.07,37590.0,21570.0,28510.0,50400.0,61830.0,BLS OEWS May 2025 special education aggregation
Metropolitan Area,17780,"College Station-Bryan, TX",High school diploma or equivalent,44490.0,33.195800000000006,0.8,21.69,45100.0,0.4,19.0,39530.0,24140.0,30540.0,52960.0,72900.0,BLS OEWS May 2025 special education aggregation
Metropolitan Area,17780,"College Station-Bryan, TX",No formal educational credential,32780.0,24.455199999999998,0.6,15.3,31820.0,0.6,14.32,29790.0,21250.0,25180.0,36250.0,43960.0,BLS OEWS May 2025 special education aggregation
Metropolitan Area,17820,"Colorado Springs, CO",Doctoral or professional degree,7250.0,2.2935,2.4,75.77,157610.0,4.7,53.35,110980.0,60210.0,77170.0,168700.0,285400.0,BLS OEWS May 2025 special education aggregation
Metropolitan Area,17820,"Colorado Springs, CO",Master's degree,8710.0,2.757,2.5,47.96,99760.0,6.3,40.45,84130.0,46400.0,60430.0,120640.0,150700.0,BLS OEWS May 2025 special education aggregation
Metropolitan Area,17820,"Colorado Springs, CO",Bachelor's degree,86370.0,27.3265,0.8,51.73,107590.0,0.7,46.52,96770.0,50990.0,66390.0,130980.0,172590.0,BLS OEWS May 2025 special education aggregation
Metropolitan Area,17820,"Colorado Springs, CO",Associate's degree,6410.0,2.0267,2.9,36.16,75210.0,1.6,33.17,68990.0,43400.0,51140.0,96760.0,116410.0,BLS OEWS May 2025 special education aggregation
Metropolitan Area,17820,"Colorado Springs, CO",Postsecondary nondegree award,21410.0,6.7749,1.8,27.05,56270.0,1.2,23.25,48360.0,37910.0,43740.0,62680.0,80760.0,BLS OEWS May 2025 special education aggregation
Metropolitan Area,17820,"Colorado Springs, CO","Some college, no degree",8820.0,2.7908,6.0,23.99,49900.0,1.8,21.88,45510.0,30800.0,35110.0,58690.0,77250.0,BLS OEWS May 2025 special education aggregation
Metropolitan Area,17820,"Colorado Springs, CO",High school diploma or equivalent,99390.0,31.4476,0.6,27.7,57610.0,1.0,23.64,49180.0,36110.0,40750.0,64650.0,89020.0,BLS OEWS May 2025 special education aggregation
Metropolitan Area,17820,"Colorado Springs, CO",No formal educational credential,77700.0,24.583000000000002,0.6,19.89,41370.0,0.4,17.92,37270.0,31200.0,34280.0,44480.0,55100.0,BLS OEWS May 2025 special education aggregation
Metropolitan Area,17860,"Columbia, MO",Doctoral or professional degree,5760.0,5.3464,0.7,67.35,140080.0,1.4,48.35,100570.0,59320.0,69590.0,164080.0,355980.0,BLS OEWS May 2025 special education aggregation
Metropolitan Area,17860,"Columbia, MO",Master's degree,3560.0,3.3061999999999996,1.9,43.6,90690.0,1.0,36.45,75810.0,46450.0,56350.0,109070.0,149070.0,BLS OEWS May 2025 special education aggregation
Metropolitan Area,17860,"Columbia, MO",Bachelor's degree,27370.0,25.4156,0.6,40.21,83640.0,0.6,36.05,74970.0,41820.0,52470.0,99250.0,132540.0,BLS OEWS May 2025 special education aggregation
Metropolitan Area,17860,"Columbia, MO",Associate's degree,2590.0,2.4029,2.5,29.49,61340.0,0.9,28.63,59540.0,33920.0,46420.0,74910.0,89430.0,BLS OEWS May 2025 special education aggregation
Metropolitan Area,17860,"Columbia, MO",Postsecondary nondegree award,7700.0,7.1526,2.5,23.71,49310.0,0.9,21.87,45500.0,34010.0,37990.0,58170.0,72040.0,BLS OEWS May 2025 special education aggregation
Metropolitan Area,17860,"Columbia, MO","Some college, no degree",1970.0,1.8309000000000002,5.1,23.22,48290.0,1.3,22.41,46610.0,29470.0,35900.0,58010.0,70040.0,BLS OEWS May 2025 special education aggregation
Metropolitan Area,17860,"Columbia, MO",High school diploma or equivalent,33670.0,31.2717,0.7,23.63,49140.0,0.5,21.5,44720.0,30310.0,36350.0,56660.0,74710.0,BLS OEWS May 2025 special education aggregation
Metropolitan Area,17860,"Columbia, MO",No formal educational credential,25060.0,23.2738,0.6,17.31,36010.0,0.4,15.13,31460.0,28600.0,28900.0,37590.0,47530.0,BLS OEWS May 2025 special education aggregation
Metropolitan Area,17900,"Columbia, SC",Doctoral or professional degree,10110.0,2.5652999999999997,2.5,80.18,166780.0,3.3,59.92,124630.0,61730.0,81930.0,205440.0,364480.0,BLS OEWS May 2025 special education aggregation
Metropolitan Area,17900,"Columbia, SC",Master's degree,10290.0,2.6108000000000002,1.8,40.29,83800.0,1.6,35.78,74420.0,45240.0,55050.0,102660.0,127590.0,BLS OEWS May 2025 special education aggregation
Metropolitan Area,17900,"Columbia, SC",Bachelor's degree,84170.0,21.3527,0.6,44.37,92300.0,0.4,37.76,78540.0,48240.0,60280.0,107580.0,155340.0,BLS OEWS May 2025 special education aggregation
Metropolitan Area,17900,"Columbia, SC",Associate's degree,9480.0,2.4046,2.0,30.29,63010.0,0.8,29.43,61210.0,36340.0,46450.0,79360.0,91500.0,BLS OEWS May 2025 special education aggregation
Metropolitan Area,17900,"Columbia, SC",Postsecondary nondegree award,27100.0,6.8745,1.3,23.82,49540.0,0.5,22.18,46140.0,32670.0,37570.0,60000.0,73320.0,BLS OEWS May 2025 special education aggregation
Metropolitan Area,17900,"Columbia, SC","Some college, no degree",8440.0,2.1409,2.8,21.24,44180.0,0.9,20.15,41910.0,23960.0,29990.0,51570.0,64690.0,BLS OEWS May 2025 special education aggregation
Metropolitan Area,17900,"Columbia, SC",High school diploma or equivalent,147850.0,37.5077,0.6,24.12,50180.0,0.4,21.69,45120.0,29180.0,36140.0,59190.0,76950.0,BLS OEWS May 2025 special education aggregation
Metropolitan Area,17900,"Columbia, SC",No formal educational credential,96750.0,24.5435,0.7,16.0,33270.0,0.5,14.95,31100.0,21460.0,26600.0,37180.0,46310.0,BLS OEWS May 2025 special education aggregation
Metropolitan Area,17980,"Columbus, GA-AL",Doctoral or professional degree,2210.0,1.9007,2.3,65.6,136450.0,5.1,50.24,104510.0,48240.0,66830.0,160100.0,288440.0,BLS OEWS May 2025 special education aggregation
Metropolitan Area,17980,"Columbus, GA-AL",Master's degree,2540.0,2.179,2.3,41.21,85710.0,2.8,38.19,79430.0,45210.0,59690.0,106300.0,128000.0,BLS OEWS May 2025 special education aggregation
Metropolitan Area,17980,"Columbus, GA-AL",Bachelor's degree,25980.0,22.325499999999998,0.8,43.18,89800.0,0.6,37.61,78220.0,44780.0,59240.0,104900.0,144710.0,BLS OEWS May 2025 special education aggregation
Metropolitan Area,17980,"Columbus, GA-AL",Associate's degree,2690.0,2.3087,2.2,29.3,60940.0,0.9,29.46,61280.0,30220.0,43960.0,78500.0,90330.0,BLS OEWS May 2025 special education aggregation
Metropolitan Area,17980,"Columbus, GA-AL",Postsecondary nondegree award,8170.0,7.0226,1.3,22.97,47790.0,0.5,21.73,45190.0,30440.0,36070.0,58780.0,68680.0,BLS OEWS May 2025 special education aggregation
Metropolitan Area,17980,"Columbus, GA-AL","Some college, no degree",2370.0,2.0393,3.1,19.18,39900.0,2.7,17.5,36400.0,21760.0,27080.0,47780.0,61010.0,BLS OEWS May 2025 special education aggregation
Metropolitan Area,17980,"Columbus, GA-AL",High school diploma or equivalent,41990.0,36.082,0.6,22.67,47150.0,0.4,20.29,42200.0,27610.0,33840.0,55130.0,73410.0,BLS OEWS May 2025 special education aggregation
Metropolitan Area,17980,"Columbus, GA-AL",No formal educational credential,30420.0,26.142200000000003,0.6,14.78,30740.0,0.5,13.84,28790.0,20630.0,23350.0,35160.0,42390.0,BLS OEWS May 2025 special education aggregation
Metropolitan Area,18020,"Columbus, IN",Doctoral or professional degree,830.0,1.6704,4.0,88.37,183800.0,6.4,54.93,114250.0,59490.0,76080.0,289210.0,405980.0,BLS OEWS May 2025 special education aggregation
Metropolitan Area,18020,"Columbus, IN",Master's degree,1010.0,2.0273,4.0,44.17,91870.0,6.5,36.17,75230.0,40430.0,51240.0,119530.0,137790.0,BLS OEWS May 2025 special education aggregation
Metropolitan Area,18020,"Columbus, IN",Bachelor's degree,10310.0,20.6861,1.0,48.05,99940.0,1.3,45.0,93610.0,47310.0,62600.0,126220.0,162370.0,BLS OEWS May 2025 special education aggregation
Metropolitan Area,18020,"Columbus, IN",Associate's degree,990.0,1.98,3.1,31.11,64720.0,1.6,29.68,61730.0,36640.0,45180.0,78250.0,99230.0,BLS OEWS May 2025 special education aggregation
Metropolitan Area,18020,"Columbus, IN",Postsecondary nondegree award,2640.0,5.3038,2.9,25.21,52440.0,1.2,23.09,48030.0,36600.0,38610.0,61110.0,75030.0,BLS OEWS May 2025 special education aggregation
Metropolitan Area,18020,"Columbus, IN","Some college, no degree",980.0,1.9581,3.3,21.13,43950.0,1.2,19.01,39530.0,28500.0,31190.0,50500.0,61920.0,BLS OEWS May 2025 special education aggregation
Metropolitan Area,18020,"Columbus, IN",High school diploma or equivalent,22600.0,45.3562,0.5,25.41,52860.0,0.8,23.05,47940.0,34140.0,38910.0,61230.0,76280.0,BLS OEWS May 2025 special education aggregation
Metropolitan Area,18020,"Columbus, IN",No formal educational credential,10470.0,21.0179,0.7,16.69,34710.0,0.8,15.66,32560.0,22840.0,27850.0,38180.0,48230.0,BLS OEWS May 2025 special education aggregation
Metropolitan Area,18140,"Columbus, OH",Doctoral or professional degree,29840.0,2.6986999999999997,3.2,70.06,145720.0,2.3,52.83,109890.0,53410.0,78140.0,171400.0,302230.0,BLS OEWS May 2025 special education aggregation
Metropolitan Area,18140,"Columbus, OH",Master's degree,25210.0,2.2805,2.3,43.84,91200.0,1.7,38.88,80870.0,47240.0,59920.0,108640.0,135720.0,BLS OEWS May 2025 special education aggregation
Metropolitan Area,18140,"Columbus, OH",Bachelor's degree,296740.0,26.840600000000002,0.7,48.83,101560.0,0.4,43.25,89960.0,49640.0,65630.0,120690.0,163760.0,BLS OEWS May 2025 special education aggregation
Metropolitan Area,18140,"Columbus, OH",Associate's degree,25320.0,2.2905,3.0,32.34,67270.0,1.5,30.38,63200.0,35020.0,45880.0,83590.0,99730.0,BLS OEWS May 2025 special education aggregation
Metropolitan Area,18140,"Columbus, OH",Postsecondary nondegree award,70100.0,6.340999999999999,1.6,28.36,58990.0,1.4,24.76,51510.0,37640.0,42990.0,65690.0,85080.0,BLS OEWS May 2025 special education aggregation
Metropolitan Area,18140,"Columbus, OH","Some college, no degree",24280.0,2.1963999999999997,2.4,24.13,50180.0,0.9,22.59,46990.0,29120.0,36930.0,59610.0,76170.0,BLS OEWS May 2025 special education aggregation
Metropolitan Area,18140,"Columbus, OH",High school diploma or equivalent,368000.0,33.286,0.7,26.3,54710.0,0.4,23.12,48090.0,31370.0,37680.0,63420.0,82810.0,BLS OEWS May 2025 special education aggregation
Metropolitan Area,18140,"Columbus, OH",No formal educational credential,266070.0,24.066300000000002,0.5,18.79,39080.0,0.5,17.52,36450.0,27480.0,29700.0,44440.0,56660.0,BLS OEWS May 2025 special education aggregation
Metropolitan Area,18580,"Corpus Christi, TX",Doctoral or professional degree,4160.0,2.1597999999999997,4.2,84.41,175580.0,12.7,55.0,114400.0,47970.0,76080.0,167860.0,349990.0,BLS OEWS May 2025 special education aggregation
Metropolitan Area,18580,"Corpus Christi, TX",Master's degree,3900.0,2.0263999999999998,3.5,41.76,86860.0,2.1,37.56,78120.0,45130.0,61420.0,103820.0,134140.0,BLS OEWS May 2025 special education aggregation
Metropolitan Area,18580,"Corpus Christi, TX",Bachelor's degree,40210.0,20.8806,0.7,44.16,91850.0,0.6,36.91,76770.0,46680.0,60210.0,105390.0,156070.0,BLS OEWS May 2025 special education aggregation
Metropolitan Area,18580,"Corpus Christi, TX",Associate's degree,4170.0,2.1667,3.7,29.92,62240.0,1.1,29.27,60890.0,30570.0,40760.0,79450.0,96690.0,BLS OEWS May 2025 special education aggregation
Metropolitan Area,18580,"Corpus Christi, TX",Postsecondary nondegree award,13250.0,6.879099999999999,1.4,24.88,51760.0,0.7,22.47,46740.0,31510.0,36510.0,60780.0,80270.0,BLS OEWS May 2025 special education aggregation
Metropolitan Area,18580,"Corpus Christi, TX","Some college, no degree",4080.0,2.1178,1.6,19.12,39770.0,0.5,18.2,37850.0,22630.0,26710.0,48100.0,61260.0,BLS OEWS May 2025 special education aggregation
Metropolitan Area,18580,"Corpus Christi, TX",High school diploma or equivalent,72270.0,37.5263,0.6,23.74,49370.0,0.6,21.28,44260.0,24430.0,32510.0,60000.0,79290.0,BLS OEWS May 2025 special education aggregation
Metropolitan Area,18580,"Corpus Christi, TX",No formal educational credential,50540.0,26.2434,0.6,15.86,33000.0,0.7,14.28,29710.0,21220.0,24280.0,37110.0,47730.0,BLS OEWS May 2025 special education aggregation
Metropolitan Area,18700,"Corvallis, OR",Doctoral or professional degree,2770.0,7.1884,0.5,67.83,141080.0,1.3,50.28,104580.0,59690.0,78190.0,164900.0,267620.0,BLS OEWS May 2025 special education aggregation
Metropolitan Area,18700,"Corvallis, OR",Master's degree,1620.0,4.2101,1.8,51.01,106100.0,0.7,39.9,83000.0,56420.0,62480.0,129920.0,179390.0,BLS OEWS May 2025 special education aggregation
Metropolitan Area,18700,"Corvallis, OR",Bachelor's degree,10820.0,28.0798,0.8,49.94,103880.0,0.6,44.19,91920.0,51830.0,66340.0,128640.0,167370.0,BLS OEWS May 2025 special education aggregation
Metropolitan Area,18700,"Corvallis, OR",Associate's degree,1050.0,2.7197,2.8,33.95,70610.0,2.0,30.0,62400.0,38450.0,50530.0,83040.0,114340.0,BLS OEWS May 2025 special education aggregation
Metropolitan Area,18700,"Corvallis, OR",Postsecondary nondegree award,1960.0,5.0822,3.1,28.45,59170.0,0.7,26.91,55970.0,40200.0,47940.0,64450.0,80710.0,BLS OEWS May 2025 special education aggregation
Metropolitan Area,18700,"Corvallis, OR","Some college, no degree",1050.0,2.7329999999999997,2.5,24.06,50030.0,1.5,22.44,46670.0,32670.0,37950.0,57630.0,71690.0,BLS OEWS May 2025 special education aggregation
Metropolitan Area,18700,"Corvallis, OR",High school diploma or equivalent,10820.0,28.0751,0.8,26.02,54120.0,0.4,23.26,48380.0,36220.0,40390.0,60860.0,79830.0,BLS OEWS May 2025 special education aggregation
Metropolitan Area,18700,"Corvallis, OR",No formal educational credential,8450.0,21.9119,0.9,19.16,39860.0,0.6,17.43,36250.0,30870.0,32340.0,43930.0,54610.0,BLS OEWS May 2025 special education aggregation
Metropolitan Area,18880,"Crestview-Fort Walton Beach-Destin, FL",Doctoral or professional degree,1890.0,1.5104,3.5,81.62,169770.0,5.1,59.02,122750.0,61360.0,80290.0,180960.0,379570.0,BLS OEWS May 2025 special education aggregation
Metropolitan Area,18880,"Crestview-Fort Walton Beach-Destin, FL",Master's degree,2210.0,1.7677,3.5,45.93,95530.0,2.3,44.02,91560.0,46860.0,63080.0,122930.0,146360.0,BLS OEWS May 2025 special education aggregation
Metropolitan Area,18880,"Crestview-Fort Walton Beach-Destin, FL",Bachelor's degree,32110.0,25.6784,1.4,47.77,99370.0,0.7,42.6,88610.0,46970.0,60930.0,124810.0,163310.0,BLS OEWS May 2025 special education aggregation
Metropolitan Area,18880,"Crestview-Fort Walton Beach-Destin, FL",Associate's degree,2990.0,2.3889,3.3,33.35,69380.0,1.3,32.1,66770.0,36840.0,48780.0,81780.0,98960.0,BLS OEWS May 2025 special education aggregation
Metropolitan Area,18880,"Crestview-Fort Walton Beach-Destin, FL",Postsecondary nondegree award,7310.0,5.8469999999999995,1.8,25.66,53370.0,1.0,22.75,47320.0,34710.0,37780.0,61470.0,79050.0,BLS OEWS May 2025 special education aggregation
Metropolitan Area,18880,"Crestview-Fort Walton Beach-Destin, FL","Some college, no degree",2350.0,1.8763,5.4,24.95,51900.0,2.4,22.86,47540.0,32520.0,35810.0,59000.0,78270.0,BLS OEWS May 2025 special education aggregation
Metropolitan Area,18880,"Crestview-Fort Walton Beach-Destin, FL",High school diploma or equivalent,37550.0,30.0246,0.7,25.56,53170.0,0.5,22.66,47140.0,33530.0,37860.0,60700.0,78630.0,BLS OEWS May 2025 special education aggregation
Metropolitan Area,18880,"Crestview-Fort Walton Beach-Destin, FL",No formal educational credential,38650.0,30.906599999999997,0.8,18.05,37540.0,0.8,16.93,35210.0,28300.0,29670.0,39950.0,48650.0,BLS OEWS May 2025 special education aggregation
Metropolitan Area,19100,"Dallas-Fort Worth-Arlington, TX",Doctoral or professional degree,84970.0,2.0982,3.2,82.65,171910.0,2.8,63.47,132020.0,61370.0,83150.0,217750.0,354970.0,BLS OEWS May 2025 special education aggregation
Metropolitan Area,19100,"Dallas-Fort Worth-Arlington, TX",Master's degree,71400.0,1.7631000000000001,2.1,46.5,96720.0,1.0,41.83,87010.0,49280.0,68630.0,117850.0,147660.0,BLS OEWS May 2025 special education aggregation
Metropolitan Area,19100,"Dallas-Fort Worth-Arlington, TX",Bachelor's degree,1147790.0,28.3418,0.6,54.72,113820.0,0.4,47.69,99190.0,53610.0,67680.0,135970.0,189890.0,BLS OEWS May 2025 special education aggregation
Metropolitan Area,19100,"Dallas-Fort Worth-Arlington, TX",Associate's degree,78310.0,1.9337,3.1,33.76,70220.0,1.5,31.16,64820.0,35200.0,45200.0,93340.0,108510.0,BLS OEWS May 2025 special education aggregation
Metropolitan Area,19100,"Dallas-Fort Worth-Arlington, TX",Postsecondary nondegree award,229500.0,5.6671,1.3,28.04,58310.0,0.6,24.85,51690.0,36300.0,41790.0,67720.0,89580.0,BLS OEWS May 2025 special education aggregation
Metropolitan Area,19100,"Dallas-Fort Worth-Arlington, TX","Some college, no degree",90480.0,2.2343,2.5,24.05,50030.0,1.1,22.67,47150.0,29010.0,36020.0,60710.0,74990.0,BLS OEWS May 2025 special education aggregation
Metropolitan Area,19100,"Dallas-Fort Worth-Arlington, TX",High school diploma or equivalent,1373150.0,33.9067,0.5,26.26,54610.0,0.5,22.93,47690.0,30000.0,37340.0,62830.0,83840.0,BLS OEWS May 2025 special education aggregation
Metropolitan Area,19100,"Dallas-Fort Worth-Arlington, TX",No formal educational credential,974190.0,24.0552,0.6,17.51,36430.0,0.6,16.8,34950.0,23260.0,28340.0,42360.0,48930.0,BLS OEWS May 2025 special education aggregation
Metropolitan Area,19140,"Dalton, GA",Doctoral or professional degree,920.0,1.4079000000000002,2.8,77.12,160400.0,5.0,58.97,122660.0,48940.0,64000.0,214780.0,350420.0,BLS OEWS May 2025 special education aggregation
Metropolitan Area,19140,"Dalton, GA",Master's degree,790.0,1.2065,4.8,46.55,96820.0,4.6,43.57,90630.0,49750.0,67600.0,113020.0,131960.0,BLS OEWS May 2025 special education aggregation
Metropolitan Area,19140,"Dalton, GA",Bachelor's degree,11640.0,17.8217,1.6,43.61,90720.0,0.7,37.36,77700.0,45900.0,59780.0,104510.0,150920.0,BLS OEWS May 2025 special education aggregation
Metropolitan Area,19140,"Dalton, GA",Associate's degree,1210.0,1.8603999999999998,4.0,31.49,65510.0,1.5,30.77,64000.0,37740.0,48240.0,80610.0,92020.0,BLS OEWS May 2025 special education aggregation
Metropolitan Area,19140,"Dalton, GA",Postsecondary nondegree award,4090.0,6.2695,1.8,24.09,50110.0,1.0,23.32,48510.0,31670.0,37530.0,59870.0,71020.0,BLS OEWS May 2025 special education aggregation
Metropolitan Area,19140,"Dalton, GA","Some college, no degree",1340.0,2.0481000000000003,4.8,20.27,42170.0,1.8,18.2,37850.0,22670.0,28930.0,49490.0,63410.0,BLS OEWS May 2025 special education aggregation
Metropolitan Area,19140,"Dalton, GA",High school diploma or equivalent,29780.0,45.6083,0.7,22.39,46560.0,0.5,19.95,41500.0,30250.0,36200.0,49940.0,66100.0,BLS OEWS May 2025 special education aggregation
Metropolitan Area,19140,"Dalton, GA",No formal educational credential,15530.0,23.7775,1.2,15.7,32660.0,0.6,14.94,31080.0,21500.0,26250.0,37580.0,43610.0,BLS OEWS May 2025 special education aggregation
Metropolitan Area,19300,"Daphne-Fairhope-Foley, AL",Doctoral or professional degree,1340.0,1.5367000000000002,5.0,72.3,150380.0,6.4,51.75,107650.0,60640.0,75350.0,157160.0,328740.0,BLS OEWS May 2025 special education aggregation
Metropolitan Area,19300,"Daphne-Fairhope-Foley, AL",Master's degree,1460.0,1.6788,4.1,41.5,86310.0,4.0,36.88,76710.0,45820.0,60090.0,104050.0,128980.0,BLS OEWS May 2025 special education aggregation
Metropolitan Area,19300,"Daphne-Fairhope-Foley, AL",Bachelor's degree,14730.0,16.9115,1.9,38.22,79500.0,0.8,33.72,70130.0,31710.0,50670.0,93590.0,131390.0,BLS OEWS May 2025 special education aggregation
Metropolitan Area,19300,"Daphne-Fairhope-Foley, AL",Associate's degree,1670.0,1.9182,4.8,25.79,53650.0,4.2,24.16,50240.0,27710.0,32730.0,65790.0,77720.0,BLS OEWS May 2025 special education aggregation
Metropolitan Area,19300,"Daphne-Fairhope-Foley, AL",Postsecondary nondegree award,5860.0,6.7319,2.6,22.66,47130.0,0.8,19.99,41590.0,29990.0,35520.0,57280.0,70580.0,BLS OEWS May 2025 special education aggregation
Metropolitan Area,19300,"Daphne-Fairhope-Foley, AL","Some college, no degree",1790.0,2.056,10.2,19.11,39740.0,1.7,18.39,38260.0,23320.0,28130.0,47700.0,57200.0,BLS OEWS May 2025 special education aggregation
Metropolitan Area,19300,"Daphne-Fairhope-Foley, AL",High school diploma or equivalent,29820.0,34.228300000000004,0.8,23.63,49140.0,0.9,20.98,43630.0,28020.0,34690.0,57870.0,76680.0,BLS OEWS May 2025 special education aggregation
Metropolitan Area,19300,"Daphne-Fairhope-Foley, AL",No formal educational credential,30440.0,34.9387,0.5,15.35,31930.0,1.0,14.36,29880.0,21390.0,25440.0,36020.0,44340.0,BLS OEWS May 2025 special education aggregation
Metropolitan Area,19340,"Davenport-Moline-Rock Island, IA-IL",Doctoral or professional degree,3390.0,1.8768999999999998,4.5,68.58,142640.0,2.1,47.49,98780.0,54130.0,72640.0,160840.0,322710.0,BLS OEWS May 2025 special education aggregation
Metropolitan Area,19340,"Davenport-Moline-Rock Island, IA-IL",Master's degree,3690.0,2.0421,2.5,40.14,83500.0,1.3,36.37,75650.0,42650.0,54200.0,104900.0,132590.0,BLS OEWS May 2025 special education aggregation
Metropolitan Area,19340,"Davenport-Moline-Rock Island, IA-IL",Bachelor's degree,41870.0,23.202,0.5,45.82,95310.0,0.4,39.26,81660.0,47080.0,62070.0,114890.0,153330.0,BLS OEWS May 2025 special education aggregation
Metropolitan Area,19340,"Davenport-Moline-Rock Island, IA-IL",Associate's degree,3890.0,2.1556,1.7,31.53,65580.0,0.8,30.39,63220.0,36540.0,45680.0,81590.0,95690.0,BLS OEWS May 2025 special education aggregation
Metropolitan Area,19340,"Davenport-Moline-Rock Island, IA-IL",Postsecondary nondegree award,12010.0,6.658199999999999,1.4,25.68,53410.0,0.7,22.86,47560.0,36250.0,39150.0,61890.0,75990.0,BLS OEWS May 2025 special education aggregation
Metropolitan Area,19340,"Davenport-Moline-Rock Island, IA-IL","Some college, no degree",4390.0,2.4341999999999997,1.9,20.83,43320.0,0.7,18.61,38710.0,29400.0,33840.0,49660.0,60750.0,BLS OEWS May 2025 special education aggregation
Metropolitan Area,19340,"Davenport-Moline-Rock Island, IA-IL",High school diploma or equivalent,64000.0,35.4665,0.4,26.37,54840.0,0.3,23.08,48000.0,31570.0,37670.0,64990.0,83590.0,BLS OEWS May 2025 special education aggregation
Metropolitan Area,19340,"Davenport-Moline-Rock Island, IA-IL",No formal educational credential,47210.0,26.164499999999997,0.7,18.25,37970.0,0.4,16.68,34690.0,27370.0,31200.0,44000.0,52510.0,BLS OEWS May 2025 special education aggregation
Metropolitan Area,19430,"Dayton-Kettering-Beavercreek, OH",Doctoral or professional degree,10590.0,2.8407,1.8,71.67,149070.0,2.8,48.86,101630.0,47850.0,66890.0,167460.0,361230.0,BLS OEWS May 2025 special education aggregation
Metropolitan Area,19430,"Dayton-Kettering-Beavercreek, OH",Master's degree,9910.0,2.6594,2.4,42.59,88590.0,1.5,38.1,79240.0,45320.0,59270.0,109420.0,136500.0,BLS OEWS May 2025 special education aggregation
Metropolitan Area,19430,"Dayton-Kettering-Beavercreek, OH",Bachelor's degree,101140.0,27.1392,0.6,48.44,100760.0,0.5,44.29,92130.0,49660.0,67850.0,122970.0,162230.0,BLS OEWS May 2025 special education aggregation
Metropolitan Area,19430,"Dayton-Kettering-Beavercreek, OH",Associate's degree,9090.0,2.4385000000000003,2.7,31.62,65760.0,0.9,30.74,63940.0,34730.0,47170.0,81850.0,96930.0,BLS OEWS May 2025 special education aggregation
Metropolitan Area,19430,"Dayton-Kettering-Beavercreek, OH",Postsecondary nondegree award,25820.0,6.9289000000000005,1.4,25.58,53210.0,0.5,23.28,48410.0,36370.0,39080.0,62670.0,75350.0,BLS OEWS May 2025 special education aggregation
Metropolitan Area,19430,"Dayton-Kettering-Beavercreek, OH","Some college, no degree",8730.0,2.3432,3.0,22.8,47430.0,1.1,22.2,46180.0,28780.0,36310.0,57220.0,67530.0,BLS OEWS May 2025 special education aggregation
Metropolitan Area,19430,"Dayton-Kettering-Beavercreek, OH",High school diploma or equivalent,120040.0,32.2125,0.6,24.95,51900.0,0.4,22.43,46650.0,30700.0,37010.0,60970.0,78380.0,BLS OEWS May 2025 special education aggregation
Metropolitan Area,19430,"Dayton-Kettering-Beavercreek, OH",No formal educational credential,87340.0,23.4375,0.8,17.8,37020.0,0.4,16.59,34510.0,24550.0,28300.0,41590.0,52950.0,BLS OEWS May 2025 special education aggregation
Metropolitan Area,19460,"Decatur, AL",Doctoral or professional degree,510.0,0.8320000000000001,4.3,81.2,168900.0,5.5,63.45,131970.0,62090.0,88310.0,176340.0,351790.0,BLS OEWS May 2025 special education aggregation
Metropolitan Area,19460,"Decatur, AL",Master's degree,900.0,1.4631,3.9,37.13,77230.0,1.8,34.83,72450.0,42050.0,55360.0,98390.0,115240.0,BLS OEWS May 2025 special education aggregation
Metropolitan Area,19460,"Decatur, AL",Bachelor's degree,11160.0,18.2289,1.2,45.09,93800.0,1.0,37.5,78010.0,46860.0,60920.0,117280.0,162720.0,BLS OEWS May 2025 special education aggregation
Metropolitan Area,19460,"Decatur, AL",Associate's degree,1310.0,2.1367000000000003,2.5,29.24,60820.0,1.0,28.36,58980.0,31200.0,44710.0,75190.0,97650.0,BLS OEWS May 2025 special education aggregation
Metropolitan Area,19460,"Decatur, AL",Postsecondary nondegree award,4370.0,7.1363,1.7,25.29,52600.0,0.7,22.67,47150.0,31640.0,37260.0,62180.0,80170.0,BLS OEWS May 2025 special education aggregation
Metropolitan Area,19460,"Decatur, AL","Some college, no degree",1050.0,1.7075,4.5,20.45,42530.0,1.5,19.16,39850.0,22500.0,27600.0,50300.0,64330.0,BLS OEWS May 2025 special education aggregation
Metropolitan Area,19460,"Decatur, AL",High school diploma or equivalent,26670.0,43.5513,0.6,26.54,55210.0,0.6,22.78,47370.0,29000.0,36640.0,64420.0,93670.0,BLS OEWS May 2025 special education aggregation
Metropolitan Area,19460,"Decatur, AL",No formal educational credential,15280.0,24.944200000000002,0.8,16.13,33540.0,0.6,14.64,30440.0,21910.0,26940.0,37320.0,46080.0,BLS OEWS May 2025 special education aggregation
Metropolitan Area,19500,"Decatur, IL",Doctoral or professional degree,570.0,1.2486000000000002,3.9,82.1,170770.0,2.4,52.16,108500.0,60420.0,78070.0,205080.0,429340.0,BLS OEWS May 2025 special education aggregation
Metropolitan Area,19500,"Decatur, IL",Master's degree,910.0,1.9919,3.1,41.29,85890.0,1.7,33.13,68900.0,43470.0,50850.0,103730.0,136130.0,BLS OEWS May 2025 special education aggregation
Metropolitan Area,19500,"Decatur, IL",Bachelor's degree,8040.0,17.6472,1.3,46.06,95810.0,1.0,38.85,80800.0,46540.0,59970.0,110560.0,159580.0,BLS OEWS May 2025 special education aggregation
Metropolitan Area,19500,"Decatur, IL",Associate's degree,750.0,1.6486,2.8,32.09,66740.0,1.0,30.69,63840.0,38810.0,46200.0,82390.0,99410.0,BLS OEWS May 2025 special education aggregation
Metropolitan Area,19500,"Decatur, IL",Postsecondary nondegree award,3330.0,7.3087,2.7,28.38,59040.0,1.5,26.27,54640.0,36200.0,41990.0,69470.0,85850.0,BLS OEWS May 2025 special education aggregation
Metropolitan Area,19500,"Decatur, IL","Some college, no degree",1010.0,2.2268,3.0,23.38,48640.0,0.8,23.31,48480.0,33610.0,39100.0,59450.0,62870.0,BLS OEWS May 2025 special education aggregation
Metropolitan Area,19500,"Decatur, IL",High school diploma or equivalent,20080.0,44.076,0.7,28.88,60060.0,0.5,25.76,53590.0,35770.0,43510.0,71500.0,96350.0,BLS OEWS May 2025 special education aggregation
Metropolitan Area,19500,"Decatur, IL",No formal educational credential,10870.0,23.8524,0.7,19.84,41270.0,0.5,17.06,35490.0,31200.0,31200.0,46800.0,60930.0,BLS OEWS May 2025 special education aggregation
Metropolitan Area,19660,"Deltona-Daytona Beach-Ormond Beach, FL",Doctoral or professional degree,5170.0,2.3529,3.3,79.52,165390.0,3.7,57.23,119040.0,60460.0,80440.0,201520.0,363720.0,BLS OEWS May 2025 special education aggregation
Metropolitan Area,19660,"Deltona-Daytona Beach-Ormond Beach, FL",Master's degree,4640.0,2.113,2.4,42.64,88680.0,1.6,37.7,78410.0,44330.0,58190.0,109190.0,137400.0,BLS OEWS May 2025 special education aggregation
Metropolitan Area,19660,"Deltona-Daytona Beach-Ormond Beach, FL",Bachelor's degree,43760.0,19.9129,0.7,43.06,89570.0,0.7,37.11,77190.0,45210.0,57880.0,100880.0,150930.0,BLS OEWS May 2025 special education aggregation
Metropolitan Area,19660,"Deltona-Daytona Beach-Ormond Beach, FL",Associate's degree,5170.0,2.3518999999999997,2.0,29.79,61960.0,1.0,28.9,60120.0,33730.0,39670.0,76930.0,90150.0,BLS OEWS May 2025 special education aggregation
Metropolitan Area,19660,"Deltona-Daytona Beach-Ormond Beach, FL",Postsecondary nondegree award,16230.0,7.388,1.7,23.22,48300.0,0.5,21.57,44860.0,33280.0,36950.0,57450.0,67330.0,BLS OEWS May 2025 special education aggregation
Metropolitan Area,19660,"Deltona-Daytona Beach-Ormond Beach, FL","Some college, no degree",4310.0,1.9634,2.1,22.2,46170.0,0.8,21.01,43700.0,30040.0,35450.0,52640.0,63740.0,BLS OEWS May 2025 special education aggregation
Metropolitan Area,19660,"Deltona-Daytona Beach-Ormond Beach, FL",High school diploma or equivalent,73280.0,33.3468,0.8,24.05,50020.0,0.5,21.62,44970.0,31110.0,36210.0,57600.0,75580.0,BLS OEWS May 2025 special education aggregation
Metropolitan Area,19660,"Deltona-Daytona Beach-Ormond Beach, FL",No formal educational credential,67180.0,30.570999999999998,0.5,17.57,36540.0,0.5,16.56,34430.0,27590.0,28910.0,38080.0,47540.0,BLS OEWS May 2025 special education aggregation
Metropolitan Area,19740,"Denver-Aurora-Centennial, CO",Doctoral or professional degree,44750.0,2.7809,1.5,82.25,171090.0,1.9,66.45,138210.0,64830.0,95250.0,218230.0,339160.0,BLS OEWS May 2025 special education aggregation
Metropolitan Area,19740,"Denver-Aurora-Centennial, CO",Master's degree,36450.0,2.2648,2.0,45.62,94880.0,1.0,40.56,84360.0,49730.0,62810.0,120910.0,145000.0,BLS OEWS May 2025 special education aggregation
Metropolitan Area,19740,"Denver-Aurora-Centennial, CO",Bachelor's degree,489510.0,30.416800000000002,0.5,58.67,122040.0,0.7,50.03,104050.0,60970.0,79340.0,149790.0,201820.0,BLS OEWS May 2025 special education aggregation
Metropolitan Area,19740,"Denver-Aurora-Centennial, CO",Associate's degree,34990.0,2.1742,3.7,38.85,80810.0,1.3,37.78,78580.0,46450.0,59470.0,99310.0,121920.0,BLS OEWS May 2025 special education aggregation
Metropolitan Area,19740,"Denver-Aurora-Centennial, CO",Postsecondary nondegree award,81540.0,5.0663,1.5,30.84,64140.0,0.6,28.39,59060.0,39950.0,48060.0,75690.0,95640.0,BLS OEWS May 2025 special education aggregation
Metropolitan Area,19740,"Denver-Aurora-Centennial, CO","Some college, no degree",38110.0,2.3678,2.8,28.13,58510.0,1.0,25.73,53510.0,31550.0,40290.0,69700.0,87520.0,BLS OEWS May 2025 special education aggregation
Metropolitan Area,19740,"Denver-Aurora-Centennial, CO",High school diploma or equivalent,521540.0,32.4068,0.6,31.13,64740.0,0.9,27.64,57480.0,38500.0,45710.0,76430.0,99990.0,BLS OEWS May 2025 special education aggregation
Metropolitan Area,19740,"Denver-Aurora-Centennial, CO",No formal educational credential,362460.0,22.522399999999998,0.6,21.97,45700.0,0.8,19.41,40370.0,34460.0,36970.0,47380.0,60440.0,BLS OEWS May 2025 special education aggregation
Metropolitan Area,19780,"Des Moines-West Des Moines, IA",Doctoral or professional degree,7930.0,1.9621,3.0,77.24,160650.0,2.2,60.95,126770.0,61930.0,80730.0,196080.0,350480.0,BLS OEWS May 2025 special education aggregation
Metropolitan Area,19780,"Des Moines-West Des Moines, IA",Master's degree,8280.0,2.0478,2.6,41.93,87210.0,1.8,37.11,77190.0,46150.0,56410.0,107200.0,136590.0,BLS OEWS May 2025 special education aggregation
Metropolitan Area,19780,"Des Moines-West Des Moines, IA",Bachelor's degree,107830.0,26.682,0.8,48.11,100070.0,0.7,40.27,83750.0,49200.0,63730.0,123410.0,164730.0,BLS OEWS May 2025 special education aggregation
Metropolitan Area,19780,"Des Moines-West Des Moines, IA",Associate's degree,10080.0,2.4953,4.1,30.16,62730.0,1.2,29.53,61410.0,33760.0,41520.0,79950.0,94530.0,BLS OEWS May 2025 special education aggregation
Metropolitan Area,19780,"Des Moines-West Des Moines, IA",Postsecondary nondegree award,25730.0,6.3656999999999995,1.8,27.33,56840.0,0.9,24.57,51110.0,36730.0,43680.0,64090.0,78800.0,BLS OEWS May 2025 special education aggregation
Metropolitan Area,19780,"Des Moines-West Des Moines, IA","Some college, no degree",11370.0,2.814,3.7,21.63,44990.0,1.9,18.6,38680.0,29010.0,33870.0,52880.0,65730.0,BLS OEWS May 2025 special education aggregation
Metropolitan Area,19780,"Des Moines-West Des Moines, IA",High school diploma or equivalent,138820.0,34.3501,0.6,26.99,56150.0,0.6,23.97,49860.0,34150.0,39650.0,64540.0,82920.0,BLS OEWS May 2025 special education aggregation
Metropolitan Area,19780,"Des Moines-West Des Moines, IA",No formal educational credential,94090.0,23.283099999999997,0.7,17.75,36920.0,0.6,16.94,35240.0,22840.0,29160.0,43510.0,51730.0,BLS OEWS May 2025 special education aggregation
Metropolitan Area,19820,"Detroit-Warren-Dearborn, MI",Doctoral or professional degree,44540.0,2.3388,2.0,74.0,153920.0,7.0,61.47,127860.0,63990.0,81930.0,171550.0,310350.0,BLS OEWS May 2025 special education aggregation
Metropolitan Area,19820,"Detroit-Warren-Dearborn, MI",Master's degree,36790.0,1.9317,2.8,45.94,95560.0,1.6,40.17,83550.0,46920.0,61190.0,122770.0,147240.0,BLS OEWS May 2025 special education aggregation
Metropolitan Area,19820,"Detroit-Warren-Dearborn, MI",Bachelor's degree,500600.0,26.2846,0.6,52.31,108800.0,0.4,47.42,98630.0,51770.0,73320.0,131730.0,169790.0,BLS OEWS May 2025 special education aggregation
Metropolitan Area,19820,"Detroit-Warren-Dearborn, MI",Associate's degree,44700.0,2.3472,2.1,33.12,68900.0,0.7,31.66,65850.0,37930.0,49490.0,82930.0,97400.0,BLS OEWS May 2025 special education aggregation
Metropolitan Area,19820,"Detroit-Warren-Dearborn, MI",Postsecondary nondegree award,120870.0,6.3462000000000005,1.7,26.5,55120.0,0.6,23.8,49500.0,37180.0,39980.0,63760.0,78780.0,BLS OEWS May 2025 special education aggregation
Metropolitan Area,19820,"Detroit-Warren-Dearborn, MI","Some college, no degree",42100.0,2.2105,2.3,23.47,48830.0,0.6,22.06,45870.0,30060.0,36130.0,57990.0,72820.0,BLS OEWS May 2025 special education aggregation
Metropolitan Area,19820,"Detroit-Warren-Dearborn, MI",High school diploma or equivalent,684110.0,35.9199,0.5,26.81,55760.0,0.3,23.1,48050.0,33490.0,38210.0,65840.0,83170.0,BLS OEWS May 2025 special education aggregation
Metropolitan Area,19820,"Detroit-Warren-Dearborn, MI",No formal educational credential,430820.0,22.621000000000002,0.7,19.0,39520.0,0.4,17.41,36210.0,28080.0,30210.0,44450.0,57310.0,BLS OEWS May 2025 special education aggregation
Metropolitan Area,20020,"Dothan, AL",Doctoral or professional degree,1270.0,2.0931,5.0,90.42,188080.0,5.9,62.78,130580.0,57690.0,76730.0,258130.0,443050.0,BLS OEWS May 2025 special education aggregation
Metropolitan Area,20020,"Dothan, AL",Master's degree,1250.0,2.0575,3.9,42.79,89000.0,2.3,37.7,78420.0,42730.0,58000.0,106070.0,154020.0,BLS OEWS May 2025 special education aggregation
Metropolitan Area,20020,"Dothan, AL",Bachelor's degree,9910.0,16.3197,1.0,38.64,80370.0,0.7,32.42,67430.0,41890.0,53490.0,93080.0,132570.0,BLS OEWS May 2025 special education aggregation
Metropolitan Area,20020,"Dothan, AL",Associate's degree,1460.0,2.4074999999999998,2.7,26.67,55460.0,1.1,25.11,52230.0,27760.0,39520.0,64720.0,82890.0,BLS OEWS May 2025 special education aggregation
Metropolitan Area,20020,"Dothan, AL",Postsecondary nondegree award,6000.0,9.8849,1.3,21.92,45590.0,0.7,19.21,39960.0,27880.0,33620.0,56810.0,67200.0,BLS OEWS May 2025 special education aggregation
Metropolitan Area,20020,"Dothan, AL","Some college, no degree",970.0,1.5994,4.2,18.53,38550.0,1.4,18.09,37640.0,22890.0,27460.0,46330.0,55800.0,BLS OEWS May 2025 special education aggregation
Metropolitan Area,20020,"Dothan, AL",High school diploma or equivalent,22440.0,36.9584,0.7,21.7,45130.0,0.7,18.48,38440.0,25400.0,30430.0,51170.0,70520.0,BLS OEWS May 2025 special education aggregation
Metropolitan Area,20020,"Dothan, AL",No formal educational credential,17420.0,28.6798,0.8,14.81,30800.0,0.6,13.83,28770.0,20910.0,23320.0,35520.0,42590.0,BLS OEWS May 2025 special education aggregation
Metropolitan Area,20100,"Dover, DE",Doctoral or professional degree,1490.0,2.1877,2.3,69.16,143860.0,1.8,55.92,116320.0,64180.0,83040.0,166200.0,277110.0,BLS OEWS May 2025 special education aggregation
Metropolitan Area,20100,"Dover, DE",Master's degree,2360.0,3.4616999999999996,2.6,42.74,88900.0,1.1,39.0,81120.0,47940.0,60930.0,107670.0,134080.0,BLS OEWS May 2025 special education aggregation
Metropolitan Area,20100,"Dover, DE",Bachelor's degree,14300.0,21.0065,0.9,43.81,91120.0,0.6,38.57,80220.0,49460.0,61100.0,106490.0,139700.0,BLS OEWS May 2025 special education aggregation
Metropolitan Area,20100,"Dover, DE",Associate's degree,1750.0,2.5758,3.1,30.95,64380.0,1.0,29.25,60850.0,34970.0,44810.0,80870.0,96780.0,BLS OEWS May 2025 special education aggregation
Metropolitan Area,20100,"Dover, DE",Postsecondary nondegree award,5090.0,7.4768,1.9,24.48,50910.0,0.6,23.59,49070.0,35070.0,39060.0,57490.0,70580.0,BLS OEWS May 2025 special education aggregation
Metropolitan Area,20100,"Dover, DE","Some college, no degree",1840.0,2.7042,3.0,21.75,45240.0,0.9,20.71,43080.0,31990.0,34780.0,49560.0,63480.0,BLS OEWS May 2025 special education aggregation
Metropolitan Area,20100,"Dover, DE",High school diploma or equivalent,23100.0,33.9317,0.8,24.67,51310.0,0.5,21.77,45270.0,31200.0,36280.0,59730.0,78450.0,BLS OEWS May 2025 special education aggregation
Metropolitan Area,20100,"Dover, DE",No formal educational credential,18150.0,26.6556,0.9,18.01,37450.0,0.4,16.72,34790.0,31200.0,31200.0,39150.0,47230.0,BLS OEWS May 2025 special education aggregation
Metropolitan Area,20220,"Dubuque, IA",Doctoral or professional degree,1110.0,1.9064,2.6,65.46,136150.0,2.0,49.09,102110.0,59390.0,68350.0,158330.0,279540.0,BLS OEWS May 2025 special education aggregation
Metropolitan Area,20220,"Dubuque, IA",Master's degree,1060.0,1.8114000000000001,3.7,41.02,85310.0,1.8,35.71,74290.0,45090.0,52000.0,105100.0,134980.0,BLS OEWS May 2025 special education aggregation
Metropolitan Area,20220,"Dubuque, IA",Bachelor's degree,13860.0,23.6978,2.2,44.26,92060.0,1.0,38.34,79750.0,46370.0,61080.0,108580.0,146050.0,BLS OEWS May 2025 special education aggregation
Metropolitan Area,20220,"Dubuque, IA",Associate's degree,1280.0,2.19,5.8,29.82,62030.0,1.6,29.72,61810.0,32060.0,45090.0,78050.0,89450.0,BLS OEWS May 2025 special education aggregation
Metropolitan Area,20220,"Dubuque, IA",Postsecondary nondegree award,4180.0,7.1437,1.5,25.48,53000.0,0.8,23.74,49380.0,37030.0,41580.0,60870.0,75320.0,BLS OEWS May 2025 special education aggregation
Metropolitan Area,20220,"Dubuque, IA","Some college, no degree",1510.0,2.5866,2.5,20.45,42530.0,1.2,17.96,37350.0,23310.0,29810.0,49660.0,63390.0,BLS OEWS May 2025 special education aggregation
Metropolitan Area,20220,"Dubuque, IA",High school diploma or equivalent,21680.0,37.0723,1.5,25.52,53080.0,0.5,23.28,48420.0,34250.0,39400.0,61030.0,77400.0,BLS OEWS May 2025 special education aggregation
Metropolitan Area,20220,"Dubuque, IA",No formal educational credential,13790.0,23.591900000000003,0.7,17.3,35970.0,0.6,16.58,34490.0,22270.0,28740.0,41940.0,50770.0,BLS OEWS May 2025 special education aggregation
Metropolitan Area,20260,"Duluth, MN-WI",Doctoral or professional degree,3110.0,2.4924,1.8,70.65,146950.0,2.6,48.1,100050.0,60280.0,76470.0,157840.0,323500.0,BLS OEWS May 2025 special education aggregation
Metropolitan Area,20260,"Duluth, MN-WI",Master's degree,3470.0,2.7842,1.9,42.15,87660.0,1.1,36.27,75430.0,45460.0,57400.0,108740.0,141810.0,BLS OEWS May 2025 special education aggregation
Metropolitan Area,20260,"Duluth, MN-WI",Bachelor's degree,25550.0,20.4879,0.8,43.75,91000.0,0.5,39.86,82900.0,49520.0,64120.0,104800.0,133510.0,BLS OEWS May 2025 special education aggregation
Metropolitan Area,20260,"Duluth, MN-WI",Associate's degree,3090.0,2.4757000000000002,1.8,32.72,68070.0,0.8,31.36,65230.0,38010.0,48540.0,82170.0,99560.0,BLS OEWS May 2025 special education aggregation
Metropolitan Area,20260,"Duluth, MN-WI",Postsecondary nondegree award,8690.0,6.9654,1.8,26.74,55610.0,0.6,24.52,51010.0,36180.0,44250.0,63110.0,81050.0,BLS OEWS May 2025 special education aggregation
Metropolitan Area,20260,"Duluth, MN-WI","Some college, no degree",3350.0,2.6833,2.1,22.83,47480.0,0.6,21.72,45190.0,33810.0,38040.0,55190.0,63760.0,BLS OEWS May 2025 special education aggregation
Metropolitan Area,20260,"Duluth, MN-WI",High school diploma or equivalent,45460.0,36.4499,0.5,26.63,55390.0,0.5,23.52,48910.0,33860.0,38710.0,64620.0,84360.0,BLS OEWS May 2025 special education aggregation
Metropolitan Area,20260,"Duluth, MN-WI",No formal educational credential,32000.0,25.661099999999998,0.6,18.34,38160.0,0.5,16.71,34760.0,23440.0,29010.0,42890.0,57170.0,BLS OEWS May 2025 special education aggregation
Metropolitan Area,20500,"Durham-Chapel Hill, NC",Doctoral or professional degree,20670.0,6.0069,1.1,66.45,138210.0,1.0,48.27,100400.0,61290.0,77700.0,166520.0,323400.0,BLS OEWS May 2025 special education aggregation
Metropolitan Area,20500,"Durham-Chapel Hill, NC",Master's degree,12460.0,3.6213,1.3,49.11,102140.0,0.6,42.57,88540.0,50240.0,62730.0,131380.0,167060.0,BLS OEWS May 2025 special education aggregation
Metropolitan Area,20500,"Durham-Chapel Hill, NC",Bachelor's degree,124950.0,36.3196,0.5,54.48,113310.0,0.5,48.33,100530.0,51100.0,69250.0,136430.0,181460.0,BLS OEWS May 2025 special education aggregation
Metropolitan Area,20500,"Durham-Chapel Hill, NC",Associate's degree,,,,32.78,68190.0,0.8,30.12,62650.0,37490.0,49030.0,82820.0,102840.0,BLS OEWS May 2025 special education aggregation
Metropolitan Area,20500,"Durham-Chapel Hill, NC",Postsecondary nondegree award,18940.0,5.506,1.5,25.15,52320.0,0.5,22.71,47240.0,36770.0,39750.0,59870.0,74510.0,BLS OEWS May 2025 special education aggregation
Metropolitan Area,20500,"Durham-Chapel Hill, NC","Some college, no degree",,,,26.27,54640.0,1.5,23.17,48190.0,28600.0,35100.0,62570.0,83530.0,BLS OEWS May 2025 special education aggregation
Metropolitan Area,20500,"Durham-Chapel Hill, NC",High school diploma or equivalent,89650.0,26.0606,0.6,26.35,54820.0,0.4,23.13,48120.0,32720.0,38690.0,61620.0,80540.0,BLS OEWS May 2025 special education aggregation
Metropolitan Area,20500,"Durham-Chapel Hill, NC",No formal educational credential,60040.0,17.4534,0.6,17.22,35820.0,0.6,16.88,35110.0,23300.0,28870.0,39320.0,48110.0,BLS OEWS May 2025 special education aggregation
Metropolitan Area,20580,"Eagle Pass, TX",Doctoral or professional degree,210.0,1.0989,3.7,65.1,135400.0,3.5,57.1,118760.0,57830.0,75600.0,159450.0,242600.0,BLS OEWS May 2025 special education aggregation
Metropolitan Area,20580,"Eagle Pass, TX",Master's degree,320.0,1.7088999999999999,4.8,42.63,88660.0,2.1,41.6,86520.0,44110.0,56140.0,109080.0,132410.0,BLS OEWS May 2025 special education aggregation
Metropolitan Area,20580,"Eagle Pass, TX",Bachelor's degree,3290.0,17.4648,0.8,37.5,78000.0,1.0,33.01,68660.0,42750.0,59220.0,89890.0,118640.0,BLS OEWS May 2025 special education aggregation
Metropolitan Area,20580,"Eagle Pass, TX",Associate's degree,340.0,1.7917999999999998,6.9,22.95,47730.0,2.7,18.95,39410.0,24700.0,28860.0,64360.0,78060.0,BLS OEWS May 2025 special education aggregation
Metropolitan Area,20580,"Eagle Pass, TX",Postsecondary nondegree award,1250.0,6.6480999999999995,2.4,21.76,45250.0,2.0,18.09,37620.0,29290.0,31150.0,57560.0,72150.0,BLS OEWS May 2025 special education aggregation
Metropolitan Area,20580,"Eagle Pass, TX","Some college, no degree",540.0,2.8492,2.2,17.31,36010.0,1.5,14.02,29170.0,23600.0,24830.0,42690.0,51880.0,BLS OEWS May 2025 special education aggregation
Metropolitan Area,20580,"Eagle Pass, TX",High school diploma or equivalent,8060.0,42.828500000000005,0.6,19.74,41060.0,1.3,16.02,33320.0,21120.0,23460.0,48270.0,74210.0,BLS OEWS May 2025 special education aggregation
Metropolitan Area,20580,"Eagle Pass, TX",No formal educational credential,4820.0,25.6098,0.9,14.48,30110.0,1.6,13.55,28180.0,20460.0,22850.0,33160.0,37790.0,BLS OEWS May 2025 special education aggregation
Metropolitan Area,20740,"Eau Claire, WI",Doctoral or professional degree,2160.0,2.505,1.6,88.2,183450.0,2.6,52.34,108860.0,66830.0,79420.0,262360.0,405270.0,BLS OEWS May 2025 special education aggregation
Metropolitan Area,20740,"Eau Claire, WI",Master's degree,1890.0,2.2015000000000002,2.6,45.71,95080.0,1.0,38.31,79670.0,48670.0,60130.0,124600.0,153860.0,BLS OEWS May 2025 special education aggregation
Metropolitan Area,20740,"Eau Claire, WI",Bachelor's degree,16680.0,19.378700000000002,1.1,44.81,93200.0,0.6,39.15,81430.0,49800.0,62550.0,103010.0,149040.0,BLS OEWS May 2025 special education aggregation
Metropolitan Area,20740,"Eau Claire, WI",Associate's degree,1980.0,2.2977,2.2,29.31,60960.0,0.9,28.39,59050.0,31010.0,39920.0,80150.0,96300.0,BLS OEWS May 2025 special education aggregation
Metropolitan Area,20740,"Eau Claire, WI",Postsecondary nondegree award,6320.0,7.344499999999999,2.0,24.77,51520.0,0.8,23.11,48060.0,36030.0,41850.0,58780.0,73240.0,BLS OEWS May 2025 special education aggregation
Metropolitan Area,20740,"Eau Claire, WI","Some college, no degree",2230.0,2.5941,3.8,22.73,47280.0,1.0,21.8,45350.0,29370.0,37320.0,54900.0,64540.0,BLS OEWS May 2025 special education aggregation
Metropolitan Area,20740,"Eau Claire, WI",High school diploma or equivalent,32150.0,37.3549,0.7,25.59,53220.0,0.4,22.99,47830.0,31890.0,37860.0,61770.0,78930.0,BLS OEWS May 2025 special education aggregation
Metropolitan Area,20740,"Eau Claire, WI",No formal educational credential,22650.0,26.3236,0.8,17.74,36910.0,0.5,16.76,34850.0,23070.0,28600.0,43560.0,54360.0,BLS OEWS May 2025 special education aggregation
Metropolitan Area,20940,"El Centro, CA",Doctoral or professional degree,800.0,1.2174,2.5,80.19,166800.0,2.7,78.16,162580.0,87770.0,124270.0,168920.0,265140.0,BLS OEWS May 2025 special education aggregation
Metropolitan Area,20940,"El Centro, CA",Master's degree,1440.0,2.1963999999999997,2.3,50.13,104260.0,1.0,45.85,95370.0,40710.0,54540.0,153840.0,174410.0,BLS OEWS May 2025 special education aggregation
Metropolitan Area,20940,"El Centro, CA",Bachelor's degree,11380.0,17.3868,1.2,48.46,100790.0,0.7,46.51,96740.0,50260.0,64590.0,126380.0,154620.0,BLS OEWS May 2025 special education aggregation
Metropolitan Area,20940,"El Centro, CA",Associate's degree,820.0,1.2592,3.1,34.92,72630.0,1.3,34.55,71860.0,39320.0,47450.0,93430.0,106750.0,BLS OEWS May 2025 special education aggregation
Metropolitan Area,20940,"El Centro, CA",Postsecondary nondegree award,3680.0,5.6223,2.0,28.25,58770.0,0.9,25.44,52920.0,37440.0,44810.0,68880.0,84600.0,BLS OEWS May 2025 special education aggregation
Metropolitan Area,20940,"El Centro, CA","Some college, no degree",2060.0,3.1465,4.3,23.85,49620.0,1.0,22.0,45760.0,36650.0,39880.0,55590.0,64780.0,BLS OEWS May 2025 special education aggregation
Metropolitan Area,20940,"El Centro, CA",High school diploma or equivalent,26550.0,40.576100000000004,0.5,26.53,55180.0,0.4,20.95,43570.0,34320.0,34320.0,63940.0,101710.0,BLS OEWS May 2025 special education aggregation
Metropolitan Area,20940,"El Centro, CA",No formal educational credential,18710.0,28.595299999999998,0.9,19.53,40630.0,0.5,17.84,37110.0,34320.0,34590.0,42390.0,49680.0,BLS OEWS May 2025 special education aggregation
Metropolitan Area,21060,"Elizabethtown, KY",Doctoral or professional degree,720.0,1.4041000000000001,3.6,65.13,135460.0,3.6,50.37,104770.0,50100.0,65740.0,148890.0,263280.0,BLS OEWS May 2025 special education aggregation
Metropolitan Area,21060,"Elizabethtown, KY",Master's degree,990.0,1.9251999999999998,4.9,39.5,82150.0,1.5,37.69,78400.0,42860.0,58440.0,102880.0,126440.0,BLS OEWS May 2025 special education aggregation
Metropolitan Area,21060,"Elizabethtown, KY",Bachelor's degree,12010.0,23.3024,2.0,42.09,87550.0,0.9,37.71,78430.0,46840.0,61220.0,105140.0,132410.0,BLS OEWS May 2025 special education aggregation
Metropolitan Area,21060,"Elizabethtown, KY",Associate's degree,1130.0,2.2001,2.2,28.4,59080.0,0.9,28.14,58530.0,32330.0,47250.0,71510.0,83780.0,BLS OEWS May 2025 special education aggregation
Metropolitan Area,21060,"Elizabethtown, KY",Postsecondary nondegree award,3130.0,6.0785,2.7,23.78,49460.0,1.2,21.93,45610.0,33390.0,37480.0,57890.0,74640.0,BLS OEWS May 2025 special education aggregation
Metropolitan Area,21060,"Elizabethtown, KY","Some college, no degree",1610.0,3.1161000000000003,2.5,19.63,40830.0,1.7,17.3,35990.0,27860.0,29100.0,47880.0,62060.0,BLS OEWS May 2025 special education aggregation
Metropolitan Area,21060,"Elizabethtown, KY",High school diploma or equivalent,19990.0,38.7853,1.0,23.72,49340.0,0.7,22.27,46330.0,30280.0,36800.0,58430.0,71360.0,BLS OEWS May 2025 special education aggregation
Metropolitan Area,21060,"Elizabethtown, KY",No formal educational credential,11950.0,23.1883,0.9,15.58,32400.0,0.7,14.28,29700.0,21880.0,25550.0,35900.0,46320.0,BLS OEWS May 2025 special education aggregation
Metropolitan Area,21140,"Elkhart-Goshen, IN",Doctoral or professional degree,1000.0,0.7816,4.0,96.81,201370.0,3.7,69.1,143720.0,66660.0,97240.0,280220.0,448080.0,BLS OEWS May 2025 special education aggregation
Metropolitan Area,21140,"Elkhart-Goshen, IN",Master's degree,1250.0,0.9757,4.9,42.59,88580.0,1.8,37.01,76990.0,46180.0,59300.0,109580.0,131850.0,BLS OEWS May 2025 special education aggregation
Metropolitan Area,21140,"Elkhart-Goshen, IN",Bachelor's degree,19190.0,15.0208,1.4,46.35,96400.0,0.7,38.97,81050.0,47780.0,61220.0,114620.0,159840.0,BLS OEWS May 2025 special education aggregation
Metropolitan Area,21140,"Elkhart-Goshen, IN",Associate's degree,2050.0,1.6015000000000001,2.5,32.09,66750.0,0.8,30.42,63280.0,39330.0,48970.0,81280.0,96070.0,BLS OEWS May 2025 special education aggregation
Metropolitan Area,21140,"Elkhart-Goshen, IN",Postsecondary nondegree award,5990.0,4.6879,2.9,25.63,53300.0,0.6,23.75,49390.0,36660.0,39540.0,61960.0,74560.0,BLS OEWS May 2025 special education aggregation
Metropolitan Area,21140,"Elkhart-Goshen, IN","Some college, no degree",2520.0,1.9713999999999998,2.1,22.54,46890.0,0.8,21.97,45700.0,29430.0,36740.0,55570.0,65260.0,BLS OEWS May 2025 special education aggregation
Metropolitan Area,21140,"Elkhart-Goshen, IN",High school diploma or equivalent,71020.0,55.600300000000004,0.5,25.6,53240.0,0.6,23.11,48070.0,29990.0,38670.0,61060.0,86630.0,BLS OEWS May 2025 special education aggregation
Metropolitan Area,21140,"Elkhart-Goshen, IN",No formal educational credential,24730.0,19.3608,0.8,17.8,37020.0,0.4,17.21,35790.0,23680.0,29260.0,43230.0,49610.0,BLS OEWS May 2025 special education aggregation
Metropolitan Area,21300,"Elmira, NY",Doctoral or professional degree,730.0,2.1656,6.8,97.88,203580.0,3.0,63.72,132540.0,66230.0,83100.0,303830.0,422600.0,BLS OEWS May 2025 special education aggregation
Metropolitan Area,21300,"Elmira, NY",Master's degree,850.0,2.5228,3.9,42.7,88820.0,2.0,40.0,83190.0,43310.0,55170.0,118470.0,141150.0,BLS OEWS May 2025 special education aggregation
Metropolitan Area,21300,"Elmira, NY",Bachelor's degree,6200.0,18.4566,1.7,43.9,91320.0,1.3,38.67,80430.0,47250.0,61070.0,101100.0,144820.0,BLS OEWS May 2025 special education aggregation
Metropolitan Area,21300,"Elmira, NY",Associate's degree,660.0,1.9505,2.5,31.03,64550.0,1.0,30.28,62990.0,41310.0,49830.0,77810.0,87710.0,BLS OEWS May 2025 special education aggregation
Metropolitan Area,21300,"Elmira, NY",Postsecondary nondegree award,2270.0,6.745399999999999,1.8,25.8,53670.0,1.1,23.49,48860.0,36800.0,38630.0,63390.0,75940.0,BLS OEWS May 2025 special education aggregation
Metropolitan Area,21300,"Elmira, NY","Some college, no degree",1160.0,3.4412,2.4,21.63,45000.0,0.7,18.56,38610.0,32550.0,35990.0,49520.0,63500.0,BLS OEWS May 2025 special education aggregation
Metropolitan Area,21300,"Elmira, NY",High school diploma or equivalent,13330.0,39.659800000000004,1.0,26.15,54390.0,0.5,23.01,47850.0,34710.0,38650.0,63530.0,80280.0,BLS OEWS May 2025 special education aggregation
Metropolitan Area,21300,"Elmira, NY",No formal educational credential,8420.0,25.058,0.7,19.04,39600.0,0.6,16.99,35350.0,32240.0,32240.0,41200.0,53490.0,BLS OEWS May 2025 special education aggregation
Metropolitan Area,21340,"El Paso, TX",Doctoral or professional degree,7070.0,2.0835,2.0,61.76,128460.0,1.7,48.76,101420.0,46440.0,64710.0,155220.0,267950.0,BLS OEWS May 2025 special education aggregation
Metropolitan Area,21340,"El Paso, TX",Master's degree,7960.0,2.3485,2.2,40.88,85020.0,1.2,38.81,80720.0,40440.0,61280.0,103650.0,127060.0,BLS OEWS May 2025 special education aggregation
Metropolitan Area,21340,"El Paso, TX",Bachelor's degree,71290.0,21.021700000000003,0.6,40.36,83960.0,0.7,34.81,72410.0,42130.0,58330.0,100110.0,135080.0,BLS OEWS May 2025 special education aggregation
Metropolitan Area,21340,"El Paso, TX",Associate's degree,5900.0,1.7383,2.6,27.95,58140.0,1.3,27.47,57140.0,28890.0,37600.0,75780.0,88670.0,BLS OEWS May 2025 special education aggregation
Metropolitan Area,21340,"El Paso, TX",Postsecondary nondegree award,23630.0,6.9691,1.3,23.38,48620.0,0.9,22.02,45810.0,29420.0,35700.0,59260.0,72550.0,BLS OEWS May 2025 special education aggregation
Metropolitan Area,21340,"El Paso, TX","Some college, no degree",7540.0,2.2232,2.0,19.39,40320.0,0.7,17.8,37020.0,23150.0,29540.0,47890.0,60630.0,BLS OEWS May 2025 special education aggregation
Metropolitan Area,21340,"El Paso, TX",High school diploma or equivalent,128160.0,37.791199999999996,0.6,20.93,43530.0,0.4,18.16,37770.0,23130.0,29090.0,49480.0,69410.0,BLS OEWS May 2025 special education aggregation
Metropolitan Area,21340,"El Paso, TX",No formal educational credential,87580.0,25.8245,0.6,14.53,30220.0,0.8,13.59,28260.0,19670.0,22650.0,35170.0,42440.0,BLS OEWS May 2025 special education aggregation
Metropolitan Area,21420,"Enid, OK",Doctoral or professional degree,320.0,1.3919000000000001,3.2,64.21,133560.0,4.0,51.78,107690.0,56240.0,69530.0,139110.0,235750.0,BLS OEWS May 2025 special education aggregation
Metropolitan Area,21420,"Enid, OK",Master's degree,440.0,1.8701,3.8,38.86,80820.0,4.8,31.72,65990.0,38400.0,49520.0,98990.0,135370.0,BLS OEWS May 2025 special education aggregation
Metropolitan Area,21420,"Enid, OK",Bachelor's degree,4440.0,19.0339,2.4,38.18,79420.0,1.1,33.87,70460.0,39350.0,47710.0,96160.0,128860.0,BLS OEWS May 2025 special education aggregation
Metropolitan Area,21420,"Enid, OK",Associate's degree,610.0,2.6188,6.6,30.9,64270.0,2.5,31.58,65690.0,27910.0,37490.0,81830.0,98540.0,BLS OEWS May 2025 special education aggregation
Metropolitan Area,21420,"Enid, OK",Postsecondary nondegree award,2140.0,9.1874,2.0,26.3,54700.0,0.8,23.16,48170.0,30850.0,36450.0,71720.0,93610.0,BLS OEWS May 2025 special education aggregation
Metropolitan Area,21420,"Enid, OK","Some college, no degree",540.0,2.298,4.5,18.28,38010.0,1.9,16.81,34970.0,24250.0,26410.0,46350.0,59240.0,BLS OEWS May 2025 special education aggregation
Metropolitan Area,21420,"Enid, OK",High school diploma or equivalent,8020.0,34.3748,1.4,23.08,48010.0,0.7,20.18,41980.0,27580.0,34640.0,56510.0,78080.0,BLS OEWS May 2025 special education aggregation
Metropolitan Area,21420,"Enid, OK",No formal educational credential,6820.0,29.2243,1.1,15.09,31390.0,0.7,13.92,28960.0,21050.0,23820.0,35960.0,44100.0,BLS OEWS May 2025 special education aggregation
Metropolitan Area,21500,"Erie, PA",Doctoral or professional degree,3140.0,2.6098,1.9,64.89,134970.0,3.5,46.88,97500.0,57460.0,73600.0,139050.0,273580.0,BLS OEWS May 2025 special education aggregation
Metropolitan Area,21500,"Erie, PA",Master's degree,3170.0,2.6295,5.8,38.58,80240.0,2.1,34.21,71150.0,40690.0,50480.0,100920.0,126320.0,BLS OEWS May 2025 special education aggregation
Metropolitan Area,21500,"Erie, PA",Bachelor's degree,23960.0,19.8895,0.8,41.77,86880.0,0.6,37.45,77890.0,45570.0,59440.0,101750.0,135770.0,BLS OEWS May 2025 special education aggregation
Metropolitan Area,21500,"Erie, PA",Associate's degree,2400.0,1.9931,2.1,28.45,59180.0,0.9,28.19,58630.0,30380.0,39410.0,77360.0,86550.0,BLS OEWS May 2025 special education aggregation
Metropolitan Area,21500,"Erie, PA",Postsecondary nondegree award,8430.0,6.9967,1.3,23.89,49700.0,0.5,21.95,45650.0,35730.0,39020.0,58890.0,71610.0,BLS OEWS May 2025 special education aggregation
Metropolitan Area,21500,"Erie, PA","Some college, no degree",2640.0,2.1882,3.5,20.0,41600.0,0.9,18.4,38270.0,27400.0,31910.0,48390.0,60760.0,BLS OEWS May 2025 special education aggregation
Metropolitan Area,21500,"Erie, PA",High school diploma or equivalent,47900.0,39.756099999999996,0.4,22.55,46910.0,0.5,20.35,42340.0,27290.0,33400.0,55330.0,74280.0,BLS OEWS May 2025 special education aggregation
Metropolitan Area,21500,"Erie, PA",No formal educational credential,28840.0,23.937,0.6,16.04,33350.0,0.6,14.65,30470.0,21770.0,26450.0,37060.0,46640.0,BLS OEWS May 2025 special education aggregation
Metropolitan Area,21660,"Eugene-Springfield, OR",Doctoral or professional degree,4400.0,2.7920000000000003,2.8,75.74,157530.0,2.0,56.15,116780.0,62300.0,80790.0,187990.0,322910.0,BLS OEWS May 2025 special education aggregation
Metropolitan Area,21660,"Eugene-Springfield, OR",Master's degree,4640.0,2.9436,2.0,46.8,97350.0,1.2,39.73,82630.0,50540.0,62320.0,124800.0,158790.0,BLS OEWS May 2025 special education aggregation
Metropolitan Area,21660,"Eugene-Springfield, OR",Bachelor's degree,32370.0,20.523400000000002,0.7,46.94,97640.0,0.6,41.47,86260.0,49580.0,62950.0,115830.0,148370.0,BLS OEWS May 2025 special education aggregation
Metropolitan Area,21660,"Eugene-Springfield, OR",Associate's degree,3310.0,2.0982,2.6,34.94,72670.0,0.9,31.37,65260.0,40010.0,48800.0,95810.0,109300.0,BLS OEWS May 2025 special education aggregation
Metropolitan Area,21660,"Eugene-Springfield, OR",Postsecondary nondegree award,9320.0,5.9086,1.5,28.56,59400.0,0.6,27.44,57070.0,41240.0,47590.0,66100.0,80080.0,BLS OEWS May 2025 special education aggregation
Metropolitan Area,21660,"Eugene-Springfield, OR","Some college, no degree",4960.0,3.1457,3.6,23.19,48230.0,1.3,22.44,46680.0,34400.0,38960.0,54260.0,64540.0,BLS OEWS May 2025 special education aggregation
Metropolitan Area,21660,"Eugene-Springfield, OR",High school diploma or equivalent,57370.0,36.3755,0.6,26.23,54560.0,0.3,23.13,48110.0,36580.0,41310.0,61370.0,79880.0,BLS OEWS May 2025 special education aggregation
Metropolitan Area,21660,"Eugene-Springfield, OR",No formal educational credential,41340.0,26.213,0.7,19.47,40500.0,0.5,17.61,36630.0,30830.0,33140.0,44720.0,56100.0,BLS OEWS May 2025 special education aggregation
Metropolitan Area,21780,"Evansville, IN",Doctoral or professional degree,2910.0,2.1492,2.4,77.21,160590.0,4.5,53.57,111430.0,60730.0,78390.0,172720.0,345230.0,BLS OEWS May 2025 special education aggregation
Metropolitan Area,21780,"Evansville, IN",Master's degree,2940.0,2.1724,3.4,39.43,82010.0,1.9,36.76,76460.0,40250.0,50230.0,102460.0,131100.0,BLS OEWS May 2025 special education aggregation
Metropolitan Area,21780,"Evansville, IN",Bachelor's degree,24690.0,18.2571,0.8,43.72,90940.0,0.6,38.55,80180.0,45840.0,59100.0,104040.0,150680.0,BLS OEWS May 2025 special education aggregation
Metropolitan Area,21780,"Evansville, IN",Associate's degree,3330.0,2.4616,2.6,31.91,66370.0,0.9,30.56,63570.0,36960.0,46740.0,81490.0,100460.0,BLS OEWS May 2025 special education aggregation
Metropolitan Area,21780,"Evansville, IN",Postsecondary nondegree award,10160.0,7.5155,1.4,24.48,50920.0,0.6,22.33,46450.0,36090.0,37700.0,60570.0,73480.0,BLS OEWS May 2025 special education aggregation
Metropolitan Area,21780,"Evansville, IN","Some college, no degree",3050.0,2.2573,2.1,21.09,43870.0,0.7,20.46,42550.0,26320.0,30690.0,52230.0,62890.0,BLS OEWS May 2025 special education aggregation
Metropolitan Area,21780,"Evansville, IN",High school diploma or equivalent,52190.0,38.5891,0.6,25.44,52910.0,0.4,22.58,46960.0,30560.0,37310.0,62530.0,81430.0,BLS OEWS May 2025 special education aggregation
Metropolitan Area,21780,"Evansville, IN",No formal educational credential,35970.0,26.597699999999996,0.6,17.06,35480.0,0.4,16.04,33370.0,22800.0,27820.0,41600.0,49100.0,BLS OEWS May 2025 special education aggregation
Metropolitan Area,21820,"Fairbanks-College, AK",Doctoral or professional degree,910.0,2.5065,9.5,90.83,188920.0,6.4,60.18,125160.0,63050.0,83010.0,219220.0,425210.0,BLS OEWS May 2025 special education aggregation
Metropolitan Area,21820,"Fairbanks-College, AK",Master's degree,800.0,2.1833,3.1,51.06,106200.0,2.3,47.77,99370.0,56800.0,72000.0,129050.0,166180.0,BLS OEWS May 2025 special education aggregation
Metropolitan Area,21820,"Fairbanks-College, AK",Bachelor's degree,8670.0,23.811799999999998,1.1,48.95,101810.0,0.4,46.26,96210.0,58830.0,75600.0,122810.0,151550.0,BLS OEWS May 2025 special education aggregation
Metropolitan Area,21820,"Fairbanks-College, AK",Associate's degree,1060.0,2.9031,2.1,39.29,81730.0,1.3,36.58,76090.0,49330.0,59280.0,98130.0,125240.0,BLS OEWS May 2025 special education aggregation
Metropolitan Area,21820,"Fairbanks-College, AK",Postsecondary nondegree award,2650.0,7.2767,2.3,32.29,67170.0,0.6,29.79,61960.0,44680.0,48580.0,78810.0,98860.0,BLS OEWS May 2025 special education aggregation
Metropolitan Area,21820,"Fairbanks-College, AK","Some college, no degree",940.0,2.5787,2.4,25.19,52390.0,0.8,24.06,50040.0,31090.0,35930.0,62030.0,75960.0,BLS OEWS May 2025 special education aggregation
Metropolitan Area,21820,"Fairbanks-College, AK",High school diploma or equivalent,12830.0,35.2119,1.0,32.08,66720.0,0.5,29.07,60460.0,37520.0,46200.0,82050.0,102650.0,BLS OEWS May 2025 special education aggregation
Metropolitan Area,21820,"Fairbanks-College, AK",No formal educational credential,8570.0,23.528,1.2,20.55,42740.0,0.7,18.63,38740.0,28050.0,33740.0,46920.0,61500.0,BLS OEWS May 2025 special education aggregation
Metropolitan Area,22020,"Fargo, ND-MN",Doctoral or professional degree,4300.0,2.8952999999999998,1.5,86.93,180820.0,2.0,60.22,125270.0,63690.0,85330.0,200320.0,439120.0,BLS OEWS May 2025 special education aggregation
Metropolitan Area,22020,"Fargo, ND-MN",Master's degree,3700.0,2.4915,2.2,46.67,97070.0,1.1,39.4,81950.0,49750.0,62580.0,117480.0,156550.0,BLS OEWS May 2025 special education aggregation
Metropolitan Area,22020,"Fargo, ND-MN",Bachelor's degree,33680.0,22.6543,0.8,43.57,90630.0,0.5,38.44,79950.0,47260.0,61520.0,103480.0,139170.0,BLS OEWS May 2025 special education aggregation
Metropolitan Area,22020,"Fargo, ND-MN",Associate's degree,3160.0,2.1287,2.5,32.45,67500.0,1.4,31.35,65200.0,42050.0,50110.0,81490.0,94850.0,BLS OEWS May 2025 special education aggregation
Metropolitan Area,22020,"Fargo, ND-MN",Postsecondary nondegree award,11060.0,7.4413,1.3,26.85,55850.0,1.0,25.06,52120.0,36230.0,44720.0,62360.0,77920.0,BLS OEWS May 2025 special education aggregation
Metropolitan Area,22020,"Fargo, ND-MN","Some college, no degree",3960.0,2.6605,2.5,23.66,49210.0,0.9,22.0,45760.0,35720.0,38780.0,57870.0,66920.0,BLS OEWS May 2025 special education aggregation
Metropolitan Area,22020,"Fargo, ND-MN",High school diploma or equivalent,51860.0,34.8862,0.6,26.75,55640.0,0.4,23.65,49190.0,35110.0,39780.0,63200.0,81390.0,BLS OEWS May 2025 special education aggregation
Metropolitan Area,22020,"Fargo, ND-MN",No formal educational credential,36930.0,24.8421,0.7,19.13,39790.0,0.5,17.73,36880.0,27670.0,30630.0,46200.0,57060.0,BLS OEWS May 2025 special education aggregation
Metropolitan Area,22140,"Farmington, NM",Doctoral or professional degree,1000.0,2.103,3.9,88.84,184780.0,2.2,61.87,128680.0,52610.0,78350.0,255610.0,449310.0,BLS OEWS May 2025 special education aggregation
Metropolitan Area,22140,"Farmington, NM",Master's degree,960.0,2.0048,3.9,46.63,96980.0,1.2,46.32,96350.0,57930.0,73090.0,120640.0,133440.0,BLS OEWS May 2025 special education aggregation
Metropolitan Area,22140,"Farmington, NM",Bachelor's degree,7630.0,16.008000000000003,1.5,41.94,87240.0,0.8,37.17,77310.0,46770.0,61030.0,99990.0,133240.0,BLS OEWS May 2025 special education aggregation
Metropolitan Area,22140,"Farmington, NM",Associate's degree,950.0,1.9841000000000002,5.4,30.7,63860.0,3.0,29.37,61090.0,34950.0,45600.0,81750.0,95930.0,BLS OEWS May 2025 special education aggregation
Metropolitan Area,22140,"Farmington, NM",Postsecondary nondegree award,3360.0,7.0403,2.4,23.38,48620.0,0.7,21.95,45650.0,33800.0,37440.0,58160.0,69730.0,BLS OEWS May 2025 special education aggregation
Metropolitan Area,22140,"Farmington, NM","Some college, no degree",1310.0,2.7451,3.0,21.77,45290.0,0.8,21.33,44360.0,30460.0,37820.0,48750.0,61900.0,BLS OEWS May 2025 special education aggregation
Metropolitan Area,22140,"Farmington, NM",High school diploma or equivalent,18920.0,39.6837,0.9,24.79,51560.0,0.6,22.18,46140.0,27660.0,35220.0,60680.0,81940.0,BLS OEWS May 2025 special education aggregation
Metropolitan Area,22140,"Farmington, NM",No formal educational credential,13550.0,28.431099999999997,1.1,18.0,37450.0,0.7,16.6,34520.0,26800.0,28350.0,40500.0,53710.0,BLS OEWS May 2025 special education aggregation
Metropolitan Area,22180,"Fayetteville, NC",Doctoral or professional degree,2960.0,2.2525,3.0,91.59,190510.0,3.7,65.0,135190.0,65880.0,81680.0,288350.0,424760.0,BLS OEWS May 2025 special education aggregation
Metropolitan Area,22180,"Fayetteville, NC",Master's degree,3350.0,2.5458,2.8,41.93,87210.0,0.9,36.24,75380.0,42800.0,56360.0,104030.0,138690.0,BLS OEWS May 2025 special education aggregation
Metropolitan Area,22180,"Fayetteville, NC",Bachelor's degree,29850.0,22.7153,0.8,42.41,88210.0,0.5,38.73,80550.0,44830.0,56860.0,109250.0,139340.0,BLS OEWS May 2025 special education aggregation
Metropolitan Area,22180,"Fayetteville, NC",Associate's degree,3380.0,2.5716,2.6,29.8,61980.0,1.2,29.32,60990.0,31400.0,39760.0,79460.0,96550.0,BLS OEWS May 2025 special education aggregation
Metropolitan Area,22180,"Fayetteville, NC",Postsecondary nondegree award,10850.0,8.2539,1.7,23.47,48820.0,0.6,21.82,45390.0,32130.0,36870.0,58630.0,71340.0,BLS OEWS May 2025 special education aggregation
Metropolitan Area,22180,"Fayetteville, NC","Some college, no degree",2850.0,2.1658,2.6,20.25,42110.0,1.7,17.65,36720.0,26690.0,29680.0,49300.0,62200.0,BLS OEWS May 2025 special education aggregation
Metropolitan Area,22180,"Fayetteville, NC",High school diploma or equivalent,41170.0,31.327800000000003,0.7,24.05,50020.0,0.6,21.85,45450.0,28640.0,35480.0,60160.0,78050.0,BLS OEWS May 2025 special education aggregation
Metropolitan Area,22180,"Fayetteville, NC",No formal educational credential,37020.0,28.167399999999997,0.7,16.06,33410.0,0.8,14.68,30530.0,21800.0,26340.0,37150.0,47240.0,BLS OEWS May 2025 special education aggregation
Metropolitan Area,22220,"Fayetteville-Springdale-Rogers, AR",Doctoral or professional degree,5090.0,1.8507000000000002,3.9,69.14,143810.0,3.2,51.88,107910.0,52600.0,73360.0,178910.0,285720.0,BLS OEWS May 2025 special education aggregation
Metropolitan Area,22220,"Fayetteville-Springdale-Rogers, AR",Master's degree,5190.0,1.8873000000000002,3.1,44.74,93050.0,1.6,40.44,84120.0,45040.0,62460.0,114500.0,144250.0,BLS OEWS May 2025 special education aggregation
Metropolitan Area,22220,"Fayetteville-Springdale-Rogers, AR",Bachelor's degree,70470.0,25.609500000000004,0.7,46.56,96850.0,0.9,38.48,80030.0,44530.0,59980.0,118170.0,168760.0,BLS OEWS May 2025 special education aggregation
Metropolitan Area,22220,"Fayetteville-Springdale-Rogers, AR",Associate's degree,5050.0,1.8338,3.6,30.46,63350.0,1.4,29.2,60730.0,35330.0,44920.0,79070.0,94740.0,BLS OEWS May 2025 special education aggregation
Metropolitan Area,22220,"Fayetteville-Springdale-Rogers, AR",Postsecondary nondegree award,20200.0,7.3396,1.6,25.55,53140.0,0.7,23.49,48860.0,33460.0,37630.0,61660.0,76250.0,BLS OEWS May 2025 special education aggregation
Metropolitan Area,22220,"Fayetteville-Springdale-Rogers, AR","Some college, no degree",5970.0,2.1708,2.4,20.35,42330.0,1.0,18.36,38200.0,26580.0,29250.0,49100.0,61050.0,BLS OEWS May 2025 special education aggregation
Metropolitan Area,22220,"Fayetteville-Springdale-Rogers, AR",High school diploma or equivalent,92620.0,33.657,0.8,24.6,51170.0,0.5,21.73,45190.0,30090.0,36360.0,58810.0,76900.0,BLS OEWS May 2025 special education aggregation
Metropolitan Area,22220,"Fayetteville-Springdale-Rogers, AR",No formal educational credential,70590.0,25.651400000000002,0.9,16.53,34380.0,0.4,15.42,32080.0,25730.0,27970.0,37630.0,45930.0,BLS OEWS May 2025 special education aggregation
Metropolitan Area,22380,"Flagstaff, AZ",Doctoral or professional degree,1930.0,2.8992999999999998,1.5,75.6,157260.0,2.2,50.07,104150.0,64350.0,79240.0,163260.0,415010.0,BLS OEWS May 2025 special education aggregation
Metropolitan Area,22380,"Flagstaff, AZ",Master's degree,2340.0,3.5136000000000003,1.1,41.85,87050.0,0.6,36.26,75430.0,48160.0,57670.0,102030.0,139480.0,BLS OEWS May 2025 special education aggregation
Metropolitan Area,22380,"Flagstaff, AZ",Bachelor's degree,13180.0,19.7945,0.9,43.56,90600.0,0.8,37.76,78540.0,47540.0,60180.0,108890.0,139790.0,BLS OEWS May 2025 special education aggregation
Metropolitan Area,22380,"Flagstaff, AZ",Associate's degree,1470.0,2.2056,2.6,30.91,64280.0,1.1,28.36,58990.0,37140.0,44950.0,78760.0,100420.0,BLS OEWS May 2025 special education aggregation
Metropolitan Area,22380,"Flagstaff, AZ",Postsecondary nondegree award,3570.0,5.352600000000001,2.2,26.91,55960.0,1.1,23.58,49050.0,37900.0,44300.0,61790.0,80510.0,BLS OEWS May 2025 special education aggregation
Metropolitan Area,22380,"Flagstaff, AZ","Some college, no degree",1340.0,2.0068,2.1,23.44,48740.0,0.7,21.7,45140.0,35570.0,37530.0,55400.0,68460.0,BLS OEWS May 2025 special education aggregation
Metropolitan Area,22380,"Flagstaff, AZ",High school diploma or equivalent,21460.0,32.214600000000004,0.7,25.82,53710.0,0.9,22.84,47510.0,35010.0,38690.0,60410.0,78590.0,BLS OEWS May 2025 special education aggregation
Metropolitan Area,22380,"Flagstaff, AZ",No formal educational credential,21320.0,32.0129,0.8,19.5,40570.0,0.6,17.68,36780.0,31570.0,34030.0,43370.0,50270.0,BLS OEWS May 2025 special education aggregation
Metropolitan Area,22420,"Flint, MI",Doctoral or professional degree,2740.0,2.0279,3.1,66.61,138550.0,4.3,49.79,103570.0,49180.0,64070.0,162230.0,311810.0,BLS OEWS May 2025 special education aggregation
Metropolitan Area,22420,"Flint, MI",Master's degree,3290.0,2.4396999999999998,3.9,42.49,88370.0,2.3,38.16,79370.0,44760.0,56330.0,107280.0,130480.0,BLS OEWS May 2025 special education aggregation
Metropolitan Area,22420,"Flint, MI",Bachelor's degree,25450.0,18.8472,1.1,43.29,90040.0,0.5,38.71,80510.0,45430.0,60250.0,103130.0,135390.0,BLS OEWS May 2025 special education aggregation
Metropolitan Area,22420,"Flint, MI",Associate's degree,3070.0,2.2706,2.5,29.35,61050.0,1.1,29.46,61270.0,31760.0,39420.0,79440.0,88140.0,BLS OEWS May 2025 special education aggregation
Metropolitan Area,22420,"Flint, MI",Postsecondary nondegree award,8580.0,6.357,1.8,24.61,51180.0,1.0,22.22,46220.0,35260.0,38320.0,59380.0,75970.0,BLS OEWS May 2025 special education aggregation
Metropolitan Area,22420,"Flint, MI","Some college, no degree",3720.0,2.7521,2.5,20.38,42380.0,0.9,18.14,37720.0,29250.0,32080.0,48350.0,61030.0,BLS OEWS May 2025 special education aggregation
Metropolitan Area,22420,"Flint, MI",High school diploma or equivalent,52140.0,38.6083,0.6,24.63,51230.0,0.3,21.59,44900.0,30790.0,36090.0,61220.0,78530.0,BLS OEWS May 2025 special education aggregation
Metropolitan Area,22420,"Flint, MI",No formal educational credential,36050.0,26.697300000000002,0.7,18.53,38530.0,0.4,16.56,34450.0,26610.0,28660.0,41540.0,59800.0,BLS OEWS May 2025 special education aggregation
Metropolitan Area,22500,"Florence, SC",Doctoral or professional degree,2130.0,2.3891,3.0,83.47,173620.0,4.8,60.3,125430.0,61300.0,73110.0,242240.0,392610.0,BLS OEWS May 2025 special education aggregation
Metropolitan Area,22500,"Florence, SC",Master's degree,2140.0,2.4055,2.6,38.92,80960.0,2.3,36.13,75140.0,39190.0,52180.0,103360.0,129180.0,BLS OEWS May 2025 special education aggregation
Metropolitan Area,22500,"Florence, SC",Bachelor's degree,16730.0,18.7876,0.9,43.77,91040.0,0.6,36.54,76000.0,43930.0,58360.0,105740.0,163640.0,BLS OEWS May 2025 special education aggregation
Metropolitan Area,22500,"Florence, SC",Associate's degree,,,,31.61,65750.0,1.2,29.67,61720.0,33740.0,45990.0,81590.0,103290.0,BLS OEWS May 2025 special education aggregation
Metropolitan Area,22500,"Florence, SC",Postsecondary nondegree award,7210.0,8.098,1.6,24.17,50270.0,0.6,22.05,45870.0,30850.0,36210.0,60310.0,72890.0,BLS OEWS May 2025 special education aggregation
Metropolitan Area,22500,"Florence, SC","Some college, no degree",,,,18.43,38340.0,1.1,17.34,36060.0,22830.0,22830.0,47440.0,61410.0,BLS OEWS May 2025 special education aggregation
Metropolitan Area,22500,"Florence, SC",High school diploma or equivalent,33960.0,38.137,0.9,22.84,47510.0,0.4,20.45,42530.0,28160.0,33420.0,55910.0,74280.0,BLS OEWS May 2025 special education aggregation
Metropolitan Area,22500,"Florence, SC",No formal educational credential,23110.0,25.949400000000004,0.8,15.31,31850.0,0.5,14.42,30000.0,21040.0,24020.0,36200.0,45320.0,BLS OEWS May 2025 special education aggregation
Metropolitan Area,22520,"Florence-Muscle Shoals, AL",Doctoral or professional degree,1120.0,1.9997,3.1,68.69,142870.0,5.5,47.33,98450.0,60090.0,66520.0,151070.0,336020.0,BLS OEWS May 2025 special education aggregation
Metropolitan Area,22520,"Florence-Muscle Shoals, AL",Master's degree,1030.0,1.8332000000000002,3.8,41.43,86170.0,1.9,38.04,79110.0,43400.0,57900.0,101600.0,125830.0,BLS OEWS May 2025 special education aggregation
Metropolitan Area,22520,"Florence-Muscle Shoals, AL",Bachelor's degree,9910.0,17.6732,0.8,36.08,75040.0,0.6,31.07,64630.0,27190.0,49360.0,88510.0,128650.0,BLS OEWS May 2025 special education aggregation
Metropolitan Area,22520,"Florence-Muscle Shoals, AL",Associate's degree,1210.0,2.1513999999999998,2.4,25.45,52930.0,1.2,24.5,50960.0,27660.0,33430.0,65100.0,80580.0,BLS OEWS May 2025 special education aggregation
Metropolitan Area,22520,"Florence-Muscle Shoals, AL",Postsecondary nondegree award,4000.0,7.125400000000001,2.0,21.49,44690.0,0.7,18.59,38680.0,29890.0,34020.0,51140.0,64700.0,BLS OEWS May 2025 special education aggregation
Metropolitan Area,22520,"Florence-Muscle Shoals, AL","Some college, no degree",960.0,1.7138000000000002,5.4,18.4,38260.0,1.1,17.36,36100.0,22710.0,26400.0,46530.0,56430.0,BLS OEWS May 2025 special education aggregation
Metropolitan Area,22520,"Florence-Muscle Shoals, AL",High school diploma or equivalent,22210.0,39.5854,0.7,23.1,48050.0,0.7,20.25,42120.0,27490.0,33910.0,58460.0,77150.0,BLS OEWS May 2025 special education aggregation
Metropolitan Area,22520,"Florence-Muscle Shoals, AL",No formal educational credential,15660.0,27.918,0.6,14.98,31150.0,0.6,13.89,28880.0,20920.0,23490.0,35210.0,44690.0,BLS OEWS May 2025 special education aggregation
Metropolitan Area,22540,"Fond du Lac, WI",Doctoral or professional degree,660.0,1.5082,8.5,85.42,177680.0,9.7,50.89,105860.0,60470.0,79470.0,211480.0,476730.0,BLS OEWS May 2025 special education aggregation
Metropolitan Area,22540,"Fond du Lac, WI",Master's degree,860.0,1.9665,5.6,44.32,92180.0,3.6,38.87,80850.0,48530.0,60980.0,122210.0,139160.0,BLS OEWS May 2025 special education aggregation
Metropolitan Area,22540,"Fond du Lac, WI",Bachelor's degree,8570.0,19.5255,1.1,48.63,101150.0,0.7,39.86,82910.0,49350.0,63040.0,117200.0,161070.0,BLS OEWS May 2025 special education aggregation
Metropolitan Area,22540,"Fond du Lac, WI",Associate's degree,880.0,1.9972,2.3,32.65,67900.0,0.9,32.83,68290.0,35950.0,47300.0,84090.0,96320.0,BLS OEWS May 2025 special education aggregation
Metropolitan Area,22540,"Fond du Lac, WI",Postsecondary nondegree award,3210.0,7.301699999999999,1.7,26.02,54110.0,1.2,24.31,50560.0,36840.0,44490.0,60920.0,75370.0,BLS OEWS May 2025 special education aggregation
Metropolitan Area,22540,"Fond du Lac, WI","Some college, no degree",900.0,2.0583,3.2,22.6,47010.0,0.8,21.63,44980.0,31330.0,36780.0,55600.0,64290.0,BLS OEWS May 2025 special education aggregation
Metropolitan Area,22540,"Fond du Lac, WI",High school diploma or equivalent,18280.0,41.6303,0.6,26.76,55650.0,0.5,24.17,50260.0,33390.0,40070.0,62080.0,83020.0,BLS OEWS May 2025 special education aggregation
Metropolitan Area,22540,"Fond du Lac, WI",No formal educational credential,10540.0,24.0129,0.6,17.49,36380.0,0.6,16.49,34290.0,22670.0,28150.0,42450.0,52240.0,BLS OEWS May 2025 special education aggregation
Metropolitan Area,22660,"Fort Collins-Loveland, CO",Doctoral or professional degree,5420.0,3.1998,1.7,65.88,137020.0,3.9,50.89,105840.0,50110.0,66420.0,162070.0,278130.0,BLS OEWS May 2025 special education aggregation
Metropolitan Area,22660,"Fort Collins-Loveland, CO",Master's degree,4400.0,2.5941,1.8,48.08,100010.0,6.6,40.02,83240.0,51170.0,63820.0,118560.0,154340.0,BLS OEWS May 2025 special education aggregation
Metropolitan Area,22660,"Fort Collins-Loveland, CO",Bachelor's degree,43190.0,25.490000000000002,0.6,51.21,106530.0,0.6,44.94,93480.0,52650.0,67280.0,128890.0,174640.0,BLS OEWS May 2025 special education aggregation
Metropolitan Area,22660,"Fort Collins-Loveland, CO",Associate's degree,4280.0,2.5263999999999998,5.1,35.22,73250.0,0.9,31.74,66010.0,45520.0,52730.0,90430.0,107020.0,BLS OEWS May 2025 special education aggregation
Metropolitan Area,22660,"Fort Collins-Loveland, CO",Postsecondary nondegree award,9560.0,5.6441,2.2,28.73,59750.0,0.8,25.55,53140.0,38850.0,45580.0,65790.0,93670.0,BLS OEWS May 2025 special education aggregation
Metropolitan Area,22660,"Fort Collins-Loveland, CO","Some college, no degree",4040.0,2.3850000000000002,2.7,24.95,51890.0,1.0,23.39,48640.0,30800.0,33040.0,62150.0,79170.0,BLS OEWS May 2025 special education aggregation
Metropolitan Area,22660,"Fort Collins-Loveland, CO",High school diploma or equivalent,55440.0,32.7239,0.7,28.33,58920.0,0.4,24.3,50550.0,36650.0,41890.0,67330.0,89930.0,BLS OEWS May 2025 special education aggregation
Metropolitan Area,22660,"Fort Collins-Loveland, CO",No formal educational credential,43100.0,25.436600000000002,0.7,20.31,42240.0,0.5,18.09,37630.0,31350.0,34780.0,46260.0,57140.0,BLS OEWS May 2025 special education aggregation
Metropolitan Area,22900,"Fort Smith, AR-OK",Doctoral or professional degree,1470.0,1.5352999999999999,4.5,64.43,134020.0,5.8,47.37,98520.0,48720.0,61780.0,149990.0,318960.0,BLS OEWS May 2025 special education aggregation
Metropolitan Area,22900,"Fort Smith, AR-OK",Master's degree,1800.0,1.8843,5.6,41.19,85680.0,2.6,38.66,80410.0,37680.0,56830.0,107530.0,136760.0,BLS OEWS May 2025 special education aggregation
Metropolitan Area,22900,"Fort Smith, AR-OK",Bachelor's degree,17470.0,18.2815,0.8,37.63,78270.0,0.9,31.83,66200.0,37960.0,49780.0,93110.0,127620.0,BLS OEWS May 2025 special education aggregation
Metropolitan Area,22900,"Fort Smith, AR-OK",Associate's degree,1620.0,1.6995999999999998,3.1,31.16,64820.0,1.6,29.31,60960.0,35830.0,46080.0,79440.0,99780.0,BLS OEWS May 2025 special education aggregation
Metropolitan Area,22900,"Fort Smith, AR-OK",Postsecondary nondegree award,7860.0,8.220600000000001,2.0,21.71,45160.0,0.7,20.36,42340.0,29160.0,34590.0,54290.0,63170.0,BLS OEWS May 2025 special education aggregation
Metropolitan Area,22900,"Fort Smith, AR-OK","Some college, no degree",2120.0,2.2218,2.9,19.51,40580.0,1.8,18.2,37860.0,24890.0,29530.0,47530.0,58550.0,BLS OEWS May 2025 special education aggregation
Metropolitan Area,22900,"Fort Smith, AR-OK",High school diploma or equivalent,36510.0,38.209500000000006,0.6,21.99,45750.0,0.4,19.57,40700.0,28300.0,33790.0,51710.0,65950.0,BLS OEWS May 2025 special education aggregation
Metropolitan Area,22900,"Fort Smith, AR-OK",No formal educational credential,26710.0,27.9472,0.7,15.69,32630.0,0.4,14.56,30270.0,23270.0,26490.0,37020.0,44090.0,BLS OEWS May 2025 special education aggregation
Metropolitan Area,23060,"Fort Wayne, IN",Doctoral or professional degree,4610.0,2.0427,2.0,92.3,191990.0,2.1,62.55,130100.0,63430.0,79730.0,296730.0,395090.0,BLS OEWS May 2025 special education aggregation
Metropolitan Area,23060,"Fort Wayne, IN",Master's degree,4870.0,2.1592,2.4,41.92,87200.0,1.7,38.04,79110.0,43620.0,58840.0,109760.0,129990.0,BLS OEWS May 2025 special education aggregation
Metropolitan Area,23060,"Fort Wayne, IN",Bachelor's degree,42780.0,18.9695,0.7,43.32,90100.0,0.7,38.27,79610.0,46760.0,60150.0,101650.0,141250.0,BLS OEWS May 2025 special education aggregation
Metropolitan Area,23060,"Fort Wayne, IN",Associate's degree,4640.0,2.059,2.4,31.91,66380.0,0.8,30.69,63840.0,37550.0,48420.0,80610.0,95200.0,BLS OEWS May 2025 special education aggregation
Metropolitan Area,23060,"Fort Wayne, IN",Postsecondary nondegree award,18380.0,8.149899999999999,1.9,25.41,52860.0,0.8,23.25,48360.0,36000.0,38490.0,62630.0,75860.0,BLS OEWS May 2025 special education aggregation
Metropolitan Area,23060,"Fort Wayne, IN","Some college, no degree",4870.0,2.1581,3.5,21.75,45250.0,1.0,21.48,44680.0,28860.0,34930.0,51170.0,63310.0,BLS OEWS May 2025 special education aggregation
Metropolitan Area,23060,"Fort Wayne, IN",High school diploma or equivalent,90300.0,40.0406,0.5,25.6,53240.0,0.3,22.89,47620.0,31840.0,38030.0,61970.0,78640.0,BLS OEWS May 2025 special education aggregation
Metropolitan Area,23060,"Fort Wayne, IN",No formal educational credential,55070.0,24.421,0.6,17.21,35790.0,0.5,16.53,34370.0,23170.0,28510.0,39380.0,48680.0,BLS OEWS May 2025 special education aggregation
Metropolitan Area,23420,"Fresno, CA",Doctoral or professional degree,10020.0,2.102,2.9,84.6,175970.0,3.7,68.84,143190.0,70510.0,101990.0,203860.0,368550.0,BLS OEWS May 2025 special education aggregation
Metropolitan Area,23420,"Fresno, CA",Master's degree,11670.0,2.4474,2.0,48.76,101430.0,1.8,47.06,97880.0,45180.0,60360.0,129810.0,163920.0,BLS OEWS May 2025 special education aggregation
Metropolitan Area,23420,"Fresno, CA",Bachelor's degree,93680.0,19.643700000000003,0.8,48.67,101220.0,1.4,43.55,90580.0,47320.0,61580.0,124450.0,164960.0,BLS OEWS May 2025 special education aggregation
Metropolitan Area,23420,"Fresno, CA",Associate's degree,9260.0,1.9425000000000001,2.2,35.67,74190.0,0.9,31.93,66410.0,39430.0,48170.0,95460.0,111030.0,BLS OEWS May 2025 special education aggregation
Metropolitan Area,23420,"Fresno, CA",Postsecondary nondegree award,30830.0,6.4655000000000005,1.1,27.55,57290.0,0.6,24.24,50430.0,36960.0,43900.0,65840.0,80330.0,BLS OEWS May 2025 special education aggregation
Metropolitan Area,23420,"Fresno, CA","Some college, no degree",13650.0,2.8614,3.1,24.29,50520.0,1.1,22.34,46480.0,37280.0,40490.0,58180.0,66640.0,BLS OEWS May 2025 special education aggregation
Metropolitan Area,23420,"Fresno, CA",High school diploma or equivalent,165290.0,34.6594,0.5,26.22,54530.0,0.4,22.13,46030.0,34320.0,35780.0,62170.0,85260.0,BLS OEWS May 2025 special education aggregation
Metropolitan Area,23420,"Fresno, CA",No formal educational credential,142480.0,29.877999999999997,0.5,19.73,41040.0,0.3,17.59,36600.0,34320.0,34540.0,43330.0,52100.0,BLS OEWS May 2025 special education aggregation
Metropolitan Area,23460,"Gadsden, AL",Doctoral or professional degree,660.0,1.9994,4.8,74.61,155190.0,6.1,55.94,116360.0,58400.0,73700.0,175560.0,339860.0,BLS OEWS May 2025 special education aggregation
Metropolitan Area,23460,"Gadsden, AL",Master's degree,930.0,2.7921,4.8,40.71,84680.0,6.3,36.06,74990.0,37080.0,53940.0,103700.0,140240.0,BLS OEWS May 2025 special education aggregation
Metropolitan Area,23460,"Gadsden, AL",Bachelor's degree,5570.0,16.767699999999998,1.3,35.14,73090.0,1.0,31.0,64480.0,37170.0,49310.0,81560.0,112860.0,BLS OEWS May 2025 special education aggregation
Metropolitan Area,23460,"Gadsden, AL",Associate's degree,900.0,2.6961,6.1,25.77,53610.0,3.4,26.93,56010.0,27850.0,38090.0,65060.0,76180.0,BLS OEWS May 2025 special education aggregation
Metropolitan Area,23460,"Gadsden, AL",Postsecondary nondegree award,2890.0,8.6955,1.6,20.41,42440.0,0.7,17.96,37350.0,28890.0,31330.0,48720.0,64270.0,BLS OEWS May 2025 special education aggregation
Metropolitan Area,23460,"Gadsden, AL","Some college, no degree",540.0,1.6216000000000002,4.0,17.5,36390.0,1.6,16.83,35000.0,20850.0,23210.0,45770.0,55360.0,BLS OEWS May 2025 special education aggregation
Metropolitan Area,23460,"Gadsden, AL",High school diploma or equivalent,11950.0,35.973200000000006,0.9,20.29,42190.0,0.7,17.77,36960.0,24100.0,29800.0,48290.0,63550.0,BLS OEWS May 2025 special education aggregation
Metropolitan Area,23460,"Gadsden, AL",No formal educational credential,9780.0,29.4548,0.8,14.32,29780.0,0.6,13.59,28260.0,20420.0,22910.0,34800.0,39380.0,BLS OEWS May 2025 special education aggregation
Metropolitan Area,23540,"Gainesville, FL",Doctoral or professional degree,6470.0,4.2372,1.9,55.81,116090.0,3.9,35.09,72990.0,54700.0,60050.0,129590.0,261680.0,BLS OEWS May 2025 special education aggregation
Metropolitan Area,23540,"Gainesville, FL",Master's degree,8550.0,5.6015999999999995,0.9,37.35,77690.0,0.8,32.24,67060.0,47020.0,47600.0,97130.0,125310.0,BLS OEWS May 2025 special education aggregation
Metropolitan Area,23540,"Gainesville, FL",Bachelor's degree,36780.0,24.089199999999998,0.6,41.51,86340.0,0.8,37.47,77940.0,37560.0,53320.0,98780.0,136440.0,BLS OEWS May 2025 special education aggregation
Metropolitan Area,23540,"Gainesville, FL",Associate's degree,4110.0,2.6953,2.8,29.86,62120.0,0.9,29.57,61500.0,33830.0,39500.0,78140.0,94240.0,BLS OEWS May 2025 special education aggregation
Metropolitan Area,23540,"Gainesville, FL",Postsecondary nondegree award,11700.0,7.663200000000001,0.9,23.4,48670.0,0.5,21.77,45290.0,34980.0,36990.0,58240.0,71280.0,BLS OEWS May 2025 special education aggregation
Metropolitan Area,23540,"Gainesville, FL","Some college, no degree",3210.0,2.105,1.7,21.82,45390.0,0.8,20.18,41980.0,30990.0,35040.0,49990.0,63900.0,BLS OEWS May 2025 special education aggregation
Metropolitan Area,23540,"Gainesville, FL",High school diploma or equivalent,46430.0,30.4123,0.5,23.46,48800.0,0.4,21.37,44450.0,31540.0,35710.0,56380.0,74170.0,BLS OEWS May 2025 special education aggregation
Metropolitan Area,23540,"Gainesville, FL",No formal educational credential,35410.0,23.1963,0.6,17.45,36290.0,0.4,16.46,34240.0,27510.0,28740.0,38570.0,48210.0,BLS OEWS May 2025 special education aggregation
Metropolitan Area,23580,"Gainesville, GA",Doctoral or professional degree,2350.0,2.2656,3.5,81.8,170150.0,3.3,55.5,115430.0,54020.0,69140.0,211800.0,422690.0,BLS OEWS May 2025 special education aggregation
Metropolitan Area,23580,"Gainesville, GA",Master's degree,1790.0,1.7196000000000002,3.0,46.13,95960.0,2.9,41.7,86740.0,47420.0,63980.0,118170.0,139360.0,BLS OEWS May 2025 special education aggregation
Metropolitan Area,23580,"Gainesville, GA",Bachelor's degree,20280.0,19.5208,0.8,44.58,92720.0,0.7,38.54,80170.0,43700.0,59440.0,111840.0,149990.0,BLS OEWS May 2025 special education aggregation
Metropolitan Area,23580,"Gainesville, GA",Associate's degree,2410.0,2.3213999999999997,3.1,34.3,71350.0,1.1,31.69,65910.0,38250.0,48240.0,91860.0,106850.0,BLS OEWS May 2025 special education aggregation
Metropolitan Area,23580,"Gainesville, GA",Postsecondary nondegree award,7850.0,7.556,1.7,25.59,53240.0,0.6,22.99,47810.0,36160.0,39460.0,61320.0,78040.0,BLS OEWS May 2025 special education aggregation
Metropolitan Area,23580,"Gainesville, GA","Some college, no degree",1930.0,1.8614000000000002,2.5,21.59,44910.0,1.3,21.04,43760.0,23570.0,30580.0,54320.0,64290.0,BLS OEWS May 2025 special education aggregation
Metropolitan Area,23580,"Gainesville, GA",High school diploma or equivalent,37270.0,35.8794,0.7,24.75,51490.0,0.4,22.36,46510.0,31680.0,37470.0,59090.0,77700.0,BLS OEWS May 2025 special education aggregation
Metropolitan Area,23580,"Gainesville, GA",No formal educational credential,29990.0,28.875700000000002,0.6,17.32,36020.0,0.8,17.1,35570.0,22880.0,28740.0,39790.0,46220.0,BLS OEWS May 2025 special education aggregation
Metropolitan Area,23900,"Gettysburg, PA",Doctoral or professional degree,710.0,2.2276,4.2,69.58,144720.0,7.0,48.49,100870.0,61030.0,75190.0,162100.0,358230.0,BLS OEWS May 2025 special education aggregation
Metropolitan Area,23900,"Gettysburg, PA",Master's degree,770.0,2.413,4.1,44.85,93290.0,2.8,40.55,84340.0,44490.0,59580.0,121150.0,141710.0,BLS OEWS May 2025 special education aggregation
Metropolitan Area,23900,"Gettysburg, PA",Bachelor's degree,5820.0,18.2328,1.0,42.83,89090.0,1.0,37.96,78950.0,46010.0,61320.0,100220.0,137300.0,BLS OEWS May 2025 special education aggregation
Metropolitan Area,23900,"Gettysburg, PA",Associate's degree,470.0,1.4853999999999998,4.0,28.8,59910.0,1.9,26.89,55930.0,30660.0,38070.0,77110.0,96300.0,BLS OEWS May 2025 special education aggregation
Metropolitan Area,23900,"Gettysburg, PA",Postsecondary nondegree award,2210.0,6.9209000000000005,1.6,25.08,52160.0,0.9,23.27,48400.0,37370.0,42030.0,59470.0,72330.0,BLS OEWS May 2025 special education aggregation
Metropolitan Area,23900,"Gettysburg, PA","Some college, no degree",730.0,2.289,2.9,21.13,43950.0,1.4,19.55,40660.0,29000.0,33510.0,50460.0,62090.0,BLS OEWS May 2025 special education aggregation
Metropolitan Area,23900,"Gettysburg, PA",High school diploma or equivalent,12260.0,38.385000000000005,0.8,24.55,51060.0,0.6,22.63,47080.0,30810.0,37690.0,58530.0,75130.0,BLS OEWS May 2025 special education aggregation
Metropolitan Area,23900,"Gettysburg, PA",No formal educational credential,8960.0,28.046,1.1,16.81,34970.0,0.6,15.91,33090.0,22530.0,27550.0,39140.0,48360.0,BLS OEWS May 2025 special education aggregation
Metropolitan Area,24020,"Glens Falls, NY",Doctoral or professional degree,900.0,1.8032,3.0,77.89,162010.0,4.2,60.68,126210.0,66770.0,86270.0,180750.0,335420.0,BLS OEWS May 2025 special education aggregation
Metropolitan Area,24020,"Glens Falls, NY",Master's degree,1290.0,2.5832,2.5,40.93,85130.0,1.5,35.92,74720.0,47890.0,57820.0,105470.0,135850.0,BLS OEWS May 2025 special education aggregation
Metropolitan Area,24020,"Glens Falls, NY",Bachelor's degree,9820.0,19.5882,0.9,46.6,96920.0,1.0,39.73,82640.0,50150.0,62780.0,111820.0,156450.0,BLS OEWS May 2025 special education aggregation
Metropolitan Area,24020,"Glens Falls, NY",Associate's degree,890.0,1.7736999999999998,3.5,33.82,70350.0,1.0,31.39,65280.0,43320.0,52170.0,83700.0,100020.0,BLS OEWS May 2025 special education aggregation
Metropolitan Area,24020,"Glens Falls, NY",Postsecondary nondegree award,3120.0,6.2324,2.0,25.37,52770.0,0.7,23.24,48350.0,37780.0,40940.0,60990.0,72550.0,BLS OEWS May 2025 special education aggregation
Metropolitan Area,24020,"Glens Falls, NY","Some college, no degree",1690.0,3.3684,2.3,22.15,46070.0,1.5,19.13,39790.0,32240.0,35460.0,50870.0,62580.0,BLS OEWS May 2025 special education aggregation
Metropolitan Area,24020,"Glens Falls, NY",High school diploma or equivalent,19280.0,38.4567,0.5,26.48,55070.0,0.5,23.44,48740.0,35510.0,39080.0,62560.0,81000.0,BLS OEWS May 2025 special education aggregation
Metropolitan Area,24020,"Glens Falls, NY",No formal educational credential,13130.0,26.1943,0.6,19.94,41470.0,0.5,17.41,36210.0,32240.0,33220.0,44940.0,57390.0,BLS OEWS May 2025 special education aggregation
Metropolitan Area,24140,"Goldsboro, NC",Doctoral or professional degree,650.0,1.6008,3.1,70.7,147060.0,3.9,53.42,111120.0,52940.0,74590.0,181090.0,313120.0,BLS OEWS May 2025 special education aggregation
Metropolitan Area,24140,"Goldsboro, NC",Master's degree,870.0,2.1671,4.2,37.99,79030.0,2.1,32.48,67560.0,39990.0,51170.0,98800.0,129200.0,BLS OEWS May 2025 special education aggregation
Metropolitan Area,24140,"Goldsboro, NC",Bachelor's degree,7220.0,17.9036,0.9,37.99,79010.0,0.6,32.36,67300.0,44310.0,49550.0,93500.0,128620.0,BLS OEWS May 2025 special education aggregation
Metropolitan Area,24140,"Goldsboro, NC",Associate's degree,850.0,2.0991,4.0,26.7,55540.0,1.7,23.99,49890.0,28190.0,34860.0,74380.0,91590.0,BLS OEWS May 2025 special education aggregation
Metropolitan Area,24140,"Goldsboro, NC",Postsecondary nondegree award,2810.0,6.968500000000001,1.9,23.29,48440.0,0.7,21.42,44550.0,32440.0,37190.0,55670.0,73930.0,BLS OEWS May 2025 special education aggregation
Metropolitan Area,24140,"Goldsboro, NC","Some college, no degree",920.0,2.2849,2.9,19.6,40770.0,1.1,17.88,37190.0,27040.0,29660.0,47920.0,60800.0,BLS OEWS May 2025 special education aggregation
Metropolitan Area,24140,"Goldsboro, NC",High school diploma or equivalent,14160.0,35.1308,0.8,22.61,47030.0,0.6,20.23,42070.0,28980.0,35790.0,52450.0,71060.0,BLS OEWS May 2025 special education aggregation
Metropolitan Area,24140,"Goldsboro, NC",No formal educational credential,12840.0,31.8454,0.6,15.77,32800.0,0.5,15.07,31340.0,21440.0,26690.0,36440.0,44920.0,BLS OEWS May 2025 special education aggregation
Metropolitan Area,24220,"Grand Forks, ND-MN",Doctoral or professional degree,1740.0,3.3507,1.6,78.26,162770.0,2.2,48.97,101850.0,63530.0,79960.0,161820.0,360940.0,BLS OEWS May 2025 special education aggregation
Metropolitan Area,24220,"Grand Forks, ND-MN",Master's degree,1520.0,2.9158999999999997,2.1,45.57,94790.0,1.0,38.12,79290.0,47890.0,60970.0,104370.0,140490.0,BLS OEWS May 2025 special education aggregation
Metropolitan Area,24220,"Grand Forks, ND-MN",Bachelor's degree,10510.0,20.2098,0.9,42.2,87780.0,1.0,37.79,78590.0,48960.0,61250.0,100760.0,133630.0,BLS OEWS May 2025 special education aggregation
Metropolitan Area,24220,"Grand Forks, ND-MN",Associate's degree,1120.0,2.1569,4.4,34.0,70720.0,1.2,32.36,67320.0,39110.0,49160.0,82910.0,99760.0,BLS OEWS May 2025 special education aggregation
Metropolitan Area,24220,"Grand Forks, ND-MN",Postsecondary nondegree award,3960.0,7.6163,1.6,27.36,56920.0,0.9,24.92,51840.0,36210.0,45740.0,63700.0,80620.0,BLS OEWS May 2025 special education aggregation
Metropolitan Area,24220,"Grand Forks, ND-MN","Some college, no degree",1750.0,3.3588,1.6,20.73,43130.0,0.6,18.58,38650.0,23450.0,31060.0,50760.0,61400.0,BLS OEWS May 2025 special education aggregation
Metropolitan Area,24220,"Grand Forks, ND-MN",High school diploma or equivalent,17870.0,34.3604,0.9,26.35,54800.0,0.4,23.63,49150.0,34580.0,40040.0,62850.0,80080.0,BLS OEWS May 2025 special education aggregation
Metropolitan Area,24220,"Grand Forks, ND-MN",No formal educational credential,13540.0,26.031299999999998,0.9,18.26,37980.0,0.5,17.13,35630.0,25040.0,29640.0,43740.0,51760.0,BLS OEWS May 2025 special education aggregation
Metropolitan Area,24260,"Grand Island, NE",Doctoral or professional degree,610.0,1.5349,3.5,74.78,155540.0,3.9,50.56,105160.0,57830.0,77060.0,165690.0,349100.0,BLS OEWS May 2025 special education aggregation
Metropolitan Area,24260,"Grand Island, NE",Master's degree,750.0,1.8889,2.6,43.94,91390.0,1.5,41.48,86270.0,46980.0,63420.0,110080.0,135410.0,BLS OEWS May 2025 special education aggregation
Metropolitan Area,24260,"Grand Island, NE",Bachelor's degree,6770.0,17.1296,0.9,40.76,84780.0,0.7,36.6,76120.0,46020.0,59000.0,96480.0,132620.0,BLS OEWS May 2025 special education aggregation
Metropolitan Area,24260,"Grand Island, NE",Associate's degree,570.0,1.4377,4.4,32.2,66980.0,1.4,30.7,63860.0,42000.0,50820.0,79070.0,91320.0,BLS OEWS May 2025 special education aggregation
Metropolitan Area,24260,"Grand Island, NE",Postsecondary nondegree award,2970.0,7.502800000000001,2.1,26.85,55840.0,1.6,24.0,49920.0,37170.0,41400.0,63410.0,83030.0,BLS OEWS May 2025 special education aggregation
Metropolitan Area,24260,"Grand Island, NE","Some college, no degree",1050.0,2.6543,3.9,19.37,40300.0,2.1,17.75,36920.0,28080.0,28080.0,47990.0,57860.0,BLS OEWS May 2025 special education aggregation
Metropolitan Area,24260,"Grand Island, NE",High school diploma or equivalent,14450.0,36.5517,0.7,25.33,52680.0,0.4,23.32,48510.0,32440.0,38710.0,61470.0,75980.0,BLS OEWS May 2025 special education aggregation
Metropolitan Area,24260,"Grand Island, NE",No formal educational credential,12370.0,31.299799999999998,0.7,19.59,40750.0,0.3,17.72,36850.0,28080.0,30080.0,51410.0,54960.0,BLS OEWS May 2025 special education aggregation
Metropolitan Area,24300,"Grand Junction, CO",Doctoral or professional degree,1810.0,2.689,2.3,72.94,151720.0,3.3,50.36,104760.0,37750.0,65820.0,186750.0,342780.0,BLS OEWS May 2025 special education aggregation
Metropolitan Area,24300,"Grand Junction, CO",Master's degree,1830.0,2.729,2.8,42.25,87880.0,2.1,39.35,81840.0,44490.0,56060.0,109350.0,134930.0,BLS OEWS May 2025 special education aggregation
Metropolitan Area,24300,"Grand Junction, CO",Bachelor's degree,13370.0,19.9026,1.5,44.86,93300.0,0.9,39.38,81910.0,48860.0,60780.0,107720.0,146480.0,BLS OEWS May 2025 special education aggregation
Metropolitan Area,24300,"Grand Junction, CO",Associate's degree,,,,34.61,71990.0,0.9,31.94,66430.0,42250.0,49600.0,95540.0,105810.0,BLS OEWS May 2025 special education aggregation
Metropolitan Area,24300,"Grand Junction, CO",Postsecondary nondegree award,5100.0,7.5922,1.8,26.8,55750.0,0.8,23.58,49040.0,37440.0,44020.0,62000.0,78670.0,BLS OEWS May 2025 special education aggregation
Metropolitan Area,24300,"Grand Junction, CO","Some college, no degree",,,,22.69,47200.0,1.1,19.68,40930.0,34120.0,39070.0,50970.0,67410.0,BLS OEWS May 2025 special education aggregation
Metropolitan Area,24300,"Grand Junction, CO",High school diploma or equivalent,23380.0,34.8096,0.8,26.66,55440.0,0.5,23.18,48220.0,34810.0,39310.0,62690.0,82620.0,BLS OEWS May 2025 special education aggregation
Metropolitan Area,24300,"Grand Junction, CO",No formal educational credential,18470.0,27.5029,1.0,19.57,40710.0,0.6,17.53,36450.0,30800.0,32900.0,44220.0,55660.0,BLS OEWS May 2025 special education aggregation
Metropolitan Area,24340,"Grand Rapids-Wyoming-Kentwood, MI",Doctoral or professional degree,11980.0,2.0017,1.6,74.01,153930.0,1.4,51.35,106820.0,53670.0,75570.0,177720.0,336390.0,BLS OEWS May 2025 special education aggregation
Metropolitan Area,24340,"Grand Rapids-Wyoming-Kentwood, MI",Master's degree,11890.0,1.987,1.4,42.35,88080.0,0.6,39.12,81370.0,45870.0,60300.0,105590.0,132260.0,BLS OEWS May 2025 special education aggregation
Metropolitan Area,24340,"Grand Rapids-Wyoming-Kentwood, MI",Bachelor's degree,126950.0,21.220599999999997,0.5,45.83,95320.0,0.4,39.8,82780.0,48150.0,62610.0,107340.0,154280.0,BLS OEWS May 2025 special education aggregation
Metropolitan Area,24340,"Grand Rapids-Wyoming-Kentwood, MI",Associate's degree,12660.0,2.1166,1.8,30.92,64320.0,0.8,30.34,63100.0,36420.0,47320.0,79640.0,91860.0,BLS OEWS May 2025 special education aggregation
Metropolitan Area,24340,"Grand Rapids-Wyoming-Kentwood, MI",Postsecondary nondegree award,38010.0,6.3541,1.2,25.71,53470.0,0.7,23.2,48260.0,36930.0,39180.0,61430.0,76020.0,BLS OEWS May 2025 special education aggregation
Metropolitan Area,24340,"Grand Rapids-Wyoming-Kentwood, MI","Some college, no degree",14150.0,2.3645,2.7,22.43,46650.0,0.5,21.34,44390.0,29910.0,36160.0,53550.0,65530.0,BLS OEWS May 2025 special education aggregation
Metropolitan Area,24340,"Grand Rapids-Wyoming-Kentwood, MI",High school diploma or equivalent,236000.0,39.4476,0.5,24.76,51490.0,0.3,22.23,46230.0,34090.0,37860.0,59660.0,77310.0,BLS OEWS May 2025 special education aggregation
Metropolitan Area,24340,"Grand Rapids-Wyoming-Kentwood, MI",No formal educational credential,146620.0,24.5079,0.7,18.48,38450.0,0.4,17.2,35780.0,27750.0,29920.0,43010.0,52120.0,BLS OEWS May 2025 special education aggregation
Metropolitan Area,24420,"Grants Pass, OR",Doctoral or professional degree,500.0,1.6273,3.6,86.29,179490.0,5.6,61.28,127460.0,62210.0,95600.0,220040.0,420870.0,BLS OEWS May 2025 special education aggregation
Metropolitan Area,24420,"Grants Pass, OR",Master's degree,590.0,1.9171,4.4,46.91,97570.0,1.7,42.64,88690.0,52600.0,63470.0,127320.0,152530.0,BLS OEWS May 2025 special education aggregation
Metropolitan Area,24420,"Grants Pass, OR",Bachelor's degree,4540.0,14.8816,1.3,46.17,96040.0,0.8,40.3,83830.0,49540.0,63060.0,109650.0,147840.0,BLS OEWS May 2025 special education aggregation
Metropolitan Area,24420,"Grants Pass, OR",Associate's degree,540.0,1.7553999999999998,3.0,36.85,76640.0,1.1,34.88,72550.0,40130.0,50650.0,102960.0,120740.0,BLS OEWS May 2025 special education aggregation
Metropolitan Area,24420,"Grants Pass, OR",Postsecondary nondegree award,1780.0,5.8281,2.1,28.82,59940.0,0.8,26.06,54210.0,42260.0,48190.0,62720.0,82750.0,BLS OEWS May 2025 special education aggregation
Metropolitan Area,24420,"Grants Pass, OR","Some college, no degree",1000.0,3.2713,2.9,22.0,45750.0,1.2,21.67,45070.0,34020.0,35990.0,50370.0,61320.0,BLS OEWS May 2025 special education aggregation
Metropolitan Area,24420,"Grants Pass, OR",High school diploma or equivalent,13850.0,45.367000000000004,0.7,25.3,52620.0,0.4,24.97,51950.0,37840.0,43320.0,55120.0,68680.0,BLS OEWS May 2025 special education aggregation
Metropolitan Area,24420,"Grants Pass, OR",No formal educational credential,7740.0,25.3522,1.3,19.76,41110.0,0.6,17.84,37110.0,31560.0,34140.0,45660.0,55620.0,BLS OEWS May 2025 special education aggregation
Metropolitan Area,24500,"Great Falls, MT",Doctoral or professional degree,950.0,2.6018,4.0,106.05,220580.0,3.0,64.83,134850.0,59620.0,81960.0,457130.0,475430.0,BLS OEWS May 2025 special education aggregation
Metropolitan Area,24500,"Great Falls, MT",Master's degree,920.0,2.5068,2.7,41.21,85720.0,1.9,36.4,75710.0,40140.0,52650.0,109850.0,132740.0,BLS OEWS May 2025 special education aggregation
Metropolitan Area,24500,"Great Falls, MT",Bachelor's degree,7210.0,19.7565,1.0,40.09,83390.0,1.0,36.39,75690.0,43050.0,57270.0,97520.0,128660.0,BLS OEWS May 2025 special education aggregation
Metropolitan Area,24500,"Great Falls, MT",Associate's degree,810.0,2.2148,3.1,31.64,65800.0,2.3,29.76,61910.0,35920.0,47940.0,80900.0,95700.0,BLS OEWS May 2025 special education aggregation
Metropolitan Area,24500,"Great Falls, MT",Postsecondary nondegree award,2370.0,6.4891000000000005,2.3,25.83,53720.0,0.7,23.77,49440.0,38220.0,43820.0,60460.0,75050.0,BLS OEWS May 2025 special education aggregation
Metropolitan Area,24500,"Great Falls, MT","Some college, no degree",900.0,2.4657,3.9,20.66,42970.0,1.7,19.41,40380.0,28560.0,33980.0,48640.0,60590.0,BLS OEWS May 2025 special education aggregation
Metropolitan Area,24500,"Great Falls, MT",High school diploma or equivalent,13270.0,36.3469,1.1,24.87,51730.0,0.5,22.33,46450.0,30760.0,37130.0,60370.0,78850.0,BLS OEWS May 2025 special education aggregation
Metropolitan Area,24500,"Great Falls, MT",No formal educational credential,10080.0,27.6178,1.0,17.41,36220.0,0.5,16.83,35010.0,22880.0,28500.0,40210.0,48680.0,BLS OEWS May 2025 special education aggregation
Metropolitan Area,24540,"Greeley, CO",Doctoral or professional degree,1980.0,1.659,3.3,70.11,145830.0,2.8,49.99,103970.0,50270.0,67030.0,169650.0,303330.0,BLS OEWS May 2025 special education aggregation
Metropolitan Area,24540,"Greeley, CO",Master's degree,2500.0,2.0915,2.4,44.09,91700.0,1.2,39.0,81110.0,47810.0,60350.0,114100.0,142020.0,BLS OEWS May 2025 special education aggregation
Metropolitan Area,24540,"Greeley, CO",Bachelor's degree,24120.0,20.176499999999997,0.9,49.64,103240.0,0.6,42.31,88010.0,50780.0,64050.0,124980.0,170640.0,BLS OEWS May 2025 special education aggregation
Metropolitan Area,24540,"Greeley, CO",Associate's degree,1900.0,1.5919,3.7,33.24,69130.0,1.5,30.38,63200.0,41410.0,47070.0,82300.0,105420.0,BLS OEWS May 2025 special education aggregation
Metropolitan Area,24540,"Greeley, CO",Postsecondary nondegree award,7750.0,6.4811000000000005,2.9,28.6,59490.0,0.9,27.59,57380.0,39930.0,47020.0,64630.0,82010.0,BLS OEWS May 2025 special education aggregation
Metropolitan Area,24540,"Greeley, CO","Some college, no degree",2660.0,2.2227,3.1,25.13,52280.0,2.1,22.57,46940.0,31760.0,39110.0,59640.0,76030.0,BLS OEWS May 2025 special education aggregation
Metropolitan Area,24540,"Greeley, CO",High school diploma or equivalent,46040.0,38.5181,0.7,29.23,60810.0,0.4,26.44,55000.0,36820.0,44800.0,71120.0,93790.0,BLS OEWS May 2025 special education aggregation
Metropolitan Area,24540,"Greeley, CO",No formal educational credential,32590.0,27.2592,0.9,21.29,44290.0,0.6,19.61,40780.0,31360.0,35260.0,49560.0,58910.0,BLS OEWS May 2025 special education aggregation
Metropolitan Area,24580,"Green Bay, WI",Doctoral or professional degree,3210.0,1.8367999999999998,1.9,89.57,186310.0,1.8,60.16,125130.0,64210.0,83800.0,257890.0,416540.0,BLS OEWS May 2025 special education aggregation
Metropolitan Area,24580,"Green Bay, WI",Master's degree,3260.0,1.8681,2.2,44.45,92460.0,1.2,38.28,79610.0,49520.0,61550.0,113100.0,139400.0,BLS OEWS May 2025 special education aggregation
Metropolitan Area,24580,"Green Bay, WI",Bachelor's degree,36770.0,21.0668,0.6,46.37,96440.0,0.5,38.89,80880.0,50420.0,62900.0,105180.0,152730.0,BLS OEWS May 2025 special education aggregation
Metropolitan Area,24580,"Green Bay, WI",Associate's degree,3720.0,2.1304,2.1,32.0,66560.0,0.7,30.57,63590.0,36430.0,46780.0,82480.0,98190.0,BLS OEWS May 2025 special education aggregation
Metropolitan Area,24580,"Green Bay, WI",Postsecondary nondegree award,12810.0,7.3391,1.1,26.25,54610.0,0.7,25.19,52400.0,37630.0,45620.0,61030.0,74370.0,BLS OEWS May 2025 special education aggregation
Metropolitan Area,24580,"Green Bay, WI","Some college, no degree",3710.0,2.1269,3.5,23.03,47900.0,0.9,22.38,46550.0,32810.0,37750.0,56240.0,64260.0,BLS OEWS May 2025 special education aggregation
Metropolitan Area,24580,"Green Bay, WI",High school diploma or equivalent,69330.0,39.7197,0.4,26.63,55390.0,0.4,23.59,49060.0,34700.0,39870.0,62750.0,81130.0,BLS OEWS May 2025 special education aggregation
Metropolitan Area,24580,"Green Bay, WI",No formal educational credential,41740.0,23.9123,0.5,17.85,37120.0,0.6,17.0,35350.0,23300.0,29280.0,42760.0,51370.0,BLS OEWS May 2025 special education aggregation
Metropolitan Area,24660,"Greensboro-High Point, NC",Doctoral or professional degree,7900.0,2.1629,1.8,71.85,149440.0,1.6,50.31,104650.0,59690.0,77650.0,165600.0,341200.0,BLS OEWS May 2025 special education aggregation
Metropolitan Area,24660,"Greensboro-High Point, NC",Master's degree,7050.0,1.9289999999999998,3.7,42.97,89370.0,1.2,37.58,78170.0,47050.0,58830.0,109200.0,138820.0,BLS OEWS May 2025 special education aggregation
Metropolitan Area,24660,"Greensboro-High Point, NC",Bachelor's degree,74660.0,20.4317,0.6,45.64,94930.0,0.6,37.85,78730.0,46190.0,58910.0,115060.0,160640.0,BLS OEWS May 2025 special education aggregation
Metropolitan Area,24660,"Greensboro-High Point, NC",Associate's degree,7080.0,1.9385000000000001,2.8,28.69,59670.0,1.2,27.33,56840.0,34030.0,41170.0,75520.0,93440.0,BLS OEWS May 2025 special education aggregation
Metropolitan Area,24660,"Greensboro-High Point, NC",Postsecondary nondegree award,27250.0,7.457299999999999,1.3,25.4,52840.0,0.6,23.1,48050.0,34520.0,39350.0,61940.0,76290.0,BLS OEWS May 2025 special education aggregation
Metropolitan Area,24660,"Greensboro-High Point, NC","Some college, no degree",7620.0,2.0845,2.7,21.99,45740.0,1.1,20.92,43520.0,28430.0,33990.0,54890.0,66760.0,BLS OEWS May 2025 special education aggregation
Metropolitan Area,24660,"Greensboro-High Point, NC",High school diploma or equivalent,134350.0,36.768,0.5,25.01,52030.0,0.4,22.37,46530.0,30510.0,36990.0,60350.0,77480.0,BLS OEWS May 2025 special education aggregation
Metropolitan Area,24660,"Greensboro-High Point, NC",No formal educational credential,99490.0,27.2281,0.6,17.04,35440.0,0.8,16.3,33910.0,22770.0,28220.0,38840.0,47560.0,BLS OEWS May 2025 special education aggregation
Metropolitan Area,24780,"Greenville, NC",Doctoral or professional degree,3950.0,4.8898,1.8,72.45,150690.0,1.3,49.83,103650.0,64780.0,73240.0,181290.0,382370.0,BLS OEWS May 2025 special education aggregation
Metropolitan Area,24780,"Greenville, NC",Master's degree,2730.0,3.3851,2.4,48.3,100460.0,0.9,41.27,85840.0,48110.0,61910.0,122140.0,175840.0,BLS OEWS May 2025 special education aggregation
Metropolitan Area,24780,"Greenville, NC",Bachelor's degree,17660.0,21.8687,0.8,42.67,88760.0,0.5,38.71,80510.0,46060.0,58630.0,100650.0,148730.0,BLS OEWS May 2025 special education aggregation
Metropolitan Area,24780,"Greenville, NC",Associate's degree,2600.0,3.2171,1.6,30.14,62690.0,0.9,29.59,61540.0,34170.0,46700.0,78350.0,95130.0,BLS OEWS May 2025 special education aggregation
Metropolitan Area,24780,"Greenville, NC",Postsecondary nondegree award,6310.0,7.8161000000000005,1.5,22.8,47430.0,0.7,21.05,43790.0,32540.0,38670.0,56060.0,64970.0,BLS OEWS May 2025 special education aggregation
Metropolitan Area,24780,"Greenville, NC","Some college, no degree",1810.0,2.2378,3.4,22.47,46740.0,1.0,20.84,43340.0,27910.0,34160.0,55740.0,69740.0,BLS OEWS May 2025 special education aggregation
Metropolitan Area,24780,"Greenville, NC",High school diploma or equivalent,26630.0,32.9658,0.8,23.42,48720.0,0.4,21.35,44400.0,28980.0,35710.0,57190.0,74380.0,BLS OEWS May 2025 special education aggregation
Metropolitan Area,24780,"Greenville, NC",No formal educational credential,19080.0,23.6195,0.6,15.8,32870.0,1.2,14.38,29900.0,21980.0,26270.0,36310.0,44680.0,BLS OEWS May 2025 special education aggregation
Metropolitan Area,24860,"Greenville-Anderson-Greer, SC",Doctoral or professional degree,9610.0,2.2106000000000003,2.6,73.73,153350.0,2.3,51.13,106350.0,61610.0,78670.0,171830.0,332350.0,BLS OEWS May 2025 special education aggregation
Metropolitan Area,24860,"Greenville-Anderson-Greer, SC",Master's degree,9580.0,2.2018999999999997,3.0,42.46,88330.0,4.7,36.86,76670.0,40210.0,51770.0,107010.0,132550.0,BLS OEWS May 2025 special education aggregation
Metropolitan Area,24860,"Greenville-Anderson-Greer, SC",Bachelor's degree,92780.0,21.3337,0.8,45.86,95380.0,0.5,38.93,80980.0,46810.0,60330.0,112360.0,162910.0,BLS OEWS May 2025 special education aggregation
Metropolitan Area,24860,"Greenville-Anderson-Greer, SC",Associate's degree,10520.0,2.4192,2.5,31.05,64590.0,0.7,30.04,62480.0,36550.0,48140.0,79540.0,95060.0,BLS OEWS May 2025 special education aggregation
Metropolitan Area,24860,"Greenville-Anderson-Greer, SC",Postsecondary nondegree award,26510.0,6.0968,1.9,24.44,50830.0,0.5,22.73,47280.0,34180.0,38310.0,60610.0,74670.0,BLS OEWS May 2025 special education aggregation
Metropolitan Area,24860,"Greenville-Anderson-Greer, SC","Some college, no degree",8200.0,1.8859000000000001,2.9,22.48,46760.0,0.9,21.7,45130.0,26440.0,35660.0,55740.0,68350.0,BLS OEWS May 2025 special education aggregation
Metropolitan Area,24860,"Greenville-Anderson-Greer, SC",High school diploma or equivalent,166600.0,38.3073,0.6,24.3,50550.0,0.4,21.93,45620.0,29320.0,36350.0,59260.0,76750.0,BLS OEWS May 2025 special education aggregation
Metropolitan Area,24860,"Greenville-Anderson-Greer, SC",No formal educational credential,111090.0,25.5446,0.6,16.31,33930.0,0.6,15.46,32160.0,21660.0,27360.0,37990.0,46640.0,BLS OEWS May 2025 special education aggregation
Metropolitan Area,25020,"Guayama, PR",Doctoral or professional degree,220.0,1.8043,4.5,46.55,96810.0,8.1,36.59,76110.0,46200.0,58800.0,117960.0,146710.0,BLS OEWS May 2025 special education aggregation
Metropolitan Area,25020,"Guayama, PR",Master's degree,150.0,1.2235,4.7,30.95,64380.0,6.1,26.81,55770.0,32170.0,47780.0,82120.0,96630.0,BLS OEWS May 2025 special education aggregation
Metropolitan Area,25020,"Guayama, PR",Bachelor's degree,1910.0,15.3173,1.3,27.49,57170.0,1.4,24.56,51080.0,31510.0,38800.0,61750.0,79400.0,BLS OEWS May 2025 special education aggregation
Metropolitan Area,25020,"Guayama, PR",Associate's degree,220.0,1.8059,9.2,18.3,38060.0,6.4,17.12,35600.0,24460.0,28790.0,38690.0,53650.0,BLS OEWS May 2025 special education aggregation
Metropolitan Area,25020,"Guayama, PR",Postsecondary nondegree award,420.0,3.3805,4.5,14.84,30870.0,2.7,12.64,26280.0,21840.0,22880.0,33730.0,52560.0,BLS OEWS May 2025 special education aggregation
Metropolitan Area,25020,"Guayama, PR","Some college, no degree",250.0,2.0164,2.7,13.5,28080.0,1.7,13.02,27090.0,21840.0,22750.0,28720.0,37090.0,BLS OEWS May 2025 special education aggregation
Metropolitan Area,25020,"Guayama, PR",High school diploma or equivalent,5680.0,45.6555,0.9,14.19,29520.0,0.9,11.28,23460.0,21840.0,21840.0,32330.0,42920.0,BLS OEWS May 2025 special education aggregation
Metropolitan Area,25020,"Guayama, PR",No formal educational credential,3580.0,28.7966,0.9,11.73,24400.0,0.8,10.66,22180.0,21840.0,21840.0,24960.0,28930.0,BLS OEWS May 2025 special education aggregation
Metropolitan Area,25060,"Gulfport-Biloxi, MS",Doctoral or professional degree,2480.0,1.5659,2.4,82.16,170890.0,3.2,61.23,127360.0,58510.0,76770.0,193380.0,369610.0,BLS OEWS May 2025 special education aggregation
Metropolitan Area,25060,"Gulfport-Biloxi, MS",Master's degree,3220.0,2.0347999999999997,2.5,43.51,90490.0,1.2,39.8,82790.0,46790.0,62100.0,110560.0,136990.0,BLS OEWS May 2025 special education aggregation
Metropolitan Area,25060,"Gulfport-Biloxi, MS",Bachelor's degree,28410.0,17.9439,0.8,41.11,85500.0,0.5,36.65,76230.0,47260.0,57470.0,102640.0,136970.0,BLS OEWS May 2025 special education aggregation
Metropolitan Area,25060,"Gulfport-Biloxi, MS",Associate's degree,3470.0,2.1942,3.1,28.78,59860.0,1.2,28.63,59550.0,30040.0,39300.0,74040.0,90990.0,BLS OEWS May 2025 special education aggregation
Metropolitan Area,25060,"Gulfport-Biloxi, MS",Postsecondary nondegree award,10600.0,6.6967,1.5,22.82,47470.0,1.1,21.21,44120.0,29620.0,35180.0,58140.0,71020.0,BLS OEWS May 2025 special education aggregation
Metropolitan Area,25060,"Gulfport-Biloxi, MS","Some college, no degree",3690.0,2.3280000000000003,3.3,19.14,39810.0,1.1,17.18,35730.0,22360.0,28160.0,48770.0,61670.0,BLS OEWS May 2025 special education aggregation
Metropolitan Area,25060,"Gulfport-Biloxi, MS",High school diploma or equivalent,60930.0,38.4901,0.7,23.83,49570.0,0.5,22.0,45760.0,27400.0,33930.0,62440.0,76820.0,BLS OEWS May 2025 special education aggregation
Metropolitan Area,25060,"Gulfport-Biloxi, MS",No formal educational credential,45510.0,28.7464,1.1,14.94,31070.0,0.6,13.84,28790.0,20640.0,23130.0,35250.0,45090.0,BLS OEWS May 2025 special education aggregation
Metropolitan Area,25180,"Hagerstown-Martinsburg, MD-WV",Doctoral or professional degree,2170.0,2.0236,1.6,75.73,157510.0,2.2,58.39,121450.0,58880.0,78290.0,194070.0,333300.0,BLS OEWS May 2025 special education aggregation
Metropolitan Area,25180,"Hagerstown-Martinsburg, MD-WV",Master's degree,2600.0,2.4249,3.5,44.77,93110.0,1.0,41.76,86860.0,46150.0,63140.0,116780.0,139570.0,BLS OEWS May 2025 special education aggregation
Metropolitan Area,25180,"Hagerstown-Martinsburg, MD-WV",Bachelor's degree,22370.0,20.872700000000002,0.8,45.15,93910.0,0.7,39.19,81520.0,48690.0,61310.0,111530.0,155400.0,BLS OEWS May 2025 special education aggregation
Metropolitan Area,25180,"Hagerstown-Martinsburg, MD-WV",Associate's degree,2260.0,2.1041,2.3,33.83,70360.0,1.1,33.61,69910.0,38080.0,50680.0,84510.0,103230.0,BLS OEWS May 2025 special education aggregation
Metropolitan Area,25180,"Hagerstown-Martinsburg, MD-WV",Postsecondary nondegree award,8520.0,7.9475999999999996,1.5,25.15,52310.0,0.6,22.74,47310.0,32710.0,38550.0,61380.0,77950.0,BLS OEWS May 2025 special education aggregation
Metropolitan Area,25180,"Hagerstown-Martinsburg, MD-WV","Some college, no degree",2200.0,2.0526,4.9,22.31,46410.0,1.2,20.42,42470.0,31200.0,35300.0,52920.0,66740.0,BLS OEWS May 2025 special education aggregation
Metropolitan Area,25180,"Hagerstown-Martinsburg, MD-WV",High school diploma or equivalent,39820.0,37.155,0.7,24.82,51630.0,0.4,22.41,46620.0,31200.0,36770.0,61230.0,77350.0,BLS OEWS May 2025 special education aggregation
Metropolitan Area,25180,"Hagerstown-Martinsburg, MD-WV",No formal educational credential,27240.0,25.4196,0.6,17.7,36810.0,0.4,16.26,33820.0,27710.0,31200.0,39050.0,48490.0,BLS OEWS May 2025 special education aggregation
Metropolitan Area,25220,"Hammond, LA",Doctoral or professional degree,1370.0,2.8670999999999998,3.1,59.03,122780.0,2.4,46.25,96200.0,43120.0,66900.0,136070.0,225070.0,BLS OEWS May 2025 special education aggregation
Metropolitan Area,25220,"Hammond, LA",Master's degree,1160.0,2.4284,1.8,40.38,83980.0,2.4,32.05,66670.0,37250.0,52690.0,96030.0,138860.0,BLS OEWS May 2025 special education aggregation
Metropolitan Area,25220,"Hammond, LA",Bachelor's degree,8130.0,17.0001,0.9,37.74,78510.0,0.8,31.32,65150.0,45420.0,49260.0,91350.0,125110.0,BLS OEWS May 2025 special education aggregation
Metropolitan Area,25220,"Hammond, LA",Associate's degree,920.0,1.9327,3.0,29.01,60340.0,1.4,29.41,61180.0,29140.0,37140.0,77430.0,93780.0,BLS OEWS May 2025 special education aggregation
Metropolitan Area,25220,"Hammond, LA",Postsecondary nondegree award,4040.0,8.453700000000001,1.9,22.68,47180.0,1.4,21.89,45530.0,28680.0,33800.0,57370.0,72080.0,BLS OEWS May 2025 special education aggregation
Metropolitan Area,25220,"Hammond, LA","Some college, no degree",1030.0,2.15,5.3,16.91,35170.0,2.3,14.18,29480.0,20680.0,20930.0,44980.0,58240.0,BLS OEWS May 2025 special education aggregation
Metropolitan Area,25220,"Hammond, LA",High school diploma or equivalent,16900.0,35.3451,1.1,20.59,42830.0,1.1,18.15,37750.0,21890.0,28780.0,50090.0,67330.0,BLS OEWS May 2025 special education aggregation
Metropolitan Area,25220,"Hammond, LA",No formal educational credential,14260.0,29.822899999999997,0.8,14.84,30870.0,1.1,13.57,28220.0,17920.0,22140.0,36240.0,47380.0,BLS OEWS May 2025 special education aggregation
Metropolitan Area,25260,"Hanford-Corcoran, CA",Doctoral or professional degree,560.0,1.1480000000000001,4.1,102.29,212770.0,4.6,78.06,162360.0,80720.0,127300.0,258350.0,397110.0,BLS OEWS May 2025 special education aggregation
Metropolitan Area,25260,"Hanford-Corcoran, CA",Master's degree,920.0,1.8792000000000002,2.8,52.02,108210.0,1.5,48.4,100680.0,49250.0,66810.0,135960.0,168680.0,BLS OEWS May 2025 special education aggregation
Metropolitan Area,25260,"Hanford-Corcoran, CA",Bachelor's degree,7590.0,15.5417,1.4,50.13,104280.0,0.9,47.35,98480.0,57500.0,72840.0,125970.0,157540.0,BLS OEWS May 2025 special education aggregation
Metropolitan Area,25260,"Hanford-Corcoran, CA",Associate's degree,740.0,1.5144,3.6,35.57,73990.0,1.1,32.62,67860.0,38190.0,46540.0,97240.0,120620.0,BLS OEWS May 2025 special education aggregation
Metropolitan Area,25260,"Hanford-Corcoran, CA",Postsecondary nondegree award,3420.0,6.9998000000000005,2.4,28.82,59950.0,1.2,27.37,56920.0,37880.0,45850.0,73710.0,85250.0,BLS OEWS May 2025 special education aggregation
Metropolitan Area,25260,"Hanford-Corcoran, CA","Some college, no degree",1590.0,3.2646,6.6,24.23,50400.0,1.0,22.53,46860.0,37640.0,44690.0,55090.0,63110.0,BLS OEWS May 2025 special education aggregation
Metropolitan Area,25260,"Hanford-Corcoran, CA",High school diploma or equivalent,18750.0,38.4116,0.5,29.79,61960.0,0.3,24.61,51200.0,34320.0,37980.0,75560.0,107220.0,BLS OEWS May 2025 special education aggregation
Metropolitan Area,25260,"Hanford-Corcoran, CA",No formal educational credential,15250.0,31.2406,0.7,19.68,40940.0,0.4,17.55,36490.0,34480.0,35640.0,43540.0,52330.0,BLS OEWS May 2025 special education aggregation
Metropolitan Area,25420,"Harrisburg-Carlisle, PA",Doctoral or professional degree,8450.0,2.5215,2.2,73.57,153030.0,3.0,59.04,122800.0,63020.0,79180.0,164440.0,310520.0,BLS OEWS May 2025 special education aggregation
Metropolitan Area,25420,"Harrisburg-Carlisle, PA",Master's degree,8120.0,2.4242,2.4,42.26,87910.0,1.9,37.81,78640.0,46050.0,60070.0,106800.0,134260.0,BLS OEWS May 2025 special education aggregation
Metropolitan Area,25420,"Harrisburg-Carlisle, PA",Bachelor's degree,83700.0,24.985400000000002,0.6,46.56,96850.0,0.6,40.01,83220.0,51070.0,64590.0,109470.0,152440.0,BLS OEWS May 2025 special education aggregation
Metropolitan Area,25420,"Harrisburg-Carlisle, PA",Associate's degree,7160.0,2.1381,2.1,30.69,63840.0,0.7,29.65,61670.0,35360.0,46610.0,79340.0,95120.0,BLS OEWS May 2025 special education aggregation
Metropolitan Area,25420,"Harrisburg-Carlisle, PA",Postsecondary nondegree award,24240.0,7.2368,1.5,26.05,54190.0,0.6,23.57,49020.0,36970.0,42680.0,63080.0,77250.0,BLS OEWS May 2025 special education aggregation
Metropolitan Area,25420,"Harrisburg-Carlisle, PA","Some college, no degree",6360.0,1.8989,2.6,22.83,47480.0,1.2,22.0,45750.0,28970.0,36150.0,56830.0,67920.0,BLS OEWS May 2025 special education aggregation
Metropolitan Area,25420,"Harrisburg-Carlisle, PA",High school diploma or equivalent,114520.0,34.183800000000005,0.5,25.22,52460.0,0.4,22.49,46770.0,28930.0,36680.0,61740.0,81100.0,BLS OEWS May 2025 special education aggregation
Metropolitan Area,25420,"Harrisburg-Carlisle, PA",No formal educational credential,82450.0,24.6112,0.5,18.27,37990.0,0.4,17.33,36040.0,23840.0,28940.0,44080.0,54870.0,BLS OEWS May 2025 special education aggregation
Metropolitan Area,25500,"Harrisonburg, VA",Doctoral or professional degree,2290.0,3.4979999999999998,1.4,54.0,112310.0,2.4,46.96,97680.0,61470.0,76720.0,127810.0,176210.0,BLS OEWS May 2025 special education aggregation
Metropolitan Area,25500,"Harrisonburg, VA",Master's degree,1800.0,2.755,2.1,41.03,85340.0,0.7,37.23,77430.0,46000.0,60190.0,102500.0,133840.0,BLS OEWS May 2025 special education aggregation
Metropolitan Area,25500,"Harrisonburg, VA",Bachelor's degree,11400.0,17.4146,1.7,42.17,87720.0,1.3,37.19,77340.0,39790.0,58040.0,104900.0,142760.0,BLS OEWS May 2025 special education aggregation
Metropolitan Area,25500,"Harrisonburg, VA",Associate's degree,1070.0,1.6398,2.6,32.65,67910.0,1.1,30.78,64020.0,35820.0,47430.0,84760.0,102290.0,BLS OEWS May 2025 special education aggregation
Metropolitan Area,25500,"Harrisonburg, VA",Postsecondary nondegree award,4560.0,6.967499999999999,1.6,25.8,53670.0,0.7,23.58,49040.0,35890.0,39300.0,60210.0,75820.0,BLS OEWS May 2025 special education aggregation
Metropolitan Area,25500,"Harrisonburg, VA","Some college, no degree",1240.0,1.8949000000000003,1.7,22.11,45980.0,0.7,21.29,44280.0,30770.0,36320.0,52740.0,63390.0,BLS OEWS May 2025 special education aggregation
Metropolitan Area,25500,"Harrisonburg, VA",High school diploma or equivalent,22690.0,34.6648,0.9,24.83,51650.0,0.5,22.25,46280.0,31550.0,36690.0,61470.0,77740.0,BLS OEWS May 2025 special education aggregation
Metropolitan Area,25500,"Harrisonburg, VA",No formal educational credential,20400.0,31.1658,0.8,18.05,37540.0,0.4,17.17,35710.0,27540.0,29780.0,39980.0,50430.0,BLS OEWS May 2025 special education aggregation
Metropolitan Area,25540,"Hartford-West Hartford-East Hartford, CT",Doctoral or professional degree,21780.0,3.6317999999999997,1.9,74.77,155520.0,1.6,59.4,123540.0,65720.0,82610.0,180810.0,323420.0,BLS OEWS May 2025 special education aggregation
Metropolitan Area,25540,"Hartford-West Hartford-East Hartford, CT",Master's degree,17180.0,2.864,2.5,49.38,102700.0,1.1,47.03,97820.0,49250.0,68210.0,129570.0,163890.0,BLS OEWS May 2025 special education aggregation
Metropolitan Area,25540,"Hartford-West Hartford-East Hartford, CT",Bachelor's degree,163940.0,27.334600000000002,0.6,56.58,117690.0,0.6,49.72,103410.0,58240.0,79040.0,136990.0,184340.0,BLS OEWS May 2025 special education aggregation
Metropolitan Area,25540,"Hartford-West Hartford-East Hartford, CT",Associate's degree,12720.0,2.1214,3.4,36.55,76030.0,1.3,36.9,76750.0,42830.0,53920.0,97720.0,105800.0,BLS OEWS May 2025 special education aggregation
Metropolitan Area,25540,"Hartford-West Hartford-East Hartford, CT",Postsecondary nondegree award,37470.0,6.247999999999999,1.6,28.01,58260.0,0.5,24.7,51380.0,38150.0,44420.0,71010.0,82790.0,BLS OEWS May 2025 special education aggregation
Metropolitan Area,25540,"Hartford-West Hartford-East Hartford, CT","Some college, no degree",16940.0,2.8249,2.5,25.96,53990.0,0.9,23.41,48700.0,34010.0,39200.0,62820.0,78450.0,BLS OEWS May 2025 special education aggregation
Metropolitan Area,25540,"Hartford-West Hartford-East Hartford, CT",High school diploma or equivalent,203980.0,34.0094,0.6,28.9,60100.0,0.4,24.66,51290.0,35890.0,40940.0,72490.0,95490.0,BLS OEWS May 2025 special education aggregation
Metropolitan Area,25540,"Hartford-West Hartford-East Hartford, CT",No formal educational credential,125750.0,20.965899999999998,0.7,20.04,41680.0,0.4,17.73,36870.0,34010.0,35000.0,44880.0,54350.0,BLS OEWS May 2025 special education aggregation
Metropolitan Area,25620,"Hattiesburg, MS",Doctoral or professional degree,1820.0,2.9283,3.8,70.61,146860.0,6.9,46.91,97580.0,50780.0,61950.0,153480.0,351380.0,BLS OEWS May 2025 special education aggregation
Metropolitan Area,25620,"Hattiesburg, MS",Master's degree,1780.0,2.8622,3.8,39.77,82710.0,3.3,36.1,75080.0,38780.0,51170.0,102840.0,128290.0,BLS OEWS May 2025 special education aggregation
Metropolitan Area,25620,"Hattiesburg, MS",Bachelor's degree,10680.0,17.1665,1.8,36.2,75300.0,0.7,30.72,63900.0,40370.0,48810.0,81960.0,120930.0,BLS OEWS May 2025 special education aggregation
Metropolitan Area,25620,"Hattiesburg, MS",Associate's degree,1640.0,2.638,2.6,24.53,51030.0,0.8,22.88,47600.0,28880.0,34520.0,62280.0,76540.0,BLS OEWS May 2025 special education aggregation
Metropolitan Area,25620,"Hattiesburg, MS",Postsecondary nondegree award,4960.0,7.967499999999999,1.8,21.2,44100.0,0.7,18.89,39290.0,29470.0,32280.0,50880.0,62210.0,BLS OEWS May 2025 special education aggregation
Metropolitan Area,25620,"Hattiesburg, MS","Some college, no degree",1300.0,2.0907,3.5,18.48,38440.0,1.6,16.98,35320.0,21640.0,27310.0,46700.0,59720.0,BLS OEWS May 2025 special education aggregation
Metropolitan Area,25620,"Hattiesburg, MS",High school diploma or equivalent,22130.0,35.5655,0.8,21.41,44530.0,0.5,18.27,38000.0,25410.0,30330.0,50610.0,71750.0,BLS OEWS May 2025 special education aggregation
Metropolitan Area,25620,"Hattiesburg, MS",No formal educational credential,17910.0,28.7814,0.7,14.0,29130.0,0.5,13.32,27700.0,19940.0,22520.0,33360.0,38360.0,BLS OEWS May 2025 special education aggregation
Metropolitan Area,25740,"Helena, MT",Doctoral or professional degree,1220.0,2.7545,5.7,78.68,163650.0,3.3,53.72,111740.0,63130.0,84630.0,168010.0,384800.0,BLS OEWS May 2025 special education aggregation
Metropolitan Area,25740,"Helena, MT",Master's degree,1180.0,2.6572,2.5,40.3,83830.0,2.0,36.87,76690.0,42740.0,58130.0,102500.0,135410.0,BLS OEWS May 2025 special education aggregation
Metropolitan Area,25740,"Helena, MT",Bachelor's degree,13410.0,30.186200000000003,1.1,43.24,89940.0,1.1,38.66,80410.0,49370.0,63330.0,103560.0,134180.0,BLS OEWS May 2025 special education aggregation
Metropolitan Area,25740,"Helena, MT",Associate's degree,1190.0,2.6802,2.3,31.87,66280.0,0.9,30.85,64170.0,40810.0,50070.0,78100.0,96660.0,BLS OEWS May 2025 special education aggregation
Metropolitan Area,25740,"Helena, MT",Postsecondary nondegree award,2320.0,5.2121,2.7,27.0,56150.0,1.0,24.26,50460.0,38040.0,43400.0,64300.0,79980.0,BLS OEWS May 2025 special education aggregation
Metropolitan Area,25740,"Helena, MT","Some college, no degree",1160.0,2.6005,3.3,22.99,47820.0,1.1,22.05,45870.0,31700.0,37180.0,56620.0,64040.0,BLS OEWS May 2025 special education aggregation
Metropolitan Area,25740,"Helena, MT",High school diploma or equivalent,14150.0,31.847699999999996,1.0,26.06,54200.0,0.5,23.26,48370.0,32610.0,38530.0,62910.0,80660.0,BLS OEWS May 2025 special education aggregation
Metropolitan Area,25740,"Helena, MT",No formal educational credential,9800.0,22.0614,1.1,17.82,37060.0,0.8,17.38,36140.0,23230.0,29130.0,42390.0,49920.0,BLS OEWS May 2025 special education aggregation
Metropolitan Area,25860,"Hickory-Lenoir-Morganton, NC",Doctoral or professional degree,2500.0,1.6216000000000002,3.6,73.61,153100.0,2.4,52.34,108860.0,59540.0,70720.0,195660.0,335540.0,BLS OEWS May 2025 special education aggregation
Metropolitan Area,25860,"Hickory-Lenoir-Morganton, NC",Master's degree,2740.0,1.7754,2.7,40.88,85020.0,1.1,34.52,71800.0,45230.0,55480.0,103420.0,133240.0,BLS OEWS May 2025 special education aggregation
Metropolitan Area,25860,"Hickory-Lenoir-Morganton, NC",Bachelor's degree,26330.0,17.0854,0.9,41.02,85310.0,0.8,34.79,72350.0,41340.0,52800.0,100390.0,145080.0,BLS OEWS May 2025 special education aggregation
Metropolitan Area,25860,"Hickory-Lenoir-Morganton, NC",Associate's degree,2820.0,1.8311,2.7,30.63,63710.0,1.3,29.7,61780.0,32970.0,45950.0,79800.0,97880.0,BLS OEWS May 2025 special education aggregation
Metropolitan Area,25860,"Hickory-Lenoir-Morganton, NC",Postsecondary nondegree award,12420.0,8.0634,1.4,23.84,49580.0,0.5,22.12,46010.0,33560.0,37350.0,59290.0,71430.0,BLS OEWS May 2025 special education aggregation
Metropolitan Area,25860,"Hickory-Lenoir-Morganton, NC","Some college, no degree",3110.0,2.0214,3.3,20.42,42470.0,1.9,19.33,40210.0,26390.0,29880.0,50620.0,60370.0,BLS OEWS May 2025 special education aggregation
Metropolitan Area,25860,"Hickory-Lenoir-Morganton, NC",High school diploma or equivalent,62580.0,40.6115,0.5,23.75,49390.0,0.4,21.86,45470.0,30670.0,36960.0,57340.0,73070.0,BLS OEWS May 2025 special education aggregation
Metropolitan Area,25860,"Hickory-Lenoir-Morganton, NC",No formal educational credential,41590.0,26.990199999999998,0.6,17.3,35990.0,1.6,16.41,34130.0,22610.0,27780.0,40240.0,48150.0,BLS OEWS May 2025 special education aggregation
Metropolitan Area,25940,"Hilton Head Island-Bluffton-Port Royal, SC",Doctoral or professional degree,1440.0,1.7532,4.5,72.53,150870.0,2.9,59.29,123330.0,50330.0,80400.0,179390.0,336410.0,BLS OEWS May 2025 special education aggregation
Metropolitan Area,25940,"Hilton Head Island-Bluffton-Port Royal, SC",Master's degree,1620.0,1.9809,3.4,40.99,85260.0,1.5,40.11,83440.0,40820.0,59240.0,108240.0,129080.0,BLS OEWS May 2025 special education aggregation
Metropolitan Area,25940,"Hilton Head Island-Bluffton-Port Royal, SC",Bachelor's degree,13360.0,16.303800000000003,0.8,44.98,93560.0,0.8,38.99,81100.0,48740.0,61770.0,105940.0,157770.0,BLS OEWS May 2025 special education aggregation
Metropolitan Area,25940,"Hilton Head Island-Bluffton-Port Royal, SC",Associate's degree,1430.0,1.7457,3.5,30.91,64300.0,1.5,29.83,62040.0,36420.0,46790.0,80600.0,94460.0,BLS OEWS May 2025 special education aggregation
Metropolitan Area,25940,"Hilton Head Island-Bluffton-Port Royal, SC",Postsecondary nondegree award,5770.0,7.0379000000000005,3.2,24.91,51800.0,0.9,22.85,47520.0,34610.0,38160.0,60660.0,75820.0,BLS OEWS May 2025 special education aggregation
Metropolitan Area,25940,"Hilton Head Island-Bluffton-Port Royal, SC","Some college, no degree",1460.0,1.7851,2.9,23.58,49050.0,1.6,22.23,46250.0,24950.0,33170.0,60220.0,73270.0,BLS OEWS May 2025 special education aggregation
Metropolitan Area,25940,"Hilton Head Island-Bluffton-Port Royal, SC",High school diploma or equivalent,28200.0,34.4228,0.7,24.5,50960.0,0.9,21.94,45630.0,29690.0,35580.0,59640.0,78270.0,BLS OEWS May 2025 special education aggregation
Metropolitan Area,25940,"Hilton Head Island-Bluffton-Port Royal, SC",No formal educational credential,28650.0,34.970600000000005,0.6,16.61,34550.0,1.1,16.38,34070.0,19890.0,27690.0,38280.0,46960.0,BLS OEWS May 2025 special education aggregation
Metropolitan Area,25980,"Hinesville, GA",Doctoral or professional degree,240.0,1.191,2.8,71.45,148620.0,2.3,60.79,126440.0,55120.0,79060.0,178260.0,282070.0,BLS OEWS May 2025 special education aggregation
Metropolitan Area,25980,"Hinesville, GA",Master's degree,420.0,2.0849,5.0,40.22,83650.0,1.8,38.44,79940.0,43470.0,58780.0,104980.0,124800.0,BLS OEWS May 2025 special education aggregation
Metropolitan Area,25980,"Hinesville, GA",Bachelor's degree,4320.0,21.2348,1.9,39.09,81300.0,1.4,35.54,73920.0,43840.0,55960.0,95250.0,119430.0,BLS OEWS May 2025 special education aggregation
Metropolitan Area,25980,"Hinesville, GA",Associate's degree,520.0,2.5375,8.5,30.22,62850.0,3.8,29.25,60830.0,36300.0,46350.0,76400.0,94040.0,BLS OEWS May 2025 special education aggregation
Metropolitan Area,25980,"Hinesville, GA",Postsecondary nondegree award,1260.0,6.1829,2.0,25.21,52430.0,2.1,23.1,48040.0,33960.0,37820.0,59490.0,72470.0,BLS OEWS May 2025 special education aggregation
Metropolitan Area,25980,"Hinesville, GA","Some college, no degree",500.0,2.4381,14.2,18.14,37720.0,4.1,15.07,31350.0,22520.0,27420.0,45660.0,57740.0,BLS OEWS May 2025 special education aggregation
Metropolitan Area,25980,"Hinesville, GA",High school diploma or equivalent,6700.0,32.963499999999996,0.8,24.21,50360.0,0.5,22.89,47620.0,28650.0,36020.0,61240.0,76000.0,BLS OEWS May 2025 special education aggregation
Metropolitan Area,25980,"Hinesville, GA",No formal educational credential,6380.0,31.366699999999998,0.7,16.89,35140.0,0.6,15.51,32250.0,22310.0,26740.0,45000.0,48130.0,BLS OEWS May 2025 special education aggregation
Metropolitan Area,26140,"Homosassa Springs, FL",Doctoral or professional degree,750.0,2.1205,5.1,79.64,165640.0,4.1,58.91,122530.0,59350.0,85980.0,207170.0,368880.0,BLS OEWS May 2025 special education aggregation
Metropolitan Area,26140,"Homosassa Springs, FL",Master's degree,780.0,2.1933,6.5,44.32,92190.0,3.8,45.52,94690.0,44690.0,63650.0,106570.0,130800.0,BLS OEWS May 2025 special education aggregation
Metropolitan Area,26140,"Homosassa Springs, FL",Bachelor's degree,6190.0,17.4068,1.3,40.21,83630.0,0.9,35.15,73120.0,44650.0,51990.0,96010.0,132470.0,BLS OEWS May 2025 special education aggregation
Metropolitan Area,26140,"Homosassa Springs, FL",Associate's degree,990.0,2.7742,6.6,28.78,59860.0,2.1,28.88,60080.0,30970.0,40210.0,74730.0,82520.0,BLS OEWS May 2025 special education aggregation
Metropolitan Area,26140,"Homosassa Springs, FL",Postsecondary nondegree award,3280.0,9.2119,1.6,21.84,45430.0,0.7,20.37,42360.0,30880.0,34510.0,50550.0,62940.0,BLS OEWS May 2025 special education aggregation
Metropolitan Area,26140,"Homosassa Springs, FL","Some college, no degree",890.0,2.5047,2.2,19.33,40200.0,1.5,16.92,35190.0,27600.0,29490.0,45480.0,58800.0,BLS OEWS May 2025 special education aggregation
Metropolitan Area,26140,"Homosassa Springs, FL",High school diploma or equivalent,11380.0,31.985300000000002,0.9,23.44,48760.0,0.9,20.34,42300.0,30140.0,34910.0,55680.0,74450.0,BLS OEWS May 2025 special education aggregation
Metropolitan Area,26140,"Homosassa Springs, FL",No formal educational credential,11320.0,31.803199999999997,0.7,16.78,34900.0,0.6,15.19,31600.0,27040.0,28020.0,37060.0,45650.0,BLS OEWS May 2025 special education aggregation
Metropolitan Area,26300,"Hot Springs, AR",Doctoral or professional degree,800.0,2.0768,5.3,69.9,145390.0,5.9,50.74,105550.0,38760.0,60410.0,179500.0,303070.0,BLS OEWS May 2025 special education aggregation
Metropolitan Area,26300,"Hot Springs, AR",Master's degree,880.0,2.2735,4.5,44.41,92380.0,4.7,39.62,82410.0,45990.0,61870.0,114990.0,134220.0,BLS OEWS May 2025 special education aggregation
Metropolitan Area,26300,"Hot Springs, AR",Bachelor's degree,6750.0,17.493100000000002,1.3,36.73,76390.0,0.9,30.31,63050.0,37810.0,50240.0,91090.0,126340.0,BLS OEWS May 2025 special education aggregation
Metropolitan Area,26300,"Hot Springs, AR",Associate's degree,640.0,1.6452000000000002,6.3,30.86,64180.0,1.4,28.97,60250.0,33810.0,44950.0,78890.0,98550.0,BLS OEWS May 2025 special education aggregation
Metropolitan Area,26300,"Hot Springs, AR",Postsecondary nondegree award,3080.0,7.9693,2.3,20.49,42620.0,0.9,18.17,37800.0,29780.0,31560.0,48290.0,59970.0,BLS OEWS May 2025 special education aggregation
Metropolitan Area,26300,"Hot Springs, AR","Some college, no degree",760.0,1.9719000000000002,3.3,18.86,39230.0,1.1,17.05,35450.0,25370.0,29290.0,45140.0,55480.0,BLS OEWS May 2025 special education aggregation
Metropolitan Area,26300,"Hot Springs, AR",High school diploma or equivalent,13660.0,35.394999999999996,1.0,20.35,42320.0,0.8,17.92,37270.0,26230.0,30270.0,47510.0,62260.0,BLS OEWS May 2025 special education aggregation
Metropolitan Area,26300,"Hot Springs, AR",No formal educational credential,12030.0,31.175,0.8,14.65,30480.0,0.6,13.56,28210.0,22880.0,24120.0,34320.0,38020.0,BLS OEWS May 2025 special education aggregation
Metropolitan Area,26380,"Houma-Bayou Cane-Thibodaux, LA",Doctoral or professional degree,1610.0,1.9322,3.2,73.34,152550.0,2.6,52.87,109970.0,52110.0,70340.0,172840.0,355390.0,BLS OEWS May 2025 special education aggregation
Metropolitan Area,26380,"Houma-Bayou Cane-Thibodaux, LA",Master's degree,1960.0,2.3539000000000003,3.3,36.2,75290.0,2.4,30.43,63290.0,36520.0,36520.0,99610.0,129230.0,BLS OEWS May 2025 special education aggregation
Metropolitan Area,26380,"Houma-Bayou Cane-Thibodaux, LA",Bachelor's degree,13880.0,16.6328,1.5,43.63,90760.0,0.9,36.05,74990.0,47840.0,58780.0,104990.0,157480.0,BLS OEWS May 2025 special education aggregation
Metropolitan Area,26380,"Houma-Bayou Cane-Thibodaux, LA",Associate's degree,1540.0,1.8442,2.7,30.93,64330.0,1.1,29.66,61690.0,36560.0,47380.0,78270.0,94190.0,BLS OEWS May 2025 special education aggregation
Metropolitan Area,26380,"Houma-Bayou Cane-Thibodaux, LA",Postsecondary nondegree award,8150.0,9.7637,2.0,31.58,65690.0,1.3,24.05,50020.0,29770.0,36790.0,77570.0,125820.0,BLS OEWS May 2025 special education aggregation
Metropolitan Area,26380,"Houma-Bayou Cane-Thibodaux, LA","Some college, no degree",1550.0,1.8523,1.9,18.25,37960.0,1.0,16.64,34610.0,22900.0,23720.0,47180.0,59630.0,BLS OEWS May 2025 special education aggregation
Metropolitan Area,26380,"Houma-Bayou Cane-Thibodaux, LA",High school diploma or equivalent,31430.0,37.672399999999996,0.8,23.05,47950.0,0.6,21.48,44680.0,23920.0,32470.0,58670.0,75660.0,BLS OEWS May 2025 special education aggregation
Metropolitan Area,26380,"Houma-Bayou Cane-Thibodaux, LA",No formal educational credential,23320.0,27.9486,1.0,16.66,34650.0,0.9,14.25,29650.0,18580.0,22700.0,39150.0,59510.0,BLS OEWS May 2025 special education aggregation
Metropolitan Area,26420,"Houston-Pasadena-The Woodlands, TX",Doctoral or professional degree,79580.0,2.419,3.0,81.82,170190.0,3.1,62.33,129650.0,64370.0,83590.0,210230.0,366540.0,BLS OEWS May 2025 special education aggregation
Metropolitan Area,26420,"Houston-Pasadena-The Woodlands, TX",Master's degree,59220.0,1.8001,1.7,46.3,96310.0,0.7,41.25,85800.0,50170.0,70170.0,118010.0,142550.0,BLS OEWS May 2025 special education aggregation
Metropolitan Area,26420,"Houston-Pasadena-The Woodlands, TX",Bachelor's degree,837540.0,25.4595,0.5,53.01,110260.0,0.4,45.24,94100.0,49500.0,65240.0,132860.0,188110.0,BLS OEWS May 2025 special education aggregation
Metropolitan Area,26420,"Houston-Pasadena-The Woodlands, TX",Associate's degree,75300.0,2.2891,2.7,33.33,69320.0,1.3,30.41,63250.0,33310.0,45210.0,89710.0,106570.0,BLS OEWS May 2025 special education aggregation
Metropolitan Area,26420,"Houston-Pasadena-The Woodlands, TX",Postsecondary nondegree award,196660.0,5.9779,1.4,26.84,55830.0,0.9,23.76,49410.0,34970.0,39220.0,63380.0,81710.0,BLS OEWS May 2025 special education aggregation
Metropolitan Area,26420,"Houston-Pasadena-The Woodlands, TX","Some college, no degree",68580.0,2.0848,1.8,22.1,45960.0,0.8,20.22,42050.0,24290.0,30230.0,57210.0,72240.0,BLS OEWS May 2025 special education aggregation
Metropolitan Area,26420,"Houston-Pasadena-The Woodlands, TX",High school diploma or equivalent,1178480.0,35.8231,0.5,25.9,53880.0,0.4,22.67,47160.0,28040.0,36230.0,62820.0,85620.0,BLS OEWS May 2025 special education aggregation
Metropolitan Area,26420,"Houston-Pasadena-The Woodlands, TX",No formal educational credential,794350.0,24.1465,0.6,16.94,35240.0,0.6,16.06,33400.0,22100.0,27310.0,39230.0,48600.0,BLS OEWS May 2025 special education aggregation
Metropolitan Area,26580,"Huntington-Ashland, WV-KY-OH",Doctoral or professional degree,4400.0,3.1244,1.6,79.02,164350.0,1.9,48.99,101890.0,47990.0,61660.0,176980.0,394490.0,BLS OEWS May 2025 special education aggregation
Metropolitan Area,26580,"Huntington-Ashland, WV-KY-OH",Master's degree,4290.0,3.0461,2.8,42.59,88580.0,2.6,36.14,75170.0,40710.0,52000.0,107720.0,136460.0,BLS OEWS May 2025 special education aggregation
Metropolitan Area,26580,"Huntington-Ashland, WV-KY-OH",Bachelor's degree,28270.0,20.0867,0.6,39.57,82300.0,0.6,35.23,73270.0,43690.0,54090.0,98400.0,131330.0,BLS OEWS May 2025 special education aggregation
Metropolitan Area,26580,"Huntington-Ashland, WV-KY-OH",Associate's degree,3500.0,2.4841,1.9,29.35,61050.0,0.7,29.31,60970.0,30850.0,42690.0,77350.0,91610.0,BLS OEWS May 2025 special education aggregation
Metropolitan Area,26580,"Huntington-Ashland, WV-KY-OH",Postsecondary nondegree award,11250.0,7.997199999999999,1.2,23.11,48060.0,0.5,21.48,44680.0,30390.0,36800.0,56160.0,69060.0,BLS OEWS May 2025 special education aggregation
Metropolitan Area,26580,"Huntington-Ashland, WV-KY-OH","Some college, no degree",3250.0,2.3113,2.8,19.31,40160.0,0.6,17.95,37330.0,24450.0,28830.0,47380.0,59240.0,BLS OEWS May 2025 special education aggregation
Metropolitan Area,26580,"Huntington-Ashland, WV-KY-OH",High school diploma or equivalent,51530.0,36.614999999999995,0.5,23.09,48040.0,0.4,20.45,42530.0,27760.0,33670.0,58120.0,76080.0,BLS OEWS May 2025 special education aggregation
Metropolitan Area,26580,"Huntington-Ashland, WV-KY-OH",No formal educational credential,34250.0,24.3351,0.6,15.55,32350.0,0.4,14.02,29160.0,21860.0,23630.0,36470.0,46570.0,BLS OEWS May 2025 special education aggregation
Metropolitan Area,26620,"Huntsville, AL",Doctoral or professional degree,4910.0,1.843,2.4,75.27,156550.0,2.5,56.65,117830.0,56240.0,75320.0,179900.0,357010.0,BLS OEWS May 2025 special education aggregation
Metropolitan Area,26620,"Huntsville, AL",Master's degree,4960.0,1.8588,4.2,46.11,95910.0,1.7,39.08,81280.0,47260.0,63120.0,109100.0,167340.0,BLS OEWS May 2025 special education aggregation
Metropolitan Area,26620,"Huntsville, AL",Bachelor's degree,89270.0,33.4795,0.6,54.22,112780.0,0.4,49.54,103040.0,54310.0,75820.0,142560.0,179180.0,BLS OEWS May 2025 special education aggregation
Metropolitan Area,26620,"Huntsville, AL",Associate's degree,6380.0,2.3914,3.1,29.08,60490.0,1.0,28.93,60170.0,29070.0,41170.0,75710.0,96150.0,BLS OEWS May 2025 special education aggregation
Metropolitan Area,26620,"Huntsville, AL",Postsecondary nondegree award,14950.0,5.6059,2.1,23.38,48630.0,0.7,21.35,44410.0,30430.0,36040.0,59880.0,74540.0,BLS OEWS May 2025 special education aggregation
Metropolitan Area,26620,"Huntsville, AL","Some college, no degree",4110.0,1.5408,5.0,21.73,45200.0,1.5,21.53,44770.0,24250.0,32450.0,54890.0,64170.0,BLS OEWS May 2025 special education aggregation
Metropolitan Area,26620,"Huntsville, AL",High school diploma or equivalent,85550.0,32.0818,0.7,24.8,51580.0,0.4,22.72,47250.0,29910.0,36790.0,60830.0,78620.0,BLS OEWS May 2025 special education aggregation
Metropolitan Area,26620,"Huntsville, AL",No formal educational credential,56530.0,21.1987,0.7,16.45,34210.0,0.5,15.23,31670.0,22490.0,27860.0,37780.0,47610.0,BLS OEWS May 2025 special education aggregation
Metropolitan Area,26820,"Idaho Falls, ID",Doctoral or professional degree,1400.0,1.7131,5.1,72.57,150950.0,3.6,59.52,123790.0,50580.0,81030.0,166000.0,359380.0,BLS OEWS May 2025 special education aggregation
Metropolitan Area,26820,"Idaho Falls, ID",Master's degree,1880.0,2.3005,4.7,44.19,91910.0,4.4,38.8,80710.0,43920.0,57280.0,116450.0,152780.0,BLS OEWS May 2025 special education aggregation
Metropolitan Area,26820,"Idaho Falls, ID",Bachelor's degree,18030.0,22.0345,1.2,47.09,97960.0,0.6,40.28,83780.0,46460.0,60820.0,122640.0,165810.0,BLS OEWS May 2025 special education aggregation
Metropolitan Area,26820,"Idaho Falls, ID",Associate's degree,2140.0,2.6183,3.5,35.16,73130.0,1.1,34.24,71220.0,38060.0,48870.0,96040.0,104020.0,BLS OEWS May 2025 special education aggregation
Metropolitan Area,26820,"Idaho Falls, ID",Postsecondary nondegree award,5850.0,7.153499999999999,2.0,25.44,52920.0,0.9,23.09,48020.0,34110.0,38030.0,61570.0,76990.0,BLS OEWS May 2025 special education aggregation
Metropolitan Area,26820,"Idaho Falls, ID","Some college, no degree",2350.0,2.8762,3.5,21.71,45150.0,1.0,19.6,40770.0,28840.0,33930.0,51420.0,64520.0,BLS OEWS May 2025 special education aggregation
Metropolitan Area,26820,"Idaho Falls, ID",High school diploma or equivalent,30370.0,37.107600000000005,0.7,24.79,51570.0,0.5,21.65,45020.0,29340.0,35720.0,60290.0,83790.0,BLS OEWS May 2025 special education aggregation
Metropolitan Area,26820,"Idaho Falls, ID",No formal educational credential,19800.0,24.1964,0.8,17.37,36130.0,0.7,16.49,34300.0,22350.0,28630.0,40320.0,51200.0,BLS OEWS May 2025 special education aggregation
Metropolitan Area,26900,"Indianapolis-Carmel-Greenwood, IN",Doctoral or professional degree,31980.0,2.8935,2.1,91.33,189960.0,2.3,66.75,138840.0,65720.0,84990.0,226990.0,428230.0,BLS OEWS May 2025 special education aggregation
Metropolitan Area,26900,"Indianapolis-Carmel-Greenwood, IN",Master's degree,22530.0,2.0389,3.0,40.9,85080.0,1.1,37.4,77780.0,44180.0,54930.0,105930.0,132940.0,BLS OEWS May 2025 special education aggregation
Metropolitan Area,26900,"Indianapolis-Carmel-Greenwood, IN",Bachelor's degree,244200.0,22.0958,0.7,47.72,99250.0,0.5,40.12,83440.0,49060.0,62720.0,117000.0,162970.0,BLS OEWS May 2025 special education aggregation
Metropolitan Area,26900,"Indianapolis-Carmel-Greenwood, IN",Associate's degree,26210.0,2.3718,2.3,32.98,68600.0,1.0,30.93,64320.0,37080.0,46580.0,82750.0,101340.0,BLS OEWS May 2025 special education aggregation
Metropolitan Area,26900,"Indianapolis-Carmel-Greenwood, IN",Postsecondary nondegree award,74960.0,6.7828,1.6,27.22,56620.0,0.6,24.59,51150.0,37070.0,42710.0,66600.0,79280.0,BLS OEWS May 2025 special education aggregation
Metropolitan Area,26900,"Indianapolis-Carmel-Greenwood, IN","Some college, no degree",26210.0,2.3710999999999998,2.5,23.03,47900.0,1.9,21.83,45410.0,29510.0,35630.0,58400.0,70770.0,BLS OEWS May 2025 special education aggregation
Metropolitan Area,26900,"Indianapolis-Carmel-Greenwood, IN",High school diploma or equivalent,386920.0,35.0102,0.6,26.68,55480.0,0.4,23.29,48450.0,32150.0,38220.0,63820.0,85700.0,BLS OEWS May 2025 special education aggregation
Metropolitan Area,26900,"Indianapolis-Carmel-Greenwood, IN",No formal educational credential,292160.0,26.435899999999997,0.6,18.17,37780.0,0.4,17.42,36240.0,24250.0,29410.0,44680.0,51240.0,BLS OEWS May 2025 special education aggregation
Metropolitan Area,26980,"Iowa City, IA",Doctoral or professional degree,5680.0,6.0614,0.6,79.91,166210.0,0.4,62.42,129840.0,68880.0,86040.0,214560.0,358550.0,BLS OEWS May 2025 special education aggregation
Metropolitan Area,26980,"Iowa City, IA",Master's degree,3420.0,3.6499,1.2,46.93,97620.0,0.6,39.32,81790.0,48190.0,61640.0,124110.0,156520.0,BLS OEWS May 2025 special education aggregation
Metropolitan Area,26980,"Iowa City, IA",Bachelor's degree,22500.0,23.9951,0.4,41.92,87190.0,0.8,37.98,79010.0,47600.0,61480.0,101200.0,134790.0,BLS OEWS May 2025 special education aggregation
Metropolitan Area,26980,"Iowa City, IA",Associate's degree,2540.0,2.7128,2.6,30.06,62520.0,1.1,30.63,63710.0,30300.0,45230.0,80270.0,87660.0,BLS OEWS May 2025 special education aggregation
Metropolitan Area,26980,"Iowa City, IA",Postsecondary nondegree award,6950.0,7.4119,0.9,29.03,60370.0,0.6,24.84,51660.0,36500.0,42660.0,65530.0,88180.0,BLS OEWS May 2025 special education aggregation
Metropolitan Area,26980,"Iowa City, IA","Some college, no degree",2400.0,2.5581,2.7,19.98,41560.0,1.1,17.23,35840.0,23540.0,29760.0,50470.0,63550.0,BLS OEWS May 2025 special education aggregation
Metropolitan Area,26980,"Iowa City, IA",High school diploma or equivalent,28030.0,29.901,0.5,24.88,51760.0,0.5,22.9,47620.0,31240.0,37530.0,60740.0,76910.0,BLS OEWS May 2025 special education aggregation
Metropolitan Area,26980,"Iowa City, IA",No formal educational credential,22230.0,23.7097,0.5,16.53,34370.0,0.6,15.89,33050.0,21470.0,28150.0,38060.0,47710.0,BLS OEWS May 2025 special education aggregation
Metropolitan Area,27060,"Ithaca, NY",Doctoral or professional degree,4970.0,10.3572,0.6,81.83,170200.0,0.7,53.02,110270.0,63320.0,81890.0,201760.0,376740.0,BLS OEWS May 2025 special education aggregation
Metropolitan Area,27060,"Ithaca, NY",Master's degree,2780.0,5.7945,1.0,51.5,107120.0,0.7,44.37,92280.0,53910.0,65010.0,136980.0,173460.0,BLS OEWS May 2025 special education aggregation
Metropolitan Area,27060,"Ithaca, NY",Bachelor's degree,10870.0,22.6481,0.7,46.19,96070.0,0.8,39.15,81440.0,47090.0,62410.0,114680.0,159420.0,BLS OEWS May 2025 special education aggregation
Metropolitan Area,27060,"Ithaca, NY",Associate's degree,1340.0,2.8023,2.2,33.44,69550.0,0.9,29.9,62180.0,38790.0,48290.0,92000.0,104710.0,BLS OEWS May 2025 special education aggregation
Metropolitan Area,27060,"Ithaca, NY",Postsecondary nondegree award,2520.0,5.2555,1.9,26.97,56090.0,0.9,25.44,52910.0,38580.0,45380.0,62930.0,75440.0,BLS OEWS May 2025 special education aggregation
Metropolitan Area,27060,"Ithaca, NY","Some college, no degree",1560.0,3.2432000000000003,2.8,23.74,49380.0,1.0,22.06,45880.0,34900.0,36830.0,57290.0,72800.0,BLS OEWS May 2025 special education aggregation
Metropolitan Area,27060,"Ithaca, NY",High school diploma or equivalent,14560.0,30.3562,0.5,26.5,55120.0,0.5,23.77,49450.0,35310.0,40040.0,62660.0,78260.0,BLS OEWS May 2025 special education aggregation
Metropolitan Area,27060,"Ithaca, NY",No formal educational credential,9380.0,19.5427,0.6,20.06,41730.0,0.4,17.87,37170.0,32240.0,34580.0,45410.0,55410.0,BLS OEWS May 2025 special education aggregation
Metropolitan Area,27100,"Jackson, MI",Doctoral or professional degree,1140.0,2.0428,1.3,63.08,131210.0,1.4,47.44,98680.0,44140.0,68810.0,152060.0,276180.0,BLS OEWS May 2025 special education aggregation
Metropolitan Area,27100,"Jackson, MI",Master's degree,1220.0,2.1894,3.3,43.72,90930.0,0.7,39.17,81480.0,45500.0,59300.0,103110.0,136980.0,BLS OEWS May 2025 special education aggregation
Metropolitan Area,27100,"Jackson, MI",Bachelor's degree,12170.0,21.7581,0.8,47.27,98320.0,0.6,40.65,84550.0,47740.0,64120.0,118160.0,161750.0,BLS OEWS May 2025 special education aggregation
Metropolitan Area,27100,"Jackson, MI",Associate's degree,1210.0,2.1550000000000002,3.5,31.66,65840.0,1.0,31.78,66090.0,38570.0,47470.0,81080.0,92060.0,BLS OEWS May 2025 special education aggregation
Metropolitan Area,27100,"Jackson, MI",Postsecondary nondegree award,3170.0,5.6661,2.7,25.64,53340.0,0.9,22.57,46950.0,37240.0,40080.0,62250.0,76240.0,BLS OEWS May 2025 special education aggregation
Metropolitan Area,27100,"Jackson, MI","Some college, no degree",1580.0,2.8199,3.4,21.54,44800.0,0.6,19.57,40710.0,28810.0,35520.0,50510.0,63200.0,BLS OEWS May 2025 special education aggregation
Metropolitan Area,27100,"Jackson, MI",High school diploma or equivalent,22820.0,40.8058,0.8,24.96,51920.0,0.6,22.34,46470.0,31200.0,36920.0,60500.0,78460.0,BLS OEWS May 2025 special education aggregation
Metropolitan Area,27100,"Jackson, MI",No formal educational credential,12620.0,22.5628,0.7,17.72,36850.0,0.5,16.28,33850.0,26930.0,28700.0,39140.0,49640.0,BLS OEWS May 2025 special education aggregation
Metropolitan Area,27140,"Jackson, MS",Doctoral or professional degree,8150.0,3.0108,3.5,65.76,136780.0,6.3,49.92,103830.0,52430.0,64120.0,164780.0,315480.0,BLS OEWS May 2025 special education aggregation
Metropolitan Area,27140,"Jackson, MS",Master's degree,7010.0,2.5881,3.9,42.53,88460.0,2.8,37.26,77500.0,40320.0,53440.0,108020.0,134650.0,BLS OEWS May 2025 special education aggregation
Metropolitan Area,27140,"Jackson, MS",Bachelor's degree,52330.0,19.3294,0.9,39.67,82510.0,0.7,33.22,69090.0,42050.0,51070.0,97150.0,132240.0,BLS OEWS May 2025 special education aggregation
Metropolitan Area,27140,"Jackson, MS",Associate's degree,6050.0,2.2338999999999998,3.9,28.47,59210.0,1.4,28.4,59070.0,31660.0,43620.0,72800.0,83860.0,BLS OEWS May 2025 special education aggregation
Metropolitan Area,27140,"Jackson, MS",Postsecondary nondegree award,21760.0,8.037600000000001,1.7,23.86,49620.0,0.8,22.14,46050.0,29490.0,35730.0,59930.0,76800.0,BLS OEWS May 2025 special education aggregation
Metropolitan Area,27140,"Jackson, MS","Some college, no degree",5900.0,2.1786000000000003,2.4,20.06,41730.0,1.0,18.5,38480.0,22100.0,27160.0,51020.0,65060.0,BLS OEWS May 2025 special education aggregation
Metropolitan Area,27140,"Jackson, MS",High school diploma or equivalent,101120.0,37.3505,0.9,22.47,46740.0,0.5,19.29,40130.0,24200.0,31250.0,56960.0,75030.0,BLS OEWS May 2025 special education aggregation
Metropolitan Area,27140,"Jackson, MS",No formal educational credential,68420.0,25.2712,0.9,15.15,31510.0,0.5,14.14,29410.0,20800.0,23190.0,36470.0,45370.0,BLS OEWS May 2025 special education aggregation
Metropolitan Area,27180,"Jackson, TN",Doctoral or professional degree,1410.0,1.6672,3.4,73.37,152610.0,3.7,51.25,106590.0,60560.0,70650.0,165400.0,388970.0,BLS OEWS May 2025 special education aggregation
Metropolitan Area,27180,"Jackson, TN",Master's degree,2300.0,2.7194,2.9,36.59,76110.0,2.0,32.54,67670.0,37330.0,48340.0,98900.0,121500.0,BLS OEWS May 2025 special education aggregation
Metropolitan Area,27180,"Jackson, TN",Bachelor's degree,13990.0,16.5472,0.8,39.98,83160.0,0.7,32.67,67950.0,43110.0,52370.0,95250.0,134650.0,BLS OEWS May 2025 special education aggregation
Metropolitan Area,27180,"Jackson, TN",Associate's degree,1520.0,1.8024,2.1,29.8,61980.0,1.0,29.93,62260.0,37060.0,50300.0,74910.0,82900.0,BLS OEWS May 2025 special education aggregation
Metropolitan Area,27180,"Jackson, TN",Postsecondary nondegree award,6940.0,8.2145,1.5,23.8,49510.0,0.8,22.48,46760.0,31590.0,37300.0,59210.0,72920.0,BLS OEWS May 2025 special education aggregation
Metropolitan Area,27180,"Jackson, TN","Some college, no degree",2000.0,2.3645,2.6,19.19,39920.0,0.9,18.02,37480.0,23870.0,29880.0,47300.0,59330.0,BLS OEWS May 2025 special education aggregation
Metropolitan Area,27180,"Jackson, TN",High school diploma or equivalent,35580.0,42.088499999999996,0.5,23.42,48710.0,0.4,21.65,45030.0,29870.0,35930.0,57070.0,72950.0,BLS OEWS May 2025 special education aggregation
Metropolitan Area,27180,"Jackson, TN",No formal educational credential,20790.0,24.5963,0.6,16.19,33680.0,0.5,15.24,31700.0,21780.0,26910.0,38250.0,46530.0,BLS OEWS May 2025 special education aggregation
Metropolitan Area,27260,"Jacksonville, FL",Doctoral or professional degree,15860.0,2.0711,3.6,79.15,164640.0,1.9,59.93,124650.0,60850.0,79750.0,190220.0,363700.0,BLS OEWS May 2025 special education aggregation
Metropolitan Area,27260,"Jacksonville, FL",Master's degree,15450.0,2.0166,2.0,45.39,94400.0,2.9,39.01,81140.0,46950.0,59940.0,118510.0,138070.0,BLS OEWS May 2025 special education aggregation
Metropolitan Area,27260,"Jacksonville, FL",Bachelor's degree,190200.0,24.833099999999998,0.7,49.68,103330.0,1.1,40.33,83890.0,48470.0,63290.0,124830.0,168470.0,BLS OEWS May 2025 special education aggregation
Metropolitan Area,27260,"Jacksonville, FL",Associate's degree,17520.0,2.2873,2.0,32.3,67180.0,0.9,30.21,62840.0,35910.0,44210.0,82350.0,98850.0,BLS OEWS May 2025 special education aggregation
Metropolitan Area,27260,"Jacksonville, FL",Postsecondary nondegree award,59040.0,7.708,1.0,26.11,54320.0,0.5,23.03,47900.0,35930.0,39000.0,62400.0,79220.0,BLS OEWS May 2025 special education aggregation
Metropolitan Area,27260,"Jacksonville, FL","Some college, no degree",16380.0,2.1381,3.2,24.29,50520.0,1.2,22.22,46220.0,31090.0,36160.0,59660.0,75050.0,BLS OEWS May 2025 special education aggregation
Metropolitan Area,27260,"Jacksonville, FL",High school diploma or equivalent,255090.0,33.3038,0.5,26.19,54460.0,0.3,22.85,47530.0,33460.0,37750.0,61990.0,81160.0,BLS OEWS May 2025 special education aggregation
Metropolitan Area,27260,"Jacksonville, FL",No formal educational credential,196400.0,25.642000000000003,0.6,18.35,38160.0,0.4,17.14,35650.0,28080.0,29570.0,43480.0,50530.0,BLS OEWS May 2025 special education aggregation
Metropolitan Area,27340,"Jacksonville, NC",Doctoral or professional degree,920.0,1.7441,3.2,67.37,140140.0,2.4,46.86,97470.0,47580.0,65500.0,169110.0,297640.0,BLS OEWS May 2025 special education aggregation
Metropolitan Area,27340,"Jacksonville, NC",Master's degree,1030.0,1.9600000000000002,4.4,38.96,81030.0,1.8,33.62,69920.0,41840.0,54060.0,96950.0,126480.0,BLS OEWS May 2025 special education aggregation
Metropolitan Area,27340,"Jacksonville, NC",Bachelor's degree,11120.0,21.1522,1.1,37.92,78870.0,0.7,33.08,68810.0,42140.0,49070.0,97470.0,127160.0,BLS OEWS May 2025 special education aggregation
Metropolitan Area,27340,"Jacksonville, NC",Associate's degree,1280.0,2.4388,2.9,27.43,57050.0,1.0,26.12,54320.0,29930.0,38550.0,74960.0,86260.0,BLS OEWS May 2025 special education aggregation
Metropolitan Area,27340,"Jacksonville, NC",Postsecondary nondegree award,3750.0,7.1422,2.9,23.99,49890.0,1.8,21.72,45190.0,31490.0,36040.0,58350.0,74870.0,BLS OEWS May 2025 special education aggregation
Metropolitan Area,27340,"Jacksonville, NC","Some college, no degree",1440.0,2.7298,3.5,18.35,38160.0,2.4,16.52,34360.0,24520.0,28650.0,45660.0,57920.0,BLS OEWS May 2025 special education aggregation
Metropolitan Area,27340,"Jacksonville, NC",High school diploma or equivalent,15900.0,30.2532,1.1,22.44,46670.0,0.8,20.38,42400.0,27540.0,33630.0,55760.0,72570.0,BLS OEWS May 2025 special education aggregation
Metropolitan Area,27340,"Jacksonville, NC",No formal educational credential,17130.0,32.5797,1.1,15.26,31740.0,0.8,14.19,29520.0,21430.0,24460.0,36090.0,44540.0,BLS OEWS May 2025 special education aggregation
Metropolitan Area,27500,"Janesville-Beloit, WI",Doctoral or professional degree,1240.0,1.7693999999999999,1.2,87.73,182470.0,1.4,58.94,122600.0,70630.0,84990.0,218620.0,403270.0,BLS OEWS May 2025 special education aggregation
Metropolitan Area,27500,"Janesville-Beloit, WI",Master's degree,,,,42.22,87820.0,1.4,38.07,79190.0,48300.0,61140.0,107390.0,128950.0,BLS OEWS May 2025 special education aggregation
Metropolitan Area,27500,"Janesville-Beloit, WI",Bachelor's degree,13630.0,19.5058,1.2,46.38,96470.0,1.3,38.47,80030.0,49360.0,62110.0,105500.0,156090.0,BLS OEWS May 2025 special education aggregation
Metropolitan Area,27500,"Janesville-Beloit, WI",Associate's degree,1470.0,2.1022,3.0,31.23,64950.0,0.8,30.45,63340.0,35910.0,44830.0,81600.0,98940.0,BLS OEWS May 2025 special education aggregation
Metropolitan Area,27500,"Janesville-Beloit, WI",Postsecondary nondegree award,4930.0,7.06,1.6,26.77,55680.0,0.8,24.48,50920.0,35920.0,44180.0,65150.0,75740.0,BLS OEWS May 2025 special education aggregation
Metropolitan Area,27500,"Janesville-Beloit, WI","Some college, no degree",,,,21.57,44860.0,1.7,18.72,38940.0,34840.0,36620.0,49990.0,60820.0,BLS OEWS May 2025 special education aggregation
Metropolitan Area,27500,"Janesville-Beloit, WI",High school diploma or equivalent,27030.0,38.6904,0.8,26.29,54680.0,0.5,23.08,48010.0,34340.0,38560.0,62190.0,83390.0,BLS OEWS May 2025 special education aggregation
Metropolitan Area,27500,"Janesville-Beloit, WI",No formal educational credential,18360.0,26.2742,1.0,17.92,37270.0,0.6,16.94,35240.0,22850.0,28600.0,44870.0,52370.0,BLS OEWS May 2025 special education aggregation
Metropolitan Area,27620,"Jefferson City, MO",Doctoral or professional degree,1740.0,2.1641,1.5,63.23,131530.0,3.6,45.8,95260.0,56850.0,72510.0,134920.0,258510.0,BLS OEWS May 2025 special education aggregation
Metropolitan Area,27620,"Jefferson City, MO",Master's degree,1850.0,2.3039,1.8,36.08,75050.0,1.0,30.7,63850.0,41870.0,50600.0,88140.0,121540.0,BLS OEWS May 2025 special education aggregation
Metropolitan Area,27620,"Jefferson City, MO",Bachelor's degree,22720.0,28.32,0.5,38.33,79730.0,0.5,33.4,69470.0,45090.0,52270.0,93780.0,128480.0,BLS OEWS May 2025 special education aggregation
Metropolitan Area,27620,"Jefferson City, MO",Associate's degree,2060.0,2.5735,1.6,28.25,58760.0,0.9,24.8,51580.0,33400.0,36940.0,75730.0,95050.0,BLS OEWS May 2025 special education aggregation
Metropolitan Area,27620,"Jefferson City, MO",Postsecondary nondegree award,4250.0,5.2944,2.3,24.1,50120.0,0.8,22.52,46850.0,33280.0,37180.0,58220.0,73860.0,BLS OEWS May 2025 special education aggregation
Metropolitan Area,27620,"Jefferson City, MO","Some college, no degree",1680.0,2.0881,2.2,22.09,45940.0,0.7,20.67,42990.0,28600.0,35900.0,52020.0,65130.0,BLS OEWS May 2025 special education aggregation
Metropolitan Area,27620,"Jefferson City, MO",High school diploma or equivalent,29900.0,37.273,0.5,24.68,51330.0,0.4,22.15,46080.0,31750.0,37440.0,58650.0,78560.0,BLS OEWS May 2025 special education aggregation
Metropolitan Area,27620,"Jefferson City, MO",No formal educational credential,16030.0,19.9829,0.8,17.66,36730.0,0.5,15.23,31670.0,28600.0,28850.0,38080.0,49340.0,BLS OEWS May 2025 special education aggregation
Metropolitan Area,27740,"Johnson City, TN",Doctoral or professional degree,3100.0,3.7929000000000004,1.6,65.55,136350.0,2.0,47.54,98870.0,57040.0,64870.0,163780.0,289740.0,BLS OEWS May 2025 special education aggregation
Metropolitan Area,27740,"Johnson City, TN",Master's degree,2490.0,3.0454,3.0,41.25,85790.0,3.6,37.01,76990.0,42170.0,50540.0,102970.0,129390.0,BLS OEWS May 2025 special education aggregation
Metropolitan Area,27740,"Johnson City, TN",Bachelor's degree,15960.0,19.5367,1.6,41.23,85760.0,0.7,36.28,75470.0,44280.0,56730.0,98640.0,137090.0,BLS OEWS May 2025 special education aggregation
Metropolitan Area,27740,"Johnson City, TN",Associate's degree,1980.0,2.4210000000000003,2.9,29.25,60850.0,0.8,28.49,59260.0,30950.0,45280.0,76890.0,90790.0,BLS OEWS May 2025 special education aggregation
Metropolitan Area,27740,"Johnson City, TN",Postsecondary nondegree award,6390.0,7.8275999999999994,2.2,21.95,45660.0,0.6,20.85,43360.0,30260.0,36640.0,51380.0,61540.0,BLS OEWS May 2025 special education aggregation
Metropolitan Area,27740,"Johnson City, TN","Some college, no degree",2100.0,2.5674,2.8,18.56,38600.0,0.8,17.6,36610.0,22720.0,28860.0,46510.0,57310.0,BLS OEWS May 2025 special education aggregation
Metropolitan Area,27740,"Johnson City, TN",High school diploma or equivalent,29340.0,35.916399999999996,0.6,21.83,45410.0,0.6,19.88,41340.0,28640.0,34500.0,50100.0,65810.0,BLS OEWS May 2025 special education aggregation
Metropolitan Area,27740,"Johnson City, TN",No formal educational credential,20340.0,24.892500000000002,0.8,15.18,31580.0,0.6,14.15,29440.0,21210.0,24600.0,35780.0,44800.0,BLS OEWS May 2025 special education aggregation
Metropolitan Area,27780,"Johnstown, PA",Doctoral or professional degree,1330.0,2.7873,3.3,60.71,126270.0,3.5,41.72,86780.0,47800.0,61580.0,137260.0,319840.0,BLS OEWS May 2025 special education aggregation
Metropolitan Area,27780,"Johnstown, PA",Master's degree,1390.0,2.9015,2.7,38.41,79890.0,2.4,35.42,73670.0,41190.0,49610.0,100070.0,129230.0,BLS OEWS May 2025 special education aggregation
Metropolitan Area,27780,"Johnstown, PA",Bachelor's degree,9530.0,19.9322,1.0,39.67,82520.0,1.0,36.51,75950.0,42360.0,57170.0,96960.0,127440.0,BLS OEWS May 2025 special education aggregation
Metropolitan Area,27780,"Johnstown, PA",Associate's degree,,,,28.01,58270.0,1.1,27.26,56700.0,30390.0,39230.0,71820.0,82220.0,BLS OEWS May 2025 special education aggregation
Metropolitan Area,27780,"Johnstown, PA",Postsecondary nondegree award,3520.0,7.3683000000000005,2.5,23.37,48610.0,0.6,22.43,46650.0,32000.0,37660.0,57030.0,67790.0,BLS OEWS May 2025 special education aggregation
Metropolitan Area,27780,"Johnstown, PA","Some college, no degree",,,,19.23,39990.0,1.5,17.74,36890.0,26310.0,30050.0,46390.0,57360.0,BLS OEWS May 2025 special education aggregation
Metropolitan Area,27780,"Johnstown, PA",High school diploma or equivalent,18080.0,37.8044,0.8,22.09,45950.0,0.7,20.34,42310.0,27850.0,34000.0,54560.0,67790.0,BLS OEWS May 2025 special education aggregation
Metropolitan Area,27780,"Johnstown, PA",No formal educational credential,11690.0,24.4466,0.8,15.51,32250.0,0.6,14.14,29400.0,20550.0,23800.0,36610.0,46290.0,BLS OEWS May 2025 special education aggregation
Metropolitan Area,27860,"Jonesboro, AR",Doctoral or professional degree,1710.0,2.8172,1.7,65.61,136480.0,2.1,46.92,97600.0,58170.0,65470.0,167830.0,268540.0,BLS OEWS May 2025 special education aggregation
Metropolitan Area,27860,"Jonesboro, AR",Master's degree,1660.0,2.7446,2.5,41.95,87250.0,1.7,38.47,80010.0,40230.0,58220.0,106360.0,133870.0,BLS OEWS May 2025 special education aggregation
Metropolitan Area,27860,"Jonesboro, AR",Bachelor's degree,11280.0,18.612299999999998,0.8,38.09,79230.0,0.6,31.35,65200.0,38620.0,52100.0,91910.0,127200.0,BLS OEWS May 2025 special education aggregation
Metropolitan Area,27860,"Jonesboro, AR",Associate's degree,1350.0,2.2207999999999997,3.1,29.52,61400.0,1.5,29.05,60420.0,32130.0,43660.0,79510.0,91680.0,BLS OEWS May 2025 special education aggregation
Metropolitan Area,27860,"Jonesboro, AR",Postsecondary nondegree award,5200.0,8.582699999999999,2.1,21.47,44660.0,0.9,19.37,40280.0,30190.0,34910.0,50980.0,61910.0,BLS OEWS May 2025 special education aggregation
Metropolitan Area,27860,"Jonesboro, AR","Some college, no degree",1240.0,2.0468,2.4,19.68,40930.0,2.5,17.5,36390.0,24440.0,28060.0,48510.0,58990.0,BLS OEWS May 2025 special education aggregation
Metropolitan Area,27860,"Jonesboro, AR",High school diploma or equivalent,22360.0,36.8878,0.7,22.07,45910.0,0.4,19.61,40790.0,28230.0,33130.0,51900.0,65930.0,BLS OEWS May 2025 special education aggregation
Metropolitan Area,27860,"Jonesboro, AR",No formal educational credential,15810.0,26.0876,0.7,15.95,33170.0,0.6,14.3,29750.0,23800.0,26930.0,36470.0,47340.0,BLS OEWS May 2025 special education aggregation
Metropolitan Area,27900,"Joplin, MO-KS",Doctoral or professional degree,1530.0,1.7503,2.4,63.47,132030.0,3.6,46.45,96620.0,47990.0,59820.0,151170.0,273570.0,BLS OEWS May 2025 special education aggregation
Metropolitan Area,27900,"Joplin, MO-KS",Master's degree,1890.0,2.1694,2.8,38.69,80480.0,1.7,32.67,67950.0,40710.0,49030.0,101650.0,135200.0,BLS OEWS May 2025 special education aggregation
Metropolitan Area,27900,"Joplin, MO-KS",Bachelor's degree,17370.0,19.9177,1.2,36.4,75710.0,0.7,31.0,64490.0,35250.0,47540.0,91520.0,123470.0,BLS OEWS May 2025 special education aggregation
Metropolitan Area,27900,"Joplin, MO-KS",Associate's degree,1760.0,2.0199000000000003,2.1,30.25,62910.0,0.9,29.39,61120.0,34040.0,46620.0,77230.0,90960.0,BLS OEWS May 2025 special education aggregation
Metropolitan Area,27900,"Joplin, MO-KS",Postsecondary nondegree award,8100.0,9.2905,1.4,23.35,48570.0,1.4,22.18,46130.0,33020.0,36980.0,58900.0,69210.0,BLS OEWS May 2025 special education aggregation
Metropolitan Area,27900,"Joplin, MO-KS","Some college, no degree",1660.0,1.9068,3.9,20.2,42020.0,0.8,18.4,38260.0,28600.0,33490.0,46840.0,58150.0,BLS OEWS May 2025 special education aggregation
Metropolitan Area,27900,"Joplin, MO-KS",High school diploma or equivalent,32170.0,36.896300000000004,0.7,23.73,49350.0,0.5,21.77,45270.0,29990.0,36020.0,57960.0,73780.0,BLS OEWS May 2025 special education aggregation
Metropolitan Area,27900,"Joplin, MO-KS",No formal educational credential,22710.0,26.0493,0.7,17.43,36250.0,0.4,15.47,32180.0,28600.0,28600.0,39580.0,48090.0,BLS OEWS May 2025 special education aggregation
Metropolitan Area,27980,"Kahului-Wailuku, HI",Doctoral or professional degree,1140.0,1.5411,7.7,81.83,170210.0,6.6,64.34,133830.0,55400.0,92190.0,204850.0,346490.0,BLS OEWS May 2025 special education aggregation
Metropolitan Area,27980,"Kahului-Wailuku, HI",Master's degree,1150.0,1.5581,4.5,46.75,97230.0,1.8,43.03,89500.0,50520.0,62450.0,123770.0,157090.0,BLS OEWS May 2025 special education aggregation
Metropolitan Area,27980,"Kahului-Wailuku, HI",Bachelor's degree,11750.0,15.9332,2.0,48.83,101560.0,0.9,41.48,86280.0,50410.0,64240.0,128050.0,164060.0,BLS OEWS May 2025 special education aggregation
Metropolitan Area,27980,"Kahului-Wailuku, HI",Associate's degree,1060.0,1.4365,3.8,35.56,73960.0,2.8,31.24,64970.0,42480.0,51940.0,98860.0,111960.0,BLS OEWS May 2025 special education aggregation
Metropolitan Area,27980,"Kahului-Wailuku, HI",Postsecondary nondegree award,3970.0,5.3801000000000005,2.6,33.96,70640.0,1.0,30.04,62470.0,44070.0,49070.0,81280.0,109290.0,BLS OEWS May 2025 special education aggregation
Metropolitan Area,27980,"Kahului-Wailuku, HI","Some college, no degree",1570.0,2.1271999999999998,5.9,24.59,51150.0,1.2,23.19,48230.0,35820.0,39760.0,59160.0,69010.0,BLS OEWS May 2025 special education aggregation
Metropolitan Area,27980,"Kahului-Wailuku, HI",High school diploma or equivalent,25630.0,34.7494,1.2,30.71,63880.0,0.7,27.97,58170.0,38020.0,45940.0,74980.0,99170.0,BLS OEWS May 2025 special education aggregation
Metropolitan Area,27980,"Kahului-Wailuku, HI",No formal educational credential,27490.0,37.2744,0.8,26.12,54340.0,1.0,22.65,47120.0,33940.0,37920.0,60510.0,81810.0,BLS OEWS May 2025 special education aggregation
Metropolitan Area,28020,"Kalamazoo-Portage, MI",Doctoral or professional degree,3490.0,2.8664,2.1,77.17,160520.0,2.7,50.65,105340.0,63320.0,69990.0,170860.0,350550.0,BLS OEWS May 2025 special education aggregation
Metropolitan Area,28020,"Kalamazoo-Portage, MI",Master's degree,3190.0,2.6205,2.1,43.24,89940.0,1.4,38.29,79650.0,47270.0,59440.0,110960.0,136500.0,BLS OEWS May 2025 special education aggregation
Metropolitan Area,28020,"Kalamazoo-Portage, MI",Bachelor's degree,27100.0,22.255699999999997,0.7,45.9,95480.0,0.6,39.46,82080.0,47760.0,62630.0,107580.0,155360.0,BLS OEWS May 2025 special education aggregation
Metropolitan Area,28020,"Kalamazoo-Portage, MI",Associate's degree,2890.0,2.3708,3.0,31.81,66160.0,1.0,30.46,63360.0,37070.0,48670.0,79410.0,97370.0,BLS OEWS May 2025 special education aggregation
Metropolitan Area,28020,"Kalamazoo-Portage, MI",Postsecondary nondegree award,7630.0,6.262700000000001,1.7,24.98,51960.0,0.6,23.01,47860.0,35640.0,38780.0,59600.0,73740.0,BLS OEWS May 2025 special education aggregation
Metropolitan Area,28020,"Kalamazoo-Portage, MI","Some college, no degree",2680.0,2.1974,3.3,21.99,45740.0,0.8,20.71,43090.0,29840.0,35250.0,52520.0,62750.0,BLS OEWS May 2025 special education aggregation
Metropolitan Area,28020,"Kalamazoo-Portage, MI",High school diploma or equivalent,46330.0,38.0443,0.6,25.05,52110.0,0.4,22.41,46610.0,32480.0,37330.0,60530.0,79830.0,BLS OEWS May 2025 special education aggregation
Metropolitan Area,28020,"Kalamazoo-Portage, MI",No formal educational credential,28480.0,23.3822,0.6,18.48,38450.0,0.4,17.04,35430.0,27490.0,29520.0,43870.0,51730.0,BLS OEWS May 2025 special education aggregation
Metropolitan Area,28100,"Kankakee, IL",Doctoral or professional degree,1030.0,2.4276,2.0,66.97,139300.0,2.2,39.29,81720.0,38080.0,58940.0,155990.0,414980.0,BLS OEWS May 2025 special education aggregation
Metropolitan Area,28100,"Kankakee, IL",Master's degree,970.0,2.2991,2.9,37.45,77890.0,3.5,35.01,72820.0,41490.0,50840.0,98670.0,128320.0,BLS OEWS May 2025 special education aggregation
Metropolitan Area,28100,"Kankakee, IL",Bachelor's degree,8740.0,20.6353,1.2,41.21,85710.0,1.1,37.24,77460.0,43660.0,56110.0,103070.0,132520.0,BLS OEWS May 2025 special education aggregation
Metropolitan Area,28100,"Kankakee, IL",Associate's degree,770.0,1.8131,3.6,31.11,64700.0,0.9,29.54,61450.0,37280.0,45710.0,80630.0,97330.0,BLS OEWS May 2025 special education aggregation
Metropolitan Area,28100,"Kankakee, IL",Postsecondary nondegree award,4520.0,10.67,2.0,23.96,49830.0,0.8,22.52,46850.0,33770.0,37870.0,56740.0,72610.0,BLS OEWS May 2025 special education aggregation
Metropolitan Area,28100,"Kankakee, IL","Some college, no degree",1130.0,2.6725000000000003,2.4,20.51,42650.0,0.8,18.2,37850.0,31200.0,31200.0,47820.0,59990.0,BLS OEWS May 2025 special education aggregation
Metropolitan Area,28100,"Kankakee, IL",High school diploma or equivalent,14440.0,34.0965,0.9,25.21,52440.0,0.6,22.0,45760.0,32740.0,37270.0,60150.0,79920.0,BLS OEWS May 2025 special education aggregation
Metropolitan Area,28100,"Kankakee, IL",No formal educational credential,10750.0,25.3863,0.7,17.79,37010.0,0.4,15.92,33120.0,31200.0,31200.0,37510.0,47010.0,BLS OEWS May 2025 special education aggregation
Metropolitan Area,28140,"Kansas City, MO-KS",Doctoral or professional degree,24190.0,2.2067,2.1,73.07,151990.0,3.3,58.42,121510.0,62190.0,79080.0,172070.0,305230.0,BLS OEWS May 2025 special education aggregation
Metropolitan Area,28140,"Kansas City, MO-KS",Master's degree,22260.0,2.0311,1.9,45.6,94840.0,1.5,38.74,80580.0,47220.0,60600.0,118330.0,149220.0,BLS OEWS May 2025 special education aggregation
Metropolitan Area,28140,"Kansas City, MO-KS",Bachelor's degree,288870.0,26.354000000000003,0.6,47.83,99490.0,0.5,40.18,83570.0,48520.0,62580.0,122490.0,165500.0,BLS OEWS May 2025 special education aggregation
Metropolitan Area,28140,"Kansas City, MO-KS",Associate's degree,23130.0,2.1105,2.5,35.24,73300.0,1.3,33.3,69250.0,42460.0,52430.0,90270.0,102550.0,BLS OEWS May 2025 special education aggregation
Metropolitan Area,28140,"Kansas City, MO-KS",Postsecondary nondegree award,72990.0,6.658499999999999,1.1,26.62,55360.0,0.4,23.88,49680.0,36730.0,40670.0,63950.0,79280.0,BLS OEWS May 2025 special education aggregation
Metropolitan Area,28140,"Kansas City, MO-KS","Some college, no degree",25310.0,2.309,2.7,23.42,48710.0,0.8,22.52,46840.0,28600.0,36760.0,58850.0,69950.0,BLS OEWS May 2025 special education aggregation
Metropolitan Area,28140,"Kansas City, MO-KS",High school diploma or equivalent,373410.0,34.0666,0.5,27.0,56160.0,0.3,23.37,48610.0,31770.0,38370.0,64700.0,87740.0,BLS OEWS May 2025 special education aggregation
Metropolitan Area,28140,"Kansas City, MO-KS",No formal educational credential,265960.0,24.2636,0.5,18.93,39380.0,0.5,17.18,35720.0,28600.0,30240.0,44440.0,53840.0,BLS OEWS May 2025 special education aggregation
Metropolitan Area,28420,"Kennewick-Richland, WA",Doctoral or professional degree,2200.0,1.6979,2.5,83.34,173350.0,3.4,63.4,131870.0,71550.0,93850.0,206760.0,344180.0,BLS OEWS May 2025 special education aggregation
Metropolitan Area,28420,"Kennewick-Richland, WA",Master's degree,2610.0,2.0194,2.2,51.99,108150.0,1.1,48.93,101770.0,56010.0,72310.0,135550.0,165900.0,BLS OEWS May 2025 special education aggregation
Metropolitan Area,28420,"Kennewick-Richland, WA",Bachelor's degree,29090.0,22.4695,0.7,55.67,115790.0,0.4,50.25,104520.0,59320.0,79770.0,138070.0,175720.0,BLS OEWS May 2025 special education aggregation
Metropolitan Area,28420,"Kennewick-Richland, WA",Associate's degree,3070.0,2.3731999999999998,3.0,39.33,81800.0,1.0,37.43,77850.0,43610.0,51640.0,106490.0,124690.0,BLS OEWS May 2025 special education aggregation
Metropolitan Area,28420,"Kennewick-Richland, WA",Postsecondary nondegree award,8450.0,6.5245999999999995,1.9,31.2,64890.0,1.0,28.54,59350.0,41380.0,48060.0,76320.0,98360.0,BLS OEWS May 2025 special education aggregation
Metropolitan Area,28420,"Kennewick-Richland, WA","Some college, no degree",4700.0,3.6334000000000004,2.4,25.29,52600.0,0.5,22.44,46680.0,38480.0,44390.0,58100.0,67900.0,BLS OEWS May 2025 special education aggregation
Metropolitan Area,28420,"Kennewick-Richland, WA",High school diploma or equivalent,43690.0,33.7396,0.6,31.04,64560.0,0.4,26.62,55370.0,38610.0,45530.0,76580.0,104910.0,BLS OEWS May 2025 special education aggregation
Metropolitan Area,28420,"Kennewick-Richland, WA",No formal educational credential,35660.0,27.5425,0.6,21.73,45200.0,0.7,19.08,39690.0,35350.0,36600.0,47680.0,60450.0,BLS OEWS May 2025 special education aggregation
Metropolitan Area,28450,"Kenosha, WI",Doctoral or professional degree,1570.0,2.0766,1.9,84.43,175620.0,2.0,52.67,109560.0,67120.0,81820.0,194870.0,391630.0,BLS OEWS May 2025 special education aggregation
Metropolitan Area,28450,"Kenosha, WI",Master's degree,1270.0,1.6809,2.7,42.45,88290.0,1.1,37.59,78180.0,48350.0,61080.0,107530.0,135800.0,BLS OEWS May 2025 special education aggregation
Metropolitan Area,28450,"Kenosha, WI",Bachelor's degree,13270.0,17.5911,1.1,46.41,96530.0,0.7,39.27,81680.0,48870.0,62110.0,106850.0,160380.0,BLS OEWS May 2025 special education aggregation
Metropolitan Area,28450,"Kenosha, WI",Associate's degree,1390.0,1.8381,2.8,28.76,59820.0,1.7,27.72,57650.0,30600.0,38560.0,77570.0,96950.0,BLS OEWS May 2025 special education aggregation
Metropolitan Area,28450,"Kenosha, WI",Postsecondary nondegree award,4920.0,6.5253,2.3,26.18,54450.0,1.0,23.78,49460.0,36190.0,44770.0,61980.0,76950.0,BLS OEWS May 2025 special education aggregation
Metropolitan Area,28450,"Kenosha, WI","Some college, no degree",1530.0,2.0253,3.6,22.69,47200.0,1.0,22.34,46470.0,29090.0,36950.0,55280.0,64220.0,BLS OEWS May 2025 special education aggregation
Metropolitan Area,28450,"Kenosha, WI",High school diploma or equivalent,26380.0,34.9693,0.8,26.49,55100.0,0.6,23.31,48480.0,33520.0,38680.0,62800.0,80940.0,BLS OEWS May 2025 special education aggregation
Metropolitan Area,28450,"Kenosha, WI",No formal educational credential,25120.0,33.2932,0.8,19.5,40560.0,0.8,18.28,38020.0,26000.0,30240.0,47570.0,58320.0,BLS OEWS May 2025 special education aggregation
Metropolitan Area,28660,"Killeen-Temple, TX",Doctoral or professional degree,4540.0,3.0141999999999998,1.2,123.35,256560.0,0.8,82.55,171700.0,65540.0,97380.0,395130.0,488330.0,BLS OEWS May 2025 special education aggregation
Metropolitan Area,28660,"Killeen-Temple, TX",Master's degree,4070.0,2.7034,2.0,48.08,100000.0,1.0,43.83,91170.0,46320.0,66990.0,125680.0,157320.0,BLS OEWS May 2025 special education aggregation
Metropolitan Area,28660,"Killeen-Temple, TX",Bachelor's degree,35830.0,23.793799999999997,0.6,43.27,90000.0,0.6,36.97,76890.0,47860.0,61600.0,105550.0,140500.0,BLS OEWS May 2025 special education aggregation
Metropolitan Area,28660,"Killeen-Temple, TX",Associate's degree,3270.0,2.1729,2.4,32.33,67240.0,1.0,29.98,62360.0,30650.0,42780.0,81910.0,98320.0,BLS OEWS May 2025 special education aggregation
Metropolitan Area,28660,"Killeen-Temple, TX",Postsecondary nondegree award,10680.0,7.0932,1.4,25.21,52430.0,0.7,22.65,47110.0,32400.0,37480.0,61750.0,78780.0,BLS OEWS May 2025 special education aggregation
Metropolitan Area,28660,"Killeen-Temple, TX","Some college, no degree",3980.0,2.6422999999999996,2.2,18.74,38970.0,1.2,16.88,35120.0,22940.0,29250.0,47050.0,60730.0,BLS OEWS May 2025 special education aggregation
Metropolitan Area,28660,"Killeen-Temple, TX",High school diploma or equivalent,49680.0,32.9938,0.5,23.03,47910.0,0.4,21.52,44760.0,27960.0,34900.0,57010.0,73070.0,BLS OEWS May 2025 special education aggregation
Metropolitan Area,28660,"Killeen-Temple, TX",No formal educational credential,38530.0,25.5864,0.5,16.0,33290.0,0.5,14.73,30630.0,21790.0,26070.0,37510.0,46770.0,BLS OEWS May 2025 special education aggregation
Metropolitan Area,28700,"Kingsport-Bristol, TN-VA",Doctoral or professional degree,2140.0,1.7887,3.9,73.31,152490.0,4.5,52.94,110120.0,57580.0,71680.0,166560.0,348070.0,BLS OEWS May 2025 special education aggregation
Metropolitan Area,28700,"Kingsport-Bristol, TN-VA",Master's degree,2390.0,1.9987,2.8,39.7,82580.0,1.9,36.38,75670.0,43400.0,54260.0,104550.0,127660.0,BLS OEWS May 2025 special education aggregation
Metropolitan Area,28700,"Kingsport-Bristol, TN-VA",Bachelor's degree,23600.0,19.7391,0.7,43.52,90530.0,0.4,36.89,76730.0,45380.0,58130.0,104330.0,155120.0,BLS OEWS May 2025 special education aggregation
Metropolitan Area,28700,"Kingsport-Bristol, TN-VA",Associate's degree,2680.0,2.2393,2.0,30.87,64210.0,0.7,30.08,62570.0,36690.0,47990.0,77990.0,91910.0,BLS OEWS May 2025 special education aggregation
Metropolitan Area,28700,"Kingsport-Bristol, TN-VA",Postsecondary nondegree award,8580.0,7.173,1.4,23.35,48560.0,0.6,21.78,45300.0,32130.0,37150.0,58200.0,66070.0,BLS OEWS May 2025 special education aggregation
Metropolitan Area,28700,"Kingsport-Bristol, TN-VA","Some college, no degree",3160.0,2.6437,1.3,19.92,41440.0,0.5,18.02,37470.0,23350.0,29260.0,48460.0,63230.0,BLS OEWS May 2025 special education aggregation
Metropolitan Area,28700,"Kingsport-Bristol, TN-VA",High school diploma or equivalent,45520.0,38.069,0.5,24.02,49960.0,0.4,21.83,45400.0,30030.0,36010.0,59690.0,75430.0,BLS OEWS May 2025 special education aggregation
Metropolitan Area,28700,"Kingsport-Bristol, TN-VA",No formal educational credential,31500.0,26.3487,0.7,16.16,33610.0,0.5,14.9,30990.0,22910.0,27030.0,36830.0,46050.0,BLS OEWS May 2025 special education aggregation
Metropolitan Area,28740,"Kingston, NY",Doctoral or professional degree,1450.0,2.4459,2.6,56.89,118320.0,3.6,46.71,97160.0,32440.0,65520.0,141370.0,203280.0,BLS OEWS May 2025 special education aggregation
Metropolitan Area,28740,"Kingston, NY",Master's degree,1640.0,2.7769,2.9,43.33,90130.0,1.5,37.58,78160.0,47980.0,61460.0,109450.0,145100.0,BLS OEWS May 2025 special education aggregation
Metropolitan Area,28740,"Kingston, NY",Bachelor's degree,11260.0,19.0412,0.8,47.86,99560.0,0.7,42.34,88060.0,47960.0,64170.0,120090.0,152880.0,BLS OEWS May 2025 special education aggregation
Metropolitan Area,28740,"Kingston, NY",Associate's degree,980.0,1.6507999999999998,3.7,35.76,74390.0,1.4,31.66,65850.0,43070.0,49920.0,95170.0,116500.0,BLS OEWS May 2025 special education aggregation
Metropolitan Area,28740,"Kingston, NY",Postsecondary nondegree award,3390.0,5.7286,1.7,27.48,57160.0,1.1,25.21,52440.0,36700.0,44710.0,65490.0,78900.0,BLS OEWS May 2025 special education aggregation
Metropolitan Area,28740,"Kingston, NY","Some college, no degree",2050.0,3.4604,3.2,22.95,47740.0,1.0,21.71,45150.0,32780.0,36560.0,55410.0,67520.0,BLS OEWS May 2025 special education aggregation
Metropolitan Area,28740,"Kingston, NY",High school diploma or equivalent,22720.0,38.4267,0.6,27.15,56480.0,0.4,23.92,49740.0,35890.0,39420.0,64990.0,82340.0,BLS OEWS May 2025 special education aggregation
Metropolitan Area,28740,"Kingston, NY",No formal educational credential,15650.0,26.4694,0.7,20.4,42440.0,0.5,17.82,37060.0,32240.0,34590.0,46230.0,59350.0,BLS OEWS May 2025 special education aggregation
Metropolitan Area,28880,"Kiryas Joel-Poughkeepsie-Newburgh, NY",Doctoral or professional degree,7540.0,2.8039,1.3,75.26,156550.0,1.1,54.88,114150.0,64990.0,80900.0,185850.0,339480.0,BLS OEWS May 2025 special education aggregation
Metropolitan Area,28880,"Kiryas Joel-Poughkeepsie-Newburgh, NY",Master's degree,7810.0,2.9029,1.4,48.52,100920.0,0.8,42.56,88530.0,49810.0,63670.0,129810.0,163810.0,BLS OEWS May 2025 special education aggregation
Metropolitan Area,28880,"Kiryas Joel-Poughkeepsie-Newburgh, NY",Bachelor's degree,54290.0,20.1831,0.6,51.24,106570.0,0.6,46.22,96140.0,50130.0,70070.0,126250.0,170580.0,BLS OEWS May 2025 special education aggregation
Metropolitan Area,28880,"Kiryas Joel-Poughkeepsie-Newburgh, NY",Associate's degree,,,,36.23,75350.0,0.9,33.67,70030.0,40140.0,50090.0,96840.0,115110.0,BLS OEWS May 2025 special education aggregation
Metropolitan Area,28880,"Kiryas Joel-Poughkeepsie-Newburgh, NY",Postsecondary nondegree award,16390.0,6.0924,1.3,28.07,58390.0,0.8,26.45,55010.0,36460.0,45100.0,68620.0,80240.0,BLS OEWS May 2025 special education aggregation
Metropolitan Area,28880,"Kiryas Joel-Poughkeepsie-Newburgh, NY","Some college, no degree",,,,23.61,49100.0,0.7,21.58,44890.0,32680.0,36710.0,56690.0,73500.0,BLS OEWS May 2025 special education aggregation
Metropolitan Area,28880,"Kiryas Joel-Poughkeepsie-Newburgh, NY",High school diploma or equivalent,97770.0,36.3492,0.7,27.58,57360.0,0.3,23.91,49730.0,35840.0,39720.0,65370.0,85810.0,BLS OEWS May 2025 special education aggregation
Metropolitan Area,28880,"Kiryas Joel-Poughkeepsie-Newburgh, NY",No formal educational credential,70740.0,26.299500000000002,0.7,20.66,42980.0,0.4,18.13,37700.0,32920.0,35040.0,46580.0,58560.0,BLS OEWS May 2025 special education aggregation
Metropolitan Area,28940,"Knoxville, TN",Doctoral or professional degree,10820.0,2.5492,3.4,75.1,156210.0,4.9,57.35,119290.0,62480.0,79730.0,168000.0,314840.0,BLS OEWS May 2025 special education aggregation
Metropolitan Area,28940,"Knoxville, TN",Master's degree,8840.0,2.0829,2.9,41.5,86310.0,1.7,38.0,79040.0,42940.0,55850.0,105040.0,130410.0,BLS OEWS May 2025 special education aggregation
Metropolitan Area,28940,"Knoxville, TN",Bachelor's degree,93930.0,22.122300000000003,0.6,45.52,94680.0,0.5,37.61,78220.0,48130.0,61110.0,110900.0,160170.0,BLS OEWS May 2025 special education aggregation
Metropolitan Area,28940,"Knoxville, TN",Associate's degree,9870.0,2.3238,2.5,30.56,63560.0,1.0,29.69,61750.0,38030.0,48080.0,77080.0,91830.0,BLS OEWS May 2025 special education aggregation
Metropolitan Area,28940,"Knoxville, TN",Postsecondary nondegree award,31200.0,7.347799999999999,1.4,24.88,51750.0,0.5,22.95,47740.0,33490.0,38000.0,60910.0,74080.0,BLS OEWS May 2025 special education aggregation
Metropolitan Area,28940,"Knoxville, TN","Some college, no degree",9720.0,2.2903,2.1,20.76,43180.0,0.7,19.47,40500.0,22480.0,29640.0,51590.0,63540.0,BLS OEWS May 2025 special education aggregation
Metropolitan Area,28940,"Knoxville, TN",High school diploma or equivalent,151990.0,35.7959,0.5,24.31,50560.0,0.4,22.03,45820.0,30520.0,36450.0,59190.0,77080.0,BLS OEWS May 2025 special education aggregation
Metropolitan Area,28940,"Knoxville, TN",No formal educational credential,108220.0,25.4879,0.6,16.6,34530.0,0.5,15.67,32590.0,22650.0,27810.0,37880.0,47710.0,BLS OEWS May 2025 special education aggregation
Metropolitan Area,29020,"Kokomo, IN",Doctoral or professional degree,700.0,1.9640999999999997,2.3,64.83,134850.0,2.6,47.46,98710.0,57780.0,74170.0,153250.0,300740.0,BLS OEWS May 2025 special education aggregation
Metropolitan Area,29020,"Kokomo, IN",Master's degree,670.0,1.8864,5.1,38.54,80160.0,2.6,33.72,70140.0,44380.0,48850.0,98980.0,129160.0,BLS OEWS May 2025 special education aggregation
Metropolitan Area,29020,"Kokomo, IN",Bachelor's degree,5340.0,15.047300000000002,1.0,43.04,89520.0,0.8,38.2,79450.0,46870.0,59410.0,105410.0,132390.0,BLS OEWS May 2025 special education aggregation
Metropolitan Area,29020,"Kokomo, IN",Associate's degree,670.0,1.8813,2.4,34.69,72160.0,1.4,36.53,75980.0,40240.0,51570.0,89730.0,100590.0,BLS OEWS May 2025 special education aggregation
Metropolitan Area,29020,"Kokomo, IN",Postsecondary nondegree award,2800.0,7.875,1.4,27.27,56720.0,0.7,23.94,49800.0,36510.0,39040.0,70970.0,92120.0,BLS OEWS May 2025 special education aggregation
Metropolitan Area,29020,"Kokomo, IN","Some college, no degree",700.0,1.9835999999999998,3.3,19.72,41010.0,0.9,18.29,38040.0,26830.0,30700.0,47620.0,59860.0,BLS OEWS May 2025 special education aggregation
Metropolitan Area,29020,"Kokomo, IN",High school diploma or equivalent,15390.0,43.359500000000004,0.6,29.22,60770.0,0.4,28.64,59580.0,32970.0,39250.0,75930.0,91410.0,BLS OEWS May 2025 special education aggregation
Metropolitan Area,29020,"Kokomo, IN",No formal educational credential,9230.0,26.002999999999997,0.8,16.39,34100.0,0.5,15.22,31660.0,22580.0,27740.0,37340.0,47040.0,BLS OEWS May 2025 special education aggregation
Metropolitan Area,29100,"La Crosse-Onalaska, WI-MN",Doctoral or professional degree,2610.0,3.0957,1.0,93.86,195230.0,1.3,57.41,119420.0,64070.0,78480.0,308360.0,448470.0,BLS OEWS May 2025 special education aggregation
Metropolitan Area,29100,"La Crosse-Onalaska, WI-MN",Master's degree,2250.0,2.6611000000000002,2.1,44.97,93530.0,1.5,37.88,78790.0,48670.0,60790.0,125100.0,150000.0,BLS OEWS May 2025 special education aggregation
Metropolitan Area,29100,"La Crosse-Onalaska, WI-MN",Bachelor's degree,17440.0,20.6652,0.7,45.03,93650.0,0.6,38.8,80700.0,48790.0,62620.0,106840.0,142530.0,BLS OEWS May 2025 special education aggregation
Metropolitan Area,29100,"La Crosse-Onalaska, WI-MN",Associate's degree,1850.0,2.1902,1.5,31.17,64840.0,0.6,30.54,63530.0,35760.0,43330.0,81680.0,98120.0,BLS OEWS May 2025 special education aggregation
Metropolitan Area,29100,"La Crosse-Onalaska, WI-MN",Postsecondary nondegree award,7070.0,8.377500000000001,1.1,26.47,55060.0,0.5,24.05,50030.0,37540.0,43510.0,62080.0,77100.0,BLS OEWS May 2025 special education aggregation
Metropolitan Area,29100,"La Crosse-Onalaska, WI-MN","Some college, no degree",2080.0,2.4696000000000002,3.3,22.55,46900.0,0.8,21.36,44420.0,32130.0,37560.0,53920.0,61970.0,BLS OEWS May 2025 special education aggregation
Metropolitan Area,29100,"La Crosse-Onalaska, WI-MN",High school diploma or equivalent,29270.0,34.6849,0.5,25.41,52850.0,0.4,22.75,47330.0,32970.0,38200.0,60660.0,78540.0,BLS OEWS May 2025 special education aggregation
Metropolitan Area,29100,"La Crosse-Onalaska, WI-MN",No formal educational credential,21820.0,25.8558,0.6,17.41,36220.0,0.5,16.76,34860.0,22980.0,28590.0,42390.0,49230.0,BLS OEWS May 2025 special education aggregation
Metropolitan Area,29180,"Lafayette, LA",Doctoral or professional degree,3670.0,2.043,5.6,63.75,132600.0,3.8,53.27,110800.0,55890.0,76590.0,157640.0,241070.0,BLS OEWS May 2025 special education aggregation
Metropolitan Area,29180,"Lafayette, LA",Master's degree,3270.0,1.8235,2.8,38.72,80540.0,2.4,30.75,63950.0,35740.0,48550.0,100460.0,136800.0,BLS OEWS May 2025 special education aggregation
Metropolitan Area,29180,"Lafayette, LA",Bachelor's degree,32660.0,18.184800000000003,1.1,41.45,86220.0,0.8,35.01,72810.0,45600.0,53130.0,100540.0,142130.0,BLS OEWS May 2025 special education aggregation
Metropolitan Area,29180,"Lafayette, LA",Associate's degree,3430.0,1.9077000000000002,4.0,28.71,59720.0,1.4,28.66,59610.0,30800.0,41680.0,76210.0,89920.0,BLS OEWS May 2025 special education aggregation
Metropolitan Area,29180,"Lafayette, LA",Postsecondary nondegree award,14560.0,8.1096,2.0,23.53,48950.0,1.5,21.48,44680.0,28800.0,33940.0,57900.0,73940.0,BLS OEWS May 2025 special education aggregation
Metropolitan Area,29180,"Lafayette, LA","Some college, no degree",3990.0,2.2215,3.5,18.96,39430.0,2.4,17.33,36050.0,21660.0,26390.0,47280.0,60770.0,BLS OEWS May 2025 special education aggregation
Metropolitan Area,29180,"Lafayette, LA",High school diploma or equivalent,69600.0,38.7567,0.6,22.33,46440.0,0.6,19.68,40940.0,22780.0,30680.0,57420.0,74650.0,BLS OEWS May 2025 special education aggregation
Metropolitan Area,29180,"Lafayette, LA",No formal educational credential,48400.0,26.9531,0.9,14.77,30720.0,0.8,13.59,28270.0,18040.0,22300.0,35450.0,46420.0,BLS OEWS May 2025 special education aggregation
Metropolitan Area,29200,"Lafayette-West Lafayette, IN",Doctoral or professional degree,4580.0,4.4808,1.5,64.01,133130.0,2.3,50.48,105000.0,52690.0,71510.0,139460.0,224000.0,BLS OEWS May 2025 special education aggregation
Metropolitan Area,29200,"Lafayette-West Lafayette, IN",Master's degree,2910.0,2.8466,3.1,40.76,84770.0,1.6,32.04,66640.0,46440.0,54010.0,98790.0,134300.0,BLS OEWS May 2025 special education aggregation
Metropolitan Area,29200,"Lafayette-West Lafayette, IN",Bachelor's degree,18500.0,18.0981,0.6,43.19,89840.0,0.4,38.45,79970.0,47770.0,60120.0,102120.0,140320.0,BLS OEWS May 2025 special education aggregation
Metropolitan Area,29200,"Lafayette-West Lafayette, IN",Associate's degree,2120.0,2.0705999999999998,2.6,30.92,64320.0,0.8,29.01,60340.0,35860.0,45680.0,80140.0,99400.0,BLS OEWS May 2025 special education aggregation
Metropolitan Area,29200,"Lafayette-West Lafayette, IN",Postsecondary nondegree award,6050.0,5.9211,2.5,25.08,52170.0,0.7,23.05,47950.0,35610.0,39290.0,61480.0,75900.0,BLS OEWS May 2025 special education aggregation
Metropolitan Area,29200,"Lafayette-West Lafayette, IN","Some college, no degree",2460.0,2.41,1.9,21.82,45380.0,0.6,19.46,40470.0,31020.0,32520.0,51450.0,65010.0,BLS OEWS May 2025 special education aggregation
Metropolitan Area,29200,"Lafayette-West Lafayette, IN",High school diploma or equivalent,39590.0,38.7391,0.5,26.21,54520.0,0.4,23.85,49600.0,31680.0,38670.0,64590.0,78550.0,BLS OEWS May 2025 special education aggregation
Metropolitan Area,29200,"Lafayette-West Lafayette, IN",No formal educational credential,25990.0,25.433799999999998,0.7,16.88,35120.0,0.4,16.33,33960.0,23060.0,28260.0,38930.0,46820.0,BLS OEWS May 2025 special education aggregation
Metropolitan Area,29340,"Lake Charles, LA",Doctoral or professional degree,1400.0,1.3723,6.8,81.11,168720.0,2.8,64.56,134290.0,63980.0,92000.0,278100.0,284800.0,BLS OEWS May 2025 special education aggregation
Metropolitan Area,29340,"Lake Charles, LA",Master's degree,2480.0,2.4376,2.6,37.74,78510.0,1.9,39.44,82030.0,39530.0,56790.0,87940.0,119590.0,BLS OEWS May 2025 special education aggregation
Metropolitan Area,29340,"Lake Charles, LA",Bachelor's degree,19010.0,18.693199999999997,0.8,44.04,91600.0,0.6,37.57,78140.0,47690.0,53940.0,110100.0,160440.0,BLS OEWS May 2025 special education aggregation
Metropolitan Area,29340,"Lake Charles, LA",Associate's degree,1950.0,1.9133,2.7,32.98,68600.0,1.1,30.27,62960.0,34820.0,47520.0,85200.0,105690.0,BLS OEWS May 2025 special education aggregation
Metropolitan Area,29340,"Lake Charles, LA",Postsecondary nondegree award,7460.0,7.338800000000001,1.5,22.65,47110.0,0.7,19.15,39820.0,29540.0,34930.0,54580.0,68460.0,BLS OEWS May 2025 special education aggregation
Metropolitan Area,29340,"Lake Charles, LA","Some college, no degree",1610.0,1.5872,2.1,20.58,42800.0,0.9,19.24,40030.0,24820.0,30800.0,50730.0,61400.0,BLS OEWS May 2025 special education aggregation
Metropolitan Area,29340,"Lake Charles, LA",High school diploma or equivalent,40580.0,39.9051,0.6,25.78,53620.0,0.5,22.32,46430.0,24160.0,32910.0,68030.0,96670.0,BLS OEWS May 2025 special education aggregation
Metropolitan Area,29340,"Lake Charles, LA",No formal educational credential,27200.0,26.752499999999998,0.7,15.15,31520.0,0.5,13.89,28900.0,18170.0,22600.0,36660.0,47390.0,BLS OEWS May 2025 special education aggregation
Metropolitan Area,29420,"Lake Havasu City-Kingman, AZ",Doctoral or professional degree,1090.0,1.9346,2.5,73.55,152980.0,2.7,57.8,120220.0,65410.0,82100.0,165970.0,317120.0,BLS OEWS May 2025 special education aggregation
Metropolitan Area,29420,"Lake Havasu City-Kingman, AZ",Master's degree,850.0,1.5039,4.4,40.64,84520.0,1.5,37.19,77350.0,45470.0,57380.0,103560.0,135200.0,BLS OEWS May 2025 special education aggregation
Metropolitan Area,29420,"Lake Havasu City-Kingman, AZ",Bachelor's degree,9750.0,17.267,1.0,40.04,83290.0,0.7,35.37,73560.0,44190.0,50220.0,97680.0,132260.0,BLS OEWS May 2025 special education aggregation
Metropolitan Area,29420,"Lake Havasu City-Kingman, AZ",Associate's degree,1140.0,2.0164,3.3,33.65,70000.0,1.1,32.0,66550.0,34140.0,43010.0,97570.0,102790.0,BLS OEWS May 2025 special education aggregation
Metropolitan Area,29420,"Lake Havasu City-Kingman, AZ",Postsecondary nondegree award,4960.0,8.7877,2.2,25.4,52840.0,0.8,22.63,47070.0,35620.0,38990.0,59560.0,78570.0,BLS OEWS May 2025 special education aggregation
Metropolitan Area,29420,"Lake Havasu City-Kingman, AZ","Some college, no degree",1250.0,2.2052,2.6,19.96,41520.0,1.7,17.6,36610.0,31190.0,32340.0,46500.0,58870.0,BLS OEWS May 2025 special education aggregation
Metropolitan Area,29420,"Lake Havasu City-Kingman, AZ",High school diploma or equivalent,19790.0,35.027100000000004,0.7,23.9,49710.0,0.5,21.55,44820.0,33090.0,36790.0,57040.0,73920.0,BLS OEWS May 2025 special education aggregation
Metropolitan Area,29420,"Lake Havasu City-Kingman, AZ",No formal educational credential,17660.0,31.258100000000002,0.8,18.26,37970.0,0.5,16.77,34880.0,30580.0,31170.0,39260.0,48080.0,BLS OEWS May 2025 special education aggregation
Metropolitan Area,29460,"Lakeland-Winter Haven, FL",Doctoral or professional degree,4550.0,1.7161000000000002,4.5,71.4,148510.0,2.5,51.76,107670.0,58380.0,76310.0,170700.0,311860.0,BLS OEWS May 2025 special education aggregation
Metropolitan Area,29460,"Lakeland-Winter Haven, FL",Master's degree,5030.0,1.8974,2.2,38.87,80850.0,1.1,35.24,73290.0,43970.0,56640.0,98650.0,128010.0,BLS OEWS May 2025 special education aggregation
Metropolitan Area,29460,"Lakeland-Winter Haven, FL",Bachelor's degree,51560.0,19.4349,1.0,42.88,89180.0,0.5,36.25,75400.0,45690.0,53790.0,102070.0,153120.0,BLS OEWS May 2025 special education aggregation
Metropolitan Area,29460,"Lakeland-Winter Haven, FL",Associate's degree,5400.0,2.0366,2.2,29.57,61510.0,0.9,28.52,59320.0,33830.0,39800.0,79440.0,93690.0,BLS OEWS May 2025 special education aggregation
Metropolitan Area,29460,"Lakeland-Winter Haven, FL",Postsecondary nondegree award,22180.0,8.3592,1.5,24.97,51930.0,0.5,22.91,47660.0,34490.0,37880.0,60910.0,76090.0,BLS OEWS May 2025 special education aggregation
Metropolitan Area,29460,"Lakeland-Winter Haven, FL","Some college, no degree",5510.0,2.0768999999999997,3.7,21.25,44190.0,0.7,18.66,38800.0,30380.0,33400.0,50270.0,62760.0,BLS OEWS May 2025 special education aggregation
Metropolitan Area,29460,"Lakeland-Winter Haven, FL",High school diploma or equivalent,90770.0,34.218,0.5,24.91,51810.0,0.4,22.07,45900.0,31790.0,36720.0,59860.0,77340.0,BLS OEWS May 2025 special education aggregation
Metropolitan Area,29460,"Lakeland-Winter Haven, FL",No formal educational credential,80280.0,30.2608,0.6,18.13,37710.0,0.3,16.91,35170.0,27570.0,29280.0,44180.0,49020.0,BLS OEWS May 2025 special education aggregation
Metropolitan Area,29540,"Lancaster, PA",Doctoral or professional degree,4590.0,1.8201,1.8,72.13,150030.0,2.2,51.45,107020.0,59420.0,77700.0,163020.0,337100.0,BLS OEWS May 2025 special education aggregation
Metropolitan Area,29540,"Lancaster, PA",Master's degree,5310.0,2.1055,3.1,41.64,86610.0,2.4,37.25,77490.0,43960.0,53200.0,107980.0,133940.0,BLS OEWS May 2025 special education aggregation
Metropolitan Area,29540,"Lancaster, PA",Bachelor's degree,49570.0,19.6523,0.7,45.54,94710.0,0.6,39.39,81940.0,48880.0,62930.0,105070.0,150790.0,BLS OEWS May 2025 special education aggregation
Metropolitan Area,29540,"Lancaster, PA",Associate's degree,5170.0,2.0515,2.1,30.7,63850.0,0.7,30.06,62520.0,35880.0,47000.0,79460.0,93880.0,BLS OEWS May 2025 special education aggregation
Metropolitan Area,29540,"Lancaster, PA",Postsecondary nondegree award,18870.0,7.4803,1.2,25.78,53610.0,0.7,23.75,49390.0,37340.0,43170.0,62080.0,75100.0,BLS OEWS May 2025 special education aggregation
Metropolitan Area,29540,"Lancaster, PA","Some college, no degree",5460.0,2.165,3.6,22.19,46160.0,1.1,21.05,43780.0,28810.0,35340.0,54900.0,65470.0,BLS OEWS May 2025 special education aggregation
Metropolitan Area,29540,"Lancaster, PA",High school diploma or equivalent,94880.0,37.6166,0.5,25.52,53090.0,0.4,22.99,47820.0,30390.0,37910.0,61510.0,79300.0,BLS OEWS May 2025 special education aggregation
Metropolitan Area,29540,"Lancaster, PA",No formal educational credential,68380.0,27.108600000000003,0.5,18.02,37490.0,0.4,17.01,35380.0,23640.0,28550.0,44370.0,54020.0,BLS OEWS May 2025 special education aggregation
Metropolitan Area,29620,"Lansing-East Lansing, MI",Doctoral or professional degree,7430.0,3.4194000000000004,1.1,65.76,136770.0,1.1,52.41,109000.0,64140.0,81480.0,159600.0,226670.0,BLS OEWS May 2025 special education aggregation
Metropolitan Area,29620,"Lansing-East Lansing, MI",Master's degree,6970.0,3.2085,1.7,43.48,90430.0,1.8,37.71,78430.0,45740.0,61530.0,104560.0,136480.0,BLS OEWS May 2025 special education aggregation
Metropolitan Area,29620,"Lansing-East Lansing, MI",Bachelor's degree,59700.0,27.4877,0.4,44.99,93580.0,0.3,39.48,82120.0,49320.0,64210.0,106990.0,140830.0,BLS OEWS May 2025 special education aggregation
Metropolitan Area,29620,"Lansing-East Lansing, MI",Associate's degree,4460.0,2.0555,2.5,31.04,64570.0,0.9,30.62,63690.0,36900.0,47430.0,79380.0,92530.0,BLS OEWS May 2025 special education aggregation
Metropolitan Area,29620,"Lansing-East Lansing, MI",Postsecondary nondegree award,11790.0,5.4307,2.5,25.66,53360.0,0.7,23.66,49210.0,36620.0,39200.0,60950.0,76460.0,BLS OEWS May 2025 special education aggregation
Metropolitan Area,29620,"Lansing-East Lansing, MI","Some college, no degree",6330.0,2.9139,2.4,22.85,47530.0,0.8,21.53,44790.0,29470.0,35890.0,56450.0,67880.0,BLS OEWS May 2025 special education aggregation
Metropolitan Area,29620,"Lansing-East Lansing, MI",High school diploma or equivalent,74070.0,34.105399999999996,0.5,25.95,53970.0,0.3,22.93,47700.0,31660.0,37690.0,64440.0,80710.0,BLS OEWS May 2025 special education aggregation
Metropolitan Area,29620,"Lansing-East Lansing, MI",No formal educational credential,46430.0,21.378999999999998,0.6,18.29,38050.0,0.4,16.97,35290.0,27470.0,29450.0,42390.0,53310.0,BLS OEWS May 2025 special education aggregation
Metropolitan Area,29700,"Laredo, TX",Doctoral or professional degree,1740.0,1.5922,3.2,57.02,118610.0,2.7,46.87,97480.0,38680.0,61900.0,134200.0,216420.0,BLS OEWS May 2025 special education aggregation
Metropolitan Area,29700,"Laredo, TX",Master's degree,2170.0,1.9817,2.8,39.71,82590.0,1.9,39.66,82490.0,41960.0,51050.0,100780.0,123820.0,BLS OEWS May 2025 special education aggregation
Metropolitan Area,29700,"Laredo, TX",Bachelor's degree,20180.0,18.4486,1.6,37.02,77010.0,1.1,30.95,64370.0,37590.0,50600.0,95070.0,125760.0,BLS OEWS May 2025 special education aggregation
Metropolitan Area,29700,"Laredo, TX",Associate's degree,1360.0,1.2459,4.4,26.6,55330.0,2.1,25.13,52270.0,28240.0,35360.0,74120.0,89440.0,BLS OEWS May 2025 special education aggregation
Metropolitan Area,29700,"Laredo, TX",Postsecondary nondegree award,9910.0,9.0643,2.5,24.01,49930.0,1.4,22.6,47000.0,29390.0,36290.0,61020.0,73640.0,BLS OEWS May 2025 special education aggregation
Metropolitan Area,29700,"Laredo, TX","Some college, no degree",3010.0,2.7485,5.1,17.99,37430.0,2.3,17.15,35660.0,22610.0,27230.0,43540.0,58520.0,BLS OEWS May 2025 special education aggregation
Metropolitan Area,29700,"Laredo, TX",High school diploma or equivalent,43350.0,39.6346,0.9,20.34,42310.0,0.7,17.2,35770.0,22460.0,25990.0,48520.0,72390.0,BLS OEWS May 2025 special education aggregation
Metropolitan Area,29700,"Laredo, TX",No formal educational credential,27650.0,25.284399999999998,0.9,14.18,29490.0,0.8,13.31,27690.0,20250.0,22560.0,34480.0,39450.0,BLS OEWS May 2025 special education aggregation
Metropolitan Area,29740,"Las Cruces, NM",Doctoral or professional degree,2310.0,2.8934,2.0,66.46,138230.0,1.9,51.28,106650.0,61960.0,80410.0,150300.0,279180.0,BLS OEWS May 2025 special education aggregation
Metropolitan Area,29740,"Las Cruces, NM",Master's degree,2580.0,3.2253,2.7,47.51,98820.0,1.5,45.78,95210.0,52720.0,67310.0,124990.0,146070.0,BLS OEWS May 2025 special education aggregation
Metropolitan Area,29740,"Las Cruces, NM",Bachelor's degree,15510.0,19.3869,0.8,40.72,84690.0,0.6,36.18,75250.0,41630.0,58500.0,100010.0,134220.0,BLS OEWS May 2025 special education aggregation
Metropolitan Area,29740,"Las Cruces, NM",Associate's degree,1720.0,2.147,3.1,31.41,65320.0,1.1,30.27,62960.0,36860.0,46220.0,80160.0,96730.0,BLS OEWS May 2025 special education aggregation
Metropolitan Area,29740,"Las Cruces, NM",Postsecondary nondegree award,4970.0,6.218,2.1,23.41,48690.0,1.8,21.23,44160.0,31390.0,36730.0,56250.0,70700.0,BLS OEWS May 2025 special education aggregation
Metropolitan Area,29740,"Las Cruces, NM","Some college, no degree",1900.0,2.3787,3.0,20.76,43180.0,1.0,20.19,41980.0,27970.0,37430.0,46390.0,56510.0,BLS OEWS May 2025 special education aggregation
Metropolitan Area,29740,"Las Cruces, NM",High school diploma or equivalent,31430.0,39.2841,0.6,21.36,44430.0,0.5,18.37,38210.0,26930.0,30140.0,50780.0,69670.0,BLS OEWS May 2025 special education aggregation
Metropolitan Area,29740,"Las Cruces, NM",No formal educational credential,19570.0,24.4666,0.6,16.44,34200.0,0.5,15.02,31240.0,26610.0,27780.0,36490.0,45260.0,BLS OEWS May 2025 special education aggregation
Metropolitan Area,29820,"Las Vegas-Henderson-North Las Vegas, NV",Doctoral or professional degree,19290.0,1.6969,4.5,78.53,163340.0,6.7,61.8,128540.0,61430.0,93580.0,174440.0,291930.0,BLS OEWS May 2025 special education aggregation
Metropolitan Area,29820,"Las Vegas-Henderson-North Las Vegas, NV",Master's degree,14510.0,1.2766,3.3,44.37,92300.0,1.7,41.32,85950.0,45880.0,60950.0,111400.0,144070.0,BLS OEWS May 2025 special education aggregation
Metropolitan Area,29820,"Las Vegas-Henderson-North Las Vegas, NV",Bachelor's degree,207130.0,18.217599999999997,1.2,49.65,103270.0,1.9,40.67,84600.0,46370.0,62080.0,123130.0,166980.0,BLS OEWS May 2025 special education aggregation
Metropolitan Area,29820,"Las Vegas-Henderson-North Las Vegas, NV",Associate's degree,19800.0,1.7411999999999999,3.7,35.92,74720.0,1.8,35.13,73070.0,38780.0,50530.0,94260.0,109990.0,BLS OEWS May 2025 special education aggregation
Metropolitan Area,29820,"Las Vegas-Henderson-North Las Vegas, NV",Postsecondary nondegree award,58280.0,5.1262,2.0,27.84,57910.0,0.8,23.84,49580.0,36460.0,40370.0,69730.0,85340.0,BLS OEWS May 2025 special education aggregation
Metropolitan Area,29820,"Las Vegas-Henderson-North Las Vegas, NV","Some college, no degree",21320.0,1.8751000000000002,5.1,23.05,47950.0,1.5,21.91,45560.0,30810.0,36090.0,57990.0,67550.0,BLS OEWS May 2025 special education aggregation
Metropolitan Area,29820,"Las Vegas-Henderson-North Las Vegas, NV",High school diploma or equivalent,404330.0,35.5627,0.6,25.84,53750.0,0.5,22.39,46580.0,29620.0,36560.0,62620.0,85170.0,BLS OEWS May 2025 special education aggregation
Metropolitan Area,29820,"Las Vegas-Henderson-North Las Vegas, NV",No formal educational credential,392290.0,34.503699999999995,0.6,19.16,39860.0,0.6,17.52,36450.0,25820.0,29030.0,45210.0,56400.0,BLS OEWS May 2025 special education aggregation
Metropolitan Area,29940,"Lawrence, KS",Doctoral or professional degree,2350.0,4.5323,1.0,68.1,141650.0,1.7,56.46,117430.0,55560.0,84400.0,169130.0,261090.0,BLS OEWS May 2025 special education aggregation
Metropolitan Area,29940,"Lawrence, KS",Master's degree,2060.0,3.9901000000000004,1.1,45.33,94280.0,0.7,38.85,80800.0,50690.0,59500.0,110020.0,145600.0,BLS OEWS May 2025 special education aggregation
Metropolitan Area,29940,"Lawrence, KS",Bachelor's degree,10940.0,21.1395,1.0,43.89,91280.0,0.9,37.51,78020.0,48120.0,59400.0,104320.0,153820.0,BLS OEWS May 2025 special education aggregation
Metropolitan Area,29940,"Lawrence, KS",Associate's degree,1230.0,2.3787,3.4,30.97,64420.0,1.2,30.27,62970.0,39090.0,50430.0,77350.0,90220.0,BLS OEWS May 2025 special education aggregation
Metropolitan Area,29940,"Lawrence, KS",Postsecondary nondegree award,2840.0,5.4938,2.4,24.54,51040.0,0.9,22.58,46960.0,34090.0,37660.0,59950.0,73760.0,BLS OEWS May 2025 special education aggregation
Metropolitan Area,29940,"Lawrence, KS","Some college, no degree",1730.0,3.3335,3.3,19.27,40070.0,2.0,17.87,37160.0,22000.0,23630.0,51530.0,63740.0,BLS OEWS May 2025 special education aggregation
Metropolitan Area,29940,"Lawrence, KS",High school diploma or equivalent,16470.0,31.817899999999998,1.1,24.55,51060.0,0.6,22.01,45780.0,30390.0,37100.0,59360.0,78850.0,BLS OEWS May 2025 special education aggregation
Metropolitan Area,29940,"Lawrence, KS",No formal educational credential,14140.0,27.3144,0.7,16.82,34990.0,0.8,15.08,31360.0,23040.0,28150.0,38010.0,49290.0,BLS OEWS May 2025 special education aggregation
Metropolitan Area,30020,"Lawton, OK",Doctoral or professional degree,750.0,1.7449000000000001,3.8,67.33,140050.0,2.2,47.4,98590.0,40160.0,60900.0,160800.0,342640.0,BLS OEWS May 2025 special education aggregation
Metropolitan Area,30020,"Lawton, OK",Master's degree,830.0,1.9476,2.7,39.93,83050.0,1.7,36.73,76400.0,38500.0,55290.0,104190.0,132940.0,BLS OEWS May 2025 special education aggregation
Metropolitan Area,30020,"Lawton, OK",Bachelor's degree,8330.0,19.4625,1.4,38.88,80860.0,1.2,36.31,75520.0,42280.0,51000.0,96450.0,126760.0,BLS OEWS May 2025 special education aggregation
Metropolitan Area,30020,"Lawton, OK",Associate's degree,1040.0,2.4391,6.0,29.35,61050.0,4.7,29.0,60320.0,27660.0,40330.0,76330.0,94160.0,BLS OEWS May 2025 special education aggregation
Metropolitan Area,30020,"Lawton, OK",Postsecondary nondegree award,3230.0,7.5418,3.0,23.33,48520.0,1.5,21.57,44870.0,29470.0,35190.0,58570.0,73930.0,BLS OEWS May 2025 special education aggregation
Metropolitan Area,30020,"Lawton, OK","Some college, no degree",1160.0,2.7061,3.4,20.1,41800.0,1.5,17.7,36810.0,24240.0,28870.0,49240.0,62700.0,BLS OEWS May 2025 special education aggregation
Metropolitan Area,30020,"Lawton, OK",High school diploma or equivalent,16290.0,38.0444,1.0,22.72,47260.0,1.1,20.35,42320.0,27040.0,33320.0,54920.0,73550.0,BLS OEWS May 2025 special education aggregation
Metropolitan Area,30020,"Lawton, OK",No formal educational credential,11180.0,26.113099999999996,1.2,14.97,31130.0,0.6,14.11,29340.0,20420.0,23440.0,36590.0,42600.0,BLS OEWS May 2025 special education aggregation
Metropolitan Area,30140,"Lebanon, PA",Doctoral or professional degree,960.0,1.7788,2.8,79.7,165770.0,3.8,58.23,121120.0,44710.0,72040.0,258380.0,356430.0,BLS OEWS May 2025 special education aggregation
Metropolitan Area,30140,"Lebanon, PA",Master's degree,1130.0,2.1067,3.4,46.12,95940.0,4.5,39.29,81730.0,45540.0,57660.0,118180.0,156400.0,BLS OEWS May 2025 special education aggregation
Metropolitan Area,30140,"Lebanon, PA",Bachelor's degree,9810.0,18.2624,1.1,42.98,89390.0,0.8,38.66,80410.0,47410.0,62530.0,102460.0,132460.0,BLS OEWS May 2025 special education aggregation
Metropolitan Area,30140,"Lebanon, PA",Associate's degree,740.0,1.3861,2.7,31.13,64740.0,1.0,29.4,61150.0,35570.0,45650.0,79240.0,95200.0,BLS OEWS May 2025 special education aggregation
Metropolitan Area,30140,"Lebanon, PA",Postsecondary nondegree award,4590.0,8.546899999999999,1.2,26.45,55020.0,0.6,24.07,50070.0,37680.0,43930.0,63070.0,75520.0,BLS OEWS May 2025 special education aggregation
Metropolitan Area,30140,"Lebanon, PA","Some college, no degree",1150.0,2.1404,3.1,22.39,46570.0,1.3,22.17,46120.0,28750.0,36250.0,56560.0,62820.0,BLS OEWS May 2025 special education aggregation
Metropolitan Area,30140,"Lebanon, PA",High school diploma or equivalent,18560.0,34.554,0.6,24.74,51460.0,0.5,22.6,47010.0,30740.0,37770.0,60190.0,76070.0,BLS OEWS May 2025 special education aggregation
Metropolitan Area,30140,"Lebanon, PA",No formal educational credential,16770.0,31.2248,0.6,17.84,37110.0,0.5,17.29,35970.0,24760.0,29100.0,42090.0,49300.0,BLS OEWS May 2025 special education aggregation
Metropolitan Area,30300,"Lewiston, ID-WA",Doctoral or professional degree,530.0,1.8643999999999998,4.5,71.81,149360.0,4.3,46.91,97570.0,60520.0,78370.0,162810.0,329570.0,BLS OEWS May 2025 special education aggregation
Metropolitan Area,30300,"Lewiston, ID-WA",Master's degree,660.0,2.2908999999999997,3.9,42.78,88990.0,3.1,38.66,80420.0,46470.0,58840.0,105260.0,137740.0,BLS OEWS May 2025 special education aggregation
Metropolitan Area,30300,"Lewiston, ID-WA",Bachelor's degree,5140.0,17.918,1.2,43.48,90430.0,1.1,38.45,79980.0,47320.0,60870.0,104550.0,138200.0,BLS OEWS May 2025 special education aggregation
Metropolitan Area,30300,"Lewiston, ID-WA",Associate's degree,620.0,2.1612,2.6,30.94,64350.0,1.9,29.51,61380.0,34680.0,44760.0,81680.0,100160.0,BLS OEWS May 2025 special education aggregation
Metropolitan Area,30300,"Lewiston, ID-WA",Postsecondary nondegree award,2000.0,6.9786,2.7,25.49,53020.0,1.2,23.1,48050.0,36040.0,38300.0,61550.0,76770.0,BLS OEWS May 2025 special education aggregation
Metropolitan Area,30300,"Lewiston, ID-WA","Some college, no degree",720.0,2.5276,2.2,22.5,46800.0,0.9,21.99,45740.0,31280.0,36960.0,52340.0,61620.0,BLS OEWS May 2025 special education aggregation
Metropolitan Area,30300,"Lewiston, ID-WA",High school diploma or equivalent,12250.0,42.7055,0.7,25.64,53340.0,0.6,23.15,48150.0,34650.0,38220.0,60480.0,79530.0,BLS OEWS May 2025 special education aggregation
Metropolitan Area,30300,"Lewiston, ID-WA",No formal educational credential,6750.0,23.5535,1.2,18.46,38390.0,0.6,17.5,36400.0,27610.0,32920.0,41770.0,51640.0,BLS OEWS May 2025 special education aggregation
Metropolitan Area,30340,"Lewiston-Auburn, ME",Doctoral or professional degree,1150.0,2.409,2.3,95.44,198520.0,1.5,64.9,134980.0,70660.0,97420.0,267260.0,435070.0,BLS OEWS May 2025 special education aggregation
Metropolitan Area,30340,"Lewiston-Auburn, ME",Master's degree,1350.0,2.8289,2.9,47.81,99450.0,1.7,40.53,84310.0,47190.0,61090.0,123730.0,163410.0,BLS OEWS May 2025 special education aggregation
Metropolitan Area,30340,"Lewiston-Auburn, ME",Bachelor's degree,9250.0,19.4187,1.7,42.9,89230.0,1.0,38.34,79740.0,47080.0,60300.0,102250.0,139640.0,BLS OEWS May 2025 special education aggregation
Metropolitan Area,30340,"Lewiston-Auburn, ME",Associate's degree,810.0,1.7066,3.6,33.04,68730.0,1.5,32.43,67450.0,43680.0,49910.0,84510.0,95440.0,BLS OEWS May 2025 special education aggregation
Metropolitan Area,30340,"Lewiston-Auburn, ME",Postsecondary nondegree award,3680.0,7.728,1.8,26.79,55730.0,0.7,25.38,52800.0,41420.0,47560.0,61200.0,73260.0,BLS OEWS May 2025 special education aggregation
Metropolitan Area,30340,"Lewiston-Auburn, ME","Some college, no degree",1620.0,3.3957,4.1,24.31,50560.0,1.2,23.04,47910.0,38370.0,42610.0,57150.0,64010.0,BLS OEWS May 2025 special education aggregation
Metropolitan Area,30340,"Lewiston-Auburn, ME",High school diploma or equivalent,18080.0,37.931200000000004,0.8,25.61,53280.0,0.5,23.05,47940.0,35720.0,39330.0,60680.0,77480.0,BLS OEWS May 2025 special education aggregation
Metropolitan Area,30340,"Lewiston-Auburn, ME",No formal educational credential,11710.0,24.581899999999997,0.9,20.17,41960.0,0.4,18.03,37500.0,31300.0,34840.0,46170.0,59300.0,BLS OEWS May 2025 special education aggregation
Metropolitan Area,30460,"Lexington-Fayette, KY",Doctoral or professional degree,10710.0,3.7344,1.5,73.65,153190.0,1.6,53.51,111290.0,56680.0,72120.0,171950.0,319460.0,BLS OEWS May 2025 special education aggregation
Metropolitan Area,30460,"Lexington-Fayette, KY",Master's degree,7160.0,2.4966999999999997,2.4,42.67,88750.0,2.5,36.95,76850.0,45100.0,56440.0,107060.0,136690.0,BLS OEWS May 2025 special education aggregation
Metropolitan Area,30460,"Lexington-Fayette, KY",Bachelor's degree,62300.0,21.7148,0.8,44.43,92410.0,0.7,38.19,79440.0,47580.0,61160.0,106180.0,149680.0,BLS OEWS May 2025 special education aggregation
Metropolitan Area,30460,"Lexington-Fayette, KY",Associate's degree,7150.0,2.4934000000000003,2.4,29.17,60680.0,0.9,28.61,59500.0,29260.0,39760.0,78750.0,94950.0,BLS OEWS May 2025 special education aggregation
Metropolitan Area,30460,"Lexington-Fayette, KY",Postsecondary nondegree award,20380.0,7.1045,1.5,25.52,53080.0,0.8,22.63,47070.0,34830.0,38920.0,61360.0,79050.0,BLS OEWS May 2025 special education aggregation
Metropolitan Area,30460,"Lexington-Fayette, KY","Some college, no degree",7010.0,2.4429,4.0,24.82,51620.0,2.7,22.65,47120.0,31290.0,37580.0,59390.0,74470.0,BLS OEWS May 2025 special education aggregation
Metropolitan Area,30460,"Lexington-Fayette, KY",High school diploma or equivalent,105990.0,36.9428,0.6,25.37,52760.0,0.4,22.75,47310.0,31050.0,37390.0,61680.0,78330.0,BLS OEWS May 2025 special education aggregation
Metropolitan Area,30460,"Lexington-Fayette, KY",No formal educational credential,66190.0,23.070500000000003,0.7,17.03,35430.0,0.7,16.05,33370.0,22820.0,27840.0,39250.0,48980.0,BLS OEWS May 2025 special education aggregation
Metropolitan Area,30500,"Lexington Park, MD",Doctoral or professional degree,1200.0,1.7027999999999999,4.2,75.29,156590.0,6.2,61.96,128870.0,74010.0,97460.0,192930.0,269990.0,BLS OEWS May 2025 special education aggregation
Metropolitan Area,30500,"Lexington Park, MD",Master's degree,2060.0,2.9171,2.4,48.79,101490.0,1.1,47.75,99320.0,49050.0,66450.0,129780.0,156750.0,BLS OEWS May 2025 special education aggregation
Metropolitan Area,30500,"Lexington Park, MD",Bachelor's degree,28170.0,39.8698,0.7,57.44,119470.0,0.4,54.68,113740.0,58410.0,80830.0,155140.0,185220.0,BLS OEWS May 2025 special education aggregation
Metropolitan Area,30500,"Lexington Park, MD",Associate's degree,2270.0,3.2192999999999996,3.9,43.16,89780.0,1.3,43.35,90160.0,40250.0,59660.0,118290.0,131810.0,BLS OEWS May 2025 special education aggregation
Metropolitan Area,30500,"Lexington Park, MD",Postsecondary nondegree award,3970.0,5.6221,3.4,29.47,61310.0,1.5,27.04,56250.0,36600.0,43160.0,74900.0,96480.0,BLS OEWS May 2025 special education aggregation
Metropolitan Area,30500,"Lexington Park, MD","Some college, no degree",1380.0,1.9568999999999999,5.6,24.86,51710.0,1.8,22.73,47280.0,31200.0,35850.0,58950.0,77230.0,BLS OEWS May 2025 special education aggregation
Metropolitan Area,30500,"Lexington Park, MD",High school diploma or equivalent,17400.0,24.6228,1.1,27.86,57940.0,0.6,23.75,49410.0,34080.0,38980.0,66750.0,92530.0,BLS OEWS May 2025 special education aggregation
Metropolitan Area,30500,"Lexington Park, MD",No formal educational credential,14190.0,20.089199999999998,1.0,18.44,38350.0,0.4,16.83,35000.0,31200.0,31600.0,39260.0,48670.0,BLS OEWS May 2025 special education aggregation
Metropolitan Area,30620,"Lima, OH",Doctoral or professional degree,1130.0,2.2565,2.6,82.08,170730.0,5.6,51.03,106130.0,56730.0,72990.0,219570.0,389130.0,BLS OEWS May 2025 special education aggregation
Metropolitan Area,30620,"Lima, OH",Master's degree,1260.0,2.5273,5.3,42.05,87470.0,2.4,38.93,80970.0,45340.0,58990.0,109210.0,128130.0,BLS OEWS May 2025 special education aggregation
Metropolitan Area,30620,"Lima, OH",Bachelor's degree,10160.0,20.3405,1.3,41.81,86960.0,0.7,38.04,79120.0,45730.0,59060.0,98470.0,134850.0,BLS OEWS May 2025 special education aggregation
Metropolitan Area,30620,"Lima, OH",Associate's degree,1140.0,2.2845,3.0,31.17,64830.0,1.3,29.89,62160.0,36300.0,47240.0,79560.0,93500.0,BLS OEWS May 2025 special education aggregation
Metropolitan Area,30620,"Lima, OH",Postsecondary nondegree award,3700.0,7.417,1.6,24.66,51290.0,0.7,22.77,47360.0,35630.0,37830.0,61230.0,72990.0,BLS OEWS May 2025 special education aggregation
Metropolitan Area,30620,"Lima, OH","Some college, no degree",1080.0,2.166,3.0,20.65,42950.0,1.0,19.28,40100.0,27440.0,33820.0,49270.0,60940.0,BLS OEWS May 2025 special education aggregation
Metropolitan Area,30620,"Lima, OH",High school diploma or equivalent,18810.0,37.6597,0.6,25.66,53380.0,0.4,22.66,47130.0,30590.0,37340.0,64420.0,84510.0,BLS OEWS May 2025 special education aggregation
Metropolitan Area,30620,"Lima, OH",No formal educational credential,12660.0,25.348300000000002,0.8,17.1,35570.0,0.6,15.37,31960.0,23780.0,27470.0,38000.0,48870.0,BLS OEWS May 2025 special education aggregation
Metropolitan Area,30700,"Lincoln, NE",Doctoral or professional degree,5620.0,3.0753,1.5,68.11,141680.0,2.5,50.36,104750.0,61090.0,78340.0,159990.0,258500.0,BLS OEWS May 2025 special education aggregation
Metropolitan Area,30700,"Lincoln, NE",Master's degree,4970.0,2.7202,2.2,44.4,92350.0,1.9,39.57,82300.0,47410.0,59520.0,110080.0,135070.0,BLS OEWS May 2025 special education aggregation
Metropolitan Area,30700,"Lincoln, NE",Bachelor's degree,45660.0,25.003800000000002,0.6,43.26,89980.0,0.5,37.75,78530.0,46770.0,61030.0,103380.0,140090.0,BLS OEWS May 2025 special education aggregation
Metropolitan Area,30700,"Lincoln, NE",Associate's degree,3960.0,2.1666,4.3,31.26,65010.0,1.6,30.13,62680.0,39330.0,48860.0,77910.0,94400.0,BLS OEWS May 2025 special education aggregation
Metropolitan Area,30700,"Lincoln, NE",Postsecondary nondegree award,13860.0,7.591800000000001,1.7,28.38,59030.0,0.5,27.02,56210.0,37470.0,43790.0,80810.0,81790.0,BLS OEWS May 2025 special education aggregation
Metropolitan Area,30700,"Lincoln, NE","Some college, no degree",4250.0,2.3283,3.5,22.96,47760.0,0.8,21.72,45190.0,32140.0,38420.0,55000.0,64430.0,BLS OEWS May 2025 special education aggregation
Metropolitan Area,30700,"Lincoln, NE",High school diploma or equivalent,62520.0,34.2347,0.7,25.46,52950.0,0.4,22.75,47330.0,31870.0,37970.0,61140.0,78710.0,BLS OEWS May 2025 special education aggregation
Metropolitan Area,30700,"Lincoln, NE",No formal educational credential,41780.0,22.8795,0.7,17.82,37060.0,0.4,16.68,34700.0,28080.0,29250.0,40450.0,49180.0,BLS OEWS May 2025 special education aggregation
Metropolitan Area,30780,"Little Rock-North Little Rock-Conway, AR",Doctoral or professional degree,10840.0,3.0273,2.5,75.81,157690.0,4.1,51.79,107710.0,59860.0,68720.0,199510.0,394880.0,BLS OEWS May 2025 special education aggregation
Metropolitan Area,30780,"Little Rock-North Little Rock-Conway, AR",Master's degree,8730.0,2.4362,2.8,43.5,90480.0,2.2,38.81,80710.0,42730.0,58560.0,108260.0,136960.0,BLS OEWS May 2025 special education aggregation
Metropolitan Area,30780,"Little Rock-North Little Rock-Conway, AR",Bachelor's degree,85450.0,23.8553,0.9,40.71,84680.0,0.7,35.73,74330.0,41480.0,52890.0,100120.0,135240.0,BLS OEWS May 2025 special education aggregation
Metropolitan Area,30780,"Little Rock-North Little Rock-Conway, AR",Associate's degree,7630.0,2.1307,2.6,30.3,63030.0,1.4,29.28,60900.0,33570.0,44120.0,78950.0,94700.0,BLS OEWS May 2025 special education aggregation
Metropolitan Area,30780,"Little Rock-North Little Rock-Conway, AR",Postsecondary nondegree award,29260.0,8.169,1.6,23.82,49540.0,0.6,22.01,45770.0,31200.0,36270.0,59990.0,73580.0,BLS OEWS May 2025 special education aggregation
Metropolitan Area,30780,"Little Rock-North Little Rock-Conway, AR","Some college, no degree",7520.0,2.0986000000000002,2.6,20.6,42850.0,1.0,18.31,38080.0,26110.0,29020.0,50520.0,63840.0,BLS OEWS May 2025 special education aggregation
Metropolitan Area,30780,"Little Rock-North Little Rock-Conway, AR",High school diploma or equivalent,121780.0,33.9971,0.7,23.1,48040.0,0.5,20.97,43620.0,28400.0,34820.0,56210.0,73380.0,BLS OEWS May 2025 special education aggregation
Metropolitan Area,30780,"Little Rock-North Little Rock-Conway, AR",No formal educational credential,86990.0,24.285800000000002,0.7,16.23,33750.0,0.6,14.54,30250.0,24020.0,27370.0,37210.0,46370.0,BLS OEWS May 2025 special education aggregation
Metropolitan Area,30860,"Logan, UT-ID",Doctoral or professional degree,1970.0,2.9509,3.3,64.22,133570.0,1.5,50.57,105180.0,50890.0,68160.0,139050.0,240310.0,BLS OEWS May 2025 special education aggregation
Metropolitan Area,30860,"Logan, UT-ID",Master's degree,2090.0,3.1213,1.9,43.8,91100.0,1.0,38.54,80170.0,41590.0,52220.0,107930.0,146650.0,BLS OEWS May 2025 special education aggregation
Metropolitan Area,30860,"Logan, UT-ID",Bachelor's degree,14630.0,21.8943,0.8,43.54,90560.0,0.7,37.59,78190.0,42970.0,58610.0,106920.0,151440.0,BLS OEWS May 2025 special education aggregation
Metropolitan Area,30860,"Logan, UT-ID",Associate's degree,1300.0,1.9491,3.1,27.33,56850.0,1.5,23.91,49740.0,29610.0,37280.0,74160.0,92700.0,BLS OEWS May 2025 special education aggregation
Metropolitan Area,30860,"Logan, UT-ID",Postsecondary nondegree award,3670.0,5.4954,1.6,22.84,47500.0,0.7,21.35,44410.0,30580.0,36040.0,57710.0,66340.0,BLS OEWS May 2025 special education aggregation
Metropolitan Area,30860,"Logan, UT-ID","Some college, no degree",1840.0,2.758,3.7,22.07,45900.0,1.1,19.75,41090.0,29910.0,35270.0,51000.0,64450.0,BLS OEWS May 2025 special education aggregation
Metropolitan Area,30860,"Logan, UT-ID",High school diploma or equivalent,24930.0,37.320800000000006,0.7,23.59,49080.0,0.5,21.63,44980.0,30740.0,36520.0,58310.0,73010.0,BLS OEWS May 2025 special education aggregation
Metropolitan Area,30860,"Logan, UT-ID",No formal educational credential,16370.0,24.5099,0.8,17.6,36600.0,0.5,16.9,35150.0,23590.0,28560.0,43250.0,50200.0,BLS OEWS May 2025 special education aggregation
Metropolitan Area,30980,"Longview, TX",Doctoral or professional degree,1810.0,1.5314,3.1,,,,,,,,,,BLS OEWS May 2025 special education aggregation
Metropolitan Area,30980,"Longview, TX",Master's degree,2470.0,2.0898,2.2,42.45,88290.0,1.1,39.01,81140.0,43470.0,61390.0,104070.0,134770.0,BLS OEWS May 2025 special education aggregation
Metropolitan Area,30980,"Longview, TX",Bachelor's degree,23690.0,20.0704,0.8,42.63,88660.0,0.6,36.09,75060.0,46230.0,58050.0,104640.0,149930.0,BLS OEWS May 2025 special education aggregation
Metropolitan Area,30980,"Longview, TX",Associate's degree,2290.0,1.9438,3.1,29.32,60980.0,1.2,28.11,58460.0,29570.0,38740.0,79080.0,94770.0,BLS OEWS May 2025 special education aggregation
Metropolitan Area,30980,"Longview, TX",Postsecondary nondegree award,8130.0,6.8831999999999995,2.1,24.16,50260.0,0.8,22.33,46440.0,31250.0,36440.0,59250.0,75480.0,BLS OEWS May 2025 special education aggregation
Metropolitan Area,30980,"Longview, TX","Some college, no degree",3020.0,2.5571,3.4,,,,,,,,,,BLS OEWS May 2025 special education aggregation
Metropolitan Area,30980,"Longview, TX",High school diploma or equivalent,45210.0,38.292899999999996,1.0,24.08,50080.0,0.4,21.53,44780.0,27560.0,34810.0,59570.0,79790.0,BLS OEWS May 2025 special education aggregation
Metropolitan Area,30980,"Longview, TX",No formal educational credential,31440.0,26.631400000000003,1.1,16.12,33530.0,0.5,14.75,30690.0,21970.0,26240.0,37890.0,46930.0,BLS OEWS May 2025 special education aggregation
Metropolitan Area,31020,"Longview-Kelso, WA",Doctoral or professional degree,470.0,1.1392,5.2,74.1,154120.0,3.0,60.4,125620.0,61460.0,88430.0,208530.0,296460.0,BLS OEWS May 2025 special education aggregation
Metropolitan Area,31020,"Longview-Kelso, WA",Master's degree,930.0,2.2679,2.0,46.45,96610.0,1.0,39.38,81910.0,48150.0,62240.0,117400.0,164910.0,BLS OEWS May 2025 special education aggregation
Metropolitan Area,31020,"Longview-Kelso, WA",Bachelor's degree,6890.0,16.7671,1.2,50.8,105660.0,1.1,47.54,98890.0,57240.0,71200.0,130940.0,161400.0,BLS OEWS May 2025 special education aggregation
Metropolitan Area,31020,"Longview-Kelso, WA",Associate's degree,690.0,1.67,3.1,37.03,77010.0,1.1,31.9,66350.0,41600.0,48710.0,106760.0,124440.0,BLS OEWS May 2025 special education aggregation
Metropolitan Area,31020,"Longview-Kelso, WA",Postsecondary nondegree award,2740.0,6.6777,3.0,30.94,64350.0,1.3,29.07,60460.0,44730.0,49140.0,74640.0,92830.0,BLS OEWS May 2025 special education aggregation
Metropolitan Area,31020,"Longview-Kelso, WA","Some college, no degree",1350.0,3.2914000000000003,4.4,24.93,51860.0,1.1,22.66,47130.0,40470.0,44970.0,57510.0,67710.0,BLS OEWS May 2025 special education aggregation
Metropolitan Area,31020,"Longview-Kelso, WA",High school diploma or equivalent,17120.0,41.6866,0.8,31.17,64830.0,0.6,28.54,59370.0,39920.0,47300.0,76380.0,98690.0,BLS OEWS May 2025 special education aggregation
Metropolitan Area,31020,"Longview-Kelso, WA",No formal educational credential,10880.0,26.500400000000003,1.3,21.97,45700.0,1.1,19.38,40300.0,35270.0,36400.0,49590.0,60400.0,BLS OEWS May 2025 special education aggregation
Metropolitan Area,31080,"Los Angeles-Long Beach-Anaheim, CA",Doctoral or professional degree,172620.0,2.7525,2.4,85.76,178380.0,5.4,68.17,141780.0,74510.0,99250.0,211760.0,324700.0,BLS OEWS May 2025 special education aggregation
Metropolitan Area,31080,"Los Angeles-Long Beach-Anaheim, CA",Master's degree,150730.0,2.4034,1.7,48.01,99870.0,0.9,43.73,90960.0,46450.0,57990.0,129620.0,168030.0,BLS OEWS May 2025 special education aggregation
Metropolitan Area,31080,"Los Angeles-Long Beach-Anaheim, CA",Bachelor's degree,1558840.0,24.8557,1.0,60.02,124850.0,0.4,50.86,105790.0,56050.0,76690.0,156400.0,207670.0,BLS OEWS May 2025 special education aggregation
Metropolitan Area,31080,"Los Angeles-Long Beach-Anaheim, CA",Associate's degree,128720.0,2.0524999999999998,3.2,38.63,80350.0,1.2,36.01,74900.0,45700.0,53660.0,101940.0,128530.0,BLS OEWS May 2025 special education aggregation
Metropolitan Area,31080,"Los Angeles-Long Beach-Anaheim, CA",Postsecondary nondegree award,354560.0,5.653499999999999,1.4,30.83,64120.0,0.6,27.49,57190.0,37930.0,46170.0,75780.0,96130.0,BLS OEWS May 2025 special education aggregation
Metropolitan Area,31080,"Los Angeles-Long Beach-Anaheim, CA","Some college, no degree",178910.0,2.8527,5.1,34.59,71940.0,5.0,24.63,51220.0,37930.0,44980.0,66160.0,103090.0,BLS OEWS May 2025 special education aggregation
Metropolitan Area,31080,"Los Angeles-Long Beach-Anaheim, CA",High school diploma or equivalent,2260860.0,36.049400000000006,0.4,28.35,58970.0,0.5,23.28,48430.0,34320.0,37960.0,68430.0,97260.0,BLS OEWS May 2025 special education aggregation
Metropolitan Area,31080,"Los Angeles-Long Beach-Anaheim, CA",No formal educational credential,1466310.0,23.3803,0.5,21.26,44220.0,0.4,18.62,38740.0,35420.0,36600.0,46380.0,58570.0,BLS OEWS May 2025 special education aggregation
Metropolitan Area,31140,"Louisville/Jefferson County, KY-IN",Doctoral or professional degree,13680.0,1.9966000000000002,4.6,81.79,170120.0,3.4,60.76,126390.0,61090.0,81990.0,179160.0,376340.0,BLS OEWS May 2025 special education aggregation
Metropolitan Area,31140,"Louisville/Jefferson County, KY-IN",Master's degree,13930.0,2.0326,2.9,45.33,94290.0,2.6,39.78,82740.0,43560.0,56040.0,118060.0,152770.0,BLS OEWS May 2025 special education aggregation
Metropolitan Area,31140,"Louisville/Jefferson County, KY-IN",Bachelor's degree,138330.0,20.188499999999998,0.9,47.68,99180.0,0.7,39.16,81460.0,47980.0,61360.0,114490.0,166690.0,BLS OEWS May 2025 special education aggregation
Metropolitan Area,31140,"Louisville/Jefferson County, KY-IN",Associate's degree,14820.0,2.1629,2.5,30.3,63020.0,0.9,29.32,60980.0,29720.0,43740.0,78100.0,97820.0,BLS OEWS May 2025 special education aggregation
Metropolitan Area,31140,"Louisville/Jefferson County, KY-IN",Postsecondary nondegree award,47530.0,6.936400000000001,1.6,27.44,57070.0,0.8,23.63,49140.0,36870.0,41780.0,62980.0,79260.0,BLS OEWS May 2025 special education aggregation
Metropolitan Area,31140,"Louisville/Jefferson County, KY-IN","Some college, no degree",16620.0,2.4261,2.2,23.37,48600.0,1.1,22.29,46370.0,29520.0,36460.0,56530.0,70030.0,BLS OEWS May 2025 special education aggregation
Metropolitan Area,31140,"Louisville/Jefferson County, KY-IN",High school diploma or equivalent,262360.0,38.289699999999996,0.6,25.99,54050.0,0.6,23.15,48150.0,31790.0,38360.0,62550.0,80260.0,BLS OEWS May 2025 special education aggregation
Metropolitan Area,31140,"Louisville/Jefferson County, KY-IN",No formal educational credential,177920.0,25.967200000000002,0.6,18.11,37660.0,0.5,17.2,35770.0,23460.0,29220.0,45510.0,51580.0,BLS OEWS May 2025 special education aggregation
Metropolitan Area,31180,"Lubbock, TX",Doctoral or professional degree,4880.0,2.9242,1.6,62.32,129620.0,2.5,50.66,105370.0,50340.0,67160.0,152420.0,225870.0,BLS OEWS May 2025 special education aggregation
Metropolitan Area,31180,"Lubbock, TX",Master's degree,4390.0,2.6307,1.7,42.11,87590.0,0.7,38.06,79170.0,47280.0,64240.0,101790.0,134820.0,BLS OEWS May 2025 special education aggregation
Metropolitan Area,31180,"Lubbock, TX",Bachelor's degree,34940.0,20.947499999999998,0.9,40.55,84340.0,0.6,33.65,69990.0,43450.0,56290.0,97520.0,134970.0,BLS OEWS May 2025 special education aggregation
Metropolitan Area,31180,"Lubbock, TX",Associate's degree,3490.0,2.0934999999999997,2.5,27.85,57920.0,1.4,25.32,52670.0,28950.0,36740.0,77160.0,93720.0,BLS OEWS May 2025 special education aggregation
Metropolitan Area,31180,"Lubbock, TX",Postsecondary nondegree award,11010.0,6.6015,1.4,23.73,49350.0,0.7,21.72,45170.0,29610.0,35540.0,59260.0,77290.0,BLS OEWS May 2025 special education aggregation
Metropolitan Area,31180,"Lubbock, TX","Some college, no degree",3940.0,2.3634,2.7,19.24,40010.0,0.6,17.86,37150.0,22780.0,27830.0,48550.0,61110.0,BLS OEWS May 2025 special education aggregation
Metropolitan Area,31180,"Lubbock, TX",High school diploma or equivalent,58400.0,35.0165,0.6,22.12,46010.0,0.4,19.41,40360.0,26240.0,31090.0,53420.0,73100.0,BLS OEWS May 2025 special education aggregation
Metropolitan Area,31180,"Lubbock, TX",No formal educational credential,45740.0,27.4226,0.5,15.01,31210.0,0.5,13.84,28800.0,21040.0,23480.0,35980.0,43960.0,BLS OEWS May 2025 special education aggregation
Metropolitan Area,31340,"Lynchburg, VA",Doctoral or professional degree,2040.0,2.1014,3.3,68.39,142250.0,3.6,49.22,102370.0,58630.0,72060.0,161560.0,288950.0,BLS OEWS May 2025 special education aggregation
Metropolitan Area,31340,"Lynchburg, VA",Master's degree,2690.0,2.7641,2.1,39.58,82330.0,1.2,35.65,74160.0,44300.0,52140.0,105450.0,124630.0,BLS OEWS May 2025 special education aggregation
Metropolitan Area,31340,"Lynchburg, VA",Bachelor's degree,19680.0,20.2517,1.0,43.42,90320.0,0.5,37.15,77260.0,45420.0,57620.0,103950.0,153970.0,BLS OEWS May 2025 special education aggregation
Metropolitan Area,31340,"Lynchburg, VA",Associate's degree,2840.0,2.9223,2.0,34.69,72140.0,0.9,35.37,73580.0,35080.0,46910.0,92290.0,101720.0,BLS OEWS May 2025 special education aggregation
Metropolitan Area,31340,"Lynchburg, VA",Postsecondary nondegree award,6900.0,7.1029,1.4,24.11,50140.0,0.8,22.19,46140.0,34840.0,38200.0,59390.0,71690.0,BLS OEWS May 2025 special education aggregation
Metropolitan Area,31340,"Lynchburg, VA","Some college, no degree",2230.0,2.2935,2.5,20.95,43580.0,1.6,18.66,38810.0,28730.0,31570.0,50480.0,62950.0,BLS OEWS May 2025 special education aggregation
Metropolitan Area,31340,"Lynchburg, VA",High school diploma or equivalent,35860.0,36.900400000000005,0.6,24.47,50890.0,0.4,22.12,46010.0,29510.0,36120.0,59930.0,78620.0,BLS OEWS May 2025 special education aggregation
Metropolitan Area,31340,"Lynchburg, VA",No formal educational credential,24940.0,25.663600000000002,0.6,16.62,34580.0,0.5,14.86,30910.0,26600.0,28150.0,36920.0,46510.0,BLS OEWS May 2025 special education aggregation
Metropolitan Area,31420,"Macon-Bibb County, GA",Doctoral or professional degree,2400.0,2.5225,2.9,67.66,140730.0,3.2,49.69,103360.0,51410.0,70930.0,162320.0,295180.0,BLS OEWS May 2025 special education aggregation
Metropolitan Area,31420,"Macon-Bibb County, GA",Master's degree,2130.0,2.2409,2.5,42.89,89210.0,1.7,38.08,79210.0,46190.0,58170.0,111210.0,132230.0,BLS OEWS May 2025 special education aggregation
Metropolitan Area,31420,"Macon-Bibb County, GA",Bachelor's degree,19890.0,20.9293,0.8,41.96,87280.0,0.9,36.09,75070.0,43490.0,57400.0,100580.0,138720.0,BLS OEWS May 2025 special education aggregation
Metropolitan Area,31420,"Macon-Bibb County, GA",Associate's degree,2230.0,2.3495,3.7,30.72,63890.0,1.5,29.46,61270.0,35990.0,45840.0,79640.0,95390.0,BLS OEWS May 2025 special education aggregation
Metropolitan Area,31420,"Macon-Bibb County, GA",Postsecondary nondegree award,7600.0,7.9979,1.1,23.2,48260.0,0.7,21.55,44830.0,32450.0,36830.0,57590.0,70410.0,BLS OEWS May 2025 special education aggregation
Metropolitan Area,31420,"Macon-Bibb County, GA","Some college, no degree",2000.0,2.1094,2.9,19.22,39980.0,1.9,17.65,36700.0,22620.0,26720.0,48580.0,61950.0,BLS OEWS May 2025 special education aggregation
Metropolitan Area,31420,"Macon-Bibb County, GA",High school diploma or equivalent,34160.0,35.9519,0.6,24.05,50020.0,0.5,21.71,45150.0,28340.0,35520.0,58910.0,77430.0,BLS OEWS May 2025 special education aggregation
Metropolitan Area,31420,"Macon-Bibb County, GA",No formal educational credential,24610.0,25.8984,0.6,15.58,32400.0,0.6,14.45,30060.0,21390.0,25680.0,36910.0,45260.0,BLS OEWS May 2025 special education aggregation
Metropolitan Area,31540,"Madison, WI",Doctoral or professional degree,15580.0,3.8181,1.2,70.29,146200.0,1.5,52.53,109260.0,63130.0,79350.0,169980.0,293740.0,BLS OEWS May 2025 special education aggregation
Metropolitan Area,31540,"Madison, WI",Master's degree,9840.0,2.412,3.9,43.7,90900.0,0.8,38.64,80360.0,48980.0,61680.0,106460.0,137850.0,BLS OEWS May 2025 special education aggregation
Metropolitan Area,31540,"Madison, WI",Bachelor's degree,119160.0,29.200599999999998,0.6,49.23,102400.0,1.0,43.34,90150.0,51360.0,67000.0,123240.0,166200.0,BLS OEWS May 2025 special education aggregation
Metropolitan Area,31540,"Madison, WI",Associate's degree,10480.0,2.5677,1.8,32.1,66770.0,0.8,29.99,62370.0,37760.0,47030.0,82740.0,100380.0,BLS OEWS May 2025 special education aggregation
Metropolitan Area,31540,"Madison, WI",Postsecondary nondegree award,22530.0,5.5207999999999995,1.6,26.92,56000.0,0.5,24.35,50640.0,37710.0,45260.0,63890.0,78950.0,BLS OEWS May 2025 special education aggregation
Metropolitan Area,31540,"Madison, WI","Some college, no degree",10090.0,2.4722999999999997,2.8,24.98,51960.0,1.0,24.19,50310.0,35660.0,40550.0,59990.0,71040.0,BLS OEWS May 2025 special education aggregation
Metropolitan Area,31540,"Madison, WI",High school diploma or equivalent,134570.0,32.9781,0.7,27.79,57790.0,0.3,24.18,50290.0,35750.0,41640.0,65430.0,88610.0,BLS OEWS May 2025 special education aggregation
Metropolitan Area,31540,"Madison, WI",No formal educational credential,85820.0,21.0304,0.5,18.67,38840.0,0.6,17.65,36700.0,24100.0,30020.0,45040.0,54200.0,BLS OEWS May 2025 special education aggregation
Metropolitan Area,31700,"Manchester-Nashua, NH",Doctoral or professional degree,4300.0,2.1528,3.1,82.32,171230.0,3.9,57.38,119350.0,59480.0,82270.0,210000.0,378260.0,BLS OEWS May 2025 special education aggregation
Metropolitan Area,31700,"Manchester-Nashua, NH",Master's degree,5390.0,2.6994,2.9,42.4,88190.0,2.4,37.81,78650.0,43610.0,57350.0,106630.0,139210.0,BLS OEWS May 2025 special education aggregation
Metropolitan Area,31700,"Manchester-Nashua, NH",Bachelor's degree,53800.0,26.959899999999998,0.7,55.34,115110.0,0.5,48.13,100120.0,55990.0,75100.0,138260.0,197160.0,BLS OEWS May 2025 special education aggregation
Metropolitan Area,31700,"Manchester-Nashua, NH",Associate's degree,5830.0,2.9192,2.6,38.82,80740.0,1.0,36.1,75080.0,39460.0,55570.0,99860.0,121620.0,BLS OEWS May 2025 special education aggregation
Metropolitan Area,31700,"Manchester-Nashua, NH",Postsecondary nondegree award,12860.0,6.444599999999999,1.7,27.95,58140.0,0.6,26.24,54570.0,37340.0,45710.0,68160.0,80620.0,BLS OEWS May 2025 special education aggregation
Metropolitan Area,31700,"Manchester-Nashua, NH","Some college, no degree",5720.0,2.8683,2.8,24.2,50330.0,1.1,22.34,46460.0,32550.0,37290.0,59300.0,73000.0,BLS OEWS May 2025 special education aggregation
Metropolitan Area,31700,"Manchester-Nashua, NH",High school diploma or equivalent,66210.0,33.1785,0.7,27.93,58100.0,1.0,24.12,50160.0,35360.0,41360.0,65270.0,86800.0,BLS OEWS May 2025 special education aggregation
Metropolitan Area,31700,"Manchester-Nashua, NH",No formal educational credential,45450.0,22.7773,0.7,18.75,38990.0,0.5,17.38,36140.0,27760.0,30740.0,44620.0,55340.0,BLS OEWS May 2025 special education aggregation
Metropolitan Area,31740,"Manhattan, KS",Doctoral or professional degree,2150.0,4.022,2.4,59.02,122760.0,2.7,50.33,104680.0,54770.0,81420.0,139080.0,200440.0,BLS OEWS May 2025 special education aggregation
Metropolitan Area,31740,"Manhattan, KS",Master's degree,1660.0,3.097,1.9,38.07,79180.0,1.5,32.38,67360.0,41840.0,52870.0,88950.0,125180.0,BLS OEWS May 2025 special education aggregation
Metropolitan Area,31740,"Manhattan, KS",Bachelor's degree,12110.0,22.6322,0.7,40.17,83560.0,0.8,35.31,73450.0,43950.0,53410.0,98740.0,134440.0,BLS OEWS May 2025 special education aggregation
Metropolitan Area,31740,"Manhattan, KS",Associate's degree,1250.0,2.3288,2.7,29.68,61740.0,0.8,28.02,58280.0,38290.0,47890.0,77810.0,86260.0,BLS OEWS May 2025 special education aggregation
Metropolitan Area,31740,"Manhattan, KS",Postsecondary nondegree award,3210.0,6.0015,2.0,23.29,48440.0,0.8,21.66,45060.0,31180.0,36080.0,56650.0,72040.0,BLS OEWS May 2025 special education aggregation
Metropolitan Area,31740,"Manhattan, KS","Some college, no degree",2160.0,4.0446,1.6,17.55,36510.0,0.6,16.58,34490.0,22200.0,27530.0,43430.0,54950.0,BLS OEWS May 2025 special education aggregation
Metropolitan Area,31740,"Manhattan, KS",High school diploma or equivalent,16800.0,31.4093,1.1,24.07,50070.0,0.7,21.77,45290.0,29310.0,35820.0,58550.0,77090.0,BLS OEWS May 2025 special education aggregation
Metropolitan Area,31740,"Manhattan, KS",No formal educational credential,14160.0,26.464499999999997,0.7,16.04,33360.0,0.6,14.41,29970.0,22110.0,27020.0,36360.0,47210.0,BLS OEWS May 2025 special education aggregation
Metropolitan Area,31860,"Mankato, MN",Doctoral or professional degree,1870.0,3.3289,1.0,78.68,163650.0,2.5,49.68,103340.0,61170.0,77830.0,168510.0,363340.0,BLS OEWS May 2025 special education aggregation
Metropolitan Area,31860,"Mankato, MN",Master's degree,1790.0,3.1848,2.7,41.61,86550.0,1.0,36.35,75610.0,51440.0,63290.0,101670.0,138270.0,BLS OEWS May 2025 special education aggregation
Metropolitan Area,31860,"Mankato, MN",Bachelor's degree,10910.0,19.415799999999997,1.3,45.01,93630.0,0.7,40.5,84240.0,49160.0,63460.0,106640.0,139330.0,BLS OEWS May 2025 special education aggregation
Metropolitan Area,31860,"Mankato, MN",Associate's degree,1170.0,2.0850999999999997,3.9,31.93,66410.0,1.1,30.89,64260.0,38690.0,47420.0,81800.0,99140.0,BLS OEWS May 2025 special education aggregation
Metropolitan Area,31860,"Mankato, MN",Postsecondary nondegree award,3920.0,6.9765,1.6,26.78,55700.0,0.6,25.27,52560.0,38410.0,44290.0,63030.0,77940.0,BLS OEWS May 2025 special education aggregation
Metropolitan Area,31860,"Mankato, MN","Some college, no degree",1290.0,2.2946,2.9,23.6,49090.0,0.6,22.79,47410.0,35670.0,37690.0,57100.0,66750.0,BLS OEWS May 2025 special education aggregation
Metropolitan Area,31860,"Mankato, MN",High school diploma or equivalent,21680.0,38.5872,0.7,25.5,53040.0,0.5,23.04,47930.0,33440.0,38410.0,60900.0,78430.0,BLS OEWS May 2025 special education aggregation
Metropolitan Area,31860,"Mankato, MN",No formal educational credential,13550.0,24.1271,0.8,18.3,38070.0,0.4,17.04,35440.0,25200.0,29610.0,42840.0,55930.0,BLS OEWS May 2025 special education aggregation
Metropolitan Area,31900,"Mansfield, OH",Doctoral or professional degree,840.0,1.7300999999999997,3.8,83.84,174390.0,5.4,54.87,114130.0,49740.0,74630.0,210750.0,478020.0,BLS OEWS May 2025 special education aggregation
Metropolitan Area,31900,"Mansfield, OH",Master's degree,1270.0,2.5957999999999997,5.0,39.55,82270.0,3.8,34.32,71380.0,43710.0,52210.0,101010.0,130390.0,BLS OEWS May 2025 special education aggregation
Metropolitan Area,31900,"Mansfield, OH",Bachelor's degree,9020.0,18.4907,0.7,39.69,82560.0,1.2,36.65,76230.0,42780.0,56450.0,96910.0,127400.0,BLS OEWS May 2025 special education aggregation
Metropolitan Area,31900,"Mansfield, OH",Associate's degree,890.0,1.832,2.7,30.98,64430.0,1.1,29.84,62060.0,35420.0,47190.0,79520.0,95160.0,BLS OEWS May 2025 special education aggregation
Metropolitan Area,31900,"Mansfield, OH",Postsecondary nondegree award,3790.0,7.7661,1.8,24.24,50420.0,0.7,22.51,46810.0,34750.0,38250.0,60020.0,72250.0,BLS OEWS May 2025 special education aggregation
Metropolitan Area,31900,"Mansfield, OH","Some college, no degree",930.0,1.905,3.7,20.7,43050.0,1.0,19.57,40700.0,27660.0,34630.0,48760.0,60660.0,BLS OEWS May 2025 special education aggregation
Metropolitan Area,31900,"Mansfield, OH",High school diploma or equivalent,19090.0,39.1323,0.5,23.32,48510.0,0.5,21.49,44700.0,29700.0,35800.0,57600.0,71970.0,BLS OEWS May 2025 special education aggregation
Metropolitan Area,31900,"Mansfield, OH",No formal educational credential,12950.0,26.5482,0.7,16.57,34460.0,0.5,14.95,31090.0,23230.0,27130.0,37630.0,47390.0,BLS OEWS May 2025 special education aggregation
Metropolitan Area,32420,"Mayaguez, PR",Doctoral or professional degree,1380.0,2.6509,7.8,51.52,107150.0,12.9,40.8,84850.0,45310.0,65160.0,111240.0,182000.0,BLS OEWS May 2025 special education aggregation
Metropolitan Area,32420,"Mayaguez, PR",Master's degree,650.0,1.2535,3.0,28.73,59760.0,1.8,25.95,53980.0,26240.0,35980.0,81700.0,97870.0,BLS OEWS May 2025 special education aggregation
Metropolitan Area,32420,"Mayaguez, PR",Bachelor's degree,8840.0,16.971700000000002,1.3,26.97,56090.0,0.6,24.38,50700.0,30560.0,37380.0,62340.0,89340.0,BLS OEWS May 2025 special education aggregation
Metropolitan Area,32420,"Mayaguez, PR",Associate's degree,1050.0,2.0067,4.0,18.92,39360.0,2.1,17.13,35620.0,22240.0,28270.0,43620.0,64540.0,BLS OEWS May 2025 special education aggregation
Metropolitan Area,32420,"Mayaguez, PR",Postsecondary nondegree award,2240.0,4.290100000000001,5.0,14.78,30730.0,2.1,12.57,26140.0,21840.0,22400.0,32580.0,47000.0,BLS OEWS May 2025 special education aggregation
Metropolitan Area,32420,"Mayaguez, PR","Some college, no degree",1490.0,2.8645,2.9,13.47,28030.0,1.4,11.32,23540.0,22140.0,22860.0,30390.0,38100.0,BLS OEWS May 2025 special education aggregation
Metropolitan Area,32420,"Mayaguez, PR",High school diploma or equivalent,18540.0,35.5789,0.8,14.61,30380.0,0.6,12.2,25370.0,21840.0,21880.0,34420.0,44980.0,BLS OEWS May 2025 special education aggregation
Metropolitan Area,32420,"Mayaguez, PR",No formal educational credential,17920.0,34.3839,0.8,11.62,24170.0,0.4,10.5,21840.0,21840.0,21840.0,23100.0,29390.0,BLS OEWS May 2025 special education aggregation
Metropolitan Area,32580,"McAllen-Edinburg-Mission, TX",Doctoral or professional degree,5590.0,1.8824999999999998,3.5,71.69,149100.0,5.0,58.23,121110.0,60400.0,78180.0,172950.0,308910.0,BLS OEWS May 2025 special education aggregation
Metropolitan Area,32580,"McAllen-Edinburg-Mission, TX",Master's degree,7800.0,2.629,2.5,43.82,91140.0,1.7,41.16,85610.0,47320.0,66140.0,106360.0,130840.0,BLS OEWS May 2025 special education aggregation
Metropolitan Area,32580,"McAllen-Edinburg-Mission, TX",Bachelor's degree,53390.0,17.9954,1.0,37.09,77150.0,0.7,30.96,64400.0,41630.0,56800.0,86940.0,121770.0,BLS OEWS May 2025 special education aggregation
Metropolitan Area,32580,"McAllen-Edinburg-Mission, TX",Associate's degree,5250.0,1.7689,3.4,26.55,55230.0,1.6,25.56,53160.0,28150.0,35040.0,73470.0,87200.0,BLS OEWS May 2025 special education aggregation
Metropolitan Area,32580,"McAllen-Edinburg-Mission, TX",Postsecondary nondegree award,18680.0,6.2951999999999995,1.6,21.39,44500.0,0.8,18.79,39080.0,28590.0,33180.0,53030.0,64000.0,BLS OEWS May 2025 special education aggregation
Metropolitan Area,32580,"McAllen-Edinburg-Mission, TX","Some college, no degree",7550.0,2.5445,1.4,18.1,37650.0,0.5,17.09,35540.0,22810.0,27840.0,45120.0,55140.0,BLS OEWS May 2025 special education aggregation
Metropolitan Area,32580,"McAllen-Edinburg-Mission, TX",High school diploma or equivalent,131220.0,44.2274,0.4,17.75,36920.0,0.4,14.24,29630.0,22740.0,24990.0,43770.0,59130.0,BLS OEWS May 2025 special education aggregation
Metropolitan Area,32580,"McAllen-Edinburg-Mission, TX",No formal educational credential,67220.0,22.6572,0.6,14.22,29570.0,0.6,13.33,27720.0,20020.0,22360.0,34740.0,40130.0,BLS OEWS May 2025 special education aggregation
Metropolitan Area,32780,"Medford, OR",Doctoral or professional degree,,,,96.49,200700.0,5.2,75.95,157980.0,73650.0,98180.0,299990.0,393500.0,BLS OEWS May 2025 special education aggregation
Metropolitan Area,32780,"Medford, OR",Master's degree,1920.0,2.1523,2.9,48.9,101700.0,1.9,45.38,94380.0,54630.0,66360.0,130130.0,157840.0,BLS OEWS May 2025 special education aggregation
Metropolitan Area,32780,"Medford, OR",Bachelor's degree,17470.0,19.6129,1.0,46.45,96610.0,0.6,40.78,84810.0,49600.0,61360.0,121630.0,150330.0,BLS OEWS May 2025 special education aggregation
Metropolitan Area,32780,"Medford, OR",Associate's degree,1880.0,2.1077000000000004,3.1,36.51,75940.0,1.3,35.17,73150.0,42520.0,50140.0,100310.0,119470.0,BLS OEWS May 2025 special education aggregation
Metropolitan Area,32780,"Medford, OR",Postsecondary nondegree award,6510.0,7.3123000000000005,2.0,28.28,58820.0,1.0,27.09,56350.0,41400.0,47200.0,63830.0,80080.0,BLS OEWS May 2025 special education aggregation
Metropolitan Area,32780,"Medford, OR","Some college, no degree",,,,22.93,47690.0,0.8,22.04,45830.0,34220.0,38450.0,53620.0,63950.0,BLS OEWS May 2025 special education aggregation
Metropolitan Area,32780,"Medford, OR",High school diploma or equivalent,32560.0,36.5618,0.8,26.55,55220.0,0.5,23.61,49110.0,37100.0,41710.0,61180.0,79370.0,BLS OEWS May 2025 special education aggregation
Metropolitan Area,32780,"Medford, OR",No formal educational credential,23970.0,26.9163,0.6,19.98,41570.0,0.6,17.93,37280.0,31080.0,33880.0,45760.0,57460.0,BLS OEWS May 2025 special education aggregation
Metropolitan Area,32820,"Memphis, TN-MS-AR",Doctoral or professional degree,13080.0,2.1382000000000003,1.6,76.62,159360.0,2.0,58.12,120900.0,61690.0,79570.0,167850.0,342570.0,BLS OEWS May 2025 special education aggregation
Metropolitan Area,32820,"Memphis, TN-MS-AR",Master's degree,11580.0,1.8938,2.7,41.61,86540.0,0.9,37.34,77670.0,43660.0,56910.0,108150.0,134300.0,BLS OEWS May 2025 special education aggregation
Metropolitan Area,32820,"Memphis, TN-MS-AR",Bachelor's degree,121640.0,19.886699999999998,0.8,46.43,96580.0,0.6,38.56,80210.0,47210.0,60680.0,112310.0,162180.0,BLS OEWS May 2025 special education aggregation
Metropolitan Area,32820,"Memphis, TN-MS-AR",Associate's degree,11170.0,1.8265,2.4,32.04,66650.0,1.0,29.77,61930.0,37630.0,47590.0,78640.0,97030.0,BLS OEWS May 2025 special education aggregation
Metropolitan Area,32820,"Memphis, TN-MS-AR",Postsecondary nondegree award,50180.0,8.2039,1.6,28.57,59430.0,0.4,25.92,53910.0,36140.0,40730.0,73100.0,94000.0,BLS OEWS May 2025 special education aggregation
Metropolitan Area,32820,"Memphis, TN-MS-AR","Some college, no degree",13800.0,2.2565,2.8,21.98,45710.0,0.7,21.14,43960.0,28560.0,33760.0,54500.0,66130.0,BLS OEWS May 2025 special education aggregation
Metropolitan Area,32820,"Memphis, TN-MS-AR",High school diploma or equivalent,218380.0,35.7024,0.6,25.08,52170.0,0.3,22.29,46370.0,30360.0,36700.0,60990.0,80330.0,BLS OEWS May 2025 special education aggregation
Metropolitan Area,32820,"Memphis, TN-MS-AR",No formal educational credential,171830.0,28.0921,0.8,17.52,36430.0,0.4,17.12,35600.0,23470.0,28920.0,43330.0,48410.0,BLS OEWS May 2025 special education aggregation
Metropolitan Area,32900,"Merced, CA",Doctoral or professional degree,1600.0,2.0076,2.1,68.93,143370.0,3.6,60.23,125270.0,67480.0,83140.0,165250.0,243930.0,BLS OEWS May 2025 special education aggregation
Metropolitan Area,32900,"Merced, CA",Master's degree,1950.0,2.4493,2.8,49.66,103300.0,1.4,47.28,98340.0,47210.0,62770.0,134920.0,163710.0,BLS OEWS May 2025 special education aggregation
Metropolitan Area,32900,"Merced, CA",Bachelor's degree,14290.0,17.9665,1.3,47.11,97980.0,0.9,43.23,89910.0,49150.0,62910.0,123860.0,153100.0,BLS OEWS May 2025 special education aggregation
Metropolitan Area,32900,"Merced, CA",Associate's degree,1330.0,1.6699000000000002,5.6,34.13,70990.0,2.1,29.28,60900.0,40480.0,47770.0,84870.0,117400.0,BLS OEWS May 2025 special education aggregation
Metropolitan Area,32900,"Merced, CA",Postsecondary nondegree award,5330.0,6.702299999999999,1.9,27.28,56740.0,1.1,24.34,50630.0,36390.0,44240.0,64670.0,80260.0,BLS OEWS May 2025 special education aggregation
Metropolitan Area,32900,"Merced, CA","Some college, no degree",2850.0,3.5901000000000005,2.5,23.19,48240.0,0.9,21.58,44880.0,37180.0,38700.0,52010.0,62470.0,BLS OEWS May 2025 special education aggregation
Metropolitan Area,32900,"Merced, CA",High school diploma or equivalent,27250.0,34.2661,0.7,26.25,54600.0,0.5,22.55,46910.0,34320.0,36460.0,62980.0,82890.0,BLS OEWS May 2025 special education aggregation
Metropolitan Area,32900,"Merced, CA",No formal educational credential,24930.0,31.3478,0.7,20.06,41730.0,0.3,18.08,37600.0,34320.0,35160.0,45170.0,52960.0,BLS OEWS May 2025 special education aggregation
Metropolitan Area,33100,"Miami-Fort Lauderdale-West Palm Beach, FL",Doctoral or professional degree,78800.0,2.7945,3.4,82.07,170700.0,4.5,62.86,130740.0,62320.0,86030.0,216250.0,357790.0,BLS OEWS May 2025 special education aggregation
Metropolitan Area,33100,"Miami-Fort Lauderdale-West Palm Beach, FL",Master's degree,55800.0,1.9787,4.9,42.93,89300.0,3.5,37.78,78590.0,44730.0,57100.0,107650.0,139280.0,BLS OEWS May 2025 special education aggregation
Metropolitan Area,33100,"Miami-Fort Lauderdale-West Palm Beach, FL",Bachelor's degree,672520.0,23.848599999999998,1.0,51.31,106730.0,1.2,40.9,85070.0,48970.0,61600.0,127920.0,176820.0,BLS OEWS May 2025 special education aggregation
Metropolitan Area,33100,"Miami-Fort Lauderdale-West Palm Beach, FL",Associate's degree,68350.0,2.4238,2.5,31.85,66240.0,1.0,30.18,62770.0,35990.0,44780.0,80180.0,99450.0,BLS OEWS May 2025 special education aggregation
Metropolitan Area,33100,"Miami-Fort Lauderdale-West Palm Beach, FL",Postsecondary nondegree award,176820.0,6.2705,1.5,27.79,57810.0,0.6,23.4,48680.0,35570.0,39200.0,63630.0,91770.0,BLS OEWS May 2025 special education aggregation
Metropolitan Area,33100,"Miami-Fort Lauderdale-West Palm Beach, FL","Some college, no degree",61470.0,2.1797,2.8,24.61,51190.0,1.8,22.57,46950.0,30940.0,36940.0,60180.0,77270.0,BLS OEWS May 2025 special education aggregation
Metropolitan Area,33100,"Miami-Fort Lauderdale-West Palm Beach, FL",High school diploma or equivalent,976010.0,34.611200000000004,0.6,26.41,54930.0,0.4,22.66,47130.0,31860.0,37250.0,62400.0,83220.0,BLS OEWS May 2025 special education aggregation
Metropolitan Area,33100,"Miami-Fort Lauderdale-West Palm Beach, FL",No formal educational credential,730170.0,25.893,0.7,18.27,38000.0,0.4,17.04,35440.0,28150.0,29650.0,40830.0,49420.0,BLS OEWS May 2025 special education aggregation
Metropolitan Area,33140,"Michigan City-La Porte, IN",Doctoral or professional degree,550.0,1.3513,2.9,84.58,175920.0,3.6,60.82,126500.0,62520.0,82840.0,208710.0,382620.0,BLS OEWS May 2025 special education aggregation
Metropolitan Area,33140,"Michigan City-La Porte, IN",Master's degree,740.0,1.8082,2.6,39.9,82990.0,2.1,36.22,75340.0,42890.0,50880.0,100180.0,129780.0,BLS OEWS May 2025 special education aggregation
Metropolitan Area,33140,"Michigan City-La Porte, IN",Bachelor's degree,6370.0,15.586699999999999,1.8,40.88,85020.0,1.0,36.93,76800.0,44780.0,57260.0,100620.0,133470.0,BLS OEWS May 2025 special education aggregation
Metropolitan Area,33140,"Michigan City-La Porte, IN",Associate's degree,730.0,1.7768000000000002,3.7,31.64,65800.0,1.3,30.67,63800.0,37800.0,47130.0,81880.0,97030.0,BLS OEWS May 2025 special education aggregation
Metropolitan Area,33140,"Michigan City-La Porte, IN",Postsecondary nondegree award,2650.0,6.486700000000001,2.0,25.47,52980.0,0.6,23.23,48330.0,35870.0,39410.0,63270.0,73550.0,BLS OEWS May 2025 special education aggregation
Metropolitan Area,33140,"Michigan City-La Porte, IN","Some college, no degree",870.0,2.1209,5.4,20.34,42310.0,1.3,18.39,38260.0,28560.0,30480.0,48190.0,61750.0,BLS OEWS May 2025 special education aggregation
Metropolitan Area,33140,"Michigan City-La Porte, IN",High school diploma or equivalent,17570.0,43.026799999999994,0.9,24.72,51420.0,0.6,22.34,46480.0,32420.0,37700.0,59260.0,78010.0,BLS OEWS May 2025 special education aggregation
Metropolitan Area,33140,"Michigan City-La Porte, IN",No formal educational credential,11370.0,27.842399999999998,0.7,16.67,34670.0,0.6,15.39,32010.0,22290.0,27710.0,37820.0,47510.0,BLS OEWS May 2025 special education aggregation
Metropolitan Area,33220,"Midland, MI",Doctoral or professional degree,980.0,2.618,2.7,111.34,231580.0,2.3,77.38,160940.0,61980.0,92440.0,430560.0,430560.0,BLS OEWS May 2025 special education aggregation
Metropolitan Area,33220,"Midland, MI",Master's degree,1110.0,2.9748,3.1,46.03,95730.0,1.1,38.96,81050.0,47600.0,60900.0,121240.0,144610.0,BLS OEWS May 2025 special education aggregation
Metropolitan Area,33220,"Midland, MI",Bachelor's degree,10020.0,26.873399999999997,0.9,51.61,107340.0,0.5,41.72,86780.0,49380.0,69170.0,127830.0,171360.0,BLS OEWS May 2025 special education aggregation
Metropolitan Area,33220,"Midland, MI",Associate's degree,920.0,2.4751000000000003,2.7,32.84,68310.0,0.8,32.1,66770.0,37410.0,53750.0,82230.0,93010.0,BLS OEWS May 2025 special education aggregation
Metropolitan Area,33220,"Midland, MI",Postsecondary nondegree award,2530.0,6.781699999999999,2.0,23.35,48560.0,0.9,21.39,44480.0,36500.0,39340.0,55340.0,65010.0,BLS OEWS May 2025 special education aggregation
Metropolitan Area,33220,"Midland, MI","Some college, no degree",1070.0,2.8647,3.6,22.64,47100.0,1.2,18.07,37590.0,28210.0,31360.0,51190.0,76620.0,BLS OEWS May 2025 special education aggregation
Metropolitan Area,33220,"Midland, MI",High school diploma or equivalent,13170.0,35.315,0.8,25.16,52330.0,0.8,21.35,44400.0,30330.0,36670.0,61520.0,82260.0,BLS OEWS May 2025 special education aggregation
Metropolitan Area,33220,"Midland, MI",No formal educational credential,7500.0,20.0973,1.0,17.94,37320.0,0.6,16.8,34940.0,26740.0,28930.0,40000.0,51650.0,BLS OEWS May 2025 special education aggregation
Metropolitan Area,33260,"Midland, TX",Doctoral or professional degree,1240.0,1.0141,4.2,86.71,180350.0,4.8,62.2,129370.0,63070.0,85160.0,222840.0,410360.0,BLS OEWS May 2025 special education aggregation
Metropolitan Area,33260,"Midland, TX",Master's degree,1430.0,1.1731,7.5,42.85,89120.0,2.1,39.7,82570.0,44320.0,63840.0,104950.0,143140.0,BLS OEWS May 2025 special education aggregation
Metropolitan Area,33260,"Midland, TX",Bachelor's degree,27310.0,22.3539,1.7,59.27,123290.0,1.5,48.14,100130.0,51290.0,66620.0,157160.0,220870.0,BLS OEWS May 2025 special education aggregation
Metropolitan Area,33260,"Midland, TX",Associate's degree,2410.0,1.9748999999999999,6.4,31.34,65190.0,2.5,28.81,59930.0,31100.0,42890.0,84850.0,103660.0,BLS OEWS May 2025 special education aggregation
Metropolitan Area,33260,"Midland, TX",Postsecondary nondegree award,8540.0,6.9858,3.4,28.4,59080.0,1.1,27.43,57050.0,36850.0,46680.0,63740.0,81750.0,BLS OEWS May 2025 special education aggregation
Metropolitan Area,33260,"Midland, TX","Some college, no degree",2580.0,2.1119,3.7,24.25,50430.0,2.1,22.85,47520.0,29670.0,37750.0,61210.0,75660.0,BLS OEWS May 2025 special education aggregation
Metropolitan Area,33260,"Midland, TX",High school diploma or equivalent,46360.0,37.943,1.2,29.9,62190.0,0.8,26.01,54100.0,32210.0,40700.0,75520.0,100260.0,BLS OEWS May 2025 special education aggregation
Metropolitan Area,33260,"Midland, TX",No formal educational credential,32310.0,26.4433,1.7,19.6,40770.0,1.0,17.84,37110.0,23460.0,29460.0,47430.0,58970.0,BLS OEWS May 2025 special education aggregation
Metropolitan Area,33340,"Milwaukee-Waukesha, WI",Doctoral or professional degree,22990.0,2.8009,2.2,90.88,189030.0,2.9,61.09,127070.0,66300.0,84120.0,246440.0,426260.0,BLS OEWS May 2025 special education aggregation
Metropolitan Area,33340,"Milwaukee-Waukesha, WI",Master's degree,16960.0,2.0662,2.9,44.92,93440.0,1.1,39.17,81470.0,49530.0,62030.0,115340.0,140520.0,BLS OEWS May 2025 special education aggregation
Metropolitan Area,33340,"Milwaukee-Waukesha, WI",Bachelor's degree,192170.0,23.4136,0.7,49.63,103220.0,0.5,43.93,91370.0,51110.0,67010.0,123600.0,165000.0,BLS OEWS May 2025 special education aggregation
Metropolitan Area,33340,"Milwaukee-Waukesha, WI",Associate's degree,19290.0,2.3498,2.5,31.78,66100.0,1.1,30.21,62850.0,35590.0,45920.0,82770.0,100750.0,BLS OEWS May 2025 special education aggregation
Metropolitan Area,33340,"Milwaukee-Waukesha, WI",Postsecondary nondegree award,50920.0,6.2036,1.4,27.14,56450.0,0.9,24.13,50200.0,37150.0,45330.0,63440.0,78370.0,BLS OEWS May 2025 special education aggregation
Metropolitan Area,33340,"Milwaukee-Waukesha, WI","Some college, no degree",18220.0,2.2196000000000002,5.0,23.58,49050.0,1.3,22.34,46470.0,32770.0,37710.0,58140.0,69220.0,BLS OEWS May 2025 special education aggregation
Metropolitan Area,33340,"Milwaukee-Waukesha, WI",High school diploma or equivalent,312300.0,38.0495,0.7,26.81,55770.0,0.3,23.39,48660.0,32720.0,38510.0,63810.0,86260.0,BLS OEWS May 2025 special education aggregation
Metropolitan Area,33340,"Milwaukee-Waukesha, WI",No formal educational credential,187930.0,22.8969,0.7,18.23,37920.0,0.4,17.19,35750.0,23810.0,29370.0,44530.0,54430.0,BLS OEWS May 2025 special education aggregation
Metropolitan Area,33460,"Minneapolis-St. Paul-Bloomington, MN-WI",Doctoral or professional degree,50330.0,2.5788,2.1,88.15,183360.0,2.1,65.68,136610.0,75280.0,95990.0,219200.0,367220.0,BLS OEWS May 2025 special education aggregation
Metropolitan Area,33460,"Minneapolis-St. Paul-Bloomington, MN-WI",Master's degree,43940.0,2.2515,2.2,47.69,99200.0,1.3,41.64,86620.0,52180.0,63720.0,125590.0,160380.0,BLS OEWS May 2025 special education aggregation
Metropolitan Area,33460,"Minneapolis-St. Paul-Bloomington, MN-WI",Bachelor's degree,534840.0,27.4044,0.6,54.33,113000.0,0.5,48.38,100630.0,57620.0,76660.0,132820.0,174410.0,BLS OEWS May 2025 special education aggregation
Metropolitan Area,33460,"Minneapolis-St. Paul-Bloomington, MN-WI",Associate's degree,46700.0,2.3928000000000003,2.3,35.46,73750.0,0.9,33.93,70570.0,41600.0,51320.0,90360.0,106720.0,BLS OEWS May 2025 special education aggregation
Metropolitan Area,33460,"Minneapolis-St. Paul-Bloomington, MN-WI",Postsecondary nondegree award,98470.0,5.0457,1.8,29.34,61020.0,0.6,28.46,59190.0,39050.0,47830.0,72160.0,83810.0,BLS OEWS May 2025 special education aggregation
Metropolitan Area,33460,"Minneapolis-St. Paul-Bloomington, MN-WI","Some college, no degree",54260.0,2.7803,2.2,25.76,53570.0,0.7,23.78,49460.0,36650.0,42340.0,61550.0,76970.0,BLS OEWS May 2025 special education aggregation
Metropolitan Area,33460,"Minneapolis-St. Paul-Bloomington, MN-WI",High school diploma or equivalent,704860.0,36.1161,0.6,28.52,59320.0,0.3,24.5,50950.0,36470.0,42680.0,68080.0,94370.0,BLS OEWS May 2025 special education aggregation
Metropolitan Area,33460,"Minneapolis-St. Paul-Bloomington, MN-WI",No formal educational credential,418250.0,21.4304,0.6,19.94,41480.0,0.4,17.92,37280.0,28190.0,33050.0,46640.0,59860.0,BLS OEWS May 2025 special education aggregation
Metropolitan Area,33500,"Minot, ND",Doctoral or professional degree,670.0,2.0049,2.6,101.69,211510.0,3.6,61.65,128240.0,50180.0,76300.0,289330.0,564890.0,BLS OEWS May 2025 special education aggregation
Metropolitan Area,33500,"Minot, ND",Master's degree,740.0,2.2390999999999996,3.7,41.7,86740.0,1.8,38.15,79360.0,47900.0,60530.0,101470.0,134450.0,BLS OEWS May 2025 special education aggregation
Metropolitan Area,33500,"Minot, ND",Bachelor's degree,6070.0,18.2371,1.0,41.65,86630.0,0.8,37.86,78750.0,48100.0,60470.0,98780.0,135480.0,BLS OEWS May 2025 special education aggregation
Metropolitan Area,33500,"Minot, ND",Associate's degree,530.0,1.5798,4.0,31.2,64900.0,1.7,29.95,62300.0,33560.0,48630.0,81480.0,96300.0,BLS OEWS May 2025 special education aggregation
Metropolitan Area,33500,"Minot, ND",Postsecondary nondegree award,2460.0,7.3843000000000005,2.9,27.58,57360.0,1.1,27.0,56160.0,35130.0,43370.0,62830.0,81840.0,BLS OEWS May 2025 special education aggregation
Metropolitan Area,33500,"Minot, ND","Some college, no degree",1160.0,3.4915,1.8,21.78,45300.0,1.2,21.75,45240.0,28940.0,36140.0,54640.0,60940.0,BLS OEWS May 2025 special education aggregation
Metropolitan Area,33500,"Minot, ND",High school diploma or equivalent,11650.0,35.0307,0.9,27.51,57220.0,0.5,24.04,50010.0,34770.0,39410.0,66040.0,89830.0,BLS OEWS May 2025 special education aggregation
Metropolitan Area,33500,"Minot, ND",No formal educational credential,9990.0,30.0331,1.3,18.79,39080.0,0.7,17.16,35700.0,27500.0,29950.0,45070.0,58470.0,BLS OEWS May 2025 special education aggregation
Metropolitan Area,33540,"Missoula, MT",Doctoral or professional degree,2400.0,3.5719000000000003,3.9,64.81,134800.0,3.0,48.79,101490.0,59820.0,78490.0,156050.0,297190.0,BLS OEWS May 2025 special education aggregation
Metropolitan Area,33540,"Missoula, MT",Master's degree,1750.0,2.6033,3.6,39.66,82490.0,2.0,36.07,75020.0,44100.0,52440.0,100560.0,134780.0,BLS OEWS May 2025 special education aggregation
Metropolitan Area,33540,"Missoula, MT",Bachelor's degree,15420.0,22.988999999999997,0.9,41.0,85280.0,1.0,37.0,76950.0,40840.0,57030.0,100090.0,134560.0,BLS OEWS May 2025 special education aggregation
Metropolitan Area,33540,"Missoula, MT",Associate's degree,1830.0,2.7273,2.3,31.11,64700.0,0.9,29.0,60310.0,40330.0,48760.0,79140.0,97360.0,BLS OEWS May 2025 special education aggregation
Metropolitan Area,33540,"Missoula, MT",Postsecondary nondegree award,4040.0,6.0247,2.5,26.82,55780.0,1.0,25.53,53100.0,37580.0,44370.0,62810.0,76950.0,BLS OEWS May 2025 special education aggregation
Metropolitan Area,33540,"Missoula, MT","Some college, no degree",1660.0,2.482,5.5,21.95,45660.0,1.7,21.48,44680.0,29490.0,36160.0,57170.0,60430.0,BLS OEWS May 2025 special education aggregation
Metropolitan Area,33540,"Missoula, MT",High school diploma or equivalent,22470.0,33.5027,0.9,25.02,52030.0,0.6,22.43,46650.0,32240.0,38090.0,60850.0,78950.0,BLS OEWS May 2025 special education aggregation
Metropolitan Area,33540,"Missoula, MT",No formal educational credential,17500.0,26.099400000000003,0.7,17.77,36960.0,0.5,17.25,35870.0,23500.0,29330.0,41670.0,49140.0,BLS OEWS May 2025 special education aggregation
Metropolitan Area,33660,"Mobile, AL",Doctoral or professional degree,3430.0,1.9850999999999999,3.3,79.73,165840.0,5.3,60.46,125770.0,59890.0,77240.0,204670.0,385230.0,BLS OEWS May 2025 special education aggregation
Metropolitan Area,33660,"Mobile, AL",Master's degree,3470.0,2.0120999999999998,3.0,40.3,83820.0,1.8,35.65,74160.0,40590.0,51710.0,102510.0,130470.0,BLS OEWS May 2025 special education aggregation
Metropolitan Area,33660,"Mobile, AL",Bachelor's degree,34840.0,20.189,1.0,43.9,91310.0,0.8,38.21,79470.0,47150.0,61110.0,105500.0,153670.0,BLS OEWS May 2025 special education aggregation
Metropolitan Area,33660,"Mobile, AL",Associate's degree,4310.0,2.4966999999999997,5.5,26.82,55790.0,1.0,27.67,57550.0,27680.0,38170.0,69240.0,80120.0,BLS OEWS May 2025 special education aggregation
Metropolitan Area,33660,"Mobile, AL",Postsecondary nondegree award,14460.0,8.3795,1.5,24.3,50550.0,0.7,22.21,46200.0,30070.0,36270.0,60910.0,80060.0,BLS OEWS May 2025 special education aggregation
Metropolitan Area,33660,"Mobile, AL","Some college, no degree",3140.0,1.8170000000000002,4.9,19.78,41150.0,1.5,19.17,39870.0,23070.0,27600.0,49020.0,60210.0,BLS OEWS May 2025 special education aggregation
Metropolitan Area,33660,"Mobile, AL",High school diploma or equivalent,66640.0,38.6179,0.6,25.18,52370.0,0.5,22.6,47000.0,28530.0,35840.0,62750.0,81130.0,BLS OEWS May 2025 special education aggregation
Metropolitan Area,33660,"Mobile, AL",No formal educational credential,42280.0,24.5026,0.6,16.01,33290.0,0.6,14.48,30110.0,21880.0,26370.0,37170.0,47800.0,BLS OEWS May 2025 special education aggregation
Metropolitan Area,33700,"Modesto, CA",Doctoral or professional degree,3470.0,1.7757999999999998,3.3,81.55,169620.0,2.8,66.5,138320.0,62660.0,101750.0,195380.0,328800.0,BLS OEWS May 2025 special education aggregation
Metropolitan Area,33700,"Modesto, CA",Master's degree,4850.0,2.4838999999999998,3.1,52.36,108920.0,1.8,48.37,100610.0,46920.0,62700.0,142170.0,173150.0,BLS OEWS May 2025 special education aggregation
Metropolitan Area,33700,"Modesto, CA",Bachelor's degree,37200.0,19.0549,0.9,52.14,108460.0,0.5,48.06,99970.0,55120.0,71430.0,129050.0,169020.0,BLS OEWS May 2025 special education aggregation
Metropolitan Area,33700,"Modesto, CA",Associate's degree,4230.0,2.1654,2.5,40.39,84020.0,1.0,35.58,74000.0,45690.0,54170.0,107080.0,134490.0,BLS OEWS May 2025 special education aggregation
Metropolitan Area,33700,"Modesto, CA",Postsecondary nondegree award,13950.0,7.146299999999999,1.6,28.69,59680.0,0.7,26.82,55790.0,38000.0,46000.0,72640.0,82110.0,BLS OEWS May 2025 special education aggregation
Metropolitan Area,33700,"Modesto, CA","Some college, no degree",6260.0,3.2054,4.1,24.92,51840.0,0.9,23.12,48080.0,37900.0,45140.0,58180.0,65260.0,BLS OEWS May 2025 special education aggregation
Metropolitan Area,33700,"Modesto, CA",High school diploma or equivalent,66310.0,33.9668,0.5,27.81,57840.0,0.3,23.78,49460.0,34320.0,38850.0,68510.0,90410.0,BLS OEWS May 2025 special education aggregation
Metropolitan Area,33700,"Modesto, CA",No formal educational credential,58960.0,30.201600000000003,0.6,21.42,44560.0,0.4,19.2,39930.0,34990.0,36210.0,47610.0,59940.0,BLS OEWS May 2025 special education aggregation
Metropolitan Area,33740,"Monroe, LA",Doctoral or professional degree,1530.0,1.7469000000000001,4.1,67.55,140500.0,3.4,54.96,114310.0,53330.0,73680.0,152270.0,289530.0,BLS OEWS May 2025 special education aggregation
Metropolitan Area,33740,"Monroe, LA",Master's degree,2440.0,2.7914000000000003,2.7,41.0,85270.0,2.9,36.53,75980.0,37660.0,54980.0,99990.0,131890.0,BLS OEWS May 2025 special education aggregation
Metropolitan Area,33740,"Monroe, LA",Bachelor's degree,14690.0,16.7866,1.2,38.82,80750.0,0.8,32.31,67210.0,42960.0,51870.0,93450.0,129390.0,BLS OEWS May 2025 special education aggregation
Metropolitan Area,33740,"Monroe, LA",Associate's degree,1690.0,1.9284,3.0,28.08,58400.0,1.4,27.71,57640.0,29730.0,36680.0,76830.0,89060.0,BLS OEWS May 2025 special education aggregation
Metropolitan Area,33740,"Monroe, LA",Postsecondary nondegree award,7470.0,8.5372,1.7,20.81,43280.0,0.7,18.25,37950.0,27520.0,30200.0,52370.0,62790.0,BLS OEWS May 2025 special education aggregation
Metropolitan Area,33740,"Monroe, LA","Some college, no degree",1940.0,2.2209,2.9,18.33,38130.0,1.4,16.62,34560.0,21620.0,27560.0,45760.0,57490.0,BLS OEWS May 2025 special education aggregation
Metropolitan Area,33740,"Monroe, LA",High school diploma or equivalent,34750.0,39.7183,0.6,20.57,42780.0,0.6,17.94,37320.0,21720.0,28820.0,50060.0,69020.0,BLS OEWS May 2025 special education aggregation
Metropolitan Area,33740,"Monroe, LA",No formal educational credential,22990.0,26.270400000000002,1.0,14.28,29700.0,0.7,13.29,27640.0,18070.0,21840.0,35110.0,42830.0,BLS OEWS May 2025 special education aggregation
Metropolitan Area,33780,"Monroe, MI",Doctoral or professional degree,520.0,1.2823,5.8,68.97,143460.0,4.2,51.89,107940.0,62190.0,80950.0,173690.0,273410.0,BLS OEWS May 2025 special education aggregation
Metropolitan Area,33780,"Monroe, MI",Master's degree,780.0,1.9222000000000001,5.2,41.65,86630.0,2.2,38.89,80880.0,48230.0,60510.0,101310.0,124880.0,BLS OEWS May 2025 special education aggregation
Metropolitan Area,33780,"Monroe, MI",Bachelor's degree,7720.0,18.962,1.0,44.84,93260.0,0.7,37.92,78870.0,47210.0,59780.0,112510.0,155020.0,BLS OEWS May 2025 special education aggregation
Metropolitan Area,33780,"Monroe, MI",Associate's degree,790.0,1.9274,3.0,33.52,69720.0,1.5,30.61,63670.0,34940.0,44210.0,88580.0,117590.0,BLS OEWS May 2025 special education aggregation
Metropolitan Area,33780,"Monroe, MI",Postsecondary nondegree award,2970.0,7.2994,2.4,24.82,51620.0,0.9,22.8,47420.0,35580.0,38420.0,59690.0,72890.0,BLS OEWS May 2025 special education aggregation
Metropolitan Area,33780,"Monroe, MI","Some college, no degree",1150.0,2.8157,2.2,20.39,42410.0,0.7,17.76,36940.0,29060.0,32670.0,48690.0,61010.0,BLS OEWS May 2025 special education aggregation
Metropolitan Area,33780,"Monroe, MI",High school diploma or equivalent,15690.0,38.5229,1.1,25.41,52840.0,0.5,22.02,45800.0,30420.0,36440.0,61290.0,83200.0,BLS OEWS May 2025 special education aggregation
Metropolitan Area,33780,"Monroe, MI",No formal educational credential,11110.0,27.268,1.1,17.96,37360.0,0.5,16.69,34720.0,26680.0,28680.0,41600.0,50430.0,BLS OEWS May 2025 special education aggregation
Metropolitan Area,33860,"Montgomery, AL",Doctoral or professional degree,3400.0,2.0558,3.7,69.07,143660.0,3.2,52.29,108770.0,59370.0,77010.0,160560.0,285260.0,BLS OEWS May 2025 special education aggregation
Metropolitan Area,33860,"Montgomery, AL",Master's degree,3720.0,2.2443999999999997,2.8,37.93,78890.0,1.8,34.85,72490.0,39360.0,51500.0,98620.0,122790.0,BLS OEWS May 2025 special education aggregation
Metropolitan Area,33860,"Montgomery, AL",Bachelor's degree,35500.0,21.4446,0.8,42.89,89210.0,0.5,37.55,78110.0,45870.0,59990.0,106040.0,141870.0,BLS OEWS May 2025 special education aggregation
Metropolitan Area,33860,"Montgomery, AL",Associate's degree,3950.0,2.3874,2.0,26.3,54710.0,1.1,24.76,51490.0,28550.0,37430.0,65630.0,82180.0,BLS OEWS May 2025 special education aggregation
Metropolitan Area,33860,"Montgomery, AL",Postsecondary nondegree award,10780.0,6.5100999999999996,1.4,23.18,48200.0,0.5,21.29,44290.0,29950.0,35860.0,58960.0,72880.0,BLS OEWS May 2025 special education aggregation
Metropolitan Area,33860,"Montgomery, AL","Some college, no degree",2980.0,1.7978,3.0,19.96,41520.0,1.6,18.95,39420.0,23750.0,28760.0,49700.0,60030.0,BLS OEWS May 2025 special education aggregation
Metropolitan Area,33860,"Montgomery, AL",High school diploma or equivalent,63970.0,38.6419,0.7,23.24,48340.0,0.5,21.37,44450.0,27460.0,33880.0,59570.0,75200.0,BLS OEWS May 2025 special education aggregation
Metropolitan Area,33860,"Montgomery, AL",No formal educational credential,41250.0,24.918,0.8,15.46,32160.0,0.5,14.34,29820.0,21460.0,24980.0,36510.0,44500.0,BLS OEWS May 2025 special education aggregation
Metropolitan Area,34060,"Morgantown, WV",Doctoral or professional degree,4560.0,6.7697,1.1,54.98,114350.0,1.6,37.92,78870.0,48280.0,62810.0,126980.0,207400.0,BLS OEWS May 2025 special education aggregation
Metropolitan Area,34060,"Morgantown, WV",Master's degree,2420.0,3.5946,1.9,53.53,111330.0,2.3,46.2,96100.0,47800.0,61890.0,129510.0,222060.0,BLS OEWS May 2025 special education aggregation
Metropolitan Area,34060,"Morgantown, WV",Bachelor's degree,16920.0,25.1178,0.8,42.76,88930.0,0.7,37.59,78200.0,47160.0,58620.0,101830.0,138360.0,BLS OEWS May 2025 special education aggregation
Metropolitan Area,34060,"Morgantown, WV",Associate's degree,2030.0,3.0065999999999997,2.4,30.18,62770.0,1.2,30.0,62400.0,34840.0,45760.0,76600.0,93460.0,BLS OEWS May 2025 special education aggregation
Metropolitan Area,34060,"Morgantown, WV",Postsecondary nondegree award,5160.0,7.6621,1.2,21.64,45020.0,0.8,18.65,38790.0,31670.0,35880.0,49840.0,60870.0,BLS OEWS May 2025 special education aggregation
Metropolitan Area,34060,"Morgantown, WV","Some college, no degree",1230.0,1.8308,6.1,20.67,42990.0,4.5,18.94,39400.0,28200.0,32140.0,48940.0,60200.0,BLS OEWS May 2025 special education aggregation
Metropolitan Area,34060,"Morgantown, WV",High school diploma or equivalent,19520.0,28.9709,1.1,22.68,47170.0,0.5,20.24,42090.0,28090.0,34310.0,55650.0,75980.0,BLS OEWS May 2025 special education aggregation
Metropolitan Area,34060,"Morgantown, WV",No formal educational credential,15530.0,23.0476,0.9,15.51,32260.0,0.6,14.3,29740.0,22010.0,24960.0,36080.0,45620.0,BLS OEWS May 2025 special education aggregation
Metropolitan Area,34100,"Morristown, TN",Doctoral or professional degree,910.0,1.9303000000000001,2.7,52.59,109390.0,4.1,38.43,79940.0,52920.0,61160.0,126670.0,196910.0,BLS OEWS May 2025 special education aggregation
Metropolitan Area,34100,"Morristown, TN",Master's degree,860.0,1.8183,4.0,36.47,75850.0,2.2,33.7,70100.0,41570.0,54670.0,96770.0,114060.0,BLS OEWS May 2025 special education aggregation
Metropolitan Area,34100,"Morristown, TN",Bachelor's degree,7350.0,15.543199999999999,1.3,38.88,80870.0,1.5,32.78,68190.0,42120.0,51520.0,94160.0,131290.0,BLS OEWS May 2025 special education aggregation
Metropolitan Area,34100,"Morristown, TN",Associate's degree,720.0,1.5218,3.7,30.37,63170.0,1.0,29.77,61920.0,38410.0,49450.0,76270.0,84300.0,BLS OEWS May 2025 special education aggregation
Metropolitan Area,34100,"Morristown, TN",Postsecondary nondegree award,3850.0,8.1413,1.7,25.75,53560.0,0.8,23.89,49700.0,34910.0,38450.0,67330.0,75030.0,BLS OEWS May 2025 special education aggregation
Metropolitan Area,34100,"Morristown, TN","Some college, no degree",1100.0,2.3343,7.3,18.44,38350.0,2.0,17.02,35410.0,22040.0,26520.0,47690.0,58600.0,BLS OEWS May 2025 special education aggregation
Metropolitan Area,34100,"Morristown, TN",High school diploma or equivalent,19270.0,40.7442,0.6,23.09,48040.0,0.5,21.3,44310.0,29900.0,35290.0,57140.0,73250.0,BLS OEWS May 2025 special education aggregation
Metropolitan Area,34100,"Morristown, TN",No formal educational credential,13220.0,27.9669,0.8,16.55,34430.0,0.5,15.56,32360.0,22030.0,27200.0,39000.0,47040.0,BLS OEWS May 2025 special education aggregation
Metropolitan Area,34580,"Mount Vernon-Anacortes, WA",Doctoral or professional degree,750.0,1.4228999999999998,7.2,75.93,157930.0,2.5,62.33,129650.0,69460.0,95700.0,201770.0,307810.0,BLS OEWS May 2025 special education aggregation
Metropolitan Area,34580,"Mount Vernon-Anacortes, WA",Master's degree,1240.0,2.3597,4.2,48.17,100190.0,1.9,45.29,94190.0,51290.0,64270.0,125620.0,161550.0,BLS OEWS May 2025 special education aggregation
Metropolitan Area,34580,"Mount Vernon-Anacortes, WA",Bachelor's degree,10490.0,19.9508,0.7,51.82,107790.0,0.4,48.43,100730.0,56660.0,76950.0,129730.0,162550.0,BLS OEWS May 2025 special education aggregation
Metropolitan Area,34580,"Mount Vernon-Anacortes, WA",Associate's degree,1320.0,2.5034,3.7,37.17,77320.0,1.4,32.28,67140.0,45650.0,52080.0,99850.0,124520.0,BLS OEWS May 2025 special education aggregation
Metropolitan Area,34580,"Mount Vernon-Anacortes, WA",Postsecondary nondegree award,3480.0,6.6191,2.4,32.16,66890.0,1.2,29.35,61050.0,44720.0,49320.0,77200.0,99250.0,BLS OEWS May 2025 special education aggregation
Metropolitan Area,34580,"Mount Vernon-Anacortes, WA","Some college, no degree",1750.0,3.3304,4.1,28.0,58250.0,0.5,27.86,57950.0,43150.0,48820.0,62920.0,75950.0,BLS OEWS May 2025 special education aggregation
Metropolitan Area,34580,"Mount Vernon-Anacortes, WA",High school diploma or equivalent,19090.0,36.2967,0.7,32.43,67450.0,0.5,28.94,60190.0,39170.0,46800.0,78570.0,107340.0,BLS OEWS May 2025 special education aggregation
Metropolitan Area,34580,"Mount Vernon-Anacortes, WA",No formal educational credential,14470.0,27.5169,0.6,22.52,46840.0,0.5,20.62,42890.0,36020.0,37460.0,49660.0,62370.0,BLS OEWS May 2025 special education aggregation
Metropolitan Area,34620,"Muncie, IN",Doctoral or professional degree,1830.0,4.100099999999999,1.7,59.35,123440.0,3.1,38.81,80730.0,56740.0,64570.0,128960.0,243090.0,BLS OEWS May 2025 special education aggregation
Metropolitan Area,34620,"Muncie, IN",Master's degree,1560.0,3.4828,2.6,39.38,81920.0,1.4,34.2,71140.0,42780.0,50230.0,102900.0,132950.0,BLS OEWS May 2025 special education aggregation
Metropolitan Area,34620,"Muncie, IN",Bachelor's degree,7540.0,16.8462,1.1,40.15,83520.0,0.7,36.05,74990.0,45120.0,56570.0,98530.0,130200.0,BLS OEWS May 2025 special education aggregation
Metropolitan Area,34620,"Muncie, IN",Associate's degree,890.0,1.9945,3.7,28.63,59550.0,1.4,27.89,58010.0,29420.0,37820.0,78580.0,93700.0,BLS OEWS May 2025 special education aggregation
Metropolitan Area,34620,"Muncie, IN",Postsecondary nondegree award,3470.0,7.761,2.3,23.58,49050.0,0.7,21.8,45350.0,34340.0,37050.0,60630.0,70390.0,BLS OEWS May 2025 special education aggregation
Metropolitan Area,34620,"Muncie, IN","Some college, no degree",1090.0,2.4279,2.1,20.82,43300.0,1.3,19.45,40450.0,28560.0,32280.0,48610.0,61260.0,BLS OEWS May 2025 special education aggregation
Metropolitan Area,34620,"Muncie, IN",High school diploma or equivalent,15520.0,34.695299999999996,1.0,23.13,48100.0,0.5,21.3,44310.0,29990.0,35480.0,56560.0,73920.0,BLS OEWS May 2025 special education aggregation
Metropolitan Area,34620,"Muncie, IN",No formal educational credential,12840.0,28.6921,0.8,15.94,33150.0,0.6,14.76,30700.0,21950.0,27170.0,36810.0,44820.0,BLS OEWS May 2025 special education aggregation
Metropolitan Area,34740,"Muskegon-Norton Shores, MI",Doctoral or professional degree,1080.0,1.7345,2.5,77.7,161620.0,2.0,57.57,119750.0,49980.0,80430.0,165840.0,369600.0,BLS OEWS May 2025 special education aggregation
Metropolitan Area,34740,"Muskegon-Norton Shores, MI",Master's degree,1480.0,2.3796,3.1,41.57,86460.0,1.5,37.45,77900.0,44580.0,59420.0,100980.0,132230.0,BLS OEWS May 2025 special education aggregation
Metropolitan Area,34740,"Muskegon-Norton Shores, MI",Bachelor's degree,11600.0,18.6115,0.9,42.19,87750.0,0.5,38.27,79590.0,46990.0,60570.0,97560.0,133410.0,BLS OEWS May 2025 special education aggregation
Metropolitan Area,34740,"Muskegon-Norton Shores, MI",Associate's degree,1400.0,2.2442,2.9,31.78,66100.0,0.6,30.89,64260.0,39870.0,49880.0,80120.0,84890.0,BLS OEWS May 2025 special education aggregation
Metropolitan Area,34740,"Muskegon-Norton Shores, MI",Postsecondary nondegree award,3700.0,5.941599999999999,2.0,24.1,50130.0,0.7,21.89,45540.0,36500.0,38760.0,58400.0,72540.0,BLS OEWS May 2025 special education aggregation
Metropolitan Area,34740,"Muskegon-Norton Shores, MI","Some college, no degree",1230.0,1.9783000000000002,2.9,21.5,44710.0,0.9,20.46,42560.0,29190.0,34780.0,51060.0,62640.0,BLS OEWS May 2025 special education aggregation
Metropolitan Area,34740,"Muskegon-Norton Shores, MI",High school diploma or equivalent,24650.0,39.548700000000004,0.6,24.46,50870.0,0.4,22.45,46690.0,31680.0,37050.0,59750.0,74830.0,BLS OEWS May 2025 special education aggregation
Metropolitan Area,34740,"Muskegon-Norton Shores, MI",No formal educational credential,17180.0,27.561700000000002,0.7,16.99,35330.0,0.4,15.16,31520.0,25960.0,28300.0,36940.0,47290.0,BLS OEWS May 2025 special education aggregation
Metropolitan Area,34820,"Myrtle Beach-Conway-North Myrtle Beach, SC",Doctoral or professional degree,2530.0,1.7329999999999999,4.7,78.99,164290.0,2.9,59.15,123040.0,60900.0,78580.0,177980.0,369370.0,BLS OEWS May 2025 special education aggregation
Metropolitan Area,34820,"Myrtle Beach-Conway-North Myrtle Beach, SC",Master's degree,2530.0,1.7268999999999999,3.6,,,,,,,,,,BLS OEWS May 2025 special education aggregation
Metropolitan Area,34820,"Myrtle Beach-Conway-North Myrtle Beach, SC",Bachelor's degree,21530.0,14.719,2.0,40.75,84750.0,0.7,37.18,77330.0,39400.0,55540.0,97660.0,140200.0,BLS OEWS May 2025 special education aggregation
Metropolitan Area,34820,"Myrtle Beach-Conway-North Myrtle Beach, SC",Associate's degree,2880.0,1.9696000000000002,2.3,28.91,60120.0,0.8,28.84,60000.0,33100.0,39750.0,76440.0,88030.0,BLS OEWS May 2025 special education aggregation
Metropolitan Area,34820,"Myrtle Beach-Conway-North Myrtle Beach, SC",Postsecondary nondegree award,9710.0,6.638800000000001,1.2,23.07,47990.0,0.7,21.84,45420.0,32910.0,37540.0,56870.0,68490.0,BLS OEWS May 2025 special education aggregation
Metropolitan Area,34820,"Myrtle Beach-Conway-North Myrtle Beach, SC","Some college, no degree",2690.0,1.8424,4.4,,,,,,,,,,BLS OEWS May 2025 special education aggregation
Metropolitan Area,34820,"Myrtle Beach-Conway-North Myrtle Beach, SC",High school diploma or equivalent,49760.0,34.0218,1.0,22.8,47430.0,0.8,19.95,41500.0,27440.0,33690.0,56710.0,74430.0,BLS OEWS May 2025 special education aggregation
Metropolitan Area,34820,"Myrtle Beach-Conway-North Myrtle Beach, SC",No formal educational credential,54630.0,37.3487,0.7,14.96,31110.0,1.0,14.21,29550.0,17510.0,23330.0,35780.0,43140.0,BLS OEWS May 2025 special education aggregation
Metropolitan Area,34900,"Napa, CA",Doctoral or professional degree,1080.0,1.3904999999999998,3.4,85.8,178450.0,3.7,76.1,158280.0,75940.0,103000.0,217400.0,308110.0,BLS OEWS May 2025 special education aggregation
Metropolitan Area,34900,"Napa, CA",Master's degree,1450.0,1.8634,3.0,53.24,110750.0,1.5,49.72,103410.0,48670.0,62390.0,151430.0,174990.0,BLS OEWS May 2025 special education aggregation
Metropolitan Area,34900,"Napa, CA",Bachelor's degree,13830.0,17.7648,1.3,59.77,124320.0,0.8,51.25,106600.0,59060.0,78430.0,156020.0,210320.0,BLS OEWS May 2025 special education aggregation
Metropolitan Area,34900,"Napa, CA",Associate's degree,1200.0,1.5347,2.8,38.31,79670.0,1.5,33.29,69240.0,45400.0,51790.0,102070.0,131370.0,BLS OEWS May 2025 special education aggregation
Metropolitan Area,34900,"Napa, CA",Postsecondary nondegree award,4290.0,5.511699999999999,1.8,32.99,68620.0,0.8,29.83,62050.0,40390.0,49520.0,81940.0,99600.0,BLS OEWS May 2025 special education aggregation
Metropolitan Area,34900,"Napa, CA","Some college, no degree",1490.0,1.9082000000000001,3.7,29.17,60670.0,1.0,27.77,57750.0,40450.0,47780.0,67880.0,83450.0,BLS OEWS May 2025 special education aggregation
Metropolitan Area,34900,"Napa, CA",High school diploma or equivalent,27320.0,35.0906,1.1,31.48,65480.0,0.7,27.74,57710.0,37720.0,45320.0,77660.0,102450.0,BLS OEWS May 2025 special education aggregation
Metropolitan Area,34900,"Napa, CA",No formal educational credential,27200.0,34.936,1.2,22.49,46780.0,0.7,21.31,44320.0,36780.0,38130.0,48910.0,61740.0,BLS OEWS May 2025 special education aggregation
Metropolitan Area,34940,"Naples-Marco Island, FL",Doctoral or professional degree,3140.0,1.8036,6.2,98.14,204130.0,5.1,72.11,149990.0,72650.0,100320.0,252150.0,434240.0,BLS OEWS May 2025 special education aggregation
Metropolitan Area,34940,"Naples-Marco Island, FL",Master's degree,2560.0,1.4736,2.9,45.44,94520.0,2.2,43.87,91250.0,48820.0,60580.0,122900.0,137570.0,BLS OEWS May 2025 special education aggregation
Metropolitan Area,34940,"Naples-Marco Island, FL",Bachelor's degree,33970.0,19.537,1.3,49.63,103220.0,0.8,40.0,83200.0,46480.0,60630.0,121720.0,171950.0,BLS OEWS May 2025 special education aggregation
Metropolitan Area,34940,"Naples-Marco Island, FL",Associate's degree,2990.0,1.721,7.5,32.97,68580.0,1.3,31.89,66320.0,37220.0,46830.0,83460.0,100610.0,BLS OEWS May 2025 special education aggregation
Metropolitan Area,34940,"Naples-Marco Island, FL",Postsecondary nondegree award,11390.0,6.553100000000001,2.0,26.91,55970.0,1.0,23.73,49350.0,35520.0,40260.0,62530.0,80750.0,BLS OEWS May 2025 special education aggregation
Metropolitan Area,34940,"Naples-Marco Island, FL","Some college, no degree",3370.0,1.9375,3.3,24.83,51640.0,1.3,22.67,47150.0,34060.0,39430.0,59410.0,74420.0,BLS OEWS May 2025 special education aggregation
Metropolitan Area,34940,"Naples-Marco Island, FL",High school diploma or equivalent,56470.0,32.4753,0.7,27.8,57820.0,1.0,23.68,49250.0,35230.0,39470.0,64140.0,85710.0,BLS OEWS May 2025 special education aggregation
Metropolitan Area,34940,"Naples-Marco Island, FL",No formal educational credential,59990.0,34.4989,0.5,19.75,41090.0,0.6,17.94,37320.0,29710.0,31900.0,45390.0,54760.0,BLS OEWS May 2025 special education aggregation
Metropolitan Area,34980,"Nashville-Davidson--Murfreesboro--Franklin, TN",Doctoral or professional degree,24810.0,2.2565,2.2,85.02,176850.0,3.9,63.15,131350.0,64060.0,81720.0,216610.0,387930.0,BLS OEWS May 2025 special education aggregation
Metropolitan Area,34980,"Nashville-Davidson--Murfreesboro--Franklin, TN",Master's degree,25710.0,2.3388,2.6,43.12,89690.0,1.4,38.42,79920.0,45340.0,58370.0,111090.0,134570.0,BLS OEWS May 2025 special education aggregation
Metropolitan Area,34980,"Nashville-Davidson--Murfreesboro--Franklin, TN",Bachelor's degree,268870.0,24.4578,0.7,49.5,102960.0,0.7,40.4,84040.0,49200.0,63510.0,125730.0,171360.0,BLS OEWS May 2025 special education aggregation
Metropolitan Area,34980,"Nashville-Davidson--Murfreesboro--Franklin, TN",Associate's degree,19810.0,1.8024,3.8,32.37,67330.0,1.7,30.96,64400.0,37500.0,49080.0,80950.0,97890.0,BLS OEWS May 2025 special education aggregation
Metropolitan Area,34980,"Nashville-Davidson--Murfreesboro--Franklin, TN",Postsecondary nondegree award,74590.0,6.785500000000001,1.5,27.77,57770.0,0.6,24.94,51870.0,36540.0,43780.0,65190.0,81410.0,BLS OEWS May 2025 special education aggregation
Metropolitan Area,34980,"Nashville-Davidson--Murfreesboro--Franklin, TN","Some college, no degree",26850.0,2.442,3.0,24.29,50530.0,1.1,23.23,48310.0,29610.0,38440.0,60350.0,74090.0,BLS OEWS May 2025 special education aggregation
Metropolitan Area,34980,"Nashville-Davidson--Murfreesboro--Franklin, TN",High school diploma or equivalent,387050.0,35.208600000000004,0.6,26.58,55280.0,0.3,23.52,48920.0,33580.0,38760.0,63640.0,81650.0,BLS OEWS May 2025 special education aggregation
Metropolitan Area,34980,"Nashville-Davidson--Murfreesboro--Franklin, TN",No formal educational credential,271620.0,24.708199999999998,0.7,18.08,37600.0,1.0,17.31,36000.0,23840.0,29310.0,42510.0,49420.0,BLS OEWS May 2025 special education aggregation
Metropolitan Area,35300,"New Haven, CT",Doctoral or professional degree,15270.0,5.4275,0.9,71.05,147770.0,0.9,53.43,111130.0,64950.0,85910.0,168480.0,308940.0,BLS OEWS May 2025 special education aggregation
Metropolitan Area,35300,"New Haven, CT",Master's degree,9660.0,3.4331000000000005,2.1,52.35,108890.0,0.9,48.03,99910.0,50830.0,71950.0,137670.0,173060.0,BLS OEWS May 2025 special education aggregation
Metropolitan Area,35300,"New Haven, CT",Bachelor's degree,69810.0,24.8054,0.7,54.06,112440.0,0.4,48.26,100370.0,56830.0,76080.0,132220.0,175410.0,BLS OEWS May 2025 special education aggregation
Metropolitan Area,35300,"New Haven, CT",Associate's degree,5620.0,1.9965,3.3,36.84,76630.0,1.2,36.5,75930.0,39790.0,52600.0,96920.0,112390.0,BLS OEWS May 2025 special education aggregation
Metropolitan Area,35300,"New Haven, CT",Postsecondary nondegree award,19500.0,6.9281999999999995,1.4,28.91,60130.0,0.5,27.6,57400.0,39120.0,45600.0,73780.0,82710.0,BLS OEWS May 2025 special education aggregation
Metropolitan Area,35300,"New Haven, CT","Some college, no degree",7730.0,2.7464,1.7,26.62,55380.0,0.6,23.75,49400.0,34010.0,38840.0,64590.0,81740.0,BLS OEWS May 2025 special education aggregation
Metropolitan Area,35300,"New Haven, CT",High school diploma or equivalent,90350.0,32.1074,0.7,28.8,59900.0,0.4,24.64,51260.0,36170.0,42150.0,72380.0,94570.0,BLS OEWS May 2025 special education aggregation
Metropolitan Area,35300,"New Haven, CT",No formal educational credential,63470.0,22.555600000000002,0.7,20.29,42210.0,0.4,18.05,37530.0,34060.0,35290.0,44510.0,57680.0,BLS OEWS May 2025 special education aggregation
Metropolitan Area,35380,"New Orleans-Metairie, LA",Doctoral or professional degree,15550.0,3.4903,2.0,73.49,152860.0,2.6,57.26,119090.0,61230.0,78170.0,170810.0,337570.0,BLS OEWS May 2025 special education aggregation
Metropolitan Area,35380,"New Orleans-Metairie, LA",Master's degree,10820.0,2.4280999999999997,2.1,43.4,90260.0,1.3,37.38,77760.0,42140.0,59420.0,109850.0,137880.0,BLS OEWS May 2025 special education aggregation
Metropolitan Area,35380,"New Orleans-Metairie, LA",Bachelor's degree,93520.0,20.988999999999997,0.8,46.11,95900.0,0.6,38.42,79910.0,47730.0,60800.0,110470.0,160580.0,BLS OEWS May 2025 special education aggregation
Metropolitan Area,35380,"New Orleans-Metairie, LA",Associate's degree,10660.0,2.3931999999999998,3.2,32.82,68260.0,1.4,31.17,64830.0,36330.0,47480.0,81930.0,98630.0,BLS OEWS May 2025 special education aggregation
Metropolitan Area,35380,"New Orleans-Metairie, LA",Postsecondary nondegree award,32220.0,7.231,1.4,26.62,55370.0,0.8,23.24,48340.0,30160.0,36620.0,63240.0,83690.0,BLS OEWS May 2025 special education aggregation
Metropolitan Area,35380,"New Orleans-Metairie, LA","Some college, no degree",8790.0,1.9734000000000003,2.9,21.67,45080.0,2.0,19.48,40510.0,23070.0,29580.0,54100.0,67020.0,BLS OEWS May 2025 special education aggregation
Metropolitan Area,35380,"New Orleans-Metairie, LA",High school diploma or equivalent,155380.0,34.873000000000005,0.6,24.98,51950.0,0.5,22.28,46350.0,26860.0,34820.0,62360.0,83460.0,BLS OEWS May 2025 special education aggregation
Metropolitan Area,35380,"New Orleans-Metairie, LA",No formal educational credential,118610.0,26.6221,0.7,15.81,32880.0,0.8,14.28,29690.0,19610.0,23440.0,37140.0,47870.0,BLS OEWS May 2025 special education aggregation
Metropolitan Area,35620,"New York-Newark-Jersey City, NY-NJ",Doctoral or professional degree,329100.0,3.4671,1.0,90.23,187690.0,1.5,67.74,140890.0,73990.0,98130.0,229520.0,385010.0,BLS OEWS May 2025 special education aggregation
Metropolitan Area,35620,"New York-Newark-Jersey City, NY-NJ",Master's degree,238850.0,2.5163,1.7,55.46,115350.0,0.8,48.7,101290.0,55900.0,74190.0,150070.0,179390.0,BLS OEWS May 2025 special education aggregation
Metropolitan Area,35620,"New York-Newark-Jersey City, NY-NJ",Bachelor's degree,2582550.0,27.207600000000003,0.3,67.61,140630.0,0.3,59.13,122990.0,63110.0,83030.0,169160.0,227030.0,BLS OEWS May 2025 special education aggregation
Metropolitan Area,35620,"New York-Newark-Jersey City, NY-NJ",Associate's degree,179830.0,1.8945,1.8,39.79,82760.0,1.1,37.17,77310.0,45790.0,58640.0,104480.0,126640.0,BLS OEWS May 2025 special education aggregation
Metropolitan Area,35620,"New York-Newark-Jersey City, NY-NJ",Postsecondary nondegree award,480960.0,5.067,1.0,30.71,63890.0,0.7,27.74,57700.0,36650.0,47150.0,75560.0,97430.0,BLS OEWS May 2025 special education aggregation
Metropolitan Area,35620,"New York-Newark-Jersey City, NY-NJ","Some college, no degree",267520.0,2.8183,1.9,26.78,55700.0,1.4,23.14,48130.0,34720.0,38140.0,62940.0,82160.0,BLS OEWS May 2025 special education aggregation
Metropolitan Area,35620,"New York-Newark-Jersey City, NY-NJ",High school diploma or equivalent,3462200.0,36.474900000000005,0.4,30.07,62540.0,0.2,24.0,49920.0,36960.0,39870.0,74170.0,102790.0,BLS OEWS May 2025 special education aggregation
Metropolitan Area,35620,"New York-Newark-Jersey City, NY-NJ",No formal educational credential,1951010.0,20.5543,0.5,22.11,45980.0,0.4,18.78,39050.0,33990.0,35510.0,48730.0,64350.0,BLS OEWS May 2025 special education aggregation
Metropolitan Area,35660,"Niles, MI",Doctoral or professional degree,850.0,1.4095,1.8,71.91,149570.0,2.4,50.97,106020.0,58930.0,72190.0,163610.0,320820.0,BLS OEWS May 2025 special education aggregation
Metropolitan Area,35660,"Niles, MI",Master's degree,1170.0,1.9433,3.5,40.22,83660.0,1.2,37.22,77410.0,38610.0,53540.0,100640.0,128480.0,BLS OEWS May 2025 special education aggregation
Metropolitan Area,35660,"Niles, MI",Bachelor's degree,12730.0,21.2209,0.9,45.45,94530.0,0.8,39.93,83050.0,47920.0,60750.0,107750.0,150080.0,BLS OEWS May 2025 special education aggregation
Metropolitan Area,35660,"Niles, MI",Associate's degree,1080.0,1.8006,3.2,30.91,64290.0,0.9,30.22,62850.0,35750.0,43090.0,80020.0,92530.0,BLS OEWS May 2025 special education aggregation
Metropolitan Area,35660,"Niles, MI",Postsecondary nondegree award,3460.0,5.7774,4.5,24.55,51060.0,0.7,22.54,46880.0,35810.0,39880.0,58710.0,74050.0,BLS OEWS May 2025 special education aggregation
Metropolitan Area,35660,"Niles, MI","Some college, no degree",1490.0,2.4896000000000003,3.2,21.07,43830.0,0.8,18.5,38470.0,29480.0,34590.0,49000.0,60440.0,BLS OEWS May 2025 special education aggregation
Metropolitan Area,35660,"Niles, MI",High school diploma or equivalent,22820.0,38.052499999999995,0.8,24.21,50360.0,0.5,21.73,45190.0,30540.0,36070.0,58530.0,75740.0,BLS OEWS May 2025 special education aggregation
Metropolitan Area,35660,"Niles, MI",No formal educational credential,16380.0,27.306,0.8,17.63,36680.0,0.6,16.68,34690.0,26660.0,28840.0,38620.0,48840.0,BLS OEWS May 2025 special education aggregation
Metropolitan Area,35840,"North Port-Bradenton-Sarasota, FL",Doctoral or professional degree,7350.0,2.1632000000000002,3.8,92.86,193160.0,5.4,70.51,146660.0,62280.0,93720.0,276420.0,417690.0,BLS OEWS May 2025 special education aggregation
Metropolitan Area,35840,"North Port-Bradenton-Sarasota, FL",Master's degree,6240.0,1.8359999999999999,5.6,45.36,94360.0,2.1,41.14,85580.0,47990.0,62200.0,118030.0,142510.0,BLS OEWS May 2025 special education aggregation
Metropolitan Area,35840,"North Port-Bradenton-Sarasota, FL",Bachelor's degree,69030.0,20.305,1.7,47.14,98040.0,0.9,38.81,80720.0,47150.0,62110.0,111240.0,164820.0,BLS OEWS May 2025 special education aggregation
Metropolitan Area,35840,"North Port-Bradenton-Sarasota, FL",Associate's degree,7110.0,2.0924,3.0,32.47,67540.0,1.7,31.18,64850.0,35920.0,45230.0,86780.0,102560.0,BLS OEWS May 2025 special education aggregation
Metropolitan Area,35840,"North Port-Bradenton-Sarasota, FL",Postsecondary nondegree award,25340.0,7.4532,1.6,25.05,52100.0,0.7,23.17,48190.0,35730.0,39050.0,61470.0,74420.0,BLS OEWS May 2025 special education aggregation
Metropolitan Area,35840,"North Port-Bradenton-Sarasota, FL","Some college, no degree",7220.0,2.1248,6.1,24.53,51010.0,1.3,23.04,47920.0,32410.0,38010.0,59750.0,73340.0,BLS OEWS May 2025 special education aggregation
Metropolitan Area,35840,"North Port-Bradenton-Sarasota, FL",High school diploma or equivalent,115560.0,33.9928,0.6,26.1,54280.0,0.5,22.8,47430.0,34020.0,38140.0,61580.0,80180.0,BLS OEWS May 2025 special education aggregation
Metropolitan Area,35840,"North Port-Bradenton-Sarasota, FL",No formal educational credential,102090.0,30.0327,0.7,18.98,39470.0,1.0,17.39,36170.0,28750.0,30320.0,42930.0,50330.0,BLS OEWS May 2025 special education aggregation
Metropolitan Area,35980,"Norwich-New London-Willimantic, CT",Doctoral or professional degree,3400.0,2.6893000000000002,2.0,77.32,160820.0,2.6,62.63,130280.0,71560.0,96970.0,168780.0,317320.0,BLS OEWS May 2025 special education aggregation
Metropolitan Area,35980,"Norwich-New London-Willimantic, CT",Master's degree,3280.0,2.5952,3.9,46.77,97270.0,2.0,41.64,86620.0,47490.0,63560.0,120390.0,160700.0,BLS OEWS May 2025 special education aggregation
Metropolitan Area,35980,"Norwich-New London-Willimantic, CT",Bachelor's degree,31030.0,24.541800000000002,0.9,53.59,111470.0,0.4,48.32,100510.0,59640.0,79320.0,134150.0,173000.0,BLS OEWS May 2025 special education aggregation
Metropolitan Area,35980,"Norwich-New London-Willimantic, CT",Associate's degree,3280.0,2.5926,1.6,37.31,77610.0,0.7,37.1,77160.0,45960.0,56550.0,96750.0,113620.0,BLS OEWS May 2025 special education aggregation
Metropolitan Area,35980,"Norwich-New London-Willimantic, CT",Postsecondary nondegree award,7970.0,6.3004,1.5,28.02,58280.0,0.6,25.81,53680.0,38410.0,44450.0,71890.0,80740.0,BLS OEWS May 2025 special education aggregation
Metropolitan Area,35980,"Norwich-New London-Willimantic, CT","Some college, no degree",3410.0,2.6959,1.8,24.25,50440.0,0.7,21.92,45590.0,34010.0,36010.0,59390.0,78140.0,BLS OEWS May 2025 special education aggregation
Metropolitan Area,35980,"Norwich-New London-Willimantic, CT",High school diploma or equivalent,43450.0,34.3604,0.5,28.73,59750.0,0.4,24.66,51280.0,34950.0,40260.0,73070.0,93890.0,BLS OEWS May 2025 special education aggregation
Metropolitan Area,35980,"Norwich-New London-Willimantic, CT",No formal educational credential,30630.0,24.2244,0.6,19.91,41410.0,0.5,17.37,36130.0,34010.0,34670.0,43660.0,56100.0,BLS OEWS May 2025 special education aggregation
Metropolitan Area,36100,"Ocala, FL",Doctoral or professional degree,2370.0,1.9571999999999998,2.9,82.65,171910.0,7.1,56.65,117820.0,57240.0,74130.0,203990.0,403660.0,BLS OEWS May 2025 special education aggregation
Metropolitan Area,36100,"Ocala, FL",Master's degree,2550.0,2.1104,2.9,41.25,85810.0,2.1,36.39,75680.0,44490.0,56140.0,102060.0,130230.0,BLS OEWS May 2025 special education aggregation
Metropolitan Area,36100,"Ocala, FL",Bachelor's degree,22010.0,18.192500000000003,0.8,41.17,85630.0,0.7,35.31,73450.0,43280.0,55660.0,97960.0,141000.0,BLS OEWS May 2025 special education aggregation
Metropolitan Area,36100,"Ocala, FL",Associate's degree,2830.0,2.3372,3.3,28.02,58280.0,1.3,26.81,55760.0,32660.0,39140.0,75770.0,88580.0,BLS OEWS May 2025 special education aggregation
Metropolitan Area,36100,"Ocala, FL",Postsecondary nondegree award,10130.0,8.3764,1.3,23.46,48790.0,0.6,21.64,45020.0,33070.0,36630.0,57480.0,72680.0,BLS OEWS May 2025 special education aggregation
Metropolitan Area,36100,"Ocala, FL","Some college, no degree",2480.0,2.0495,3.5,21.83,45400.0,1.3,20.41,42460.0,28880.0,34550.0,51210.0,64950.0,BLS OEWS May 2025 special education aggregation
Metropolitan Area,36100,"Ocala, FL",High school diploma or equivalent,43170.0,35.6868,0.5,23.76,49430.0,0.9,21.31,44320.0,30510.0,35750.0,56630.0,73570.0,BLS OEWS May 2025 special education aggregation
Metropolitan Area,36100,"Ocala, FL",No formal educational credential,35430.0,29.29,0.5,17.27,35920.0,0.4,16.2,33690.0,27040.0,28430.0,38550.0,46700.0,BLS OEWS May 2025 special education aggregation
Metropolitan Area,36220,"Odessa, TX",Doctoral or professional degree,1500.0,1.8556000000000001,1.8,55.93,116330.0,2.7,38.09,79240.0,64140.0,69780.0,131180.0,207840.0,BLS OEWS May 2025 special education aggregation
Metropolitan Area,36220,"Odessa, TX",Master's degree,960.0,1.1824999999999999,3.7,47.15,98070.0,1.6,47.89,99610.0,50680.0,76500.0,119980.0,137680.0,BLS OEWS May 2025 special education aggregation
Metropolitan Area,36220,"Odessa, TX",Bachelor's degree,13950.0,17.2361,1.1,48.95,101810.0,1.0,39.12,81370.0,48790.0,63390.0,124000.0,170270.0,BLS OEWS May 2025 special education aggregation
Metropolitan Area,36220,"Odessa, TX",Associate's degree,1540.0,1.9029,5.1,30.49,63420.0,2.0,29.13,60580.0,31950.0,39970.0,82130.0,102140.0,BLS OEWS May 2025 special education aggregation
Metropolitan Area,36220,"Odessa, TX",Postsecondary nondegree award,6050.0,7.482899999999999,2.6,26.79,55730.0,1.1,25.38,52790.0,35840.0,42920.0,63970.0,77930.0,BLS OEWS May 2025 special education aggregation
Metropolitan Area,36220,"Odessa, TX","Some college, no degree",1830.0,2.2649,2.5,22.51,46830.0,0.9,21.0,43670.0,30670.0,34800.0,54830.0,69440.0,BLS OEWS May 2025 special education aggregation
Metropolitan Area,36220,"Odessa, TX",High school diploma or equivalent,31440.0,38.8604,0.9,27.23,56630.0,0.7,23.85,49610.0,30730.0,38250.0,65840.0,88960.0,BLS OEWS May 2025 special education aggregation
Metropolitan Area,36220,"Odessa, TX",No formal educational credential,23640.0,29.214499999999997,1.2,18.21,37880.0,0.7,17.32,36030.0,22480.0,28370.0,45690.0,54750.0,BLS OEWS May 2025 special education aggregation
Metropolitan Area,36260,"Ogden, UT",Doctoral or professional degree,4050.0,1.4942,3.1,72.07,149900.0,2.6,52.67,109550.0,48390.0,76030.0,167330.0,303120.0,BLS OEWS May 2025 special education aggregation
Metropolitan Area,36260,"Ogden, UT",Master's degree,6830.0,2.5186,2.0,42.08,87530.0,1.3,39.82,82830.0,40210.0,59590.0,107890.0,135200.0,BLS OEWS May 2025 special education aggregation
Metropolitan Area,36260,"Ogden, UT",Bachelor's degree,67270.0,24.7884,0.8,45.51,94660.0,0.5,40.71,84680.0,45950.0,61100.0,115920.0,153400.0,BLS OEWS May 2025 special education aggregation
Metropolitan Area,36260,"Ogden, UT",Associate's degree,6180.0,2.2779,2.9,33.35,69360.0,1.1,32.55,67710.0,35880.0,47190.0,86640.0,101960.0,BLS OEWS May 2025 special education aggregation
Metropolitan Area,36260,"Ogden, UT",Postsecondary nondegree award,18260.0,6.7276,1.6,25.66,53360.0,0.8,22.94,47720.0,34350.0,38280.0,62870.0,77150.0,BLS OEWS May 2025 special education aggregation
Metropolitan Area,36260,"Ogden, UT","Some college, no degree",6920.0,2.5513000000000003,4.5,21.74,45230.0,1.0,19.05,39630.0,30900.0,36680.0,49560.0,64300.0,BLS OEWS May 2025 special education aggregation
Metropolitan Area,36260,"Ogden, UT",High school diploma or equivalent,97810.0,36.0409,0.6,26.02,54130.0,0.4,22.91,47660.0,32660.0,37840.0,62260.0,80090.0,BLS OEWS May 2025 special education aggregation
Metropolitan Area,36260,"Ogden, UT",No formal educational credential,64050.0,23.6011,0.8,17.82,37060.0,0.5,17.0,35360.0,23460.0,28670.0,42830.0,51180.0,BLS OEWS May 2025 special education aggregation
Metropolitan Area,36420,"Oklahoma City, OK",Doctoral or professional degree,16760.0,2.4737999999999998,3.7,71.54,148790.0,2.9,51.63,107390.0,54980.0,75910.0,164960.0,333320.0,BLS OEWS May 2025 special education aggregation
Metropolitan Area,36420,"Oklahoma City, OK",Master's degree,16660.0,2.4584,2.3,42.93,89300.0,1.6,38.57,80220.0,42340.0,53610.0,116620.0,152340.0,BLS OEWS May 2025 special education aggregation
Metropolitan Area,36420,"Oklahoma City, OK",Bachelor's degree,159370.0,23.5167,0.8,44.36,92270.0,0.5,38.73,80560.0,45660.0,58090.0,107290.0,153880.0,BLS OEWS May 2025 special education aggregation
Metropolitan Area,36420,"Oklahoma City, OK",Associate's degree,17840.0,2.6328,3.0,32.17,66910.0,1.2,30.9,64260.0,30160.0,46470.0,83910.0,99900.0,BLS OEWS May 2025 special education aggregation
Metropolitan Area,36420,"Oklahoma City, OK",Postsecondary nondegree award,48160.0,7.1065,1.7,25.85,53760.0,0.8,23.09,48020.0,34110.0,37910.0,62910.0,79590.0,BLS OEWS May 2025 special education aggregation
Metropolitan Area,36420,"Oklahoma City, OK","Some college, no degree",17360.0,2.5611,2.4,22.31,46400.0,0.9,22.04,45850.0,26860.0,34160.0,53870.0,67900.0,BLS OEWS May 2025 special education aggregation
Metropolitan Area,36420,"Oklahoma City, OK",High school diploma or equivalent,227630.0,33.589,0.6,24.7,51370.0,0.6,21.99,45740.0,28300.0,35860.0,60620.0,80170.0,BLS OEWS May 2025 special education aggregation
Metropolitan Area,36420,"Oklahoma City, OK",No formal educational credential,173910.0,25.6618,0.7,16.35,34000.0,0.9,14.91,31020.0,21550.0,26380.0,37470.0,48400.0,BLS OEWS May 2025 special education aggregation
Metropolitan Area,36500,"Olympia-Lacey-Tumwater, WA",Doctoral or professional degree,2740.0,2.1005,1.7,70.11,145840.0,1.9,59.04,122790.0,62830.0,87760.0,159350.0,279280.0,BLS OEWS May 2025 special education aggregation
Metropolitan Area,36500,"Olympia-Lacey-Tumwater, WA",Master's degree,4360.0,3.3453000000000004,2.0,47.11,98000.0,0.7,45.98,95640.0,55600.0,72850.0,113700.0,142130.0,BLS OEWS May 2025 special education aggregation
Metropolitan Area,36500,"Olympia-Lacey-Tumwater, WA",Bachelor's degree,41440.0,31.8017,0.9,50.52,105080.0,0.5,47.29,98370.0,59780.0,76600.0,123490.0,154140.0,BLS OEWS May 2025 special education aggregation
Metropolitan Area,36500,"Olympia-Lacey-Tumwater, WA",Associate's degree,2810.0,2.1558,2.7,36.56,76040.0,1.6,35.05,72910.0,43270.0,51490.0,95290.0,121420.0,BLS OEWS May 2025 special education aggregation
Metropolitan Area,36500,"Olympia-Lacey-Tumwater, WA",Postsecondary nondegree award,7280.0,5.5899,3.0,31.42,65360.0,1.3,28.46,59210.0,42430.0,48060.0,76400.0,97170.0,BLS OEWS May 2025 special education aggregation
Metropolitan Area,36500,"Olympia-Lacey-Tumwater, WA","Some college, no degree",3710.0,2.8452,2.7,26.71,55550.0,0.6,25.22,52450.0,37570.0,45140.0,60250.0,76200.0,BLS OEWS May 2025 special education aggregation
Metropolitan Area,36500,"Olympia-Lacey-Tumwater, WA",High school diploma or equivalent,39890.0,30.6113,0.6,29.96,62320.0,0.4,26.75,55640.0,38340.0,45000.0,72910.0,95230.0,BLS OEWS May 2025 special education aggregation
Metropolitan Area,36500,"Olympia-Lacey-Tumwater, WA",No formal educational credential,28080.0,21.5506,0.8,21.78,45300.0,0.5,19.51,40580.0,35200.0,36550.0,48520.0,59920.0,BLS OEWS May 2025 special education aggregation
Metropolitan Area,36540,"Omaha, NE-IA",Doctoral or professional degree,15030.0,3.0171,2.0,75.33,156690.0,2.2,52.16,108490.0,53410.0,76160.0,197650.0,326710.0,BLS OEWS May 2025 special education aggregation
Metropolitan Area,36540,"Omaha, NE-IA",Master's degree,11370.0,2.2819,2.3,45.67,94990.0,1.0,39.91,83000.0,45300.0,61500.0,122140.0,146050.0,BLS OEWS May 2025 special education aggregation
Metropolitan Area,36540,"Omaha, NE-IA",Bachelor's degree,120820.0,24.256899999999998,0.6,46.91,97570.0,0.5,39.55,82260.0,48790.0,62990.0,113360.0,158740.0,BLS OEWS May 2025 special education aggregation
Metropolitan Area,36540,"Omaha, NE-IA",Associate's degree,9470.0,1.9004999999999999,3.1,33.4,69470.0,1.2,31.31,65120.0,41970.0,50630.0,82650.0,98300.0,BLS OEWS May 2025 special education aggregation
Metropolitan Area,36540,"Omaha, NE-IA",Postsecondary nondegree award,34950.0,7.016500000000001,1.6,26.24,54570.0,0.5,23.86,49640.0,37970.0,40440.0,62490.0,78610.0,BLS OEWS May 2025 special education aggregation
Metropolitan Area,36540,"Omaha, NE-IA","Some college, no degree",13350.0,2.6797,2.0,22.85,47530.0,0.7,21.96,45670.0,29100.0,35910.0,56370.0,67710.0,BLS OEWS May 2025 special education aggregation
Metropolitan Area,36540,"Omaha, NE-IA",High school diploma or equivalent,165740.0,33.2733,0.6,26.13,54360.0,0.3,23.16,48180.0,34220.0,38760.0,62580.0,81290.0,BLS OEWS May 2025 special education aggregation
Metropolitan Area,36540,"Omaha, NE-IA",No formal educational credential,127390.0,25.5741,0.6,18.47,38420.0,0.4,17.22,35820.0,28370.0,30040.0,43690.0,50520.0,BLS OEWS May 2025 special education aggregation
Metropolitan Area,36740,"Orlando-Kissimmee-Sanford, FL",Doctoral or professional degree,26640.0,1.887,2.3,78.89,164080.0,2.8,60.7,126250.0,60010.0,78430.0,201780.0,331320.0,BLS OEWS May 2025 special education aggregation
Metropolitan Area,36740,"Orlando-Kissimmee-Sanford, FL",Master's degree,27180.0,1.9253,1.8,41.57,86460.0,1.6,35.82,74500.0,45620.0,55640.0,103310.0,134310.0,BLS OEWS May 2025 special education aggregation
Metropolitan Area,36740,"Orlando-Kissimmee-Sanford, FL",Bachelor's degree,321800.0,22.7947,0.8,48.55,100990.0,0.5,39.73,82640.0,47710.0,61110.0,124320.0,169990.0,BLS OEWS May 2025 special education aggregation
Metropolitan Area,36740,"Orlando-Kissimmee-Sanford, FL",Associate's degree,29830.0,2.1129000000000002,2.6,30.05,62500.0,1.1,28.98,60270.0,35330.0,41730.0,78580.0,94580.0,BLS OEWS May 2025 special education aggregation
Metropolitan Area,36740,"Orlando-Kissimmee-Sanford, FL",Postsecondary nondegree award,86030.0,6.0939,1.1,25.26,52550.0,0.4,22.51,46830.0,35250.0,37930.0,60880.0,77240.0,BLS OEWS May 2025 special education aggregation
Metropolitan Area,36740,"Orlando-Kissimmee-Sanford, FL","Some college, no degree",33200.0,2.3518,3.1,23.05,47950.0,0.9,20.69,43040.0,30390.0,35870.0,57080.0,68870.0,BLS OEWS May 2025 special education aggregation
Metropolitan Area,36740,"Orlando-Kissimmee-Sanford, FL",High school diploma or equivalent,465960.0,33.0065,0.6,25.24,52500.0,0.3,22.25,46270.0,31780.0,37150.0,60450.0,79070.0,BLS OEWS May 2025 special education aggregation
Metropolitan Area,36740,"Orlando-Kissimmee-Sanford, FL",No formal educational credential,421090.0,29.8279,0.5,17.95,37330.0,0.4,16.77,34880.0,28040.0,29690.0,38940.0,48300.0,BLS OEWS May 2025 special education aggregation
Metropolitan Area,36780,"Oshkosh-Neenah, WI",Doctoral or professional degree,1820.0,1.9365999999999999,2.2,88.67,184430.0,2.2,59.15,123040.0,67800.0,80840.0,278510.0,385880.0,BLS OEWS May 2025 special education aggregation
Metropolitan Area,36780,"Oshkosh-Neenah, WI",Master's degree,1660.0,1.7749,3.2,42.9,89240.0,1.4,37.26,77500.0,47580.0,62430.0,105320.0,135130.0,BLS OEWS May 2025 special education aggregation
Metropolitan Area,36780,"Oshkosh-Neenah, WI",Bachelor's degree,21720.0,23.173,0.7,46.21,96120.0,0.7,39.35,81850.0,49500.0,62630.0,109330.0,155440.0,BLS OEWS May 2025 special education aggregation
Metropolitan Area,36780,"Oshkosh-Neenah, WI",Associate's degree,1620.0,1.7325,1.9,31.04,64570.0,0.6,30.09,62590.0,33280.0,46080.0,81740.0,96550.0,BLS OEWS May 2025 special education aggregation
Metropolitan Area,36780,"Oshkosh-Neenah, WI",Postsecondary nondegree award,6170.0,6.581799999999999,1.5,26.52,55160.0,0.9,24.02,49950.0,37680.0,44670.0,63260.0,77340.0,BLS OEWS May 2025 special education aggregation
Metropolitan Area,36780,"Oshkosh-Neenah, WI","Some college, no degree",2340.0,2.5014,2.9,24.29,50520.0,1.3,22.67,47160.0,30870.0,37800.0,62060.0,76170.0,BLS OEWS May 2025 special education aggregation
Metropolitan Area,36780,"Oshkosh-Neenah, WI",High school diploma or equivalent,39340.0,41.964299999999994,0.5,27.2,56570.0,0.4,24.42,50790.0,35130.0,40700.0,65830.0,83100.0,BLS OEWS May 2025 special education aggregation
Metropolitan Area,36780,"Oshkosh-Neenah, WI",No formal educational credential,19060.0,20.3355,0.6,18.0,37430.0,0.5,17.13,35630.0,23270.0,28840.0,44500.0,54580.0,BLS OEWS May 2025 special education aggregation
Metropolitan Area,36980,"Owensboro, KY",Doctoral or professional degree,960.0,1.9472999999999998,2.8,71.07,147830.0,2.8,49.36,102670.0,41170.0,55970.0,165870.0,401180.0,BLS OEWS May 2025 special education aggregation
Metropolitan Area,36980,"Owensboro, KY",Master's degree,1090.0,2.2061,3.0,41.71,86760.0,3.2,38.01,79050.0,40070.0,55060.0,105090.0,140970.0,BLS OEWS May 2025 special education aggregation
Metropolitan Area,36980,"Owensboro, KY",Bachelor's degree,9210.0,18.6291,1.0,39.94,83080.0,0.5,35.66,74160.0,45730.0,57400.0,99400.0,129650.0,BLS OEWS May 2025 special education aggregation
Metropolitan Area,36980,"Owensboro, KY",Associate's degree,1140.0,2.3024,3.3,27.71,57650.0,1.6,28.71,59710.0,27840.0,37070.0,72230.0,85210.0,BLS OEWS May 2025 special education aggregation
Metropolitan Area,36980,"Owensboro, KY",Postsecondary nondegree award,3810.0,7.7027,1.9,23.49,48870.0,1.1,21.79,45330.0,32850.0,37190.0,57870.0,74460.0,BLS OEWS May 2025 special education aggregation
Metropolitan Area,36980,"Owensboro, KY","Some college, no degree",1280.0,2.5928,1.9,21.26,44220.0,1.1,18.14,37720.0,29710.0,33990.0,51520.0,66140.0,BLS OEWS May 2025 special education aggregation
Metropolitan Area,36980,"Owensboro, KY",High school diploma or equivalent,19120.0,38.6608,0.8,23.49,48860.0,0.5,21.59,44920.0,29660.0,35700.0,58950.0,74210.0,BLS OEWS May 2025 special education aggregation
Metropolitan Area,36980,"Owensboro, KY",No formal educational credential,12840.0,25.9587,0.6,16.2,33700.0,0.6,14.51,30180.0,21960.0,26530.0,36960.0,50010.0,BLS OEWS May 2025 special education aggregation
Metropolitan Area,37100,"Oxnard-Thousand Oaks-Ventura, CA",Doctoral or professional degree,7580.0,2.3417000000000003,2.9,79.34,165030.0,3.1,69.6,144760.0,72880.0,98590.0,208630.0,279880.0,BLS OEWS May 2025 special education aggregation
Metropolitan Area,37100,"Oxnard-Thousand Oaks-Ventura, CA",Master's degree,8130.0,2.5095,2.1,48.01,99860.0,1.8,45.14,93880.0,45050.0,57950.0,131830.0,162230.0,BLS OEWS May 2025 special education aggregation
Metropolitan Area,37100,"Oxnard-Thousand Oaks-Ventura, CA",Bachelor's degree,75200.0,23.218700000000002,0.6,55.72,115900.0,0.6,49.47,102890.0,53530.0,73410.0,136620.0,179760.0,BLS OEWS May 2025 special education aggregation
Metropolitan Area,37100,"Oxnard-Thousand Oaks-Ventura, CA",Associate's degree,7140.0,2.2055,3.3,38.85,80800.0,0.9,35.7,74260.0,43340.0,51560.0,104640.0,128320.0,BLS OEWS May 2025 special education aggregation
Metropolitan Area,37100,"Oxnard-Thousand Oaks-Ventura, CA",Postsecondary nondegree award,19070.0,5.887,1.5,29.32,60990.0,0.5,27.49,57180.0,38000.0,46470.0,73200.0,90470.0,BLS OEWS May 2025 special education aggregation
Metropolitan Area,37100,"Oxnard-Thousand Oaks-Ventura, CA","Some college, no degree",9060.0,2.7984,4.4,26.45,55010.0,1.1,24.21,50350.0,38480.0,44910.0,60770.0,76120.0,BLS OEWS May 2025 special education aggregation
Metropolitan Area,37100,"Oxnard-Thousand Oaks-Ventura, CA",High school diploma or equivalent,111090.0,34.298700000000004,0.5,27.94,58110.0,0.5,23.33,48520.0,35060.0,39420.0,65520.0,91690.0,BLS OEWS May 2025 special education aggregation
Metropolitan Area,37100,"Oxnard-Thousand Oaks-Ventura, CA",No formal educational credential,86610.0,26.740499999999997,0.5,21.01,43700.0,0.5,18.41,38300.0,34680.0,35780.0,46270.0,58600.0,BLS OEWS May 2025 special education aggregation
Metropolitan Area,37140,"Paducah, KY-IL",Doctoral or professional degree,990.0,1.9713999999999998,2.9,76.28,158660.0,3.7,53.69,111670.0,48660.0,61190.0,172540.0,376640.0,BLS OEWS May 2025 special education aggregation
Metropolitan Area,37140,"Paducah, KY-IL",Master's degree,900.0,1.7937999999999998,5.8,45.53,94710.0,4.4,38.39,79840.0,44300.0,61050.0,109580.0,177370.0,BLS OEWS May 2025 special education aggregation
Metropolitan Area,37140,"Paducah, KY-IL",Bachelor's degree,9400.0,18.6894,0.7,41.84,87020.0,0.7,36.73,76390.0,45140.0,58940.0,99280.0,139610.0,BLS OEWS May 2025 special education aggregation
Metropolitan Area,37140,"Paducah, KY-IL",Associate's degree,1290.0,2.5709,2.2,29.08,60490.0,1.0,28.8,59910.0,28010.0,41130.0,78530.0,92490.0,BLS OEWS May 2025 special education aggregation
Metropolitan Area,37140,"Paducah, KY-IL",Postsecondary nondegree award,4440.0,8.828,5.1,33.21,69070.0,1.5,22.98,47800.0,34530.0,38500.0,63950.0,155160.0,BLS OEWS May 2025 special education aggregation
Metropolitan Area,37140,"Paducah, KY-IL","Some college, no degree",1210.0,2.4048,3.7,21.57,44860.0,1.6,20.0,41600.0,29820.0,31200.0,53540.0,65990.0,BLS OEWS May 2025 special education aggregation
Metropolitan Area,37140,"Paducah, KY-IL",High school diploma or equivalent,17840.0,35.4778,0.9,25.06,52130.0,0.6,21.97,45700.0,29890.0,35590.0,61100.0,88270.0,BLS OEWS May 2025 special education aggregation
Metropolitan Area,37140,"Paducah, KY-IL",No formal educational credential,14210.0,28.2639,1.1,16.57,34460.0,0.6,15.0,31200.0,22040.0,27030.0,38310.0,50410.0,BLS OEWS May 2025 special education aggregation
Metropolitan Area,37340,"Palm Bay-Melbourne-Titusville, FL",Doctoral or professional degree,4500.0,1.8374,3.8,80.93,168340.0,4.5,60.24,125300.0,59960.0,78660.0,202460.0,367940.0,BLS OEWS May 2025 special education aggregation
Metropolitan Area,37340,"Palm Bay-Melbourne-Titusville, FL",Master's degree,4310.0,1.7596,6.0,40.22,83650.0,2.2,36.23,75350.0,46640.0,58250.0,102590.0,129780.0,BLS OEWS May 2025 special education aggregation
Metropolitan Area,37340,"Palm Bay-Melbourne-Titusville, FL",Bachelor's degree,69520.0,28.356099999999998,0.7,51.6,107330.0,0.6,46.8,97350.0,49410.0,64220.0,132090.0,172160.0,BLS OEWS May 2025 special education aggregation
Metropolitan Area,37340,"Palm Bay-Melbourne-Titusville, FL",Associate's degree,8150.0,3.3238,3.3,32.79,68200.0,0.8,31.63,65790.0,36590.0,48630.0,80740.0,98810.0,BLS OEWS May 2025 special education aggregation
Metropolitan Area,37340,"Palm Bay-Melbourne-Titusville, FL",Postsecondary nondegree award,17540.0,7.1557,2.8,24.46,50870.0,0.7,22.2,46180.0,33970.0,37180.0,59740.0,75950.0,BLS OEWS May 2025 special education aggregation
Metropolitan Area,37340,"Palm Bay-Melbourne-Titusville, FL","Some college, no degree",5310.0,2.1649000000000003,3.4,23.68,49250.0,1.1,21.72,45190.0,33000.0,35890.0,58600.0,74360.0,BLS OEWS May 2025 special education aggregation
Metropolitan Area,37340,"Palm Bay-Melbourne-Titusville, FL",High school diploma or equivalent,75630.0,30.8464,0.7,25.33,52680.0,0.7,22.45,46700.0,31970.0,37020.0,60520.0,78660.0,BLS OEWS May 2025 special education aggregation
Metropolitan Area,37340,"Palm Bay-Melbourne-Titusville, FL",No formal educational credential,60200.0,24.5562,0.6,17.6,36610.0,0.4,16.52,34360.0,27940.0,29130.0,38190.0,47740.0,BLS OEWS May 2025 special education aggregation
Metropolitan Area,37460,"Panama City-Panama City Beach, FL",Doctoral or professional degree,1560.0,1.7239,3.7,79.97,166340.0,4.8,59.02,122750.0,57780.0,77620.0,204550.0,392470.0,BLS OEWS May 2025 special education aggregation
Metropolitan Area,37460,"Panama City-Panama City Beach, FL",Master's degree,1990.0,2.2007000000000003,2.9,43.59,90670.0,3.5,38.55,80180.0,44720.0,58410.0,106580.0,136990.0,BLS OEWS May 2025 special education aggregation
Metropolitan Area,37460,"Panama City-Panama City Beach, FL",Bachelor's degree,19880.0,21.935499999999998,0.8,43.23,89910.0,1.0,37.16,77300.0,44990.0,57550.0,109300.0,150590.0,BLS OEWS May 2025 special education aggregation
Metropolitan Area,37460,"Panama City-Panama City Beach, FL",Associate's degree,2040.0,2.2548,2.9,30.69,63840.0,1.1,29.36,61070.0,33860.0,43630.0,78300.0,95460.0,BLS OEWS May 2025 special education aggregation
Metropolitan Area,37460,"Panama City-Panama City Beach, FL",Postsecondary nondegree award,5700.0,6.2912,1.6,23.56,49010.0,0.6,21.87,45490.0,33120.0,37330.0,57990.0,71490.0,BLS OEWS May 2025 special education aggregation
Metropolitan Area,37460,"Panama City-Panama City Beach, FL","Some college, no degree",1940.0,2.1459,2.5,20.64,42940.0,0.8,17.38,36140.0,31460.0,32500.0,48650.0,61450.0,BLS OEWS May 2025 special education aggregation
Metropolitan Area,37460,"Panama City-Panama City Beach, FL",High school diploma or equivalent,29930.0,33.035700000000006,0.6,24.42,50790.0,0.7,21.89,45530.0,31430.0,36320.0,58630.0,75440.0,BLS OEWS May 2025 special education aggregation
Metropolitan Area,37460,"Panama City-Panama City Beach, FL",No formal educational credential,27560.0,30.4121,0.6,17.08,35530.0,0.5,16.08,33450.0,27340.0,28390.0,37640.0,46620.0,BLS OEWS May 2025 special education aggregation
Metropolitan Area,37620,"Parkersburg-Vienna, WV",Doctoral or professional degree,720.0,1.9974,4.2,72.13,150040.0,6.1,48.88,101660.0,49880.0,73210.0,162860.0,359370.0,BLS OEWS May 2025 special education aggregation
Metropolitan Area,37620,"Parkersburg-Vienna, WV",Master's degree,900.0,2.4668,3.3,44.75,93070.0,2.7,37.56,78120.0,39390.0,50970.0,115680.0,144530.0,BLS OEWS May 2025 special education aggregation
Metropolitan Area,37620,"Parkersburg-Vienna, WV",Bachelor's degree,7830.0,21.5732,1.1,41.88,87110.0,0.7,37.68,78360.0,46770.0,55000.0,106330.0,136970.0,BLS OEWS May 2025 special education aggregation
Metropolitan Area,37620,"Parkersburg-Vienna, WV",Associate's degree,1000.0,2.7559,3.5,30.68,63820.0,1.5,29.49,61340.0,34690.0,46350.0,79160.0,95560.0,BLS OEWS May 2025 special education aggregation
Metropolitan Area,37620,"Parkersburg-Vienna, WV",Postsecondary nondegree award,2600.0,7.172199999999999,2.4,21.94,45630.0,0.9,20.12,41850.0,30770.0,35510.0,50720.0,63950.0,BLS OEWS May 2025 special education aggregation
Metropolitan Area,37620,"Parkersburg-Vienna, WV","Some college, no degree",720.0,1.9927,4.4,20.81,43280.0,2.0,19.39,40330.0,28650.0,30140.0,50530.0,61470.0,BLS OEWS May 2025 special education aggregation
Metropolitan Area,37620,"Parkersburg-Vienna, WV",High school diploma or equivalent,12610.0,34.749700000000004,0.8,22.04,45840.0,0.5,19.01,39530.0,26920.0,30840.0,53110.0,76000.0,BLS OEWS May 2025 special education aggregation
Metropolitan Area,37620,"Parkersburg-Vienna, WV",No formal educational credential,9900.0,27.292,0.8,15.36,31940.0,0.6,13.9,28910.0,21690.0,23260.0,35960.0,45850.0,BLS OEWS May 2025 special education aggregation
Metropolitan Area,37860,"Pensacola-Ferry Pass-Brent, FL",Doctoral or professional degree,4580.0,2.4025,4.7,71.51,148750.0,3.9,55.39,115210.0,54940.0,73480.0,166330.0,312170.0,BLS OEWS May 2025 special education aggregation
Metropolitan Area,37860,"Pensacola-Ferry Pass-Brent, FL",Master's degree,4390.0,2.3024999999999998,3.0,38.85,80810.0,2.4,35.9,74680.0,44730.0,50340.0,99990.0,124720.0,BLS OEWS May 2025 special education aggregation
Metropolitan Area,37860,"Pensacola-Ferry Pass-Brent, FL",Bachelor's degree,44360.0,23.2867,0.7,42.69,88800.0,0.6,36.64,76210.0,47040.0,57530.0,102310.0,147680.0,BLS OEWS May 2025 special education aggregation
Metropolitan Area,37860,"Pensacola-Ferry Pass-Brent, FL",Associate's degree,4570.0,2.3989000000000003,2.4,29.52,61410.0,1.1,28.75,59790.0,33460.0,41930.0,76770.0,91960.0,BLS OEWS May 2025 special education aggregation
Metropolitan Area,37860,"Pensacola-Ferry Pass-Brent, FL",Postsecondary nondegree award,13720.0,7.2019,1.4,23.77,49430.0,0.7,21.99,45730.0,33050.0,36640.0,59030.0,73540.0,BLS OEWS May 2025 special education aggregation
Metropolitan Area,37860,"Pensacola-Ferry Pass-Brent, FL","Some college, no degree",3990.0,2.0955,2.2,22.31,46400.0,1.1,19.91,41410.0,33220.0,34740.0,53910.0,64300.0,BLS OEWS May 2025 special education aggregation
Metropolitan Area,37860,"Pensacola-Ferry Pass-Brent, FL",High school diploma or equivalent,62480.0,32.8019,0.6,24.43,50820.0,0.5,21.98,45730.0,31060.0,36330.0,59000.0,76410.0,BLS OEWS May 2025 special education aggregation
Metropolitan Area,37860,"Pensacola-Ferry Pass-Brent, FL",No formal educational credential,52400.0,27.510199999999998,0.6,17.18,35730.0,0.5,15.92,33110.0,27320.0,28560.0,37430.0,46510.0,BLS OEWS May 2025 special education aggregation
Metropolitan Area,37900,"Peoria, IL",Doctoral or professional degree,3890.0,2.3418,1.7,83.91,174540.0,2.8,59.87,124530.0,53740.0,77470.0,213500.0,418550.0,BLS OEWS May 2025 special education aggregation
Metropolitan Area,37900,"Peoria, IL",Master's degree,3450.0,2.0791,2.7,43.83,91160.0,2.6,37.16,77300.0,43680.0,55150.0,108620.0,137830.0,BLS OEWS May 2025 special education aggregation
Metropolitan Area,37900,"Peoria, IL",Bachelor's degree,45650.0,27.495800000000003,0.7,49.93,103860.0,0.6,45.66,94960.0,47880.0,63910.0,128710.0,167790.0,BLS OEWS May 2025 special education aggregation
Metropolitan Area,37900,"Peoria, IL",Associate's degree,4020.0,2.4207,2.4,32.74,68110.0,0.9,30.95,64380.0,37330.0,46170.0,81320.0,98410.0,BLS OEWS May 2025 special education aggregation
Metropolitan Area,37900,"Peoria, IL",Postsecondary nondegree award,11150.0,6.7142,2.0,25.42,52880.0,0.8,22.32,46420.0,36560.0,38790.0,60310.0,78670.0,BLS OEWS May 2025 special education aggregation
Metropolitan Area,37900,"Peoria, IL","Some college, no degree",4200.0,2.5274,2.8,21.45,44620.0,0.8,18.89,39290.0,31200.0,35260.0,49920.0,62320.0,BLS OEWS May 2025 special education aggregation
Metropolitan Area,37900,"Peoria, IL",High school diploma or equivalent,55930.0,33.6899,0.7,26.51,55140.0,0.4,23.04,47910.0,33030.0,37520.0,63310.0,86070.0,BLS OEWS May 2025 special education aggregation
Metropolitan Area,37900,"Peoria, IL",No formal educational credential,37740.0,22.731299999999997,0.6,18.37,38220.0,0.4,16.42,34160.0,31200.0,31200.0,38130.0,49190.0,BLS OEWS May 2025 special education aggregation
Metropolitan Area,37980,"Philadelphia-Camden-Wilmington, PA-NJ-DE-MD",Doctoral or professional degree,107220.0,3.7002,1.3,76.04,158170.0,1.0,62.24,129450.0,61650.0,82290.0,203350.0,312940.0,BLS OEWS May 2025 special education aggregation
Metropolitan Area,37980,"Philadelphia-Camden-Wilmington, PA-NJ-DE-MD",Master's degree,77730.0,2.6822,1.8,46.01,95710.0,1.0,39.53,82220.0,47280.0,60610.0,124750.0,155250.0,BLS OEWS May 2025 special education aggregation
Metropolitan Area,37980,"Philadelphia-Camden-Wilmington, PA-NJ-DE-MD",Bachelor's degree,747580.0,25.797800000000002,0.4,54.16,112650.0,0.4,47.75,99320.0,54740.0,73790.0,131960.0,178720.0,BLS OEWS May 2025 special education aggregation
Metropolitan Area,37980,"Philadelphia-Camden-Wilmington, PA-NJ-DE-MD",Associate's degree,69680.0,2.4046,2.5,33.27,69200.0,1.1,31.04,64550.0,36120.0,45690.0,89130.0,103200.0,BLS OEWS May 2025 special education aggregation
Metropolitan Area,37980,"Philadelphia-Camden-Wilmington, PA-NJ-DE-MD",Postsecondary nondegree award,182980.0,6.3143,1.0,27.29,56750.0,0.5,24.16,50260.0,36860.0,45230.0,65550.0,79890.0,BLS OEWS May 2025 special education aggregation
Metropolitan Area,37980,"Philadelphia-Camden-Wilmington, PA-NJ-DE-MD","Some college, no degree",68020.0,2.3471,2.5,23.79,49470.0,1.0,22.15,46080.0,30670.0,36130.0,59660.0,75510.0,BLS OEWS May 2025 special education aggregation
Metropolitan Area,37980,"Philadelphia-Camden-Wilmington, PA-NJ-DE-MD",High school diploma or equivalent,1000570.0,34.5284,0.4,26.53,55180.0,0.3,22.95,47740.0,29590.0,36580.0,63980.0,89540.0,BLS OEWS May 2025 special education aggregation
Metropolitan Area,37980,"Philadelphia-Camden-Wilmington, PA-NJ-DE-MD",No formal educational credential,644050.0,22.225299999999997,0.5,19.02,39550.0,0.3,17.42,36230.0,28420.0,31920.0,44740.0,56080.0,BLS OEWS May 2025 special education aggregation
Metropolitan Area,38060,"Phoenix-Mesa-Chandler, AZ",Doctoral or professional degree,55890.0,2.3523,2.7,85.35,177530.0,3.4,64.19,133520.0,71230.0,83930.0,214860.0,391100.0,BLS OEWS May 2025 special education aggregation
Metropolitan Area,38060,"Phoenix-Mesa-Chandler, AZ",Master's degree,49290.0,2.0749,2.2,44.46,92470.0,1.4,38.56,80190.0,46610.0,60070.0,119480.0,143690.0,BLS OEWS May 2025 special education aggregation
Metropolitan Area,38060,"Phoenix-Mesa-Chandler, AZ",Bachelor's degree,597800.0,25.1626,0.9,52.0,108160.0,1.5,44.96,93520.0,49650.0,64300.0,130200.0,172940.0,BLS OEWS May 2025 special education aggregation
Metropolitan Area,38060,"Phoenix-Mesa-Chandler, AZ",Associate's degree,48320.0,2.034,3.1,34.03,70770.0,1.1,31.14,64770.0,36960.0,47160.0,87960.0,106330.0,BLS OEWS May 2025 special education aggregation
Metropolitan Area,38060,"Phoenix-Mesa-Chandler, AZ",Postsecondary nondegree award,140690.0,5.9218,1.9,27.33,56840.0,1.0,23.74,49380.0,37320.0,43910.0,63620.0,80680.0,BLS OEWS May 2025 special education aggregation
Metropolitan Area,38060,"Phoenix-Mesa-Chandler, AZ","Some college, no degree",51550.0,2.1699,2.7,24.93,51860.0,0.8,23.02,47880.0,34420.0,37200.0,60890.0,77080.0,BLS OEWS May 2025 special education aggregation
Metropolitan Area,38060,"Phoenix-Mesa-Chandler, AZ",High school diploma or equivalent,843590.0,35.507999999999996,0.6,26.91,55970.0,0.4,23.44,48760.0,35800.0,39370.0,63370.0,81720.0,BLS OEWS May 2025 special education aggregation
Metropolitan Area,38060,"Phoenix-Mesa-Chandler, AZ",No formal educational credential,588630.0,24.7766,0.7,20.4,42440.0,0.4,18.03,37500.0,31420.0,34660.0,46320.0,59100.0,BLS OEWS May 2025 special education aggregation
Metropolitan Area,38240,"Pinehurst-Southern Pines, NC",Doctoral or professional degree,940.0,2.1867,4.2,87.35,181700.0,2.6,63.54,132170.0,62930.0,80840.0,291900.0,362610.0,BLS OEWS May 2025 special education aggregation
Metropolitan Area,38240,"Pinehurst-Southern Pines, NC",Master's degree,1260.0,2.9347000000000003,4.4,44.08,91680.0,2.9,37.18,77340.0,46360.0,56520.0,117170.0,155380.0,BLS OEWS May 2025 special education aggregation
Metropolitan Area,38240,"Pinehurst-Southern Pines, NC",Bachelor's degree,8320.0,19.3916,1.3,41.46,86230.0,0.7,36.51,75950.0,44990.0,55620.0,100790.0,136180.0,BLS OEWS May 2025 special education aggregation
Metropolitan Area,38240,"Pinehurst-Southern Pines, NC",Associate's degree,1260.0,2.9417,3.2,31.31,65130.0,1.2,30.12,62640.0,33500.0,43220.0,81200.0,100410.0,BLS OEWS May 2025 special education aggregation
Metropolitan Area,38240,"Pinehurst-Southern Pines, NC",Postsecondary nondegree award,3630.0,8.4704,2.4,22.58,46960.0,0.7,21.02,43720.0,30290.0,36180.0,55470.0,66460.0,BLS OEWS May 2025 special education aggregation
Metropolitan Area,38240,"Pinehurst-Southern Pines, NC","Some college, no degree",1080.0,2.5126,3.1,20.35,42320.0,1.3,18.81,39120.0,27170.0,33040.0,49640.0,59880.0,BLS OEWS May 2025 special education aggregation
Metropolitan Area,38240,"Pinehurst-Southern Pines, NC",High school diploma or equivalent,12980.0,30.2611,1.2,23.06,47970.0,1.0,20.76,43180.0,28590.0,34670.0,54370.0,73130.0,BLS OEWS May 2025 special education aggregation
Metropolitan Area,38240,"Pinehurst-Southern Pines, NC",No formal educational credential,13430.0,31.3014,1.5,15.8,32850.0,0.6,14.66,30490.0,21740.0,26900.0,36140.0,45430.0,BLS OEWS May 2025 special education aggregation
Metropolitan Area,38300,"Pittsburgh, PA",Doctoral or professional degree,39550.0,3.5485999999999995,2.0,73.5,152880.0,1.5,57.11,118780.0,58260.0,76590.0,197480.0,325590.0,BLS OEWS May 2025 special education aggregation
Metropolitan Area,38300,"Pittsburgh, PA",Master's degree,31230.0,2.802,2.3,40.34,83900.0,1.7,35.62,74100.0,44220.0,55260.0,105140.0,131700.0,BLS OEWS May 2025 special education aggregation
Metropolitan Area,38300,"Pittsburgh, PA",Bachelor's degree,273380.0,24.5296,0.7,48.18,100220.0,0.5,40.98,85240.0,49520.0,63960.0,120220.0,163590.0,BLS OEWS May 2025 special education aggregation
Metropolitan Area,38300,"Pittsburgh, PA",Associate's degree,23550.0,2.1128,3.4,30.38,63200.0,1.0,29.39,61130.0,35650.0,45420.0,77890.0,93870.0,BLS OEWS May 2025 special education aggregation
Metropolitan Area,38300,"Pittsburgh, PA",Postsecondary nondegree award,74290.0,6.6655,1.3,25.42,52880.0,0.6,23.04,47920.0,36620.0,39950.0,61580.0,75180.0,BLS OEWS May 2025 special education aggregation
Metropolitan Area,38300,"Pittsburgh, PA","Some college, no degree",23510.0,2.1098,2.7,22.62,47040.0,1.0,21.72,45180.0,28800.0,35520.0,57510.0,71960.0,BLS OEWS May 2025 special education aggregation
Metropolitan Area,38300,"Pittsburgh, PA",High school diploma or equivalent,390220.0,35.0133,0.5,25.32,52660.0,0.4,22.5,46800.0,29090.0,36800.0,61670.0,81620.0,BLS OEWS May 2025 special education aggregation
Metropolitan Area,38300,"Pittsburgh, PA",No formal educational credential,258770.0,23.2185,0.6,17.77,36960.0,0.6,16.8,34950.0,22730.0,28260.0,42710.0,54940.0,BLS OEWS May 2025 special education aggregation
Metropolitan Area,38340,"Pittsfield, MA",Doctoral or professional degree,1700.0,2.9987,1.9,89.6,186360.0,3.1,62.02,128990.0,72310.0,92220.0,215460.0,442950.0,BLS OEWS May 2025 special education aggregation
Metropolitan Area,38340,"Pittsfield, MA",Master's degree,2500.0,4.3919,2.6,42.74,88910.0,1.1,38.42,79920.0,45630.0,56040.0,103520.0,138770.0,BLS OEWS May 2025 special education aggregation
Metropolitan Area,38340,"Pittsfield, MA",Bachelor's degree,12440.0,21.9054,0.9,51.09,106270.0,0.7,45.06,93720.0,51750.0,67920.0,126060.0,172240.0,BLS OEWS May 2025 special education aggregation
Metropolitan Area,38340,"Pittsfield, MA",Associate's degree,1200.0,2.1084,3.1,32.22,67020.0,1.2,29.75,61880.0,39350.0,46120.0,84300.0,100340.0,BLS OEWS May 2025 special education aggregation
Metropolitan Area,38340,"Pittsfield, MA",Postsecondary nondegree award,3720.0,6.556399999999999,2.8,27.03,56230.0,0.8,24.65,51280.0,38080.0,45030.0,64180.0,80100.0,BLS OEWS May 2025 special education aggregation
Metropolitan Area,38340,"Pittsfield, MA","Some college, no degree",1620.0,2.8468,3.0,23.74,49380.0,0.9,23.19,48230.0,31910.0,36150.0,57670.0,69840.0,BLS OEWS May 2025 special education aggregation
Metropolitan Area,38340,"Pittsfield, MA",High school diploma or equivalent,19860.0,34.9486,0.8,27.32,56830.0,0.4,23.72,49340.0,36480.0,40510.0,64740.0,83960.0,BLS OEWS May 2025 special education aggregation
Metropolitan Area,38340,"Pittsfield, MA",No formal educational credential,13770.0,24.244,0.9,19.73,41050.0,0.6,17.58,36560.0,31300.0,34190.0,44960.0,56200.0,BLS OEWS May 2025 special education aggregation
Metropolitan Area,38540,"Pocatello, ID",Doctoral or professional degree,1310.0,3.4126,3.6,59.03,122780.0,1.7,40.12,83450.0,48280.0,59660.0,133320.0,229520.0,BLS OEWS May 2025 special education aggregation
Metropolitan Area,38540,"Pocatello, ID",Master's degree,1200.0,3.1318,3.8,42.2,87770.0,5.7,36.7,76340.0,44360.0,55160.0,101100.0,132000.0,BLS OEWS May 2025 special education aggregation
Metropolitan Area,38540,"Pocatello, ID",Bachelor's degree,6800.0,17.7623,1.1,41.24,85780.0,0.7,36.12,75130.0,45760.0,58300.0,100170.0,135870.0,BLS OEWS May 2025 special education aggregation
Metropolitan Area,38540,"Pocatello, ID",Associate's degree,970.0,2.5373,3.8,31.16,64810.0,0.9,29.65,61660.0,36920.0,47840.0,81050.0,97070.0,BLS OEWS May 2025 special education aggregation
Metropolitan Area,38540,"Pocatello, ID",Postsecondary nondegree award,2590.0,6.754600000000001,2.0,23.07,47990.0,1.3,21.55,44820.0,31330.0,36450.0,57540.0,67380.0,BLS OEWS May 2025 special education aggregation
Metropolitan Area,38540,"Pocatello, ID","Some college, no degree",930.0,2.4349,3.3,21.21,44110.0,1.7,19.26,40070.0,27920.0,31580.0,51880.0,64020.0,BLS OEWS May 2025 special education aggregation
Metropolitan Area,38540,"Pocatello, ID",High school diploma or equivalent,15470.0,40.4012,0.7,22.55,46900.0,0.5,20.91,43490.0,29190.0,35870.0,53720.0,69640.0,BLS OEWS May 2025 special education aggregation
Metropolitan Area,38540,"Pocatello, ID",No formal educational credential,9020.0,23.5651,0.8,16.5,34310.0,0.8,15.75,32760.0,21720.0,27830.0,37670.0,48470.0,BLS OEWS May 2025 special education aggregation
Metropolitan Area,38660,"Ponce, PR",Doctoral or professional degree,1390.0,2.1899,5.4,45.56,94760.0,4.0,36.24,75380.0,46270.0,58140.0,109990.0,152010.0,BLS OEWS May 2025 special education aggregation
Metropolitan Area,38660,"Ponce, PR",Master's degree,900.0,1.416,2.0,28.53,59340.0,1.4,25.41,52860.0,24400.0,35500.0,75770.0,97210.0,BLS OEWS May 2025 special education aggregation
Metropolitan Area,38660,"Ponce, PR",Bachelor's degree,10860.0,17.1028,0.8,27.39,56960.0,0.7,24.61,51180.0,30600.0,37490.0,63060.0,89200.0,BLS OEWS May 2025 special education aggregation
Metropolitan Area,38660,"Ponce, PR",Associate's degree,1270.0,2.0011,3.3,17.97,37370.0,1.6,16.19,33670.0,22920.0,28270.0,41100.0,55650.0,BLS OEWS May 2025 special education aggregation
Metropolitan Area,38660,"Ponce, PR",Postsecondary nondegree award,2570.0,4.043200000000001,6.3,15.52,32270.0,5.3,12.94,26910.0,21840.0,22340.0,35360.0,59990.0,BLS OEWS May 2025 special education aggregation
Metropolitan Area,38660,"Ponce, PR","Some college, no degree",1470.0,2.3143000000000002,2.1,13.06,27160.0,0.6,11.1,23080.0,21900.0,22530.0,29480.0,36900.0,BLS OEWS May 2025 special education aggregation
Metropolitan Area,38660,"Ponce, PR",High school diploma or equivalent,24930.0,39.2596,0.8,14.85,30890.0,0.4,12.93,26880.0,21840.0,22330.0,34350.0,45070.0,BLS OEWS May 2025 special education aggregation
Metropolitan Area,38660,"Ponce, PR",No formal educational credential,20110.0,31.6732,0.8,11.9,24750.0,0.8,10.53,21910.0,21840.0,21840.0,24560.0,29460.0,BLS OEWS May 2025 special education aggregation
Metropolitan Area,38860,"Portland-South Portland, ME",Doctoral or professional degree,8100.0,2.8075,3.2,89.12,185370.0,2.8,63.23,131530.0,67340.0,89930.0,224530.0,439620.0,BLS OEWS May 2025 special education aggregation
Metropolitan Area,38860,"Portland-South Portland, ME",Master's degree,7340.0,2.5427,2.6,45.91,95490.0,1.1,39.65,82470.0,49440.0,62140.0,114540.0,140640.0,BLS OEWS May 2025 special education aggregation
Metropolitan Area,38860,"Portland-South Portland, ME",Bachelor's degree,69440.0,24.0708,1.2,49.22,102370.0,1.1,43.18,89810.0,52200.0,69440.0,119880.0,165210.0,BLS OEWS May 2025 special education aggregation
Metropolitan Area,38860,"Portland-South Portland, ME",Associate's degree,,,,36.88,76700.0,1.3,36.71,76360.0,47820.0,58200.0,94890.0,110410.0,BLS OEWS May 2025 special education aggregation
Metropolitan Area,38860,"Portland-South Portland, ME",Postsecondary nondegree award,17960.0,6.2265999999999995,1.9,27.37,56940.0,0.6,25.72,53500.0,41280.0,47070.0,62940.0,76660.0,BLS OEWS May 2025 special education aggregation
Metropolitan Area,38860,"Portland-South Portland, ME","Some college, no degree",,,,26.54,55200.0,0.7,24.74,51460.0,39890.0,47720.0,60730.0,74100.0,BLS OEWS May 2025 special education aggregation
Metropolitan Area,38860,"Portland-South Portland, ME",High school diploma or equivalent,101480.0,35.176,0.7,27.74,57690.0,0.4,24.98,51960.0,37010.0,44210.0,65300.0,81530.0,BLS OEWS May 2025 special education aggregation
Metropolitan Area,38860,"Portland-South Portland, ME",No formal educational credential,69190.0,23.9837,0.8,21.04,43770.0,0.7,18.6,38680.0,32640.0,35690.0,47450.0,60230.0,BLS OEWS May 2025 special education aggregation
Metropolitan Area,38900,"Portland-Vancouver-Hillsboro, OR-WA",Doctoral or professional degree,32910.0,2.7237,1.8,82.03,170630.0,2.0,63.94,132990.0,64600.0,84160.0,211940.0,353510.0,BLS OEWS May 2025 special education aggregation
Metropolitan Area,38900,"Portland-Vancouver-Hillsboro, OR-WA",Master's degree,28190.0,2.3331,1.8,51.5,107110.0,1.6,45.91,95490.0,57610.0,71650.0,132600.0,168000.0,BLS OEWS May 2025 special education aggregation
Metropolitan Area,38900,"Portland-Vancouver-Hillsboro, OR-WA",Bachelor's degree,325320.0,26.921499999999998,0.9,57.38,119350.0,0.5,50.49,105010.0,58730.0,77800.0,141110.0,190940.0,BLS OEWS May 2025 special education aggregation
Metropolitan Area,38900,"Portland-Vancouver-Hillsboro, OR-WA",Associate's degree,28490.0,2.3576,2.9,37.89,78800.0,1.2,35.95,74770.0,44700.0,56130.0,100250.0,123350.0,BLS OEWS May 2025 special education aggregation
Metropolitan Area,38900,"Portland-Vancouver-Hillsboro, OR-WA",Postsecondary nondegree award,65050.0,5.383100000000001,1.5,31.73,66000.0,0.5,29.26,60860.0,45790.0,50270.0,76690.0,95400.0,BLS OEWS May 2025 special education aggregation
Metropolitan Area,38900,"Portland-Vancouver-Hillsboro, OR-WA","Some college, no degree",32380.0,2.6799,2.5,26.32,54750.0,0.9,24.53,51010.0,36160.0,44180.0,61710.0,76440.0,BLS OEWS May 2025 special education aggregation
Metropolitan Area,38900,"Portland-Vancouver-Hillsboro, OR-WA",High school diploma or equivalent,412830.0,34.1634,0.7,30.41,63250.0,0.3,26.87,55890.0,39450.0,45820.0,73870.0,98980.0,BLS OEWS May 2025 special education aggregation
Metropolitan Area,38900,"Portland-Vancouver-Hillsboro, OR-WA",No formal educational credential,283230.0,23.4378,0.7,21.88,45510.0,0.4,19.98,41560.0,34650.0,36480.0,48580.0,62020.0,BLS OEWS May 2025 special education aggregation
Metropolitan Area,38940,"Port St. Lucie, FL",Doctoral or professional degree,3440.0,2.013,3.1,82.89,172400.0,7.7,57.87,120370.0,59340.0,77790.0,179880.0,391330.0,BLS OEWS May 2025 special education aggregation
Metropolitan Area,38940,"Port St. Lucie, FL",Master's degree,4040.0,2.3643,3.0,40.78,84810.0,3.8,37.76,78540.0,44080.0,55530.0,103850.0,131580.0,BLS OEWS May 2025 special education aggregation
Metropolitan Area,38940,"Port St. Lucie, FL",Bachelor's degree,33760.0,19.7648,0.8,44.16,91850.0,0.9,38.25,79550.0,46540.0,55590.0,105870.0,152990.0,BLS OEWS May 2025 special education aggregation
Metropolitan Area,38940,"Port St. Lucie, FL",Associate's degree,4180.0,2.446,4.1,31.15,64800.0,1.8,29.87,62130.0,33610.0,40360.0,82050.0,98220.0,BLS OEWS May 2025 special education aggregation
Metropolitan Area,38940,"Port St. Lucie, FL",Postsecondary nondegree award,13900.0,8.1399,2.1,25.74,53540.0,0.8,22.72,47260.0,35160.0,37850.0,60920.0,78320.0,BLS OEWS May 2025 special education aggregation
Metropolitan Area,38940,"Port St. Lucie, FL","Some college, no degree",3110.0,1.8193000000000001,2.7,22.82,47470.0,0.8,21.41,44520.0,30610.0,33910.0,56240.0,69890.0,BLS OEWS May 2025 special education aggregation
Metropolitan Area,38940,"Port St. Lucie, FL",High school diploma or equivalent,57280.0,33.5317,0.9,25.22,52460.0,0.4,22.39,46560.0,31850.0,36930.0,60250.0,78650.0,BLS OEWS May 2025 special education aggregation
Metropolitan Area,38940,"Port St. Lucie, FL",No formal educational credential,51110.0,29.921100000000003,0.9,18.0,37450.0,0.4,16.91,35170.0,28020.0,29500.0,40260.0,49880.0,BLS OEWS May 2025 special education aggregation
Metropolitan Area,39150,"Prescott Valley-Prescott, AZ",Doctoral or professional degree,1590.0,2.1953,5.8,75.4,156830.0,7.7,57.34,119270.0,63280.0,79550.0,169130.0,317470.0,BLS OEWS May 2025 special education aggregation
Metropolitan Area,39150,"Prescott Valley-Prescott, AZ",Master's degree,1920.0,2.6601,2.8,41.63,86590.0,2.4,36.38,75660.0,46440.0,57200.0,108050.0,135630.0,BLS OEWS May 2025 special education aggregation
Metropolitan Area,39150,"Prescott Valley-Prescott, AZ",Bachelor's degree,13160.0,18.2027,1.1,42.77,88960.0,0.8,37.06,77070.0,44990.0,54000.0,107450.0,149190.0,BLS OEWS May 2025 special education aggregation
Metropolitan Area,39150,"Prescott Valley-Prescott, AZ",Associate's degree,1530.0,2.1113,3.6,31.94,66430.0,1.1,29.66,61690.0,35570.0,43180.0,86430.0,103560.0,BLS OEWS May 2025 special education aggregation
Metropolitan Area,39150,"Prescott Valley-Prescott, AZ",Postsecondary nondegree award,5610.0,7.7563,1.9,26.3,54700.0,0.8,23.25,48360.0,36650.0,42550.0,61140.0,79220.0,BLS OEWS May 2025 special education aggregation
Metropolitan Area,39150,"Prescott Valley-Prescott, AZ","Some college, no degree",1560.0,2.1517,2.9,21.34,44390.0,0.8,18.68,38860.0,31190.0,33230.0,50540.0,62970.0,BLS OEWS May 2025 special education aggregation
Metropolitan Area,39150,"Prescott Valley-Prescott, AZ",High school diploma or equivalent,25280.0,34.966,1.0,25.04,52070.0,0.5,22.34,46470.0,34050.0,37780.0,60480.0,76950.0,BLS OEWS May 2025 special education aggregation
Metropolitan Area,39150,"Prescott Valley-Prescott, AZ",No formal educational credential,21660.0,29.9567,0.9,19.18,39900.0,0.5,17.46,36330.0,30840.0,33050.0,43180.0,51850.0,BLS OEWS May 2025 special education aggregation
Metropolitan Area,39300,"Providence-Warwick, RI-MA",Doctoral or professional degree,20270.0,2.8387000000000002,2.4,74.73,155450.0,1.8,60.09,124990.0,65110.0,84100.0,176540.0,310510.0,BLS OEWS May 2025 special education aggregation
Metropolitan Area,39300,"Providence-Warwick, RI-MA",Master's degree,23160.0,3.2427,1.7,44.81,93210.0,1.0,40.83,84930.0,46900.0,61720.0,113610.0,143160.0,BLS OEWS May 2025 special education aggregation
Metropolitan Area,39300,"Providence-Warwick, RI-MA",Bachelor's degree,168290.0,23.566200000000002,0.9,51.54,107210.0,0.6,46.16,96020.0,53770.0,73630.0,128010.0,169180.0,BLS OEWS May 2025 special education aggregation
Metropolitan Area,39300,"Providence-Warwick, RI-MA",Associate's degree,16490.0,2.3097000000000003,3.2,33.3,69250.0,1.2,30.85,64160.0,36970.0,45040.0,85740.0,104530.0,BLS OEWS May 2025 special education aggregation
Metropolitan Area,39300,"Providence-Warwick, RI-MA",Postsecondary nondegree award,50930.0,7.1316999999999995,1.6,26.8,55750.0,0.6,23.62,49140.0,37750.0,45260.0,63510.0,79470.0,BLS OEWS May 2025 special education aggregation
Metropolitan Area,39300,"Providence-Warwick, RI-MA","Some college, no degree",17910.0,2.5085,3.2,23.95,49810.0,1.4,22.59,46980.0,31200.0,37610.0,58340.0,72770.0,BLS OEWS May 2025 special education aggregation
Metropolitan Area,39300,"Providence-Warwick, RI-MA",High school diploma or equivalent,238890.0,33.452999999999996,0.8,28.25,58770.0,0.4,24.32,50580.0,35920.0,41600.0,67460.0,91480.0,BLS OEWS May 2025 special education aggregation
Metropolitan Area,39300,"Providence-Warwick, RI-MA",No formal educational credential,178170.0,24.9495,0.8,19.47,40500.0,0.7,17.38,36150.0,31200.0,32180.0,44950.0,55490.0,BLS OEWS May 2025 special education aggregation
Metropolitan Area,39340,"Provo-Orem-Lehi, UT",Doctoral or professional degree,6590.0,2.1616,3.1,70.08,145760.0,3.9,50.32,104660.0,46830.0,69540.0,166880.0,357080.0,BLS OEWS May 2025 special education aggregation
Metropolitan Area,39340,"Provo-Orem-Lehi, UT",Master's degree,8210.0,2.6952000000000003,3.0,41.51,86330.0,1.8,37.57,78150.0,36190.0,48590.0,112710.0,137400.0,BLS OEWS May 2025 special education aggregation
Metropolitan Area,39340,"Provo-Orem-Lehi, UT",Bachelor's degree,79360.0,26.0474,0.8,48.51,100900.0,0.8,40.5,84230.0,44990.0,60740.0,127030.0,170040.0,BLS OEWS May 2025 special education aggregation
Metropolitan Area,39340,"Provo-Orem-Lehi, UT",Associate's degree,5690.0,1.8664,3.6,32.74,68100.0,1.5,31.9,66350.0,35570.0,45100.0,87030.0,101340.0,BLS OEWS May 2025 special education aggregation
Metropolitan Area,39340,"Provo-Orem-Lehi, UT",Postsecondary nondegree award,17030.0,5.590999999999999,1.7,23.13,48120.0,0.9,21.33,44370.0,31520.0,36630.0,58070.0,71770.0,BLS OEWS May 2025 special education aggregation
Metropolitan Area,39340,"Provo-Orem-Lehi, UT","Some college, no degree",10130.0,3.3242,3.6,23.35,48570.0,1.1,21.69,45120.0,30590.0,36310.0,56300.0,74300.0,BLS OEWS May 2025 special education aggregation
Metropolitan Area,39340,"Provo-Orem-Lehi, UT",High school diploma or equivalent,107390.0,35.2483,0.6,25.02,52040.0,0.5,22.36,46520.0,31390.0,36970.0,60830.0,78770.0,BLS OEWS May 2025 special education aggregation
Metropolitan Area,39340,"Provo-Orem-Lehi, UT",No formal educational credential,70270.0,23.0659,1.2,17.83,37090.0,0.6,17.0,35360.0,24360.0,28790.0,42910.0,50960.0,BLS OEWS May 2025 special education aggregation
Metropolitan Area,39380,"Pueblo, CO",Doctoral or professional degree,1570.0,2.5405,3.0,77.24,160650.0,5.4,51.02,106110.0,59590.0,76740.0,171420.0,340210.0,BLS OEWS May 2025 special education aggregation
Metropolitan Area,39380,"Pueblo, CO",Master's degree,2190.0,3.5469999999999997,2.6,40.96,85210.0,3.3,36.06,74990.0,45070.0,55590.0,104840.0,134950.0,BLS OEWS May 2025 special education aggregation
Metropolitan Area,39380,"Pueblo, CO",Bachelor's degree,11990.0,19.4022,1.2,44.58,92720.0,0.6,39.39,81930.0,49190.0,62000.0,106540.0,140780.0,BLS OEWS May 2025 special education aggregation
Metropolitan Area,39380,"Pueblo, CO",Associate's degree,1440.0,2.3294,2.6,37.35,77680.0,0.8,36.04,74960.0,45970.0,58970.0,97510.0,114660.0,BLS OEWS May 2025 special education aggregation
Metropolitan Area,39380,"Pueblo, CO",Postsecondary nondegree award,4240.0,6.8676,2.0,26.02,54120.0,0.8,22.93,47690.0,37910.0,42850.0,61040.0,77120.0,BLS OEWS May 2025 special education aggregation
Metropolitan Area,39380,"Pueblo, CO","Some college, no degree",1320.0,2.129,4.0,23.8,49490.0,0.5,23.02,47890.0,30800.0,38330.0,58500.0,68290.0,BLS OEWS May 2025 special education aggregation
Metropolitan Area,39380,"Pueblo, CO",High school diploma or equivalent,22490.0,36.3988,0.7,26.51,55140.0,0.4,23.36,48590.0,34710.0,38430.0,63600.0,81460.0,BLS OEWS May 2025 special education aggregation
Metropolitan Area,39380,"Pueblo, CO",No formal educational credential,16550.0,26.785500000000003,0.7,19.27,40080.0,0.4,17.4,36190.0,30800.0,32330.0,45010.0,51130.0,BLS OEWS May 2025 special education aggregation
Metropolitan Area,39460,"Punta Gorda, FL",Doctoral or professional degree,1050.0,1.8288,3.5,84.44,175630.0,4.4,62.02,129010.0,61600.0,86880.0,221890.0,376970.0,BLS OEWS May 2025 special education aggregation
Metropolitan Area,39460,"Punta Gorda, FL",Master's degree,1050.0,1.8276,4.5,44.77,93130.0,2.1,38.78,80670.0,48660.0,61300.0,117420.0,137070.0,BLS OEWS May 2025 special education aggregation
Metropolitan Area,39460,"Punta Gorda, FL",Bachelor's degree,10500.0,18.2545,1.5,44.21,91960.0,0.9,36.77,76490.0,46440.0,58450.0,103490.0,154690.0,BLS OEWS May 2025 special education aggregation
Metropolitan Area,39460,"Punta Gorda, FL",Associate's degree,1130.0,1.9727000000000001,3.2,31.27,65040.0,1.1,29.97,62330.0,35680.0,45950.0,80370.0,95550.0,BLS OEWS May 2025 special education aggregation
Metropolitan Area,39460,"Punta Gorda, FL",Postsecondary nondegree award,5100.0,8.857099999999999,1.6,23.4,48670.0,0.7,22.09,45940.0,34740.0,37250.0,57060.0,65160.0,BLS OEWS May 2025 special education aggregation
Metropolitan Area,39460,"Punta Gorda, FL","Some college, no degree",1090.0,1.8936,3.2,22.56,46920.0,0.9,20.95,43580.0,33430.0,35860.0,52950.0,63180.0,BLS OEWS May 2025 special education aggregation
Metropolitan Area,39460,"Punta Gorda, FL",High school diploma or equivalent,18720.0,32.5441,0.7,24.76,51510.0,0.6,22.21,46200.0,32440.0,37040.0,59580.0,76810.0,BLS OEWS May 2025 special education aggregation
Metropolitan Area,39460,"Punta Gorda, FL",No formal educational credential,18880.0,32.8218,0.6,18.1,37650.0,0.5,17.1,35570.0,28020.0,29490.0,39320.0,48540.0,BLS OEWS May 2025 special education aggregation
Metropolitan Area,39540,"Racine-Mount Pleasant, WI",Doctoral or professional degree,980.0,1.2889,3.4,91.92,191190.0,1.7,62.95,130940.0,78540.0,98560.0,248110.0,396400.0,BLS OEWS May 2025 special education aggregation
Metropolitan Area,39540,"Racine-Mount Pleasant, WI",Master's degree,1160.0,1.5149,3.1,41.18,85650.0,1.4,37.67,78360.0,43400.0,59120.0,104770.0,132200.0,BLS OEWS May 2025 special education aggregation
Metropolitan Area,39540,"Racine-Mount Pleasant, WI",Bachelor's degree,14280.0,18.7149,0.9,45.55,94740.0,0.5,39.41,81960.0,50390.0,62400.0,105760.0,150290.0,BLS OEWS May 2025 special education aggregation
Metropolitan Area,39540,"Racine-Mount Pleasant, WI",Associate's degree,1510.0,1.9809999999999999,2.6,31.78,66100.0,0.9,30.75,63970.0,36040.0,46550.0,82590.0,98450.0,BLS OEWS May 2025 special education aggregation
Metropolitan Area,39540,"Racine-Mount Pleasant, WI",Postsecondary nondegree award,5120.0,6.7171,2.0,26.65,55440.0,0.9,24.73,51440.0,37460.0,44960.0,63590.0,75960.0,BLS OEWS May 2025 special education aggregation
Metropolitan Area,39540,"Racine-Mount Pleasant, WI","Some college, no degree",1630.0,2.1341,2.8,22.51,46810.0,0.8,21.57,44870.0,34040.0,37410.0,55050.0,63200.0,BLS OEWS May 2025 special education aggregation
Metropolitan Area,39540,"Racine-Mount Pleasant, WI",High school diploma or equivalent,32390.0,42.4625,0.5,26.28,54660.0,0.6,23.41,48690.0,32240.0,38810.0,62380.0,82260.0,BLS OEWS May 2025 special education aggregation
Metropolitan Area,39540,"Racine-Mount Pleasant, WI",No formal educational credential,19210.0,25.186500000000002,0.9,17.79,37010.0,0.6,16.87,35080.0,23310.0,28800.0,43350.0,53310.0,BLS OEWS May 2025 special education aggregation
Metropolitan Area,39580,"Raleigh-Cary, NC",Doctoral or professional degree,20250.0,2.725,3.1,80.33,167090.0,2.9,63.42,131920.0,63440.0,85320.0,210100.0,352460.0,BLS OEWS May 2025 special education aggregation
Metropolitan Area,39580,"Raleigh-Cary, NC",Master's degree,17730.0,2.3857,3.0,44.38,92300.0,1.5,39.57,82300.0,49200.0,62930.0,111120.0,142670.0,BLS OEWS May 2025 special education aggregation
Metropolitan Area,39580,"Raleigh-Cary, NC",Bachelor's degree,218530.0,29.4069,0.9,52.38,108940.0,0.6,45.66,94980.0,49780.0,65250.0,133480.0,177500.0,BLS OEWS May 2025 special education aggregation
Metropolitan Area,39580,"Raleigh-Cary, NC",Associate's degree,18650.0,2.5091,3.6,30.89,64250.0,1.2,29.39,61140.0,35690.0,44680.0,79770.0,99770.0,BLS OEWS May 2025 special education aggregation
Metropolitan Area,39580,"Raleigh-Cary, NC",Postsecondary nondegree award,42730.0,5.750500000000001,1.3,25.69,53430.0,0.7,23.22,48300.0,35520.0,40210.0,61060.0,76700.0,BLS OEWS May 2025 special education aggregation
Metropolitan Area,39580,"Raleigh-Cary, NC","Some college, no degree",19620.0,2.6409,5.1,24.81,51600.0,1.0,22.83,47480.0,32170.0,36590.0,60720.0,77870.0,BLS OEWS May 2025 special education aggregation
Metropolitan Area,39580,"Raleigh-Cary, NC",High school diploma or equivalent,229290.0,30.8545,0.9,26.78,55700.0,0.5,23.3,48460.0,31420.0,38210.0,63110.0,82950.0,BLS OEWS May 2025 special education aggregation
Metropolitan Area,39580,"Raleigh-Cary, NC",No formal educational credential,176320.0,23.7274,0.6,17.66,36730.0,1.2,16.75,34840.0,23370.0,28850.0,39930.0,48600.0,BLS OEWS May 2025 special education aggregation
Metropolitan Area,39660,"Rapid City, SD",Doctoral or professional degree,1740.0,2.3539000000000003,2.3,83.34,173350.0,2.4,60.33,125490.0,69620.0,84540.0,211990.0,368420.0,BLS OEWS May 2025 special education aggregation
Metropolitan Area,39660,"Rapid City, SD",Master's degree,1730.0,2.3463000000000003,3.9,42.03,87420.0,2.4,37.19,77360.0,44180.0,52650.0,108730.0,134590.0,BLS OEWS May 2025 special education aggregation
Metropolitan Area,39660,"Rapid City, SD",Bachelor's degree,14440.0,19.5581,0.9,43.25,89960.0,0.7,38.11,79270.0,48180.0,60790.0,102550.0,141810.0,BLS OEWS May 2025 special education aggregation
Metropolitan Area,39660,"Rapid City, SD",Associate's degree,1640.0,2.225,3.8,30.68,63800.0,2.3,28.04,58310.0,38520.0,47810.0,79370.0,95720.0,BLS OEWS May 2025 special education aggregation
Metropolitan Area,39660,"Rapid City, SD",Postsecondary nondegree award,5290.0,7.1607,1.6,24.62,51210.0,0.7,22.99,47810.0,36860.0,38750.0,60120.0,72800.0,BLS OEWS May 2025 special education aggregation
Metropolitan Area,39660,"Rapid City, SD","Some college, no degree",2570.0,3.4787,2.5,20.92,43510.0,0.7,20.84,43340.0,27500.0,34490.0,51630.0,60840.0,BLS OEWS May 2025 special education aggregation
Metropolitan Area,39660,"Rapid City, SD",High school diploma or equivalent,24410.0,33.0678,0.8,24.7,51370.0,0.5,22.44,46670.0,31630.0,37850.0,59710.0,75990.0,BLS OEWS May 2025 special education aggregation
Metropolitan Area,39660,"Rapid City, SD",No formal educational credential,22000.0,29.809500000000003,0.6,17.0,35360.0,0.5,15.88,33030.0,27800.0,29070.0,37870.0,46630.0,BLS OEWS May 2025 special education aggregation
Metropolitan Area,39740,"Reading, PA",Doctoral or professional degree,3730.0,2.1376999999999997,2.4,78.96,164250.0,3.6,50.17,104360.0,62610.0,77820.0,194990.0,397910.0,BLS OEWS May 2025 special education aggregation
Metropolitan Area,39740,"Reading, PA",Master's degree,3830.0,2.1932,2.8,41.26,85810.0,1.6,36.46,75830.0,44310.0,56880.0,108010.0,135390.0,BLS OEWS May 2025 special education aggregation
Metropolitan Area,39740,"Reading, PA",Bachelor's degree,34050.0,19.4953,0.8,46.28,96260.0,0.5,39.8,82790.0,49190.0,62800.0,107530.0,155350.0,BLS OEWS May 2025 special education aggregation
Metropolitan Area,39740,"Reading, PA",Associate's degree,3090.0,1.7687000000000002,2.8,31.46,65430.0,0.8,30.38,63200.0,34790.0,46330.0,80010.0,98330.0,BLS OEWS May 2025 special education aggregation
Metropolitan Area,39740,"Reading, PA",Postsecondary nondegree award,11720.0,6.710500000000001,1.2,26.25,54600.0,0.6,24.18,50300.0,36950.0,43430.0,62300.0,76560.0,BLS OEWS May 2025 special education aggregation
Metropolitan Area,39740,"Reading, PA","Some college, no degree",4040.0,2.3146,3.1,21.52,44750.0,1.4,19.71,41000.0,28930.0,32570.0,52110.0,64310.0,BLS OEWS May 2025 special education aggregation
Metropolitan Area,39740,"Reading, PA",High school diploma or equivalent,70260.0,40.2245,0.4,25.59,53220.0,0.3,23.48,48840.0,30410.0,38090.0,61600.0,78590.0,BLS OEWS May 2025 special education aggregation
Metropolitan Area,39740,"Reading, PA",No formal educational credential,43940.0,25.1555,0.6,18.2,37860.0,0.5,17.22,35820.0,23500.0,28620.0,45010.0,54480.0,BLS OEWS May 2025 special education aggregation
Metropolitan Area,39820,"Redding, CA",Doctoral or professional degree,1600.0,2.2425,2.5,71.13,147940.0,2.7,61.92,128800.0,62320.0,82390.0,179540.0,272660.0,BLS OEWS May 2025 special education aggregation
Metropolitan Area,39820,"Redding, CA",Master's degree,2030.0,2.8308,2.8,44.29,92120.0,2.0,39.03,81190.0,43170.0,53020.0,125670.0,158130.0,BLS OEWS May 2025 special education aggregation
Metropolitan Area,39820,"Redding, CA",Bachelor's degree,14380.0,20.1012,1.3,49.94,103880.0,0.8,45.98,95630.0,50860.0,66620.0,128160.0,168480.0,BLS OEWS May 2025 special education aggregation
Metropolitan Area,39820,"Redding, CA",Associate's degree,1770.0,2.4798999999999998,2.0,36.2,75290.0,0.8,31.45,65410.0,43400.0,49490.0,94030.0,127520.0,BLS OEWS May 2025 special education aggregation
Metropolitan Area,39820,"Redding, CA",Postsecondary nondegree award,5210.0,7.286,1.4,28.58,59440.0,0.7,26.02,54120.0,37270.0,44880.0,68210.0,85310.0,BLS OEWS May 2025 special education aggregation
Metropolitan Area,39820,"Redding, CA","Some college, no degree",1990.0,2.7832,2.9,23.99,49910.0,1.0,22.21,46210.0,36370.0,39010.0,55760.0,69250.0,BLS OEWS May 2025 special education aggregation
Metropolitan Area,39820,"Redding, CA",High school diploma or equivalent,26980.0,37.7037,0.6,26.16,54410.0,0.4,22.33,46440.0,34320.0,35950.0,61480.0,83770.0,BLS OEWS May 2025 special education aggregation
Metropolitan Area,39820,"Redding, CA",No formal educational credential,17580.0,24.5727,0.6,20.37,42360.0,0.5,17.97,37370.0,34320.0,34830.0,45010.0,58100.0,BLS OEWS May 2025 special education aggregation
Metropolitan Area,39900,"Reno, NV",Doctoral or professional degree,5120.0,1.8579999999999999,3.6,76.63,159390.0,4.6,57.41,119400.0,64500.0,84890.0,175050.0,354620.0,BLS OEWS May 2025 special education aggregation
Metropolitan Area,39900,"Reno, NV",Master's degree,4400.0,1.5962,3.5,45.34,94300.0,1.8,41.2,85690.0,48670.0,62390.0,119640.0,152090.0,BLS OEWS May 2025 special education aggregation
Metropolitan Area,39900,"Reno, NV",Bachelor's degree,55180.0,20.014699999999998,0.9,50.22,104460.0,1.1,44.4,92340.0,50470.0,65520.0,125940.0,169880.0,BLS OEWS May 2025 special education aggregation
Metropolitan Area,39900,"Reno, NV",Associate's degree,6750.0,2.4497,3.4,33.45,69570.0,2.0,29.58,61520.0,39840.0,49920.0,82350.0,108670.0,BLS OEWS May 2025 special education aggregation
Metropolitan Area,39900,"Reno, NV",Postsecondary nondegree award,16280.0,5.9066,2.7,29.39,61140.0,1.2,27.89,58010.0,37840.0,46610.0,73160.0,92920.0,BLS OEWS May 2025 special education aggregation
Metropolitan Area,39900,"Reno, NV","Some college, no degree",6520.0,2.3665,3.0,23.97,49850.0,1.9,22.93,47680.0,27880.0,35770.0,59540.0,76140.0,BLS OEWS May 2025 special education aggregation
Metropolitan Area,39900,"Reno, NV",High school diploma or equivalent,101370.0,36.769999999999996,0.8,27.46,57130.0,0.5,23.63,49160.0,34680.0,40190.0,64980.0,88130.0,BLS OEWS May 2025 special education aggregation
Metropolitan Area,39900,"Reno, NV",No formal educational credential,80050.0,29.038400000000003,0.7,19.28,40100.0,0.4,17.94,37310.0,26680.0,30140.0,45800.0,58080.0,BLS OEWS May 2025 special education aggregation
Metropolitan Area,40060,"Richmond, VA",Doctoral or professional degree,18430.0,2.7908,2.1,78.43,163140.0,2.5,61.59,128100.0,64260.0,84310.0,211860.0,329340.0,BLS OEWS May 2025 special education aggregation
Metropolitan Area,40060,"Richmond, VA",Master's degree,17480.0,2.6473,1.8,41.63,86580.0,0.8,38.32,79710.0,46810.0,58820.0,105260.0,134570.0,BLS OEWS May 2025 special education aggregation
Metropolitan Area,40060,"Richmond, VA",Bachelor's degree,179950.0,27.2506,0.5,50.05,104110.0,0.5,43.43,90340.0,50280.0,63990.0,126880.0,168950.0,BLS OEWS May 2025 special education aggregation
Metropolitan Area,40060,"Richmond, VA",Associate's degree,13780.0,2.0866,3.0,33.44,69550.0,1.3,31.21,64930.0,36150.0,48070.0,86170.0,103730.0,BLS OEWS May 2025 special education aggregation
Metropolitan Area,40060,"Richmond, VA",Postsecondary nondegree award,45390.0,6.8735,1.3,26.41,54930.0,0.6,23.45,48770.0,35820.0,39940.0,62600.0,78420.0,BLS OEWS May 2025 special education aggregation
Metropolitan Area,40060,"Richmond, VA","Some college, no degree",12330.0,1.8678000000000001,2.5,24.32,50590.0,0.6,22.82,47470.0,31470.0,37050.0,59560.0,73620.0,BLS OEWS May 2025 special education aggregation
Metropolitan Area,40060,"Richmond, VA",High school diploma or equivalent,218200.0,33.0435,0.6,26.36,54840.0,0.4,23.15,48140.0,31150.0,37740.0,62660.0,81810.0,BLS OEWS May 2025 special education aggregation
Metropolitan Area,40060,"Richmond, VA",No formal educational credential,154780.0,23.4397,0.6,18.24,37950.0,0.4,17.04,35430.0,28160.0,29630.0,42580.0,49690.0,BLS OEWS May 2025 special education aggregation
Metropolitan Area,40140,"Riverside-San Bernardino-Ontario, CA",Doctoral or professional degree,32620.0,1.9001000000000001,3.1,85.79,178440.0,2.8,71.39,148500.0,76040.0,100000.0,210010.0,349010.0,BLS OEWS May 2025 special education aggregation
Metropolitan Area,40140,"Riverside-San Bernardino-Ontario, CA",Master's degree,34020.0,1.9817,2.3,49.29,102530.0,1.0,46.0,95680.0,44960.0,58390.0,135820.0,168230.0,BLS OEWS May 2025 special education aggregation
Metropolitan Area,40140,"Riverside-San Bernardino-Ontario, CA",Bachelor's degree,300020.0,17.476,0.8,51.36,106820.0,0.6,47.31,98400.0,51710.0,67570.0,131130.0,168790.0,BLS OEWS May 2025 special education aggregation
Metropolitan Area,40140,"Riverside-San Bernardino-Ontario, CA",Associate's degree,27520.0,1.6031,2.6,37.82,78670.0,1.1,35.37,73560.0,44860.0,51940.0,102020.0,126940.0,BLS OEWS May 2025 special education aggregation
Metropolitan Area,40140,"Riverside-San Bernardino-Ontario, CA",Postsecondary nondegree award,119830.0,6.979900000000001,1.3,29.56,61490.0,0.5,27.63,57470.0,37680.0,46090.0,74330.0,92110.0,BLS OEWS May 2025 special education aggregation
Metropolitan Area,40140,"Riverside-San Bernardino-Ontario, CA","Some college, no degree",44980.0,2.6201,2.7,24.73,51440.0,0.6,22.7,47210.0,37760.0,43010.0,57420.0,69470.0,BLS OEWS May 2025 special education aggregation
Metropolitan Area,40140,"Riverside-San Bernardino-Ontario, CA",High school diploma or equivalent,616180.0,35.8922,0.5,27.01,56170.0,0.2,22.75,47320.0,34320.0,37170.0,64110.0,89760.0,BLS OEWS May 2025 special education aggregation
Metropolitan Area,40140,"Riverside-San Bernardino-Ontario, CA",No formal educational credential,541580.0,31.547000000000004,0.4,21.34,44390.0,0.4,20.33,42290.0,34630.0,36000.0,47210.0,58220.0,BLS OEWS May 2025 special education aggregation
Metropolitan Area,40220,"Roanoke, VA",Doctoral or professional degree,4010.0,2.6043,2.9,94.38,196320.0,2.5,69.37,144290.0,60760.0,82140.0,280260.0,370830.0,BLS OEWS May 2025 special education aggregation
Metropolitan Area,40220,"Roanoke, VA",Master's degree,4150.0,2.6922,1.6,42.59,88590.0,1.1,36.95,76860.0,47210.0,60430.0,110490.0,135940.0,BLS OEWS May 2025 special education aggregation
Metropolitan Area,40220,"Roanoke, VA",Bachelor's degree,32250.0,20.946199999999997,0.6,43.6,90690.0,0.4,38.18,79410.0,46490.0,59670.0,104340.0,145640.0,BLS OEWS May 2025 special education aggregation
Metropolitan Area,40220,"Roanoke, VA",Associate's degree,3310.0,2.1478,2.2,31.57,65670.0,0.7,30.51,63460.0,35900.0,48380.0,79370.0,97730.0,BLS OEWS May 2025 special education aggregation
Metropolitan Area,40220,"Roanoke, VA",Postsecondary nondegree award,11850.0,7.696,1.2,23.94,49790.0,0.6,22.08,45920.0,35140.0,37570.0,59390.0,71510.0,BLS OEWS May 2025 special education aggregation
Metropolitan Area,40220,"Roanoke, VA","Some college, no degree",3210.0,2.0832,1.8,22.03,45830.0,0.5,20.95,43570.0,28850.0,37070.0,50700.0,64370.0,BLS OEWS May 2025 special education aggregation
Metropolitan Area,40220,"Roanoke, VA",High school diploma or equivalent,58340.0,37.8911,0.5,24.39,50730.0,0.4,22.17,46100.0,30160.0,36870.0,58950.0,76430.0,BLS OEWS May 2025 special education aggregation
Metropolitan Area,40220,"Roanoke, VA",No formal educational credential,36860.0,23.9393,0.6,17.43,36250.0,0.5,16.07,33420.0,26720.0,28460.0,39430.0,48880.0,BLS OEWS May 2025 special education aggregation
Metropolitan Area,40340,"Rochester, MN",Doctoral or professional degree,8790.0,7.15,0.3,112.97,234980.0,3.7,49.82,103620.0,75640.0,81780.0,372200.0,576440.0,BLS OEWS May 2025 special education aggregation
Metropolitan Area,40340,"Rochester, MN",Master's degree,4460.0,3.6289000000000002,1.1,57.72,120060.0,0.6,49.46,102870.0,60740.0,79920.0,132450.0,232340.0,BLS OEWS May 2025 special education aggregation
Metropolitan Area,40340,"Rochester, MN",Bachelor's degree,31700.0,25.7762,0.5,49.65,103270.0,0.5,47.59,98990.0,55070.0,75710.0,127540.0,159780.0,BLS OEWS May 2025 special education aggregation
Metropolitan Area,40340,"Rochester, MN",Associate's degree,4050.0,3.2935000000000003,1.2,36.97,76890.0,0.4,37.83,78690.0,45780.0,58150.0,98900.0,106100.0,BLS OEWS May 2025 special education aggregation
Metropolitan Area,40340,"Rochester, MN",Postsecondary nondegree award,8110.0,6.595699999999999,1.7,28.14,58520.0,0.6,26.89,55920.0,38340.0,46840.0,66780.0,80540.0,BLS OEWS May 2025 special education aggregation
Metropolitan Area,40340,"Rochester, MN","Some college, no degree",2920.0,2.3708,1.8,23.92,49740.0,0.7,21.94,45620.0,35150.0,38730.0,59050.0,73480.0,BLS OEWS May 2025 special education aggregation
Metropolitan Area,40340,"Rochester, MN",High school diploma or equivalent,37930.0,30.8433,0.6,26.84,55840.0,0.3,23.81,49520.0,36180.0,41340.0,62550.0,81230.0,BLS OEWS May 2025 special education aggregation
Metropolitan Area,40340,"Rochester, MN",No formal educational credential,25020.0,20.3416,0.6,18.95,39420.0,0.5,17.46,36310.0,26060.0,30350.0,44890.0,57880.0,BLS OEWS May 2025 special education aggregation
Metropolitan Area,40380,"Rochester, NY",Doctoral or professional degree,16870.0,3.4134,1.0,78.3,162870.0,1.0,54.29,112920.0,63620.0,78400.0,202650.0,399370.0,BLS OEWS May 2025 special education aggregation
Metropolitan Area,40380,"Rochester, NY",Master's degree,16090.0,3.2543999999999995,1.0,43.57,90630.0,0.8,38.11,79260.0,47940.0,60440.0,114900.0,135030.0,BLS OEWS May 2025 special education aggregation
Metropolitan Area,40380,"Rochester, NY",Bachelor's degree,118610.0,23.9965,0.5,47.73,99280.0,0.4,40.02,83250.0,48710.0,63120.0,116030.0,163650.0,BLS OEWS May 2025 special education aggregation
Metropolitan Area,40380,"Rochester, NY",Associate's degree,11190.0,2.2645,1.7,32.16,66880.0,0.8,30.28,62990.0,38870.0,48380.0,80870.0,95870.0,BLS OEWS May 2025 special education aggregation
Metropolitan Area,40380,"Rochester, NY",Postsecondary nondegree award,27700.0,5.6042000000000005,1.1,26.78,55710.0,0.6,24.43,50810.0,37870.0,41190.0,63070.0,79200.0,BLS OEWS May 2025 special education aggregation
Metropolitan Area,40380,"Rochester, NY","Some college, no degree",16030.0,3.2436999999999996,2.2,23.35,48570.0,0.9,21.5,44710.0,32240.0,35760.0,55900.0,70370.0,BLS OEWS May 2025 special education aggregation
Metropolitan Area,40380,"Rochester, NY",High school diploma or equivalent,180280.0,36.473200000000006,0.4,26.3,54700.0,0.3,22.86,47550.0,34940.0,38440.0,62240.0,82060.0,BLS OEWS May 2025 special education aggregation
Metropolitan Area,40380,"Rochester, NY",No formal educational credential,107510.0,21.7501,0.7,19.73,41030.0,0.5,17.45,36290.0,32240.0,33430.0,44150.0,56580.0,BLS OEWS May 2025 special education aggregation
Metropolitan Area,40420,"Rockford, IL",Doctoral or professional degree,2310.0,1.6786,2.4,82.88,172380.0,2.2,62.19,129360.0,59200.0,78530.0,214910.0,368550.0,BLS OEWS May 2025 special education aggregation
Metropolitan Area,40420,"Rockford, IL",Master's degree,2910.0,2.1145,3.1,37.8,78630.0,1.2,36.09,75070.0,43140.0,53210.0,101470.0,125330.0,BLS OEWS May 2025 special education aggregation
Metropolitan Area,40420,"Rockford, IL",Bachelor's degree,28290.0,20.5502,0.9,45.37,94370.0,0.6,38.94,80980.0,47040.0,62920.0,106930.0,152760.0,BLS OEWS May 2025 special education aggregation
Metropolitan Area,40420,"Rockford, IL",Associate's degree,2830.0,2.0595,2.5,34.03,70770.0,0.7,34.46,71680.0,38950.0,49240.0,86630.0,99620.0,BLS OEWS May 2025 special education aggregation
Metropolitan Area,40420,"Rockford, IL",Postsecondary nondegree award,9560.0,6.9479,2.2,26.28,54660.0,0.9,23.15,48150.0,37030.0,39080.0,63690.0,78280.0,BLS OEWS May 2025 special education aggregation
Metropolitan Area,40420,"Rockford, IL","Some college, no degree",3150.0,2.2856,2.6,21.18,44050.0,0.6,18.73,38960.0,31200.0,31400.0,49130.0,62620.0,BLS OEWS May 2025 special education aggregation
Metropolitan Area,40420,"Rockford, IL",High school diploma or equivalent,52150.0,37.8902,0.6,26.06,54200.0,0.5,22.67,47160.0,33870.0,37850.0,61800.0,83480.0,BLS OEWS May 2025 special education aggregation
Metropolitan Area,40420,"Rockford, IL",No formal educational credential,36440.0,26.473399999999998,0.6,18.65,38800.0,0.3,16.77,34870.0,31200.0,31200.0,43580.0,48530.0,BLS OEWS May 2025 special education aggregation
Metropolitan Area,40580,"Rocky Mount, NC",Doctoral or professional degree,890.0,1.6214,4.0,58.72,122140.0,3.2,42.48,88360.0,53520.0,61930.0,137850.0,215460.0,BLS OEWS May 2025 special education aggregation
Metropolitan Area,40580,"Rocky Mount, NC",Master's degree,1180.0,2.1564,5.6,35.4,73620.0,1.4,31.79,66130.0,40630.0,51730.0,86120.0,114030.0,BLS OEWS May 2025 special education aggregation
Metropolitan Area,40580,"Rocky Mount, NC",Bachelor's degree,10510.0,19.246199999999998,1.1,41.34,85980.0,0.9,35.92,74710.0,44420.0,54140.0,103720.0,145700.0,BLS OEWS May 2025 special education aggregation
Metropolitan Area,40580,"Rocky Mount, NC",Associate's degree,1240.0,2.2762000000000002,2.4,29.29,60930.0,0.9,29.27,60880.0,31470.0,45300.0,75280.0,90010.0,BLS OEWS May 2025 special education aggregation
Metropolitan Area,40580,"Rocky Mount, NC",Postsecondary nondegree award,3940.0,7.2072,2.0,22.79,47410.0,0.8,20.86,43380.0,30510.0,36940.0,53690.0,71180.0,BLS OEWS May 2025 special education aggregation
Metropolitan Area,40580,"Rocky Mount, NC","Some college, no degree",1310.0,2.4005,2.3,19.61,40790.0,1.1,18.17,37790.0,26330.0,28570.0,48560.0,60180.0,BLS OEWS May 2025 special education aggregation
Metropolitan Area,40580,"Rocky Mount, NC",High school diploma or equivalent,20770.0,38.019099999999995,0.8,23.61,49110.0,0.5,21.6,44930.0,28610.0,36090.0,58430.0,75960.0,BLS OEWS May 2025 special education aggregation
Metropolitan Area,40580,"Rocky Mount, NC",No formal educational credential,14790.0,27.072899999999997,0.8,15.6,32450.0,0.6,14.45,30050.0,21760.0,24960.0,37080.0,45470.0,BLS OEWS May 2025 special education aggregation
Metropolitan Area,40660,"Rome, GA",Doctoral or professional degree,1280.0,2.853,7.6,68.38,142230.0,3.6,48.52,100930.0,50580.0,74410.0,145600.0,320940.0,BLS OEWS May 2025 special education aggregation
Metropolitan Area,40660,"Rome, GA",Master's degree,1010.0,2.2575,4.1,40.99,85260.0,3.0,37.17,77310.0,46290.0,57600.0,106360.0,127460.0,BLS OEWS May 2025 special education aggregation
Metropolitan Area,40660,"Rome, GA",Bachelor's degree,8710.0,19.4023,3.7,42.49,88390.0,2.5,37.9,78830.0,44680.0,58340.0,100860.0,141130.0,BLS OEWS May 2025 special education aggregation
Metropolitan Area,40660,"Rome, GA",Associate's degree,1040.0,2.309,2.9,32.21,67000.0,1.2,31.39,65300.0,37620.0,48210.0,80660.0,98720.0,BLS OEWS May 2025 special education aggregation
Metropolitan Area,40660,"Rome, GA",Postsecondary nondegree award,3890.0,8.6562,5.5,22.76,47330.0,0.7,21.0,43680.0,33150.0,37220.0,55790.0,66640.0,BLS OEWS May 2025 special education aggregation
Metropolitan Area,40660,"Rome, GA","Some college, no degree",800.0,1.7887,6.6,19.75,41080.0,2.3,18.13,37710.0,23120.0,29120.0,48390.0,61370.0,BLS OEWS May 2025 special education aggregation
Metropolitan Area,40660,"Rome, GA",High school diploma or equivalent,16020.0,35.6867,2.0,22.5,46790.0,1.2,19.8,41190.0,28320.0,34190.0,54100.0,73550.0,BLS OEWS May 2025 special education aggregation
Metropolitan Area,40660,"Rome, GA",No formal educational credential,12140.0,27.046100000000003,4.6,15.46,32160.0,0.9,14.4,29950.0,21790.0,26880.0,35370.0,44120.0,BLS OEWS May 2025 special education aggregation
Metropolitan Area,40900,"Sacramento-Roseville-Folsom, CA",Doctoral or professional degree,27240.0,2.5204,2.6,87.33,181650.0,2.3,78.03,162300.0,79220.0,114940.0,212250.0,322060.0,BLS OEWS May 2025 special education aggregation
Metropolitan Area,40900,"Sacramento-Roseville-Folsom, CA",Master's degree,25030.0,2.3163,1.5,51.74,107610.0,0.8,48.52,100930.0,47430.0,65770.0,134460.0,167400.0,BLS OEWS May 2025 special education aggregation
Metropolitan Area,40900,"Sacramento-Roseville-Folsom, CA",Bachelor's degree,293000.0,27.115,0.5,55.41,115240.0,0.4,48.94,101780.0,57350.0,74990.0,138660.0,190750.0,BLS OEWS May 2025 special education aggregation
Metropolitan Area,40900,"Sacramento-Roseville-Folsom, CA",Associate's degree,22660.0,2.0974,2.8,41.78,86900.0,1.0,37.29,77550.0,43820.0,55430.0,118840.0,137030.0,BLS OEWS May 2025 special education aggregation
Metropolitan Area,40900,"Sacramento-Roseville-Folsom, CA",Postsecondary nondegree award,61460.0,5.6875,1.0,31.69,65910.0,0.5,29.36,61070.0,38330.0,47260.0,78060.0,97390.0,BLS OEWS May 2025 special education aggregation
Metropolitan Area,40900,"Sacramento-Roseville-Folsom, CA","Some college, no degree",37240.0,3.4463,2.2,33.93,70560.0,0.7,28.2,58660.0,39510.0,45940.0,92580.0,122750.0,BLS OEWS May 2025 special education aggregation
Metropolitan Area,40900,"Sacramento-Roseville-Folsom, CA",High school diploma or equivalent,364680.0,33.7479,0.4,29.0,60320.0,0.3,24.03,49980.0,34320.0,38550.0,72650.0,98750.0,BLS OEWS May 2025 special education aggregation
Metropolitan Area,40900,"Sacramento-Roseville-Folsom, CA",No formal educational credential,249280.0,23.069200000000002,0.6,21.81,45370.0,0.5,20.0,41600.0,35030.0,36520.0,47630.0,61210.0,BLS OEWS May 2025 special education aggregation
Metropolitan Area,40980,"Saginaw, MI",Doctoral or professional degree,1700.0,2.1311,1.8,85.15,177100.0,2.7,60.73,126310.0,66530.0,82600.0,224690.0,360440.0,BLS OEWS May 2025 special education aggregation
Metropolitan Area,40980,"Saginaw, MI",Master's degree,2050.0,2.5585,2.0,44.19,91920.0,1.2,38.57,80230.0,43480.0,57510.0,113180.0,140540.0,BLS OEWS May 2025 special education aggregation
Metropolitan Area,40980,"Saginaw, MI",Bachelor's degree,16580.0,20.7305,0.7,44.2,91940.0,0.5,39.58,82330.0,47560.0,62110.0,104890.0,140000.0,BLS OEWS May 2025 special education aggregation
Metropolitan Area,40980,"Saginaw, MI",Associate's degree,1580.0,1.9727000000000001,1.9,31.06,64610.0,1.0,30.4,63240.0,36480.0,46660.0,79320.0,91190.0,BLS OEWS May 2025 special education aggregation
Metropolitan Area,40980,"Saginaw, MI",Postsecondary nondegree award,6060.0,7.5748999999999995,1.3,24.67,51320.0,0.5,22.04,45850.0,36000.0,38980.0,59540.0,75770.0,BLS OEWS May 2025 special education aggregation
Metropolitan Area,40980,"Saginaw, MI","Some college, no degree",1860.0,2.3299,2.0,21.09,43860.0,0.7,18.79,39090.0,28720.0,32980.0,50540.0,62760.0,BLS OEWS May 2025 special education aggregation
Metropolitan Area,40980,"Saginaw, MI",High school diploma or equivalent,29580.0,36.9711,0.5,24.4,50740.0,0.3,21.81,45350.0,30330.0,36050.0,60070.0,78230.0,BLS OEWS May 2025 special education aggregation
Metropolitan Area,40980,"Saginaw, MI",No formal educational credential,20580.0,25.731299999999997,0.5,17.41,36220.0,0.5,15.91,33090.0,26110.0,28200.0,38080.0,48760.0,BLS OEWS May 2025 special education aggregation
Metropolitan Area,41060,"St. Cloud, MN",Doctoral or professional degree,2800.0,2.6916,1.7,87.7,182410.0,2.6,54.63,113620.0,66420.0,83840.0,207830.0,439090.0,BLS OEWS May 2025 special education aggregation
Metropolitan Area,41060,"St. Cloud, MN",Master's degree,2070.0,1.9906,2.0,46.65,97030.0,0.8,40.71,84690.0,49140.0,63180.0,116690.0,143380.0,BLS OEWS May 2025 special education aggregation
Metropolitan Area,41060,"St. Cloud, MN",Bachelor's degree,19880.0,19.1339,0.9,46.03,95750.0,0.6,41.46,86240.0,49990.0,64800.0,111880.0,147470.0,BLS OEWS May 2025 special education aggregation
Metropolitan Area,41060,"St. Cloud, MN",Associate's degree,2180.0,2.1025,1.8,33.51,69710.0,0.7,32.15,66870.0,38730.0,49110.0,86990.0,102020.0,BLS OEWS May 2025 special education aggregation
Metropolitan Area,41060,"St. Cloud, MN",Postsecondary nondegree award,7960.0,7.6569,1.5,27.05,56260.0,0.7,26.0,54080.0,38010.0,43820.0,64380.0,78850.0,BLS OEWS May 2025 special education aggregation
Metropolitan Area,41060,"St. Cloud, MN","Some college, no degree",2730.0,2.623,2.5,23.29,48440.0,0.7,22.5,46810.0,34360.0,37750.0,56410.0,64280.0,BLS OEWS May 2025 special education aggregation
Metropolitan Area,41060,"St. Cloud, MN",High school diploma or equivalent,39970.0,38.4582,0.6,26.92,56000.0,0.4,24.09,50110.0,35010.0,40120.0,63730.0,82610.0,BLS OEWS May 2025 special education aggregation
Metropolitan Area,41060,"St. Cloud, MN",No formal educational credential,26340.0,25.343600000000002,0.7,18.99,39490.0,0.5,17.56,36520.0,27580.0,30340.0,44670.0,56940.0,BLS OEWS May 2025 special education aggregation
Metropolitan Area,41100,"St. George, UT",Doctoral or professional degree,1490.0,1.6518000000000002,4.0,76.98,160110.0,3.9,60.03,124850.0,51740.0,80380.0,172440.0,357620.0,BLS OEWS May 2025 special education aggregation
Metropolitan Area,41100,"St. George, UT",Master's degree,2140.0,2.3672999999999997,2.7,43.42,90320.0,2.2,38.76,80620.0,38800.0,54510.0,119590.0,150130.0,BLS OEWS May 2025 special education aggregation
Metropolitan Area,41100,"St. George, UT",Bachelor's degree,16160.0,17.860300000000002,1.2,41.39,86090.0,0.8,37.1,77170.0,37480.0,54430.0,101570.0,138390.0,BLS OEWS May 2025 special education aggregation
Metropolitan Area,41100,"St. George, UT",Associate's degree,1730.0,1.9167999999999998,4.5,30.97,64410.0,1.6,28.84,59990.0,36160.0,40170.0,85400.0,99590.0,BLS OEWS May 2025 special education aggregation
Metropolitan Area,41100,"St. George, UT",Postsecondary nondegree award,6490.0,7.1668,2.1,24.52,51000.0,1.3,21.83,45410.0,34600.0,37460.0,60000.0,72780.0,BLS OEWS May 2025 special education aggregation
Metropolitan Area,41100,"St. George, UT","Some college, no degree",1870.0,2.0675,5.9,21.32,44340.0,1.4,19.13,39790.0,29950.0,35500.0,49730.0,64040.0,BLS OEWS May 2025 special education aggregation
Metropolitan Area,41100,"St. George, UT",High school diploma or equivalent,32790.0,36.2292,0.9,24.54,51040.0,0.7,22.03,45830.0,30870.0,36640.0,59280.0,77230.0,BLS OEWS May 2025 special education aggregation
Metropolitan Area,41100,"St. George, UT",No formal educational credential,27820.0,30.74,0.8,17.93,37300.0,0.7,17.04,35450.0,23880.0,28760.0,43990.0,50990.0,BLS OEWS May 2025 special education aggregation
Metropolitan Area,41140,"St. Joseph, MO-KS",Doctoral or professional degree,1030.0,1.8951,2.5,71.49,148690.0,5.9,47.75,99310.0,55720.0,72810.0,162760.0,332550.0,BLS OEWS May 2025 special education aggregation
Metropolitan Area,41140,"St. Joseph, MO-KS",Master's degree,1070.0,1.9588999999999999,3.6,40.36,83960.0,4.9,35.06,72920.0,44770.0,53020.0,105490.0,141200.0,BLS OEWS May 2025 special education aggregation
Metropolitan Area,41140,"St. Joseph, MO-KS",Bachelor's degree,10620.0,19.5306,1.1,39.81,82800.0,0.9,35.77,74400.0,42990.0,51440.0,95630.0,131890.0,BLS OEWS May 2025 special education aggregation
Metropolitan Area,41140,"St. Joseph, MO-KS",Associate's degree,980.0,1.7962,3.2,31.93,66410.0,1.0,30.13,62670.0,37460.0,50540.0,80060.0,94770.0,BLS OEWS May 2025 special education aggregation
Metropolitan Area,41140,"St. Joseph, MO-KS",Postsecondary nondegree award,3510.0,6.458499999999999,3.3,24.55,51070.0,0.8,22.43,46650.0,34950.0,37590.0,60220.0,74540.0,BLS OEWS May 2025 special education aggregation
Metropolitan Area,41140,"St. Joseph, MO-KS","Some college, no degree",910.0,1.6664,4.6,21.0,43670.0,1.5,19.44,40440.0,28600.0,30930.0,50130.0,61420.0,BLS OEWS May 2025 special education aggregation
Metropolitan Area,41140,"St. Joseph, MO-KS",High school diploma or equivalent,22440.0,41.2474,0.7,25.23,52470.0,0.4,22.83,47480.0,30660.0,37440.0,60980.0,79550.0,BLS OEWS May 2025 special education aggregation
Metropolitan Area,41140,"St. Joseph, MO-KS",No formal educational credential,13840.0,25.4468,0.7,18.27,37990.0,0.4,16.95,35260.0,28600.0,29620.0,43820.0,49790.0,BLS OEWS May 2025 special education aggregation
Metropolitan Area,41180,"St. Louis, MO-IL",Doctoral or professional degree,33700.0,2.5126999999999997,1.7,76.73,159610.0,3.1,59.21,123160.0,63430.0,81310.0,180240.0,321590.0,BLS OEWS May 2025 special education aggregation
Metropolitan Area,41180,"St. Louis, MO-IL",Master's degree,29320.0,2.1858,2.2,44.69,92940.0,2.0,38.54,80160.0,45240.0,59040.0,118820.0,154500.0,BLS OEWS May 2025 special education aggregation
Metropolitan Area,41180,"St. Louis, MO-IL",Bachelor's degree,350940.0,26.1635,0.6,47.12,98000.0,0.5,39.55,82270.0,46790.0,61470.0,119390.0,165450.0,BLS OEWS May 2025 special education aggregation
Metropolitan Area,41180,"St. Louis, MO-IL",Associate's degree,29090.0,2.1687000000000003,2.6,32.97,68590.0,0.9,31.05,64590.0,37620.0,47750.0,82740.0,100480.0,BLS OEWS May 2025 special education aggregation
Metropolitan Area,41180,"St. Louis, MO-IL",Postsecondary nondegree award,84430.0,6.2946,1.1,26.54,55190.0,0.7,23.35,48570.0,36250.0,39780.0,63490.0,78910.0,BLS OEWS May 2025 special education aggregation
Metropolitan Area,41180,"St. Louis, MO-IL","Some college, no degree",27930.0,2.0823,2.4,23.78,49470.0,0.8,22.36,46500.0,31200.0,36690.0,58910.0,74090.0,BLS OEWS May 2025 special education aggregation
Metropolitan Area,41180,"St. Louis, MO-IL",High school diploma or equivalent,467590.0,34.8606,0.6,26.35,54810.0,0.4,22.96,47760.0,31410.0,37600.0,63300.0,85080.0,BLS OEWS May 2025 special education aggregation
Metropolitan Area,41180,"St. Louis, MO-IL",No formal educational credential,318320.0,23.7319,0.7,19.34,40220.0,0.7,17.16,35690.0,29510.0,31200.0,43790.0,57020.0,BLS OEWS May 2025 special education aggregation
Metropolitan Area,41420,"Salem, OR",Doctoral or professional degree,4190.0,2.2226,2.6,84.24,175210.0,4.4,66.52,138360.0,64780.0,89630.0,214820.0,339870.0,BLS OEWS May 2025 special education aggregation
Metropolitan Area,41420,"Salem, OR",Master's degree,4390.0,2.3286000000000002,1.9,49.27,102470.0,0.8,46.43,96570.0,55530.0,70320.0,129560.0,160860.0,BLS OEWS May 2025 special education aggregation
Metropolitan Area,41420,"Salem, OR",Bachelor's degree,44970.0,23.8418,0.5,48.68,101260.0,0.3,45.49,94620.0,56300.0,66790.0,124190.0,154190.0,BLS OEWS May 2025 special education aggregation
Metropolitan Area,41420,"Salem, OR",Associate's degree,3720.0,1.9708999999999999,3.0,35.14,73090.0,1.1,30.56,63570.0,38720.0,49040.0,98220.0,120320.0,BLS OEWS May 2025 special education aggregation
Metropolitan Area,41420,"Salem, OR",Postsecondary nondegree award,10420.0,5.5237,1.6,30.25,62930.0,0.7,28.81,59910.0,44850.0,48840.0,72530.0,85000.0,BLS OEWS May 2025 special education aggregation
Metropolitan Area,41420,"Salem, OR","Some college, no degree",6710.0,3.5576,2.4,24.82,51630.0,0.8,22.95,47730.0,35960.0,37790.0,59210.0,74880.0,BLS OEWS May 2025 special education aggregation
Metropolitan Area,41420,"Salem, OR",High school diploma or equivalent,66870.0,35.451499999999996,0.6,27.46,57110.0,0.3,23.82,49550.0,37360.0,42840.0,63750.0,84510.0,BLS OEWS May 2025 special education aggregation
Metropolitan Area,41420,"Salem, OR",No formal educational credential,47350.0,25.103299999999997,0.7,20.11,41830.0,0.4,18.02,37470.0,31500.0,33910.0,46510.0,58890.0,BLS OEWS May 2025 special education aggregation
Metropolitan Area,41500,"Salinas, CA",Doctoral or professional degree,3480.0,1.8690000000000002,3.9,87.6,182200.0,4.3,72.24,150250.0,76530.0,107800.0,215990.0,377050.0,BLS OEWS May 2025 special education aggregation
Metropolitan Area,41500,"Salinas, CA",Master's degree,3700.0,1.9850999999999999,2.4,51.41,106930.0,2.4,47.93,99690.0,46700.0,62820.0,136020.0,170920.0,BLS OEWS May 2025 special education aggregation
Metropolitan Area,41500,"Salinas, CA",Bachelor's degree,32180.0,17.2605,0.8,52.91,110050.0,0.6,48.69,101280.0,54480.0,74010.0,132410.0,171430.0,BLS OEWS May 2025 special education aggregation
Metropolitan Area,41500,"Salinas, CA",Associate's degree,2600.0,1.3965999999999998,3.2,36.59,76110.0,1.3,31.37,65250.0,44060.0,49260.0,100460.0,122810.0,BLS OEWS May 2025 special education aggregation
Metropolitan Area,41500,"Salinas, CA",Postsecondary nondegree award,9660.0,5.1796999999999995,1.9,30.43,63290.0,0.8,27.42,57040.0,38970.0,47320.0,75220.0,94920.0,BLS OEWS May 2025 special education aggregation
Metropolitan Area,41500,"Salinas, CA","Some college, no degree",4330.0,2.3248,3.4,26.04,54150.0,0.8,23.55,48980.0,38240.0,45040.0,60780.0,75520.0,BLS OEWS May 2025 special education aggregation
Metropolitan Area,41500,"Salinas, CA",High school diploma or equivalent,53880.0,28.8988,0.5,29.01,60340.0,0.4,24.0,49920.0,34320.0,39080.0,72750.0,99550.0,BLS OEWS May 2025 special education aggregation
Metropolitan Area,41500,"Salinas, CA",No formal educational credential,76600.0,41.0856,0.3,20.6,42840.0,0.4,18.14,37730.0,35160.0,36150.0,45010.0,57050.0,BLS OEWS May 2025 special education aggregation
Metropolitan Area,41540,"Salisbury, MD",Doctoral or professional degree,2000.0,3.7218000000000004,2.3,75.47,156970.0,2.0,51.94,108020.0,70080.0,82170.0,164150.0,342840.0,BLS OEWS May 2025 special education aggregation
Metropolitan Area,41540,"Salisbury, MD",Master's degree,1740.0,3.2304000000000004,2.8,47.49,98790.0,1.4,43.85,91210.0,47880.0,63210.0,125550.0,155060.0,BLS OEWS May 2025 special education aggregation
Metropolitan Area,41540,"Salisbury, MD",Bachelor's degree,11570.0,21.519,0.9,45.15,93900.0,0.7,39.59,82350.0,49330.0,62510.0,103820.0,147110.0,BLS OEWS May 2025 special education aggregation
Metropolitan Area,41540,"Salisbury, MD",Associate's degree,1230.0,2.282,3.8,33.14,68940.0,1.1,31.44,65400.0,36140.0,47800.0,84660.0,101640.0,BLS OEWS May 2025 special education aggregation
Metropolitan Area,41540,"Salisbury, MD",Postsecondary nondegree award,3910.0,7.2691,2.2,24.9,51790.0,0.9,22.28,46330.0,35580.0,37280.0,59650.0,74660.0,BLS OEWS May 2025 special education aggregation
Metropolitan Area,41540,"Salisbury, MD","Some college, no degree",1240.0,2.3007999999999997,2.9,23.69,49280.0,0.9,22.56,46920.0,32430.0,37840.0,57130.0,67150.0,BLS OEWS May 2025 special education aggregation
Metropolitan Area,41540,"Salisbury, MD",High school diploma or equivalent,19140.0,35.5907,0.8,25.74,53540.0,0.4,22.84,47510.0,33200.0,37570.0,62050.0,79460.0,BLS OEWS May 2025 special education aggregation
Metropolitan Area,41540,"Salisbury, MD",No formal educational credential,12950.0,24.0861,0.9,17.97,37390.0,0.4,16.53,34390.0,31200.0,31200.0,38690.0,47130.0,BLS OEWS May 2025 special education aggregation
Metropolitan Area,41620,"Salt Lake City-Murray, UT",Doctoral or professional degree,21590.0,2.6136,3.1,76.89,159940.0,3.1,61.22,127340.0,54720.0,79590.0,199680.0,331930.0,BLS OEWS May 2025 special education aggregation
Metropolitan Area,41620,"Salt Lake City-Murray, UT",Master's degree,16470.0,1.9937999999999998,2.1,45.36,94350.0,1.7,41.05,85380.0,42130.0,60140.0,122220.0,148680.0,BLS OEWS May 2025 special education aggregation
Metropolitan Area,41620,"Salt Lake City-Murray, UT",Bachelor's degree,239330.0,28.9678,0.6,51.88,107920.0,0.7,45.97,95630.0,49040.0,65380.0,130500.0,174500.0,BLS OEWS May 2025 special education aggregation
Metropolitan Area,41620,"Salt Lake City-Murray, UT",Associate's degree,19010.0,2.3014,3.3,35.27,73350.0,1.3,31.57,65660.0,35500.0,48030.0,86360.0,110150.0,BLS OEWS May 2025 special education aggregation
Metropolitan Area,41620,"Salt Lake City-Murray, UT",Postsecondary nondegree award,46580.0,5.6379,2.4,27.02,56200.0,0.7,23.9,49710.0,36660.0,40920.0,65720.0,80490.0,BLS OEWS May 2025 special education aggregation
Metropolitan Area,41620,"Salt Lake City-Murray, UT","Some college, no degree",21130.0,2.5568999999999997,2.9,24.42,50790.0,2.7,22.69,47190.0,29550.0,36370.0,62110.0,78770.0,BLS OEWS May 2025 special education aggregation
Metropolitan Area,41620,"Salt Lake City-Murray, UT",High school diploma or equivalent,294480.0,35.6421,0.5,27.23,56640.0,0.3,23.64,49180.0,35150.0,39120.0,64700.0,85200.0,BLS OEWS May 2025 special education aggregation
Metropolitan Area,41620,"Salt Lake City-Murray, UT",No formal educational credential,167610.0,20.2866,0.9,18.94,39400.0,0.6,17.68,36770.0,26200.0,30050.0,45690.0,56560.0,BLS OEWS May 2025 special education aggregation
Metropolitan Area,41660,"San Angelo, TX",Doctoral or professional degree,1100.0,2.2039999999999997,5.2,69.6,144770.0,4.3,50.38,104790.0,53150.0,73960.0,153540.0,326680.0,BLS OEWS May 2025 special education aggregation
Metropolitan Area,41660,"San Angelo, TX",Master's degree,1260.0,2.5391,4.4,42.72,88850.0,1.9,38.23,79520.0,50080.0,62580.0,105620.0,132450.0,BLS OEWS May 2025 special education aggregation
Metropolitan Area,41660,"San Angelo, TX",Bachelor's degree,10810.0,21.7178,1.2,40.75,84750.0,0.9,35.23,73270.0,44210.0,55490.0,98510.0,135690.0,BLS OEWS May 2025 special education aggregation
Metropolitan Area,41660,"San Angelo, TX",Associate's degree,1080.0,2.1618,4.3,29.07,60460.0,1.6,27.89,58010.0,31180.0,39860.0,78320.0,94740.0,BLS OEWS May 2025 special education aggregation
Metropolitan Area,41660,"San Angelo, TX",Postsecondary nondegree award,3670.0,7.3664000000000005,2.2,23.23,48320.0,0.8,21.62,44970.0,30300.0,36040.0,58080.0,71930.0,BLS OEWS May 2025 special education aggregation
Metropolitan Area,41660,"San Angelo, TX","Some college, no degree",1120.0,2.2593,2.4,19.1,39730.0,0.9,17.89,37200.0,21800.0,24220.0,48780.0,63050.0,BLS OEWS May 2025 special education aggregation
Metropolitan Area,41660,"San Angelo, TX",High school diploma or equivalent,17540.0,35.2354,1.3,22.31,46400.0,0.7,20.1,41800.0,27370.0,32880.0,55140.0,72790.0,BLS OEWS May 2025 special education aggregation
Metropolitan Area,41660,"San Angelo, TX",No formal educational credential,13200.0,26.516199999999998,0.6,14.9,30980.0,0.6,13.84,28780.0,20680.0,23300.0,36030.0,44130.0,BLS OEWS May 2025 special education aggregation
Metropolitan Area,41700,"San Antonio-New Braunfels, TX",Doctoral or professional degree,23910.0,2.1216,4.3,74.13,154190.0,2.3,61.0,126870.0,53880.0,78660.0,184790.0,319330.0,BLS OEWS May 2025 special education aggregation
Metropolitan Area,41700,"San Antonio-New Braunfels, TX",Master's degree,24500.0,2.1744,1.6,43.38,90230.0,1.0,38.73,80560.0,45890.0,62450.0,107250.0,134800.0,BLS OEWS May 2025 special education aggregation
Metropolitan Area,41700,"San Antonio-New Braunfels, TX",Bachelor's degree,276390.0,24.5268,0.4,47.1,97970.0,0.5,39.3,81750.0,48750.0,61940.0,121180.0,161410.0,BLS OEWS May 2025 special education aggregation
Metropolitan Area,41700,"San Antonio-New Braunfels, TX",Associate's degree,22180.0,1.9682,2.7,29.98,62350.0,1.2,28.53,59330.0,33690.0,42450.0,79080.0,97940.0,BLS OEWS May 2025 special education aggregation
Metropolitan Area,41700,"San Antonio-New Braunfels, TX",Postsecondary nondegree award,72990.0,6.477500000000001,2.3,25.24,52500.0,0.6,22.78,47390.0,34470.0,38220.0,62270.0,77510.0,BLS OEWS May 2025 special education aggregation
Metropolitan Area,41700,"San Antonio-New Braunfels, TX","Some college, no degree",23950.0,2.1254999999999997,1.6,21.41,44530.0,0.6,20.21,42040.0,23310.0,30230.0,54810.0,67330.0,BLS OEWS May 2025 special education aggregation
Metropolitan Area,41700,"San Antonio-New Braunfels, TX",High school diploma or equivalent,404330.0,35.8805,0.5,23.87,49650.0,0.3,21.71,45160.0,27310.0,35120.0,58910.0,77520.0,BLS OEWS May 2025 special education aggregation
Metropolitan Area,41700,"San Antonio-New Braunfels, TX",No formal educational credential,278630.0,24.7256,0.5,16.51,34330.0,0.5,15.81,32880.0,22330.0,27400.0,38020.0,46840.0,BLS OEWS May 2025 special education aggregation
Metropolitan Area,41740,"San Diego-Chula Vista-Carlsbad, CA",Doctoral or professional degree,46670.0,3.0346,2.2,85.01,176820.0,3.1,74.64,155250.0,71910.0,103750.0,217210.0,337400.0,BLS OEWS May 2025 special education aggregation
Metropolitan Area,41740,"San Diego-Chula Vista-Carlsbad, CA",Master's degree,39590.0,2.5741,2.0,48.57,101020.0,1.1,44.48,92520.0,47960.0,57550.0,132140.0,167080.0,BLS OEWS May 2025 special education aggregation
Metropolitan Area,41740,"San Diego-Chula Vista-Carlsbad, CA",Bachelor's degree,411050.0,26.725099999999998,0.5,60.0,124790.0,0.5,52.29,108770.0,58170.0,77230.0,158620.0,206270.0,BLS OEWS May 2025 special education aggregation
Metropolitan Area,41740,"San Diego-Chula Vista-Carlsbad, CA",Associate's degree,36220.0,2.3548,3.5,39.08,81290.0,1.2,36.45,75820.0,44140.0,51580.0,103040.0,129630.0,BLS OEWS May 2025 special education aggregation
Metropolitan Area,41740,"San Diego-Chula Vista-Carlsbad, CA",Postsecondary nondegree award,80620.0,5.2417,1.3,29.81,62000.0,0.6,27.88,58000.0,37980.0,46870.0,74840.0,91780.0,BLS OEWS May 2025 special education aggregation
Metropolitan Area,41740,"San Diego-Chula Vista-Carlsbad, CA","Some college, no degree",36080.0,2.3457999999999997,3.0,27.27,56730.0,1.0,24.82,51620.0,37180.0,44690.0,63520.0,82160.0,BLS OEWS May 2025 special education aggregation
Metropolitan Area,41740,"San Diego-Chula Vista-Carlsbad, CA",High school diploma or equivalent,506870.0,32.9553,0.5,29.43,61210.0,0.4,24.51,50990.0,35770.0,40430.0,73150.0,98730.0,BLS OEWS May 2025 special education aggregation
Metropolitan Area,41740,"San Diego-Chula Vista-Carlsbad, CA",No formal educational credential,380960.0,24.7686,0.4,21.5,44720.0,0.5,18.78,39050.0,35420.0,36400.0,47010.0,59320.0,BLS OEWS May 2025 special education aggregation
Metropolitan Area,41780,"Sandusky, OH",Doctoral or professional degree,660.0,1.3191000000000002,4.7,74.86,155700.0,5.4,56.13,116760.0,61570.0,79960.0,190310.0,324990.0,BLS OEWS May 2025 special education aggregation
Metropolitan Area,41780,"Sandusky, OH",Master's degree,870.0,1.7391999999999999,3.7,39.36,81860.0,2.6,37.48,77960.0,39500.0,53060.0,101470.0,125140.0,BLS OEWS May 2025 special education aggregation
Metropolitan Area,41780,"Sandusky, OH",Bachelor's degree,9030.0,18.0245,0.8,42.23,87840.0,0.7,37.7,78420.0,45670.0,59130.0,99500.0,136140.0,BLS OEWS May 2025 special education aggregation
Metropolitan Area,41780,"Sandusky, OH",Associate's degree,890.0,1.7849,2.0,31.08,64640.0,1.0,30.35,63130.0,33630.0,45570.0,78000.0,94110.0,BLS OEWS May 2025 special education aggregation
Metropolitan Area,41780,"Sandusky, OH",Postsecondary nondegree award,3290.0,6.5573999999999995,2.2,24.99,51980.0,0.8,22.98,47800.0,33300.0,37910.0,61950.0,75650.0,BLS OEWS May 2025 special education aggregation
Metropolitan Area,41780,"Sandusky, OH","Some college, no degree",1060.0,2.1193999999999997,3.8,20.76,43180.0,1.3,18.49,38460.0,27790.0,34260.0,48600.0,60770.0,BLS OEWS May 2025 special education aggregation
Metropolitan Area,41780,"Sandusky, OH",High school diploma or equivalent,17580.0,35.0946,0.6,24.93,51860.0,0.5,22.39,46570.0,30610.0,37180.0,60640.0,78420.0,BLS OEWS May 2025 special education aggregation
Metropolitan Area,41780,"Sandusky, OH",No formal educational credential,16720.0,33.361000000000004,0.6,16.97,35300.0,0.9,15.46,32150.0,23950.0,27830.0,37510.0,47980.0,BLS OEWS May 2025 special education aggregation
Metropolitan Area,41860,"San Francisco-Oakland-Fremont, CA",Doctoral or professional degree,72080.0,3.0362,1.8,97.56,202920.0,1.6,84.34,175420.0,87640.0,124850.0,252050.0,357220.0,BLS OEWS May 2025 special education aggregation
Metropolitan Area,41860,"San Francisco-Oakland-Fremont, CA",Master's degree,54300.0,2.2874,3.5,57.6,119800.0,1.5,51.14,106360.0,54830.0,68400.0,155370.0,207020.0,BLS OEWS May 2025 special education aggregation
Metropolitan Area,41860,"San Francisco-Oakland-Fremont, CA",Bachelor's degree,784430.0,33.0436,0.4,74.94,155880.0,0.5,65.33,135890.0,67490.0,96970.0,202390.0,268410.0,BLS OEWS May 2025 special education aggregation
Metropolitan Area,41860,"San Francisco-Oakland-Fremont, CA",Associate's degree,52920.0,2.2294,2.8,47.14,98040.0,3.3,40.22,83660.0,48880.0,61360.0,123600.0,155480.0,BLS OEWS May 2025 special education aggregation
Metropolitan Area,41860,"San Francisco-Oakland-Fremont, CA",Postsecondary nondegree award,110220.0,4.6431,1.3,34.98,72760.0,0.6,31.52,65570.0,44670.0,51480.0,83080.0,107470.0,BLS OEWS May 2025 special education aggregation
Metropolitan Area,41860,"San Francisco-Oakland-Fremont, CA","Some college, no degree",55530.0,2.3392,2.6,32.64,67880.0,0.9,28.95,60210.0,44000.0,48380.0,76710.0,100170.0,BLS OEWS May 2025 special education aggregation
Metropolitan Area,41860,"San Francisco-Oakland-Fremont, CA",High school diploma or equivalent,766600.0,32.2927,0.5,33.66,70010.0,0.4,28.46,59190.0,37120.0,44680.0,82210.0,120320.0,BLS OEWS May 2025 special education aggregation
Metropolitan Area,41860,"San Francisco-Oakland-Fremont, CA",No formal educational credential,477830.0,20.1284,0.6,24.02,49970.0,0.5,21.61,44940.0,37600.0,39650.0,53870.0,68160.0,BLS OEWS May 2025 special education aggregation
Metropolitan Area,41940,"San Jose-Sunnyvale-Santa Clara, CA",Doctoral or professional degree,31540.0,2.7789,1.8,92.71,192830.0,1.7,76.57,159270.0,83000.0,103350.0,234080.0,360760.0,BLS OEWS May 2025 special education aggregation
Metropolitan Area,41940,"San Jose-Sunnyvale-Santa Clara, CA",Master's degree,23320.0,2.0545,1.9,66.33,137960.0,1.0,60.17,125140.0,60450.0,82360.0,175600.0,231560.0,BLS OEWS May 2025 special education aggregation
Metropolitan Area,41940,"San Jose-Sunnyvale-Santa Clara, CA",Bachelor's degree,462690.0,40.7668,0.4,88.31,183690.0,0.4,82.31,171200.0,79640.0,117610.0,219910.0,290440.0,BLS OEWS May 2025 special education aggregation
Metropolitan Area,41940,"San Jose-Sunnyvale-Santa Clara, CA",Associate's degree,24060.0,2.1203,3.1,48.94,101790.0,0.9,45.2,94020.0,48650.0,65410.0,129970.0,168140.0,BLS OEWS May 2025 special education aggregation
Metropolitan Area,41940,"San Jose-Sunnyvale-Santa Clara, CA",Postsecondary nondegree award,44830.0,3.9502,1.3,36.83,76610.0,0.5,33.82,70340.0,43970.0,54350.0,88980.0,116810.0,BLS OEWS May 2025 special education aggregation
Metropolitan Area,41940,"San Jose-Sunnyvale-Santa Clara, CA","Some college, no degree",23890.0,2.1053,3.2,33.13,68920.0,1.0,29.47,61290.0,44310.0,48960.0,79270.0,101410.0,BLS OEWS May 2025 special education aggregation
Metropolitan Area,41940,"San Jose-Sunnyvale-Santa Clara, CA",High school diploma or equivalent,319700.0,28.1681,0.5,34.77,72320.0,0.4,28.66,59600.0,37640.0,45270.0,82760.0,126830.0,BLS OEWS May 2025 special education aggregation
Metropolitan Area,41940,"San Jose-Sunnyvale-Santa Clara, CA",No formal educational credential,204930.0,18.056,0.6,24.37,50680.0,0.5,21.77,45290.0,38720.0,41650.0,54620.0,69340.0,BLS OEWS May 2025 special education aggregation
Metropolitan Area,41980,"San Juan-Bayamon-Caguas, PR",Doctoral or professional degree,14910.0,2.1584,3.8,50.76,105570.0,4.0,40.8,84870.0,49170.0,63470.0,121800.0,163870.0,BLS OEWS May 2025 special education aggregation
Metropolitan Area,41980,"San Juan-Bayamon-Caguas, PR",Master's degree,7310.0,1.0583,5.2,29.57,61510.0,9.5,25.57,53180.0,29760.0,37370.0,76580.0,97210.0,BLS OEWS May 2025 special education aggregation
Metropolitan Area,41980,"San Juan-Bayamon-Caguas, PR",Bachelor's degree,142300.0,20.599700000000002,1.2,30.96,64390.0,1.1,24.83,51640.0,30990.0,39150.0,75470.0,107680.0,BLS OEWS May 2025 special education aggregation
Metropolitan Area,41980,"San Juan-Bayamon-Caguas, PR",Associate's degree,13520.0,1.9568,2.9,20.42,42470.0,1.4,18.16,37770.0,23280.0,29860.0,47670.0,64790.0,BLS OEWS May 2025 special education aggregation
Metropolitan Area,41980,"San Juan-Bayamon-Caguas, PR",Postsecondary nondegree award,27830.0,4.0283999999999995,2.0,16.06,33400.0,0.9,13.99,29110.0,22050.0,24010.0,37560.0,47760.0,BLS OEWS May 2025 special education aggregation
Metropolitan Area,41980,"San Juan-Bayamon-Caguas, PR","Some college, no degree",17030.0,2.4659,2.9,15.57,32380.0,1.3,13.69,28470.0,22660.0,23400.0,36350.0,47380.0,BLS OEWS May 2025 special education aggregation
Metropolitan Area,41980,"San Juan-Bayamon-Caguas, PR",High school diploma or equivalent,286190.0,41.4287,0.8,16.16,33610.0,0.5,13.74,28580.0,21840.0,22780.0,38270.0,49790.0,BLS OEWS May 2025 special education aggregation
Metropolitan Area,41980,"San Juan-Bayamon-Caguas, PR",No formal educational credential,181710.0,26.303800000000003,0.8,12.56,26120.0,0.6,10.9,22680.0,21840.0,21890.0,27210.0,35620.0,BLS OEWS May 2025 special education aggregation
Metropolitan Area,42020,"San Luis Obispo-Paso Robles, CA",Doctoral or professional degree,3070.0,2.5155000000000003,2.8,81.04,168560.0,2.8,64.36,133860.0,73990.0,102630.0,199990.0,304140.0,BLS OEWS May 2025 special education aggregation
Metropolitan Area,42020,"San Luis Obispo-Paso Robles, CA",Master's degree,2930.0,2.4034,2.0,50.42,104880.0,0.9,48.21,100280.0,48750.0,73040.0,132740.0,162780.0,BLS OEWS May 2025 special education aggregation
Metropolitan Area,42020,"San Luis Obispo-Paso Robles, CA",Bachelor's degree,25650.0,21.0185,0.8,53.39,111050.0,1.4,47.69,99200.0,50930.0,70480.0,133240.0,182150.0,BLS OEWS May 2025 special education aggregation
Metropolitan Area,42020,"San Luis Obispo-Paso Robles, CA",Associate's degree,2460.0,2.0181,3.3,37.3,77590.0,1.2,34.87,72530.0,43840.0,52310.0,94970.0,127330.0,BLS OEWS May 2025 special education aggregation
Metropolitan Area,42020,"San Luis Obispo-Paso Robles, CA",Postsecondary nondegree award,6170.0,5.0551,1.3,31.01,64510.0,0.6,28.56,59400.0,38920.0,46630.0,76100.0,95320.0,BLS OEWS May 2025 special education aggregation
Metropolitan Area,42020,"San Luis Obispo-Paso Robles, CA","Some college, no degree",3350.0,2.7477,2.3,25.43,52890.0,1.0,22.91,47650.0,37790.0,43610.0,59240.0,73400.0,BLS OEWS May 2025 special education aggregation
Metropolitan Area,42020,"San Luis Obispo-Paso Robles, CA",High school diploma or equivalent,39860.0,32.6634,0.6,29.4,61160.0,0.4,24.38,50700.0,35520.0,39720.0,73170.0,99940.0,BLS OEWS May 2025 special education aggregation
Metropolitan Area,42020,"San Luis Obispo-Paso Robles, CA",No formal educational credential,38530.0,31.578300000000002,0.6,21.01,43700.0,0.7,18.46,38400.0,34740.0,35870.0,45800.0,59120.0,BLS OEWS May 2025 special education aggregation
Metropolitan Area,42100,"Santa Cruz-Watsonville, CA",Doctoral or professional degree,2420.0,2.4616,3.2,85.92,178710.0,7.8,76.47,159060.0,69840.0,103690.0,216350.0,315190.0,BLS OEWS May 2025 special education aggregation
Metropolitan Area,42100,"Santa Cruz-Watsonville, CA",Master's degree,2920.0,2.9665,2.8,49.38,102710.0,1.4,43.92,91350.0,47690.0,62760.0,134310.0,168640.0,BLS OEWS May 2025 special education aggregation
Metropolitan Area,42100,"Santa Cruz-Watsonville, CA",Bachelor's degree,22370.0,22.712200000000003,0.7,56.0,116480.0,0.6,49.01,101930.0,55540.0,73290.0,139570.0,201590.0,BLS OEWS May 2025 special education aggregation
Metropolitan Area,42100,"Santa Cruz-Watsonville, CA",Associate's degree,1970.0,2.0047,2.2,39.9,83000.0,1.2,34.83,72450.0,45150.0,52210.0,106280.0,141460.0,BLS OEWS May 2025 special education aggregation
Metropolitan Area,42100,"Santa Cruz-Watsonville, CA",Postsecondary nondegree award,5450.0,5.5291,2.3,30.38,63200.0,1.0,28.16,58580.0,38660.0,47350.0,75140.0,96060.0,BLS OEWS May 2025 special education aggregation
Metropolitan Area,42100,"Santa Cruz-Watsonville, CA","Some college, no degree",2670.0,2.7121,4.1,27.81,57850.0,1.7,25.07,52150.0,38810.0,45590.0,64460.0,83970.0,BLS OEWS May 2025 special education aggregation
Metropolitan Area,42100,"Santa Cruz-Watsonville, CA",High school diploma or equivalent,34090.0,34.6152,0.6,28.48,59250.0,0.4,23.76,49420.0,35440.0,39750.0,69280.0,95410.0,BLS OEWS May 2025 special education aggregation
Metropolitan Area,42100,"Santa Cruz-Watsonville, CA",No formal educational credential,26590.0,26.998700000000003,0.6,21.37,44450.0,0.6,18.84,39180.0,35510.0,36610.0,46780.0,59640.0,BLS OEWS May 2025 special education aggregation
Metropolitan Area,42140,"Santa Fe, NM",Doctoral or professional degree,1540.0,2.4989,3.6,71.86,149470.0,3.9,59.42,123590.0,67920.0,96580.0,162370.0,284510.0,BLS OEWS May 2025 special education aggregation
Metropolitan Area,42140,"Santa Fe, NM",Master's degree,1550.0,2.5032,3.5,46.01,95710.0,1.4,41.47,86260.0,52580.0,65580.0,119490.0,149040.0,BLS OEWS May 2025 special education aggregation
Metropolitan Area,42140,"Santa Fe, NM",Bachelor's degree,14680.0,23.7688,1.1,45.89,95450.0,1.3,39.73,82630.0,51380.0,64320.0,113070.0,149990.0,BLS OEWS May 2025 special education aggregation
Metropolitan Area,42140,"Santa Fe, NM",Associate's degree,1430.0,2.3205999999999998,3.1,34.16,71040.0,1.4,31.73,65990.0,44050.0,53000.0,84360.0,103750.0,BLS OEWS May 2025 special education aggregation
Metropolitan Area,42140,"Santa Fe, NM",Postsecondary nondegree award,3050.0,4.939,3.0,25.15,52320.0,0.7,22.69,47200.0,31460.0,39210.0,60580.0,78610.0,BLS OEWS May 2025 special education aggregation
Metropolitan Area,42140,"Santa Fe, NM","Some college, no degree",1390.0,2.2517,3.0,24.69,51340.0,1.2,23.46,48790.0,30680.0,37930.0,60940.0,74010.0,BLS OEWS May 2025 special education aggregation
Metropolitan Area,42140,"Santa Fe, NM",High school diploma or equivalent,19740.0,31.9583,1.0,25.23,52470.0,0.6,22.68,47170.0,31200.0,37210.0,61460.0,80360.0,BLS OEWS May 2025 special education aggregation
Metropolitan Area,42140,"Santa Fe, NM",No formal educational credential,18380.0,29.7597,0.7,19.04,39590.0,0.8,17.4,36190.0,29810.0,31250.0,44350.0,53340.0,BLS OEWS May 2025 special education aggregation
Metropolitan Area,42200,"Santa Maria-Santa Barbara, CA",Doctoral or professional degree,6020.0,2.9988,3.6,74.67,155320.0,2.7,61.84,128620.0,60730.0,81740.0,181500.0,296960.0,BLS OEWS May 2025 special education aggregation
Metropolitan Area,42200,"Santa Maria-Santa Barbara, CA",Master's degree,5050.0,2.5171,1.8,49.78,103540.0,0.9,47.46,98710.0,48290.0,64930.0,132610.0,165700.0,BLS OEWS May 2025 special education aggregation
Metropolitan Area,42200,"Santa Maria-Santa Barbara, CA",Bachelor's degree,44360.0,22.0934,0.7,56.29,117080.0,0.4,50.05,104110.0,53850.0,75490.0,139250.0,188760.0,BLS OEWS May 2025 special education aggregation
Metropolitan Area,42200,"Santa Maria-Santa Barbara, CA",Associate's degree,3980.0,1.9800999999999997,2.7,39.02,81160.0,1.3,36.52,75960.0,44700.0,53200.0,102150.0,133880.0,BLS OEWS May 2025 special education aggregation
Metropolitan Area,42200,"Santa Maria-Santa Barbara, CA",Postsecondary nondegree award,10380.0,5.1727,1.8,29.55,61470.0,0.7,26.02,54120.0,38420.0,46410.0,72800.0,90970.0,BLS OEWS May 2025 special education aggregation
Metropolitan Area,42200,"Santa Maria-Santa Barbara, CA","Some college, no degree",5770.0,2.8721,2.6,27.9,58040.0,0.9,25.14,52300.0,39000.0,45780.0,68760.0,80520.0,BLS OEWS May 2025 special education aggregation
Metropolitan Area,42200,"Santa Maria-Santa Barbara, CA",High school diploma or equivalent,60760.0,30.265800000000002,0.5,29.07,60460.0,0.4,24.65,51280.0,35640.0,41030.0,72000.0,95740.0,BLS OEWS May 2025 special education aggregation
Metropolitan Area,42200,"Santa Maria-Santa Barbara, CA",No formal educational credential,64440.0,32.099900000000005,0.5,20.64,42930.0,0.4,18.3,38060.0,34860.0,35920.0,45340.0,57560.0,BLS OEWS May 2025 special education aggregation
Metropolitan Area,42220,"Santa Rosa-Petaluma, CA",Doctoral or professional degree,3990.0,1.9431999999999998,5.2,91.51,190330.0,4.8,76.07,158230.0,78870.0,107270.0,214560.0,315720.0,BLS OEWS May 2025 special education aggregation
Metropolitan Area,42220,"Santa Rosa-Petaluma, CA",Master's degree,4510.0,2.1963999999999997,2.5,52.77,109760.0,1.8,48.33,100520.0,50120.0,65130.0,140490.0,172810.0,BLS OEWS May 2025 special education aggregation
Metropolitan Area,42220,"Santa Rosa-Petaluma, CA",Bachelor's degree,42530.0,20.718,0.8,56.03,116540.0,1.2,49.19,102310.0,55460.0,74560.0,140120.0,198920.0,BLS OEWS May 2025 special education aggregation
Metropolitan Area,42220,"Santa Rosa-Petaluma, CA",Associate's degree,4160.0,2.0273,3.9,44.1,91720.0,0.9,38.6,80280.0,45990.0,56070.0,133870.0,144960.0,BLS OEWS May 2025 special education aggregation
Metropolitan Area,42220,"Santa Rosa-Petaluma, CA",Postsecondary nondegree award,11380.0,5.5458,1.2,32.86,68340.0,0.8,29.91,62220.0,40650.0,49080.0,78240.0,99080.0,BLS OEWS May 2025 special education aggregation
Metropolitan Area,42220,"Santa Rosa-Petaluma, CA","Some college, no degree",5170.0,2.5181999999999998,3.5,27.96,58150.0,0.7,26.54,55210.0,40150.0,46750.0,65270.0,78770.0,BLS OEWS May 2025 special education aggregation
Metropolitan Area,42220,"Santa Rosa-Petaluma, CA",High school diploma or equivalent,72400.0,35.271100000000004,0.6,30.31,63040.0,0.5,26.26,54610.0,36850.0,42840.0,75750.0,99220.0,BLS OEWS May 2025 special education aggregation
Metropolitan Area,42220,"Santa Rosa-Petaluma, CA",No formal educational credential,61130.0,29.78,0.7,22.66,47140.0,0.6,20.77,43200.0,36650.0,37820.0,48980.0,62720.0,BLS OEWS May 2025 special education aggregation
Metropolitan Area,42340,"Savannah, GA",Doctoral or professional degree,3390.0,1.7106999999999999,4.4,72.21,150190.0,4.2,52.16,108490.0,62310.0,80490.0,160230.0,341650.0,BLS OEWS May 2025 special education aggregation
Metropolitan Area,42340,"Savannah, GA",Master's degree,4180.0,2.1083,1.7,40.34,83910.0,1.4,37.92,78870.0,48850.0,58580.0,100510.0,127240.0,BLS OEWS May 2025 special education aggregation
Metropolitan Area,42340,"Savannah, GA",Bachelor's degree,38280.0,19.297800000000002,0.7,45.36,94340.0,1.0,38.71,80520.0,47300.0,61530.0,107500.0,159150.0,BLS OEWS May 2025 special education aggregation
Metropolitan Area,42340,"Savannah, GA",Associate's degree,3710.0,1.8727,3.0,32.25,67070.0,1.2,30.98,64430.0,37590.0,48090.0,82550.0,97770.0,BLS OEWS May 2025 special education aggregation
Metropolitan Area,42340,"Savannah, GA",Postsecondary nondegree award,16730.0,8.4322,1.9,28.06,58350.0,1.5,26.37,54850.0,35360.0,39730.0,69580.0,85090.0,BLS OEWS May 2025 special education aggregation
Metropolitan Area,42340,"Savannah, GA","Some college, no degree",3460.0,1.7457,2.6,22.19,46140.0,1.7,20.8,43260.0,25740.0,29490.0,56130.0,70990.0,BLS OEWS May 2025 special education aggregation
Metropolitan Area,42340,"Savannah, GA",High school diploma or equivalent,71490.0,36.039699999999996,0.6,25.66,53370.0,0.6,22.76,47330.0,30090.0,36850.0,62590.0,82420.0,BLS OEWS May 2025 special education aggregation
Metropolitan Area,42340,"Savannah, GA",No formal educational credential,57110.0,28.7928,0.7,16.67,34680.0,1.0,15.92,33110.0,21880.0,27720.0,38250.0,48100.0,BLS OEWS May 2025 special education aggregation
Metropolitan Area,42540,"Scranton--Wilkes-Barre, PA",Doctoral or professional degree,5430.0,2.1247,2.3,66.76,138850.0,2.4,48.99,101890.0,50440.0,75300.0,151530.0,275330.0,BLS OEWS May 2025 special education aggregation
Metropolitan Area,42540,"Scranton--Wilkes-Barre, PA",Master's degree,6020.0,2.3544,4.0,38.83,80770.0,2.3,34.51,71780.0,38500.0,47990.0,102000.0,130990.0,BLS OEWS May 2025 special education aggregation
Metropolitan Area,42540,"Scranton--Wilkes-Barre, PA",Bachelor's degree,45750.0,17.8969,1.0,43.19,89830.0,0.7,38.49,80060.0,46400.0,60640.0,101200.0,139570.0,BLS OEWS May 2025 special education aggregation
Metropolitan Area,42540,"Scranton--Wilkes-Barre, PA",Associate's degree,4720.0,1.8451,3.1,29.27,60870.0,1.1,28.69,59670.0,34340.0,42760.0,75330.0,91470.0,BLS OEWS May 2025 special education aggregation
Metropolitan Area,42540,"Scranton--Wilkes-Barre, PA",Postsecondary nondegree award,19030.0,7.4445,1.4,25.54,53130.0,0.6,23.42,48720.0,36520.0,40160.0,61390.0,74500.0,BLS OEWS May 2025 special education aggregation
Metropolitan Area,42540,"Scranton--Wilkes-Barre, PA","Some college, no degree",4910.0,1.9213999999999998,3.2,20.81,43280.0,1.5,18.9,39320.0,26570.0,30450.0,50520.0,62710.0,BLS OEWS May 2025 special education aggregation
Metropolitan Area,42540,"Scranton--Wilkes-Barre, PA",High school diploma or equivalent,97430.0,38.1173,0.5,24.43,50800.0,0.6,22.04,45850.0,29000.0,35990.0,60440.0,78290.0,BLS OEWS May 2025 special education aggregation
Metropolitan Area,42540,"Scranton--Wilkes-Barre, PA",No formal educational credential,72330.0,28.295800000000003,0.6,18.01,37460.0,0.5,17.24,35860.0,23090.0,28340.0,44660.0,53510.0,BLS OEWS May 2025 special education aggregation
Metropolitan Area,42660,"Seattle-Tacoma-Bellevue, WA",Doctoral or professional degree,50070.0,2.4003,2.4,89.97,187140.0,3.2,68.87,143250.0,78820.0,100870.0,219090.0,351580.0,BLS OEWS May 2025 special education aggregation
Metropolitan Area,42660,"Seattle-Tacoma-Bellevue, WA",Master's degree,48530.0,2.3263000000000003,2.1,54.19,112710.0,1.3,49.67,103320.0,57560.0,75630.0,134320.0,176450.0,BLS OEWS May 2025 special education aggregation
Metropolitan Area,42660,"Seattle-Tacoma-Bellevue, WA",Bachelor's degree,678370.0,32.5169,0.8,65.55,136340.0,0.7,61.22,127330.0,65630.0,85950.0,167520.0,212860.0,BLS OEWS May 2025 special education aggregation
Metropolitan Area,42660,"Seattle-Tacoma-Bellevue, WA",Associate's degree,45530.0,2.1826,2.6,43.02,89480.0,1.2,39.1,81330.0,45860.0,57350.0,117840.0,134670.0,BLS OEWS May 2025 special education aggregation
Metropolitan Area,42660,"Seattle-Tacoma-Bellevue, WA",Postsecondary nondegree award,117530.0,5.6339,1.6,35.42,73670.0,0.6,31.03,64550.0,47390.0,55350.0,83100.0,108520.0,BLS OEWS May 2025 special education aggregation
Metropolitan Area,42660,"Seattle-Tacoma-Bellevue, WA","Some college, no degree",59880.0,2.8704,4.5,30.92,64320.0,0.8,28.84,59980.0,43280.0,49250.0,72460.0,85610.0,BLS OEWS May 2025 special education aggregation
Metropolitan Area,42660,"Seattle-Tacoma-Bellevue, WA",High school diploma or equivalent,644320.0,30.8846,1.1,33.78,70270.0,0.3,29.44,61240.0,43770.0,48400.0,81210.0,108800.0,BLS OEWS May 2025 special education aggregation
Metropolitan Area,42660,"Seattle-Tacoma-Bellevue, WA",No formal educational credential,441960.0,21.185,0.7,24.27,50480.0,0.8,22.24,46270.0,37190.0,39620.0,56010.0,64910.0,BLS OEWS May 2025 special education aggregation
Metropolitan Area,42680,"Sebastian-Vero Beach-West Vero Corridor, FL",Doctoral or professional degree,1090.0,1.8960000000000001,3.9,86.69,180320.0,4.4,64.52,134190.0,61420.0,96820.0,213130.0,401140.0,BLS OEWS May 2025 special education aggregation
Metropolitan Area,42680,"Sebastian-Vero Beach-West Vero Corridor, FL",Master's degree,1030.0,1.795,3.7,44.47,92500.0,2.2,46.31,96330.0,45560.0,60670.0,109970.0,132530.0,BLS OEWS May 2025 special education aggregation
Metropolitan Area,42680,"Sebastian-Vero Beach-West Vero Corridor, FL",Bachelor's degree,11260.0,19.548099999999998,1.0,45.37,94370.0,0.8,38.93,80970.0,46580.0,57960.0,104670.0,159180.0,BLS OEWS May 2025 special education aggregation
Metropolitan Area,42680,"Sebastian-Vero Beach-West Vero Corridor, FL",Associate's degree,1390.0,2.4171,3.7,31.15,64790.0,1.9,29.42,61190.0,35030.0,43250.0,81820.0,100690.0,BLS OEWS May 2025 special education aggregation
Metropolitan Area,42680,"Sebastian-Vero Beach-West Vero Corridor, FL",Postsecondary nondegree award,4880.0,8.4754,1.6,24.86,51720.0,0.8,22.27,46320.0,34200.0,38310.0,59640.0,77000.0,BLS OEWS May 2025 special education aggregation
Metropolitan Area,42680,"Sebastian-Vero Beach-West Vero Corridor, FL","Some college, no degree",1060.0,1.8424,3.1,23.5,48890.0,1.6,21.46,44630.0,33410.0,38240.0,54710.0,68550.0,BLS OEWS May 2025 special education aggregation
Metropolitan Area,42680,"Sebastian-Vero Beach-West Vero Corridor, FL",High school diploma or equivalent,18730.0,32.499700000000004,1.0,24.74,51450.0,0.6,22.02,45800.0,31490.0,36580.0,59470.0,77840.0,BLS OEWS May 2025 special education aggregation
Metropolitan Area,42680,"Sebastian-Vero Beach-West Vero Corridor, FL",No formal educational credential,18170.0,31.5262,1.1,17.77,36970.0,0.4,16.83,35000.0,27890.0,29450.0,39010.0,48150.0,BLS OEWS May 2025 special education aggregation
Metropolitan Area,42700,"Sebring, FL",Doctoral or professional degree,580.0,2.0669,6.4,84.85,176500.0,3.6,55.66,115770.0,61250.0,74370.0,211230.0,427870.0,BLS OEWS May 2025 special education aggregation
Metropolitan Area,42700,"Sebring, FL",Master's degree,720.0,2.5564,4.4,40.73,84710.0,3.0,37.67,78350.0,36650.0,48910.0,103380.0,127460.0,BLS OEWS May 2025 special education aggregation
Metropolitan Area,42700,"Sebring, FL",Bachelor's degree,5180.0,18.4155,1.4,38.64,80370.0,0.8,34.21,71160.0,40580.0,49450.0,95300.0,125660.0,BLS OEWS May 2025 special education aggregation
Metropolitan Area,42700,"Sebring, FL",Associate's degree,720.0,2.5617,2.4,28.17,58580.0,1.2,28.22,58700.0,29970.0,36810.0,77680.0,85560.0,BLS OEWS May 2025 special education aggregation
Metropolitan Area,42700,"Sebring, FL",Postsecondary nondegree award,2460.0,8.7467,2.1,21.81,45370.0,1.8,19.56,40690.0,32610.0,35500.0,53150.0,63030.0,BLS OEWS May 2025 special education aggregation
Metropolitan Area,42700,"Sebring, FL","Some college, no degree",650.0,2.3255,3.8,19.9,41400.0,1.0,17.97,37380.0,29110.0,29110.0,47480.0,58680.0,BLS OEWS May 2025 special education aggregation
Metropolitan Area,42700,"Sebring, FL",High school diploma or equivalent,9350.0,33.2757,0.9,22.28,46350.0,1.1,19.42,40400.0,29570.0,34410.0,53450.0,69890.0,BLS OEWS May 2025 special education aggregation
Metropolitan Area,42700,"Sebring, FL",No formal educational credential,8450.0,30.0519,0.7,16.65,34640.0,0.4,15.05,31300.0,27040.0,27790.0,36380.0,45240.0,BLS OEWS May 2025 special education aggregation
Metropolitan Area,43100,"Sheboygan, WI",Doctoral or professional degree,880.0,1.4548999999999999,2.8,106.21,220910.0,2.1,67.7,140810.0,65860.0,93630.0,350740.0,461880.0,BLS OEWS May 2025 special education aggregation
Metropolitan Area,43100,"Sheboygan, WI",Master's degree,1030.0,1.6911,2.7,45.74,95140.0,1.7,38.67,80440.0,49620.0,62470.0,122420.0,146960.0,BLS OEWS May 2025 special education aggregation
Metropolitan Area,43100,"Sheboygan, WI",Bachelor's degree,11520.0,19.0071,1.3,49.5,102970.0,0.5,40.7,84660.0,52660.0,66190.0,121050.0,163410.0,BLS OEWS May 2025 special education aggregation
Metropolitan Area,43100,"Sheboygan, WI",Associate's degree,1190.0,1.9609,2.7,33.55,69780.0,1.0,32.42,67430.0,38240.0,54580.0,82990.0,99280.0,BLS OEWS May 2025 special education aggregation
Metropolitan Area,43100,"Sheboygan, WI",Postsecondary nondegree award,4040.0,6.6651,1.2,26.97,56090.0,0.5,25.39,52810.0,37630.0,47000.0,65020.0,76890.0,BLS OEWS May 2025 special education aggregation
Metropolitan Area,43100,"Sheboygan, WI","Some college, no degree",1130.0,1.8701,3.4,22.54,46870.0,1.1,21.47,44650.0,30410.0,37570.0,53390.0,65340.0,BLS OEWS May 2025 special education aggregation
Metropolitan Area,43100,"Sheboygan, WI",High school diploma or equivalent,26970.0,44.4769,0.6,26.94,56040.0,0.4,24.76,51490.0,36060.0,44090.0,61980.0,79640.0,BLS OEWS May 2025 special education aggregation
Metropolitan Area,43100,"Sheboygan, WI",No formal educational credential,13870.0,22.8739,0.6,18.37,38210.0,0.5,17.24,35850.0,24140.0,29670.0,46000.0,55490.0,BLS OEWS May 2025 special education aggregation
Metropolitan Area,43300,"Sherman-Denison, TX",Doctoral or professional degree,1060.0,2.0187999999999997,8.8,63.61,132300.0,5.6,48.37,100620.0,51210.0,61660.0,144770.0,295180.0,BLS OEWS May 2025 special education aggregation
Metropolitan Area,43300,"Sherman-Denison, TX",Master's degree,1050.0,1.9901,4.5,43.72,90940.0,2.2,40.26,83740.0,46450.0,64910.0,104790.0,129460.0,BLS OEWS May 2025 special education aggregation
Metropolitan Area,43300,"Sherman-Denison, TX",Bachelor's degree,11010.0,20.9057,1.0,43.12,89680.0,0.8,36.45,75810.0,48020.0,60390.0,103290.0,151550.0,BLS OEWS May 2025 special education aggregation
Metropolitan Area,43300,"Sherman-Denison, TX",Associate's degree,1150.0,2.175,4.7,31.0,64470.0,1.9,30.87,64210.0,30210.0,41300.0,82000.0,99140.0,BLS OEWS May 2025 special education aggregation
Metropolitan Area,43300,"Sherman-Denison, TX",Postsecondary nondegree award,3640.0,6.902200000000001,2.1,24.05,50020.0,0.8,22.36,46510.0,31930.0,36780.0,60630.0,73790.0,BLS OEWS May 2025 special education aggregation
Metropolitan Area,43300,"Sherman-Denison, TX","Some college, no degree",1170.0,2.2247,1.7,18.79,39090.0,0.7,16.63,34580.0,22230.0,27900.0,48260.0,62080.0,BLS OEWS May 2025 special education aggregation
Metropolitan Area,43300,"Sherman-Denison, TX",High school diploma or equivalent,19360.0,36.7392,0.7,23.28,48420.0,0.6,21.01,43710.0,27960.0,34950.0,57960.0,76410.0,BLS OEWS May 2025 special education aggregation
Metropolitan Area,43300,"Sherman-Denison, TX",No formal educational credential,14250.0,27.044400000000003,0.8,16.4,34110.0,0.8,15.08,31360.0,22120.0,27160.0,37980.0,46110.0,BLS OEWS May 2025 special education aggregation
Metropolitan Area,43340,"Shreveport-Bossier City, LA",Doctoral or professional degree,3160.0,1.9402000000000001,4.0,66.52,138350.0,3.2,57.22,119020.0,61340.0,79090.0,152400.0,266200.0,BLS OEWS May 2025 special education aggregation
Metropolitan Area,43340,"Shreveport-Bossier City, LA",Master's degree,3740.0,2.2962,3.1,40.24,83690.0,1.8,32.65,67900.0,44310.0,59030.0,102100.0,133570.0,BLS OEWS May 2025 special education aggregation
Metropolitan Area,43340,"Shreveport-Bossier City, LA",Bachelor's degree,32370.0,19.8906,0.8,42.8,89030.0,0.7,37.46,77910.0,47040.0,60770.0,103330.0,142680.0,BLS OEWS May 2025 special education aggregation
Metropolitan Area,43340,"Shreveport-Bossier City, LA",Associate's degree,3590.0,2.2073,1.9,29.65,61660.0,0.9,29.62,61600.0,31830.0,42710.0,79010.0,90110.0,BLS OEWS May 2025 special education aggregation
Metropolitan Area,43340,"Shreveport-Bossier City, LA",Postsecondary nondegree award,15060.0,9.2527,2.2,22.82,47460.0,0.7,21.88,45500.0,29430.0,34820.0,57750.0,67890.0,BLS OEWS May 2025 special education aggregation
Metropolitan Area,43340,"Shreveport-Bossier City, LA","Some college, no degree",4000.0,2.4585,2.5,21.26,44220.0,2.5,19.16,39840.0,24180.0,30500.0,50250.0,63700.0,BLS OEWS May 2025 special education aggregation
Metropolitan Area,43340,"Shreveport-Bossier City, LA",High school diploma or equivalent,57450.0,35.301,0.6,23.17,48190.0,0.5,20.88,43430.0,24630.0,32130.0,59650.0,76900.0,BLS OEWS May 2025 special education aggregation
Metropolitan Area,43340,"Shreveport-Bossier City, LA",No formal educational credential,43380.0,26.6536,0.6,15.18,31580.0,0.7,13.73,28550.0,18680.0,22450.0,36440.0,48290.0,BLS OEWS May 2025 special education aggregation
Metropolitan Area,43420,"Sierra Vista-Douglas, AZ",Doctoral or professional degree,600.0,1.7518999999999998,1.8,69.94,145470.0,2.8,53.32,110900.0,65130.0,71540.0,161310.0,293660.0,BLS OEWS May 2025 special education aggregation
Metropolitan Area,43420,"Sierra Vista-Douglas, AZ",Master's degree,790.0,2.3245,2.1,41.05,85380.0,1.0,38.18,79420.0,40010.0,54230.0,110640.0,139590.0,BLS OEWS May 2025 special education aggregation
Metropolitan Area,43420,"Sierra Vista-Douglas, AZ",Bachelor's degree,9360.0,27.5422,0.9,45.22,94060.0,0.9,41.25,85800.0,45290.0,60420.0,116580.0,143790.0,BLS OEWS May 2025 special education aggregation
Metropolitan Area,43420,"Sierra Vista-Douglas, AZ",Associate's degree,640.0,1.8794,3.4,32.01,66590.0,1.0,29.93,62250.0,34160.0,44490.0,83550.0,97910.0,BLS OEWS May 2025 special education aggregation
Metropolitan Area,43420,"Sierra Vista-Douglas, AZ",Postsecondary nondegree award,2220.0,6.5463,3.2,25.11,52220.0,1.0,22.03,45810.0,34560.0,38200.0,60800.0,77770.0,BLS OEWS May 2025 special education aggregation
Metropolitan Area,43420,"Sierra Vista-Douglas, AZ","Some college, no degree",1040.0,3.0663,3.0,20.31,42250.0,1.2,17.61,36620.0,30580.0,32400.0,47560.0,63710.0,BLS OEWS May 2025 special education aggregation
Metropolitan Area,43420,"Sierra Vista-Douglas, AZ",High school diploma or equivalent,11100.0,32.6842,0.9,25.68,53420.0,0.7,21.93,45620.0,31670.0,36320.0,60110.0,92770.0,BLS OEWS May 2025 special education aggregation
Metropolitan Area,43420,"Sierra Vista-Douglas, AZ",No formal educational credential,8220.0,24.2056,1.0,17.68,36770.0,0.6,16.1,33490.0,30580.0,30690.0,37340.0,46990.0,BLS OEWS May 2025 special education aggregation
Metropolitan Area,43580,"Sioux City, IA-NE-SD",Doctoral or professional degree,1270.0,1.6869,2.4,69.83,145240.0,4.2,48.92,101750.0,62020.0,79050.0,163680.0,309890.0,BLS OEWS May 2025 special education aggregation
Metropolitan Area,43580,"Sioux City, IA-NE-SD",Master's degree,1450.0,1.9289999999999998,2.7,40.68,84620.0,2.4,36.6,76120.0,45480.0,52310.0,104210.0,132650.0,BLS OEWS May 2025 special education aggregation
Metropolitan Area,43580,"Sioux City, IA-NE-SD",Bachelor's degree,13150.0,17.531200000000002,1.2,41.28,85860.0,0.5,36.02,74920.0,45880.0,58240.0,98020.0,138840.0,BLS OEWS May 2025 special education aggregation
Metropolitan Area,43580,"Sioux City, IA-NE-SD",Associate's degree,1430.0,1.902,3.2,30.4,63240.0,1.0,29.34,61030.0,37620.0,46040.0,78650.0,92620.0,BLS OEWS May 2025 special education aggregation
Metropolitan Area,43580,"Sioux City, IA-NE-SD",Postsecondary nondegree award,6260.0,8.347,1.1,25.39,52800.0,0.5,23.5,48880.0,37210.0,38940.0,61460.0,76340.0,BLS OEWS May 2025 special education aggregation
Metropolitan Area,43580,"Sioux City, IA-NE-SD","Some college, no degree",2050.0,2.7382,2.7,19.4,40360.0,0.8,17.86,37140.0,26080.0,30430.0,48270.0,58360.0,BLS OEWS May 2025 special education aggregation
Metropolitan Area,43580,"Sioux City, IA-NE-SD",High school diploma or equivalent,25390.0,33.8457,0.7,25.8,53660.0,0.4,22.98,47790.0,32940.0,38580.0,61690.0,82120.0,BLS OEWS May 2025 special education aggregation
Metropolitan Area,43580,"Sioux City, IA-NE-SD",No formal educational credential,24020.0,32.0203,0.5,18.36,38190.0,0.4,17.73,36880.0,26620.0,29540.0,46220.0,49600.0,BLS OEWS May 2025 special education aggregation
Metropolitan Area,43620,"Sioux Falls, SD-MN",Doctoral or professional degree,3750.0,2.101,3.1,86.03,178940.0,2.8,63.44,131950.0,63160.0,83320.0,216950.0,365350.0,BLS OEWS May 2025 special education aggregation
Metropolitan Area,43620,"Sioux Falls, SD-MN",Master's degree,3850.0,2.1535,2.5,43.85,91210.0,2.2,34.43,71620.0,46110.0,54350.0,108640.0,145270.0,BLS OEWS May 2025 special education aggregation
Metropolitan Area,43620,"Sioux Falls, SD-MN",Bachelor's degree,38860.0,21.7603,1.2,43.86,91240.0,0.8,37.75,78520.0,48490.0,58990.0,103380.0,150810.0,BLS OEWS May 2025 special education aggregation
Metropolitan Area,43620,"Sioux Falls, SD-MN",Associate's degree,4230.0,2.366,3.6,29.98,62360.0,1.4,28.86,60020.0,39090.0,48010.0,76690.0,91290.0,BLS OEWS May 2025 special education aggregation
Metropolitan Area,43620,"Sioux Falls, SD-MN",Postsecondary nondegree award,12350.0,6.917199999999999,1.6,25.1,52200.0,0.6,23.61,49110.0,36350.0,39190.0,61530.0,73290.0,BLS OEWS May 2025 special education aggregation
Metropolitan Area,43620,"Sioux Falls, SD-MN","Some college, no degree",5620.0,3.1467,3.4,21.44,44600.0,0.5,21.79,45320.0,27510.0,35360.0,51580.0,60240.0,BLS OEWS May 2025 special education aggregation
Metropolitan Area,43620,"Sioux Falls, SD-MN",High school diploma or equivalent,60490.0,33.8711,1.0,25.44,52900.0,0.4,22.87,47570.0,33280.0,38830.0,60980.0,78170.0,BLS OEWS May 2025 special education aggregation
Metropolitan Area,43620,"Sioux Falls, SD-MN",No formal educational credential,49440.0,27.684199999999997,0.9,18.07,37580.0,0.5,17.1,35560.0,28590.0,29830.0,42870.0,48150.0,BLS OEWS May 2025 special education aggregation
Metropolitan Area,43640,"Slidell-Mandeville-Covington, LA",Doctoral or professional degree,2110.0,2.146,3.4,80.86,168180.0,4.2,62.42,129830.0,59990.0,81910.0,208660.0,370760.0,BLS OEWS May 2025 special education aggregation
Metropolitan Area,43640,"Slidell-Mandeville-Covington, LA",Master's degree,2570.0,2.6183,3.2,41.84,87020.0,3.3,34.23,71200.0,34470.0,54950.0,108240.0,138510.0,BLS OEWS May 2025 special education aggregation
Metropolitan Area,43640,"Slidell-Mandeville-Covington, LA",Bachelor's degree,20650.0,21.0214,1.1,44.08,91690.0,1.2,36.86,76670.0,48260.0,59850.0,101570.0,156450.0,BLS OEWS May 2025 special education aggregation
Metropolitan Area,43640,"Slidell-Mandeville-Covington, LA",Associate's degree,2230.0,2.2736,3.4,30.65,63740.0,1.3,30.25,62910.0,33330.0,45240.0,80020.0,94970.0,BLS OEWS May 2025 special education aggregation
Metropolitan Area,43640,"Slidell-Mandeville-Covington, LA",Postsecondary nondegree award,8500.0,8.6495,2.5,25.18,52360.0,1.1,21.62,44970.0,29200.0,34410.0,60280.0,81660.0,BLS OEWS May 2025 special education aggregation
Metropolitan Area,43640,"Slidell-Mandeville-Covington, LA","Some college, no degree",2420.0,2.4603,4.6,20.23,42070.0,2.1,17.42,36240.0,28330.0,28330.0,48200.0,62650.0,BLS OEWS May 2025 special education aggregation
Metropolitan Area,43640,"Slidell-Mandeville-Covington, LA",High school diploma or equivalent,32310.0,32.8889,0.8,22.43,46640.0,0.7,19.81,41210.0,24020.0,30980.0,56690.0,75010.0,BLS OEWS May 2025 special education aggregation
Metropolitan Area,43640,"Slidell-Mandeville-Covington, LA",No formal educational credential,27450.0,27.941899999999997,0.6,14.97,31140.0,1.0,13.93,28970.0,18180.0,22950.0,36030.0,45630.0,BLS OEWS May 2025 special education aggregation
Metropolitan Area,43780,"South Bend-Mishawaka, IN-MI",Doctoral or professional degree,4910.0,3.7323999999999997,1.7,63.34,131750.0,3.4,45.98,95630.0,59300.0,68920.0,139380.0,287800.0,BLS OEWS May 2025 special education aggregation
Metropolitan Area,43780,"South Bend-Mishawaka, IN-MI",Master's degree,3740.0,2.8384,2.6,40.27,83750.0,1.6,35.76,74380.0,43730.0,51760.0,101750.0,130820.0,BLS OEWS May 2025 special education aggregation
Metropolitan Area,43780,"South Bend-Mishawaka, IN-MI",Bachelor's degree,24300.0,18.456899999999997,0.7,42.98,89400.0,0.5,37.32,77630.0,46070.0,57910.0,105080.0,141390.0,BLS OEWS May 2025 special education aggregation
Metropolitan Area,43780,"South Bend-Mishawaka, IN-MI",Associate's degree,2860.0,2.1756,2.3,29.74,61850.0,1.1,28.46,59200.0,35190.0,41330.0,79600.0,93170.0,BLS OEWS May 2025 special education aggregation
Metropolitan Area,43780,"South Bend-Mishawaka, IN-MI",Postsecondary nondegree award,9680.0,7.3543,1.4,24.71,51400.0,0.7,22.54,46880.0,36230.0,38870.0,60750.0,73970.0,BLS OEWS May 2025 special education aggregation
Metropolitan Area,43780,"South Bend-Mishawaka, IN-MI","Some college, no degree",3310.0,2.5172,2.2,21.67,45070.0,0.7,20.57,42790.0,28880.0,34710.0,51310.0,62950.0,BLS OEWS May 2025 special education aggregation
Metropolitan Area,43780,"South Bend-Mishawaka, IN-MI",High school diploma or equivalent,49690.0,37.742399999999996,0.5,24.57,51110.0,0.5,22.05,45850.0,30610.0,36590.0,59420.0,78180.0,BLS OEWS May 2025 special education aggregation
Metropolitan Area,43780,"South Bend-Mishawaka, IN-MI",No formal educational credential,33160.0,25.1828,0.6,16.96,35270.0,0.4,16.01,33300.0,23060.0,28040.0,38460.0,48260.0,BLS OEWS May 2025 special education aggregation
Metropolitan Area,43900,"Spartanburg, SC",Doctoral or professional degree,2660.0,1.609,1.8,66.23,137760.0,2.3,53.78,111860.0,60560.0,72800.0,165030.0,271080.0,BLS OEWS May 2025 special education aggregation
Metropolitan Area,43900,"Spartanburg, SC",Master's degree,3290.0,1.9949999999999999,2.1,39.88,82950.0,2.5,36.74,76410.0,35990.0,53020.0,103370.0,128970.0,BLS OEWS May 2025 special education aggregation
Metropolitan Area,43900,"Spartanburg, SC",Bachelor's degree,29240.0,17.7048,0.7,44.97,93550.0,0.8,39.04,81190.0,49230.0,61790.0,106060.0,154850.0,BLS OEWS May 2025 special education aggregation
Metropolitan Area,43900,"Spartanburg, SC",Associate's degree,3320.0,2.0107,2.0,31.38,65280.0,0.7,31.02,64530.0,35400.0,47840.0,80980.0,94290.0,BLS OEWS May 2025 special education aggregation
Metropolitan Area,43900,"Spartanburg, SC",Postsecondary nondegree award,12110.0,7.332299999999999,1.4,24.55,51060.0,0.9,22.97,47780.0,34580.0,39690.0,60860.0,75290.0,BLS OEWS May 2025 special education aggregation
Metropolitan Area,43900,"Spartanburg, SC","Some college, no degree",2670.0,1.6169,3.1,20.19,41990.0,1.9,19.2,39930.0,22760.0,27850.0,53040.0,64350.0,BLS OEWS May 2025 special education aggregation
Metropolitan Area,43900,"Spartanburg, SC",High school diploma or equivalent,70020.0,42.4005,0.4,25.79,53640.0,0.4,23.27,48410.0,30190.0,38050.0,64460.0,78120.0,BLS OEWS May 2025 special education aggregation
Metropolitan Area,43900,"Spartanburg, SC",No formal educational credential,41830.0,25.3309,0.6,16.44,34200.0,0.5,15.75,32760.0,22430.0,27940.0,38280.0,46780.0,BLS OEWS May 2025 special education aggregation
Metropolitan Area,44060,"Spokane-Spokane Valley, WA",Doctoral or professional degree,6200.0,2.4242999999999997,2.0,77.81,161830.0,3.1,59.64,124040.0,64200.0,83090.0,189390.0,323920.0,BLS OEWS May 2025 special education aggregation
Metropolitan Area,44060,"Spokane-Spokane Valley, WA",Master's degree,7870.0,3.0745,1.7,44.84,93270.0,1.5,38.55,80180.0,47800.0,59290.0,114390.0,151910.0,BLS OEWS May 2025 special education aggregation
Metropolitan Area,44060,"Spokane-Spokane Valley, WA",Bachelor's degree,53580.0,20.944499999999998,0.9,49.3,102550.0,0.5,45.75,95160.0,51590.0,69820.0,123570.0,157660.0,BLS OEWS May 2025 special education aggregation
Metropolitan Area,44060,"Spokane-Spokane Valley, WA",Associate's degree,5880.0,2.2965,2.3,35.34,73510.0,1.0,31.71,65950.0,39420.0,49760.0,94990.0,117130.0,BLS OEWS May 2025 special education aggregation
Metropolitan Area,44060,"Spokane-Spokane Valley, WA",Postsecondary nondegree award,17820.0,6.9659,2.1,29.8,61990.0,1.0,28.22,58690.0,42340.0,47280.0,70230.0,90470.0,BLS OEWS May 2025 special education aggregation
Metropolitan Area,44060,"Spokane-Spokane Valley, WA","Some college, no degree",7240.0,2.8301,4.4,24.43,50820.0,0.6,23.01,47860.0,36760.0,39070.0,57440.0,68060.0,BLS OEWS May 2025 special education aggregation
Metropolitan Area,44060,"Spokane-Spokane Valley, WA",High school diploma or equivalent,92700.0,36.234500000000004,0.8,28.6,59480.0,0.3,24.16,50240.0,38090.0,44490.0,67450.0,89820.0,BLS OEWS May 2025 special education aggregation
Metropolitan Area,44060,"Spokane-Spokane Valley, WA",No formal educational credential,64540.0,25.229599999999998,0.6,21.53,44790.0,0.9,18.8,39100.0,34730.0,35990.0,47150.0,59630.0,BLS OEWS May 2025 special education aggregation
Metropolitan Area,44100,"Springfield, IL",Doctoral or professional degree,3360.0,3.3335999999999997,1.3,96.33,200360.0,1.1,62.82,130670.0,60490.0,80930.0,244980.0,562480.0,BLS OEWS May 2025 special education aggregation
Metropolitan Area,44100,"Springfield, IL",Master's degree,2530.0,2.513,1.5,43.77,91040.0,0.9,39.76,82700.0,45690.0,59660.0,113370.0,132210.0,BLS OEWS May 2025 special education aggregation
Metropolitan Area,44100,"Springfield, IL",Bachelor's degree,30190.0,29.9438,0.4,47.09,97950.0,0.4,42.25,87880.0,50440.0,67190.0,115920.0,148790.0,BLS OEWS May 2025 special education aggregation
Metropolitan Area,44100,"Springfield, IL",Associate's degree,2630.0,2.6078,2.1,33.12,68890.0,0.8,31.77,66090.0,38070.0,47310.0,83460.0,100080.0,BLS OEWS May 2025 special education aggregation
Metropolitan Area,44100,"Springfield, IL",Postsecondary nondegree award,6340.0,6.2858,1.3,25.02,52040.0,0.7,22.61,47020.0,36090.0,39150.0,59720.0,76150.0,BLS OEWS May 2025 special education aggregation
Metropolitan Area,44100,"Springfield, IL","Some college, no degree",2380.0,2.3632999999999997,2.6,22.24,46250.0,0.7,20.42,42480.0,31200.0,33740.0,55190.0,65930.0,BLS OEWS May 2025 special education aggregation
Metropolitan Area,44100,"Springfield, IL",High school diploma or equivalent,31350.0,31.0961,0.5,26.02,54130.0,0.6,22.31,46400.0,33700.0,37790.0,62010.0,85970.0,BLS OEWS May 2025 special education aggregation
Metropolitan Area,44100,"Springfield, IL",No formal educational credential,22030.0,21.8566,0.6,18.73,38950.0,0.6,16.58,34490.0,31200.0,31200.0,38960.0,55180.0,BLS OEWS May 2025 special education aggregation
Metropolitan Area,44140,"Springfield, MA",Doctoral or professional degree,5850.0,2.9071000000000002,1.8,76.28,158650.0,2.1,53.93,112170.0,66660.0,81100.0,197880.0,341500.0,BLS OEWS May 2025 special education aggregation
Metropolitan Area,44140,"Springfield, MA",Master's degree,8500.0,4.223,1.5,42.65,88710.0,0.9,39.23,81610.0,45750.0,58700.0,106210.0,138820.0,BLS OEWS May 2025 special education aggregation
Metropolitan Area,44140,"Springfield, MA",Bachelor's degree,43530.0,21.6326,0.6,49.88,103740.0,0.4,43.54,90560.0,55000.0,72590.0,121260.0,162260.0,BLS OEWS May 2025 special education aggregation
Metropolitan Area,44140,"Springfield, MA",Associate's degree,4300.0,2.1374,3.1,33.7,70090.0,1.0,33.22,69110.0,40530.0,48150.0,86890.0,99790.0,BLS OEWS May 2025 special education aggregation
Metropolitan Area,44140,"Springfield, MA",Postsecondary nondegree award,14130.0,7.0191,1.4,27.84,57900.0,0.6,25.31,52640.0,38910.0,44890.0,69180.0,82500.0,BLS OEWS May 2025 special education aggregation
Metropolitan Area,44140,"Springfield, MA","Some college, no degree",5530.0,2.7489999999999997,1.5,21.89,45530.0,0.5,19.09,39710.0,31200.0,31200.0,55870.0,65950.0,BLS OEWS May 2025 special education aggregation
Metropolitan Area,44140,"Springfield, MA",High school diploma or equivalent,76430.0,37.981,0.6,26.93,56000.0,0.4,22.76,47330.0,36450.0,40860.0,64530.0,84650.0,BLS OEWS May 2025 special education aggregation
Metropolitan Area,44140,"Springfield, MA",No formal educational credential,42970.0,21.351,0.7,19.87,41320.0,0.5,17.67,36750.0,31200.0,33890.0,45530.0,56460.0,BLS OEWS May 2025 special education aggregation
Metropolitan Area,44180,"Springfield, MO",Doctoral or professional degree,4910.0,2.2018,2.1,67.02,139400.0,5.4,47.58,98960.0,52390.0,71770.0,156530.0,276630.0,BLS OEWS May 2025 special education aggregation
Metropolitan Area,44180,"Springfield, MO",Master's degree,5760.0,2.5846,2.0,44.03,91580.0,1.4,36.52,75960.0,42820.0,53010.0,110960.0,144930.0,BLS OEWS May 2025 special education aggregation
Metropolitan Area,44180,"Springfield, MO",Bachelor's degree,46830.0,20.9978,0.8,39.13,81380.0,0.6,34.61,71990.0,41600.0,51010.0,95170.0,129770.0,BLS OEWS May 2025 special education aggregation
Metropolitan Area,44180,"Springfield, MO",Associate's degree,4500.0,2.0181,2.7,31.14,64780.0,1.0,29.9,62190.0,36640.0,46780.0,79170.0,96380.0,BLS OEWS May 2025 special education aggregation
Metropolitan Area,44180,"Springfield, MO",Postsecondary nondegree award,22610.0,10.1394,0.9,24.19,50310.0,0.5,22.04,45840.0,34170.0,37400.0,59940.0,74360.0,BLS OEWS May 2025 special education aggregation
Metropolitan Area,44180,"Springfield, MO","Some college, no degree",4190.0,1.8778,3.1,21.92,45600.0,1.3,21.05,43790.0,28600.0,35770.0,50240.0,62770.0,BLS OEWS May 2025 special education aggregation
Metropolitan Area,44180,"Springfield, MO",High school diploma or equivalent,78160.0,35.0457,0.6,23.71,49310.0,0.4,21.41,44540.0,29510.0,36020.0,57020.0,74700.0,BLS OEWS May 2025 special education aggregation
Metropolitan Area,44180,"Springfield, MO",No formal educational credential,56060.0,25.134800000000002,0.7,17.88,37200.0,0.5,16.06,33400.0,28600.0,29250.0,38970.0,49470.0,BLS OEWS May 2025 special education aggregation
Metropolitan Area,44220,"Springfield, OH",Doctoral or professional degree,860.0,1.8803,4.0,77.63,161480.0,6.9,49.04,102000.0,55480.0,73860.0,171480.0,396990.0,BLS OEWS May 2025 special education aggregation
Metropolitan Area,44220,"Springfield, OH",Master's degree,1100.0,2.3888000000000003,3.4,40.0,83200.0,2.9,36.87,76680.0,43490.0,53430.0,103950.0,126510.0,BLS OEWS May 2025 special education aggregation
Metropolitan Area,44220,"Springfield, OH",Bachelor's degree,8730.0,19.0338,0.8,40.23,83690.0,0.6,37.17,77320.0,44800.0,58330.0,96740.0,129880.0,BLS OEWS May 2025 special education aggregation
Metropolitan Area,44220,"Springfield, OH",Associate's degree,870.0,1.9017,2.4,30.34,63120.0,1.1,30.41,63260.0,33140.0,44240.0,78020.0,91360.0,BLS OEWS May 2025 special education aggregation
Metropolitan Area,44220,"Springfield, OH",Postsecondary nondegree award,4150.0,9.0584,1.7,25.24,52500.0,0.8,23.54,48960.0,35700.0,38020.0,62640.0,74780.0,BLS OEWS May 2025 special education aggregation
Metropolitan Area,44220,"Springfield, OH","Some college, no degree",1290.0,2.8179,3.3,20.87,43400.0,1.1,19.46,40490.0,27710.0,35760.0,48910.0,59380.0,BLS OEWS May 2025 special education aggregation
Metropolitan Area,44220,"Springfield, OH",High school diploma or equivalent,16590.0,36.181400000000004,1.0,23.86,49640.0,0.4,21.76,45250.0,30610.0,36800.0,59840.0,73280.0,BLS OEWS May 2025 special education aggregation
Metropolitan Area,44220,"Springfield, OH",No formal educational credential,12260.0,26.7377,1.0,16.8,34940.0,0.6,15.74,32730.0,23720.0,27680.0,37990.0,47080.0,BLS OEWS May 2025 special education aggregation
Metropolitan Area,44300,"State College, PA",Doctoral or professional degree,6700.0,9.7332,0.5,51.41,106920.0,0.9,47.17,98120.0,55330.0,76430.0,122650.0,154160.0,BLS OEWS May 2025 special education aggregation
Metropolitan Area,44300,"State College, PA",Master's degree,3380.0,4.9052,1.6,41.16,85600.0,1.2,37.29,77560.0,45710.0,56930.0,100660.0,129180.0,BLS OEWS May 2025 special education aggregation
Metropolitan Area,44300,"State College, PA",Bachelor's degree,13980.0,20.3066,0.8,43.32,90110.0,0.7,38.8,80710.0,47900.0,62000.0,101690.0,136560.0,BLS OEWS May 2025 special education aggregation
Metropolitan Area,44300,"State College, PA",Associate's degree,1450.0,2.1132,1.9,28.74,59790.0,0.8,27.78,57780.0,34170.0,42490.0,75620.0,83680.0,BLS OEWS May 2025 special education aggregation
Metropolitan Area,44300,"State College, PA",Postsecondary nondegree award,3860.0,5.6107,1.7,24.4,50750.0,0.6,22.6,47010.0,36180.0,39100.0,60020.0,70450.0,BLS OEWS May 2025 special education aggregation
Metropolitan Area,44300,"State College, PA","Some college, no degree",1630.0,2.3613,1.8,21.83,45410.0,0.9,20.76,43190.0,26790.0,32950.0,57000.0,67880.0,BLS OEWS May 2025 special education aggregation
Metropolitan Area,44300,"State College, PA",High school diploma or equivalent,21490.0,31.2155,0.6,24.38,50700.0,0.6,22.39,46560.0,29420.0,36640.0,59210.0,78090.0,BLS OEWS May 2025 special education aggregation
Metropolitan Area,44300,"State College, PA",No formal educational credential,16350.0,23.7542,0.7,16.76,34850.0,0.6,16.01,33300.0,22360.0,27230.0,38020.0,48350.0,BLS OEWS May 2025 special education aggregation
Metropolitan Area,44420,"Staunton-Stuarts Draft, VA",Doctoral or professional degree,910.0,1.7538,3.2,64.72,134610.0,3.5,50.74,105540.0,49310.0,75220.0,159410.0,278760.0,BLS OEWS May 2025 special education aggregation
Metropolitan Area,44420,"Staunton-Stuarts Draft, VA",Master's degree,1080.0,2.0995,4.0,40.67,84590.0,1.5,37.61,78240.0,47780.0,59390.0,101670.0,128110.0,BLS OEWS May 2025 special education aggregation
Metropolitan Area,44420,"Staunton-Stuarts Draft, VA",Bachelor's degree,9520.0,18.439,0.8,42.47,88330.0,0.6,38.46,80010.0,46290.0,59650.0,100570.0,135690.0,BLS OEWS May 2025 special education aggregation
Metropolitan Area,44420,"Staunton-Stuarts Draft, VA",Associate's degree,900.0,1.7484000000000002,2.2,32.99,68610.0,1.0,30.66,63780.0,37470.0,47360.0,84780.0,100070.0,BLS OEWS May 2025 special education aggregation
Metropolitan Area,44420,"Staunton-Stuarts Draft, VA",Postsecondary nondegree award,3930.0,7.603400000000001,2.0,25.49,53010.0,0.7,23.61,49100.0,35560.0,39940.0,61500.0,75250.0,BLS OEWS May 2025 special education aggregation
Metropolitan Area,44420,"Staunton-Stuarts Draft, VA","Some college, no degree",1200.0,2.3172,6.2,21.63,44990.0,2.8,18.95,39410.0,27930.0,33540.0,50420.0,66500.0,BLS OEWS May 2025 special education aggregation
Metropolitan Area,44420,"Staunton-Stuarts Draft, VA",High school diploma or equivalent,19810.0,38.3563,0.8,25.24,52490.0,0.5,23.18,48210.0,30700.0,38260.0,61430.0,77610.0,BLS OEWS May 2025 special education aggregation
Metropolitan Area,44420,"Staunton-Stuarts Draft, VA",No formal educational credential,14290.0,27.682,0.7,18.21,37870.0,0.5,17.05,35470.0,27840.0,29510.0,43540.0,50760.0,BLS OEWS May 2025 special education aggregation
Metropolitan Area,44700,"Stockton-Lodi, CA",Doctoral or professional degree,5170.0,1.7832999999999999,2.2,77.55,161300.0,2.3,61.8,128540.0,73250.0,80770.0,194620.0,323590.0,BLS OEWS May 2025 special education aggregation
Metropolitan Area,44700,"Stockton-Lodi, CA",Master's degree,5660.0,1.9553,2.8,49.23,102400.0,1.3,47.39,98560.0,46820.0,61510.0,131580.0,162340.0,BLS OEWS May 2025 special education aggregation
Metropolitan Area,44700,"Stockton-Lodi, CA",Bachelor's degree,48880.0,16.8755,1.0,51.4,106920.0,0.7,46.95,97660.0,52830.0,67340.0,130300.0,168270.0,BLS OEWS May 2025 special education aggregation
Metropolitan Area,44700,"Stockton-Lodi, CA",Associate's degree,4520.0,1.5596,3.1,39.03,81170.0,1.2,35.76,74390.0,43150.0,50420.0,103710.0,130920.0,BLS OEWS May 2025 special education aggregation
Metropolitan Area,44700,"Stockton-Lodi, CA",Postsecondary nondegree award,22980.0,7.9336,1.1,29.52,61400.0,0.7,28.26,58780.0,37690.0,46410.0,73950.0,90220.0,BLS OEWS May 2025 special education aggregation
Metropolitan Area,44700,"Stockton-Lodi, CA","Some college, no degree",6940.0,2.3971,5.2,24.82,51620.0,0.8,22.77,47350.0,37860.0,42840.0,58020.0,72640.0,BLS OEWS May 2025 special education aggregation
Metropolitan Area,44700,"Stockton-Lodi, CA",High school diploma or equivalent,98190.0,33.8988,0.7,27.93,58090.0,0.3,23.51,48900.0,34630.0,38610.0,68640.0,93810.0,BLS OEWS May 2025 special education aggregation
Metropolitan Area,44700,"Stockton-Lodi, CA",No formal educational credential,97320.0,33.5969,0.4,21.41,44520.0,0.3,20.9,43470.0,34880.0,36490.0,47480.0,57900.0,BLS OEWS May 2025 special education aggregation
Metropolitan Area,44940,"Sumter, SC",Doctoral or professional degree,530.0,1.5459,6.1,88.35,183770.0,12.2,59.49,123750.0,55800.0,82570.0,236690.0,480290.0,BLS OEWS May 2025 special education aggregation
Metropolitan Area,44940,"Sumter, SC",Master's degree,880.0,2.5537,3.7,35.74,74340.0,4.8,33.85,70400.0,35850.0,50250.0,91980.0,112730.0,BLS OEWS May 2025 special education aggregation
Metropolitan Area,44940,"Sumter, SC",Bachelor's degree,6030.0,17.446,1.2,42.04,87430.0,0.7,36.51,75950.0,45640.0,57650.0,104660.0,141000.0,BLS OEWS May 2025 special education aggregation
Metropolitan Area,44940,"Sumter, SC",Associate's degree,780.0,2.2585,3.2,27.73,57670.0,1.6,26.72,55580.0,30600.0,35450.0,75640.0,86070.0,BLS OEWS May 2025 special education aggregation
Metropolitan Area,44940,"Sumter, SC",Postsecondary nondegree award,2360.0,6.8193,2.4,22.46,46730.0,1.4,20.74,43130.0,30570.0,36390.0,55000.0,68980.0,BLS OEWS May 2025 special education aggregation
Metropolitan Area,44940,"Sumter, SC","Some college, no degree",660.0,1.9004,3.1,18.77,39040.0,1.8,17.29,35970.0,21570.0,26180.0,47040.0,61490.0,BLS OEWS May 2025 special education aggregation
Metropolitan Area,44940,"Sumter, SC",High school diploma or equivalent,14530.0,42.047000000000004,0.8,22.99,47820.0,0.4,21.06,43790.0,27870.0,34790.0,55640.0,74650.0,BLS OEWS May 2025 special education aggregation
Metropolitan Area,44940,"Sumter, SC",No formal educational credential,8790.0,25.428800000000003,0.9,15.2,31610.0,0.6,14.29,29720.0,20350.0,23570.0,36390.0,44040.0,BLS OEWS May 2025 special education aggregation
Metropolitan Area,45060,"Syracuse, NY",Doctoral or professional degree,9600.0,3.1976,1.5,67.11,139600.0,2.1,51.3,106710.0,61520.0,76820.0,166730.0,291110.0,BLS OEWS May 2025 special education aggregation
Metropolitan Area,45060,"Syracuse, NY",Master's degree,8940.0,2.978,1.9,45.19,94000.0,0.8,40.0,83200.0,48740.0,62640.0,115210.0,143260.0,BLS OEWS May 2025 special education aggregation
Metropolitan Area,45060,"Syracuse, NY",Bachelor's degree,68420.0,22.796,0.6,48.4,100680.0,0.6,40.53,84300.0,51670.0,66140.0,117320.0,164720.0,BLS OEWS May 2025 special education aggregation
Metropolitan Area,45060,"Syracuse, NY",Associate's degree,7040.0,2.3451,2.3,34.91,72620.0,0.7,32.85,68330.0,42310.0,51490.0,87860.0,104850.0,BLS OEWS May 2025 special education aggregation
Metropolitan Area,45060,"Syracuse, NY",Postsecondary nondegree award,18970.0,6.3199,1.3,27.28,56750.0,0.7,24.56,51080.0,37500.0,44120.0,64790.0,79690.0,BLS OEWS May 2025 special education aggregation
Metropolitan Area,45060,"Syracuse, NY","Some college, no degree",9390.0,3.1294,3.1,23.83,49570.0,0.8,22.52,46850.0,34450.0,37010.0,56710.0,69770.0,BLS OEWS May 2025 special education aggregation
Metropolitan Area,45060,"Syracuse, NY",High school diploma or equivalent,107520.0,35.825599999999994,0.4,27.45,57090.0,0.3,23.59,49060.0,35330.0,39660.0,64550.0,86390.0,BLS OEWS May 2025 special education aggregation
Metropolitan Area,45060,"Syracuse, NY",No formal educational credential,70260.0,23.4085,0.6,20.46,42560.0,0.9,17.7,36820.0,32240.0,33840.0,45730.0,58760.0,BLS OEWS May 2025 special education aggregation
Metropolitan Area,45220,"Tallahassee, FL",Doctoral or professional degree,6690.0,3.5932000000000004,1.9,60.57,125990.0,2.5,43.84,91190.0,54760.0,56980.0,153030.0,236970.0,BLS OEWS May 2025 special education aggregation
Metropolitan Area,45220,"Tallahassee, FL",Master's degree,7320.0,3.9331000000000005,1.2,34.8,72370.0,1.8,29.4,61160.0,41700.0,46900.0,88100.0,118910.0,BLS OEWS May 2025 special education aggregation
Metropolitan Area,45220,"Tallahassee, FL",Bachelor's degree,56140.0,30.1573,0.5,39.52,82190.0,0.6,32.86,68350.0,41100.0,50000.0,96260.0,136260.0,BLS OEWS May 2025 special education aggregation
Metropolitan Area,45220,"Tallahassee, FL",Associate's degree,3930.0,2.1132999999999997,2.3,27.54,57270.0,0.9,26.09,54280.0,31580.0,37560.0,73310.0,86930.0,BLS OEWS May 2025 special education aggregation
Metropolitan Area,45220,"Tallahassee, FL",Postsecondary nondegree award,10510.0,5.6457,1.6,23.08,48010.0,1.3,21.08,43850.0,31450.0,35420.0,56900.0,70030.0,BLS OEWS May 2025 special education aggregation
Metropolitan Area,45220,"Tallahassee, FL","Some college, no degree",3880.0,2.0859,4.0,22.81,47440.0,2.0,20.41,42450.0,29880.0,33720.0,53690.0,70880.0,BLS OEWS May 2025 special education aggregation
Metropolitan Area,45220,"Tallahassee, FL",High school diploma or equivalent,56630.0,30.421100000000003,0.7,23.42,48710.0,0.6,20.68,43010.0,30120.0,34790.0,56600.0,74760.0,BLS OEWS May 2025 special education aggregation
Metropolitan Area,45220,"Tallahassee, FL",No formal educational credential,41050.0,22.0505,0.6,16.74,34810.0,0.4,15.18,31570.0,27040.0,27830.0,36860.0,45760.0,BLS OEWS May 2025 special education aggregation
Metropolitan Area,45300,"Tampa-St. Petersburg-Clearwater, FL",Doctoral or professional degree,35390.0,2.4457,3.6,78.21,162680.0,6.5,60.63,126100.0,61240.0,79560.0,199780.0,341520.0,BLS OEWS May 2025 special education aggregation
Metropolitan Area,45300,"Tampa-St. Petersburg-Clearwater, FL",Master's degree,30790.0,2.1275,2.4,43.56,90600.0,1.8,39.56,82290.0,47230.0,59020.0,108130.0,137260.0,BLS OEWS May 2025 special education aggregation
Metropolitan Area,45300,"Tampa-St. Petersburg-Clearwater, FL",Bachelor's degree,378260.0,26.138600000000004,1.1,49.88,103740.0,0.5,40.78,84820.0,48640.0,62630.0,126630.0,171070.0,BLS OEWS May 2025 special education aggregation
Metropolitan Area,45300,"Tampa-St. Petersburg-Clearwater, FL",Associate's degree,34850.0,2.4081,2.3,31.41,65340.0,0.9,29.97,62340.0,36270.0,46870.0,80220.0,97220.0,BLS OEWS May 2025 special education aggregation
Metropolitan Area,45300,"Tampa-St. Petersburg-Clearwater, FL",Postsecondary nondegree award,94140.0,6.5057,1.6,24.95,51890.0,0.5,22.69,47190.0,35140.0,37970.0,60870.0,75460.0,BLS OEWS May 2025 special education aggregation
Metropolitan Area,45300,"Tampa-St. Petersburg-Clearwater, FL","Some college, no degree",32180.0,2.2239999999999998,3.3,24.29,50520.0,1.2,22.59,46990.0,27990.0,34950.0,60060.0,76560.0,BLS OEWS May 2025 special education aggregation
Metropolitan Area,45300,"Tampa-St. Petersburg-Clearwater, FL",High school diploma or equivalent,486620.0,33.626799999999996,0.5,25.93,53920.0,0.7,22.52,46850.0,32200.0,37470.0,61390.0,80910.0,BLS OEWS May 2025 special education aggregation
Metropolitan Area,45300,"Tampa-St. Petersburg-Clearwater, FL",No formal educational credential,354890.0,24.5236,0.6,18.15,37740.0,0.6,16.86,35070.0,28060.0,29660.0,39760.0,49430.0,BLS OEWS May 2025 special education aggregation
Metropolitan Area,45460,"Terre Haute, IN",Doctoral or professional degree,1670.0,2.5628,1.7,62.37,129730.0,2.9,47.92,99660.0,52540.0,68830.0,144140.0,245220.0,BLS OEWS May 2025 special education aggregation
Metropolitan Area,45460,"Terre Haute, IN",Master's degree,1640.0,2.5255,1.8,35.88,74630.0,1.4,30.31,63050.0,35060.0,42770.0,95600.0,125780.0,BLS OEWS May 2025 special education aggregation
Metropolitan Area,45460,"Terre Haute, IN",Bachelor's degree,10600.0,16.2853,0.9,39.27,81670.0,0.7,35.22,73260.0,44060.0,53030.0,96660.0,128730.0,BLS OEWS May 2025 special education aggregation
Metropolitan Area,45460,"Terre Haute, IN",Associate's degree,1490.0,2.2917,2.7,30.41,63240.0,1.5,29.64,61650.0,35360.0,44270.0,80110.0,93230.0,BLS OEWS May 2025 special education aggregation
Metropolitan Area,45460,"Terre Haute, IN",Postsecondary nondegree award,4880.0,7.4913,2.3,23.57,49030.0,0.7,22.33,46450.0,35380.0,37090.0,57170.0,68730.0,BLS OEWS May 2025 special education aggregation
Metropolitan Area,45460,"Terre Haute, IN","Some college, no degree",1520.0,2.3409,3.0,19.3,40150.0,1.3,17.89,37220.0,23690.0,29380.0,47880.0,59010.0,BLS OEWS May 2025 special education aggregation
Metropolitan Area,45460,"Terre Haute, IN",High school diploma or equivalent,26340.0,40.457,0.5,24.16,50250.0,0.4,21.97,45700.0,29170.0,35970.0,59110.0,76860.0,BLS OEWS May 2025 special education aggregation
Metropolitan Area,45460,"Terre Haute, IN",No formal educational credential,16960.0,26.0456,0.6,15.66,32580.0,0.5,14.36,29860.0,21760.0,26380.0,36170.0,45860.0,BLS OEWS May 2025 special education aggregation
Metropolitan Area,45500,"Texarkana, TX-AR",Doctoral or professional degree,1030.0,1.7856999999999998,3.8,69.32,144190.0,3.9,52.24,108650.0,52380.0,75580.0,156780.0,291180.0,BLS OEWS May 2025 special education aggregation
Metropolitan Area,45500,"Texarkana, TX-AR",Master's degree,1170.0,2.025,3.1,45.2,94020.0,2.4,39.45,82050.0,45930.0,63210.0,109610.0,145780.0,BLS OEWS May 2025 special education aggregation
Metropolitan Area,45500,"Texarkana, TX-AR",Bachelor's degree,11170.0,19.403399999999998,1.0,38.52,80110.0,0.8,31.57,65660.0,42760.0,50650.0,95660.0,127900.0,BLS OEWS May 2025 special education aggregation
Metropolitan Area,45500,"Texarkana, TX-AR",Associate's degree,1230.0,2.1284,3.9,28.35,58970.0,1.3,27.62,57440.0,28710.0,36750.0,78850.0,92030.0,BLS OEWS May 2025 special education aggregation
Metropolitan Area,45500,"Texarkana, TX-AR",Postsecondary nondegree award,4410.0,7.6634,2.0,22.71,47230.0,1.2,21.43,44580.0,29110.0,34730.0,57820.0,71880.0,BLS OEWS May 2025 special education aggregation
Metropolitan Area,45500,"Texarkana, TX-AR","Some college, no degree",1300.0,2.2565,2.2,18.08,37600.0,0.9,15.92,33110.0,22990.0,27720.0,45560.0,58260.0,BLS OEWS May 2025 special education aggregation
Metropolitan Area,45500,"Texarkana, TX-AR",High school diploma or equivalent,22850.0,39.691,0.7,22.46,46710.0,0.7,20.88,43440.0,27030.0,33000.0,56390.0,72010.0,BLS OEWS May 2025 special education aggregation
Metropolitan Area,45500,"Texarkana, TX-AR",No formal educational credential,14420.0,25.0466,0.7,14.89,30960.0,0.6,13.65,28390.0,21580.0,23510.0,34800.0,44450.0,BLS OEWS May 2025 special education aggregation
Metropolitan Area,45780,"Toledo, OH",Doctoral or professional degree,8000.0,2.7456,1.6,76.78,159700.0,2.7,50.36,104750.0,52410.0,73880.0,172940.0,402140.0,BLS OEWS May 2025 special education aggregation
Metropolitan Area,45780,"Toledo, OH",Master's degree,7210.0,2.4745,2.5,39.98,83160.0,1.0,36.69,76310.0,44720.0,55690.0,103680.0,130280.0,BLS OEWS May 2025 special education aggregation
Metropolitan Area,45780,"Toledo, OH",Bachelor's degree,60680.0,20.8133,0.9,44.27,92070.0,0.4,38.56,80210.0,47040.0,60840.0,103210.0,144370.0,BLS OEWS May 2025 special education aggregation
Metropolitan Area,45780,"Toledo, OH",Associate's degree,6860.0,2.3515,3.8,31.18,64860.0,0.9,30.97,64410.0,35320.0,48450.0,79660.0,94200.0,BLS OEWS May 2025 special education aggregation
Metropolitan Area,45780,"Toledo, OH",Postsecondary nondegree award,21310.0,7.3098,1.3,26.13,54350.0,0.7,23.68,49250.0,36390.0,39430.0,63470.0,76840.0,BLS OEWS May 2025 special education aggregation
Metropolitan Area,45780,"Toledo, OH","Some college, no degree",6200.0,2.1263,4.5,21.66,45050.0,1.1,20.73,43120.0,28400.0,35170.0,52930.0,63250.0,BLS OEWS May 2025 special education aggregation
Metropolitan Area,45780,"Toledo, OH",High school diploma or equivalent,105270.0,36.108999999999995,0.5,25.81,53690.0,0.3,23.01,47850.0,31320.0,37690.0,63920.0,80000.0,BLS OEWS May 2025 special education aggregation
Metropolitan Area,45780,"Toledo, OH",No formal educational credential,76000.0,26.07,0.5,18.0,37440.0,0.5,16.9,35150.0,24200.0,28440.0,43320.0,51700.0,BLS OEWS May 2025 special education aggregation
Metropolitan Area,45820,"Topeka, KS",Doctoral or professional degree,2520.0,2.1788,1.9,76.86,159880.0,2.0,54.37,113090.0,61520.0,79630.0,169310.0,451910.0,BLS OEWS May 2025 special education aggregation
Metropolitan Area,45820,"Topeka, KS",Master's degree,2840.0,2.4564,2.3,40.73,84720.0,1.0,35.04,72870.0,45830.0,55980.0,106970.0,132740.0,BLS OEWS May 2025 special education aggregation
Metropolitan Area,45820,"Topeka, KS",Bachelor's degree,28600.0,24.7087,0.8,43.26,89970.0,0.8,37.76,78550.0,48460.0,59880.0,104360.0,141490.0,BLS OEWS May 2025 special education aggregation
Metropolitan Area,45820,"Topeka, KS",Associate's degree,2220.0,1.9162,4.0,32.02,66610.0,0.9,29.97,62350.0,39280.0,48610.0,82040.0,96520.0,BLS OEWS May 2025 special education aggregation
Metropolitan Area,45820,"Topeka, KS",Postsecondary nondegree award,8440.0,7.287699999999999,1.8,25.72,53490.0,0.6,22.84,47500.0,36020.0,38890.0,62830.0,76900.0,BLS OEWS May 2025 special education aggregation
Metropolitan Area,45820,"Topeka, KS","Some college, no degree",3680.0,3.1753,1.8,21.12,43920.0,0.8,19.29,40120.0,28600.0,32940.0,50980.0,64190.0,BLS OEWS May 2025 special education aggregation
Metropolitan Area,45820,"Topeka, KS",High school diploma or equivalent,42010.0,36.2955,0.6,25.37,52780.0,0.4,22.67,47150.0,30810.0,36760.0,62090.0,80690.0,BLS OEWS May 2025 special education aggregation
Metropolitan Area,45820,"Topeka, KS",No formal educational credential,25440.0,21.9815,0.7,17.67,36750.0,0.5,16.56,34440.0,23420.0,28350.0,44080.0,51500.0,BLS OEWS May 2025 special education aggregation
Metropolitan Area,45900,"Traverse City, MI",Doctoral or professional degree,1350.0,1.9783000000000002,2.1,85.06,176920.0,1.6,62.04,129050.0,65010.0,86650.0,218460.0,422910.0,BLS OEWS May 2025 special education aggregation
Metropolitan Area,45900,"Traverse City, MI",Master's degree,1450.0,2.1249,3.8,43.49,90470.0,1.7,39.5,82160.0,45430.0,60130.0,108890.0,141680.0,BLS OEWS May 2025 special education aggregation
Metropolitan Area,45900,"Traverse City, MI",Bachelor's degree,13100.0,19.1363,0.9,42.87,89170.0,0.5,38.57,80220.0,47650.0,61280.0,104270.0,134170.0,BLS OEWS May 2025 special education aggregation
Metropolitan Area,45900,"Traverse City, MI",Associate's degree,1560.0,2.2777000000000003,3.0,31.38,65270.0,1.0,30.16,62730.0,38190.0,48580.0,80080.0,92100.0,BLS OEWS May 2025 special education aggregation
Metropolitan Area,45900,"Traverse City, MI",Postsecondary nondegree award,4410.0,6.447799999999999,1.8,25.37,52770.0,0.7,23.02,47890.0,37150.0,41900.0,59640.0,75160.0,BLS OEWS May 2025 special education aggregation
Metropolitan Area,45900,"Traverse City, MI","Some college, no degree",1880.0,2.7538,2.4,21.76,45250.0,0.7,20.32,42260.0,31510.0,36860.0,49690.0,61540.0,BLS OEWS May 2025 special education aggregation
Metropolitan Area,45900,"Traverse City, MI",High school diploma or equivalent,24620.0,35.972300000000004,0.7,25.08,52170.0,0.5,22.58,46970.0,33940.0,38150.0,60800.0,77460.0,BLS OEWS May 2025 special education aggregation
Metropolitan Area,45900,"Traverse City, MI",No formal educational credential,20060.0,29.308699999999998,0.7,18.8,39100.0,0.5,17.35,36090.0,27620.0,29740.0,44680.0,56580.0,BLS OEWS May 2025 special education aggregation
Metropolitan Area,45940,"Trenton-Princeton, NJ",Doctoral or professional degree,9480.0,3.9468000000000005,1.7,70.01,145620.0,1.1,60.11,125040.0,63770.0,89790.0,171770.0,276630.0,BLS OEWS May 2025 special education aggregation
Metropolitan Area,45940,"Trenton-Princeton, NJ",Master's degree,7180.0,2.9897,2.5,52.19,108550.0,1.1,47.61,99020.0,50670.0,69740.0,131600.0,172780.0,BLS OEWS May 2025 special education aggregation
Metropolitan Area,45940,"Trenton-Princeton, NJ",Bachelor's degree,82040.0,34.1567,0.5,58.43,121530.0,0.4,49.16,102250.0,61120.0,77860.0,143280.0,203450.0,BLS OEWS May 2025 special education aggregation
Metropolitan Area,45940,"Trenton-Princeton, NJ",Associate's degree,5150.0,2.1462,2.9,35.76,74390.0,1.0,34.0,70720.0,42060.0,51330.0,96430.0,106130.0,BLS OEWS May 2025 special education aggregation
Metropolitan Area,45940,"Trenton-Princeton, NJ",Postsecondary nondegree award,10530.0,4.3823,1.6,28.66,59620.0,1.0,25.76,53580.0,37010.0,44870.0,71950.0,87810.0,BLS OEWS May 2025 special education aggregation
Metropolitan Area,45940,"Trenton-Princeton, NJ","Some college, no degree",5820.0,2.4245,2.9,25.44,52910.0,0.9,23.02,47880.0,32220.0,36540.0,63090.0,81300.0,BLS OEWS May 2025 special education aggregation
Metropolitan Area,45940,"Trenton-Princeton, NJ",High school diploma or equivalent,71990.0,29.9729,0.6,29.13,60590.0,0.5,24.7,51370.0,34980.0,39820.0,71790.0,98510.0,BLS OEWS May 2025 special education aggregation
Metropolitan Area,45940,"Trenton-Princeton, NJ",No formal educational credential,47990.0,19.9808,0.6,20.23,42080.0,0.3,17.95,37340.0,32220.0,34620.0,46530.0,55120.0,BLS OEWS May 2025 special education aggregation
Metropolitan Area,46060,"Tucson, AZ",Doctoral or professional degree,10650.0,2.7341,3.3,74.3,154550.0,3.5,57.5,119600.0,62590.0,79860.0,175370.0,325890.0,BLS OEWS May 2025 special education aggregation
Metropolitan Area,46060,"Tucson, AZ",Master's degree,10780.0,2.7664,1.9,39.83,82840.0,1.1,34.76,72310.0,45550.0,51060.0,99760.0,131410.0,BLS OEWS May 2025 special education aggregation
Metropolitan Area,46060,"Tucson, AZ",Bachelor's degree,96120.0,24.669999999999998,0.6,45.53,94710.0,0.5,39.17,81480.0,46240.0,58520.0,117750.0,159610.0,BLS OEWS May 2025 special education aggregation
Metropolitan Area,46060,"Tucson, AZ",Associate's degree,8820.0,2.2625,2.3,31.88,66310.0,1.1,29.8,61990.0,35470.0,44950.0,82090.0,99860.0,BLS OEWS May 2025 special education aggregation
Metropolitan Area,46060,"Tucson, AZ",Postsecondary nondegree award,25630.0,6.578799999999999,1.7,25.71,53480.0,0.9,22.97,47780.0,35580.0,39560.0,60640.0,77840.0,BLS OEWS May 2025 special education aggregation
Metropolitan Area,46060,"Tucson, AZ","Some college, no degree",8680.0,2.229,2.2,22.51,46820.0,0.6,20.59,42820.0,32760.0,35000.0,53840.0,64730.0,BLS OEWS May 2025 special education aggregation
Metropolitan Area,46060,"Tucson, AZ",High school diploma or equivalent,131060.0,33.6377,0.5,24.66,51290.0,0.3,21.93,45620.0,33570.0,36930.0,59020.0,77040.0,BLS OEWS May 2025 special education aggregation
Metropolitan Area,46060,"Tucson, AZ",No formal educational credential,97880.0,25.1214,0.7,19.14,39810.0,0.5,17.19,35760.0,30660.0,31800.0,43470.0,55170.0,BLS OEWS May 2025 special education aggregation
Metropolitan Area,46140,"Tulsa, OK",Doctoral or professional degree,8480.0,1.8495000000000001,4.1,75.14,156290.0,5.4,57.63,119860.0,61100.0,76630.0,186690.0,370260.0,BLS OEWS May 2025 special education aggregation
Metropolitan Area,46140,"Tulsa, OK",Master's degree,9490.0,2.0689,2.8,40.51,84270.0,2.4,35.49,73830.0,38150.0,49100.0,103620.0,145300.0,BLS OEWS May 2025 special education aggregation
Metropolitan Area,46140,"Tulsa, OK",Bachelor's degree,95280.0,20.7697,0.8,44.73,93030.0,0.6,38.61,80320.0,44990.0,57050.0,109150.0,157700.0,BLS OEWS May 2025 special education aggregation
Metropolitan Area,46140,"Tulsa, OK",Associate's degree,11130.0,2.4273,4.1,31.46,65440.0,1.4,29.76,61900.0,33780.0,46280.0,81390.0,100360.0,BLS OEWS May 2025 special education aggregation
Metropolitan Area,46140,"Tulsa, OK",Postsecondary nondegree award,36560.0,7.969799999999999,1.5,26.44,55000.0,0.6,23.05,47950.0,33890.0,38070.0,64430.0,81410.0,BLS OEWS May 2025 special education aggregation
Metropolitan Area,46140,"Tulsa, OK","Some college, no degree",11510.0,2.5093,3.6,21.99,45730.0,1.3,21.1,43890.0,25330.0,33860.0,53660.0,69300.0,BLS OEWS May 2025 special education aggregation
Metropolitan Area,46140,"Tulsa, OK",High school diploma or equivalent,174790.0,38.1041,0.7,24.93,51860.0,0.4,22.23,46240.0,29180.0,36600.0,60830.0,80220.0,BLS OEWS May 2025 special education aggregation
Metropolitan Area,46140,"Tulsa, OK",No formal educational credential,111480.0,24.3014,0.7,16.28,33870.0,0.7,14.92,31040.0,21810.0,26890.0,37550.0,47280.0,BLS OEWS May 2025 special education aggregation
Metropolitan Area,46220,"Tuscaloosa, AL",Doctoral or professional degree,3490.0,3.2143,1.8,57.08,118720.0,2.5,46.64,97010.0,52240.0,62110.0,134800.0,207340.0,BLS OEWS May 2025 special education aggregation
Metropolitan Area,46220,"Tuscaloosa, AL",Master's degree,2750.0,2.5347999999999997,1.9,42.58,88570.0,1.1,35.82,74500.0,44040.0,55620.0,104760.0,139950.0,BLS OEWS May 2025 special education aggregation
Metropolitan Area,46220,"Tuscaloosa, AL",Bachelor's degree,19130.0,17.6388,0.7,38.87,80840.0,0.6,34.73,72240.0,36080.0,51710.0,98650.0,131580.0,BLS OEWS May 2025 special education aggregation
Metropolitan Area,46220,"Tuscaloosa, AL",Associate's degree,1880.0,1.7295000000000003,2.4,25.64,53330.0,0.8,24.84,51670.0,28530.0,37000.0,65560.0,80300.0,BLS OEWS May 2025 special education aggregation
Metropolitan Area,46220,"Tuscaloosa, AL",Postsecondary nondegree award,7630.0,7.0373,1.5,22.6,47000.0,0.6,20.41,42450.0,29820.0,35000.0,57250.0,71090.0,BLS OEWS May 2025 special education aggregation
Metropolitan Area,46220,"Tuscaloosa, AL","Some college, no degree",1770.0,1.6277000000000001,2.9,18.68,38860.0,0.7,17.77,36950.0,21440.0,25700.0,47760.0,59560.0,BLS OEWS May 2025 special education aggregation
Metropolitan Area,46220,"Tuscaloosa, AL",High school diploma or equivalent,44620.0,41.1414,0.5,24.31,50570.0,0.4,22.75,47330.0,28320.0,36000.0,61010.0,74830.0,BLS OEWS May 2025 special education aggregation
Metropolitan Area,46220,"Tuscaloosa, AL",No formal educational credential,27200.0,25.0761,0.6,15.65,32550.0,0.6,14.48,30110.0,21890.0,26070.0,36540.0,44920.0,BLS OEWS May 2025 special education aggregation
Metropolitan Area,46300,"Twin Falls, ID",Doctoral or professional degree,980.0,1.9530999999999998,4.1,49.55,103060.0,2.6,38.61,80310.0,29990.0,58340.0,130140.0,165780.0,BLS OEWS May 2025 special education aggregation
Metropolitan Area,46300,"Twin Falls, ID",Master's degree,1060.0,2.1102,8.9,48.23,100330.0,14.5,38.05,79150.0,45660.0,59180.0,108650.0,156630.0,BLS OEWS May 2025 special education aggregation
Metropolitan Area,46300,"Twin Falls, ID",Bachelor's degree,7960.0,15.8329,1.3,40.65,84550.0,0.9,36.15,75200.0,42730.0,56790.0,100820.0,133470.0,BLS OEWS May 2025 special education aggregation
Metropolitan Area,46300,"Twin Falls, ID",Associate's degree,1420.0,2.8203,2.3,30.12,62650.0,0.8,27.91,58050.0,37520.0,46140.0,78920.0,94270.0,BLS OEWS May 2025 special education aggregation
Metropolitan Area,46300,"Twin Falls, ID",Postsecondary nondegree award,4150.0,8.2449,3.5,24.46,50870.0,1.1,22.89,47610.0,31220.0,38820.0,59400.0,75050.0,BLS OEWS May 2025 special education aggregation
Metropolitan Area,46300,"Twin Falls, ID","Some college, no degree",1210.0,2.4111000000000002,3.0,20.27,42170.0,2.0,18.25,37960.0,27980.0,31360.0,48830.0,60050.0,BLS OEWS May 2025 special education aggregation
Metropolitan Area,46300,"Twin Falls, ID",High school diploma or equivalent,19610.0,38.981,0.9,23.65,49200.0,0.5,21.9,45550.0,29640.0,36400.0,57800.0,73600.0,BLS OEWS May 2025 special education aggregation
Metropolitan Area,46300,"Twin Falls, ID",No formal educational credential,13910.0,27.646499999999996,1.0,17.24,35850.0,0.6,16.45,34210.0,22000.0,28570.0,39920.0,51130.0,BLS OEWS May 2025 special education aggregation
Metropolitan Area,46340,"Tyler, TX",Doctoral or professional degree,3210.0,2.7899000000000003,2.0,56.35,117200.0,2.3,42.39,88180.0,50890.0,65810.0,132040.0,204350.0,BLS OEWS May 2025 special education aggregation
Metropolitan Area,46340,"Tyler, TX",Master's degree,2510.0,2.1783,3.9,46.06,95810.0,1.8,39.56,82280.0,44710.0,61260.0,118120.0,153780.0,BLS OEWS May 2025 special education aggregation
Metropolitan Area,46340,"Tyler, TX",Bachelor's degree,24050.0,20.8748,0.8,41.75,86840.0,0.7,35.1,73010.0,44180.0,57770.0,98900.0,142790.0,BLS OEWS May 2025 special education aggregation
Metropolitan Area,46340,"Tyler, TX",Associate's degree,3140.0,2.7279,3.9,30.52,63470.0,1.3,29.91,62210.0,32750.0,43460.0,81230.0,95830.0,BLS OEWS May 2025 special education aggregation
Metropolitan Area,46340,"Tyler, TX",Postsecondary nondegree award,8470.0,7.348999999999999,1.6,22.93,47690.0,0.7,20.99,43650.0,30630.0,35360.0,57720.0,71520.0,BLS OEWS May 2025 special education aggregation
Metropolitan Area,46340,"Tyler, TX","Some college, no degree",2380.0,2.0698,1.7,20.37,42360.0,0.8,18.15,37760.0,24590.0,28320.0,49880.0,64410.0,BLS OEWS May 2025 special education aggregation
Metropolitan Area,46340,"Tyler, TX",High school diploma or equivalent,40870.0,35.4701,0.6,21.56,44840.0,0.4,18.52,38520.0,23980.0,29940.0,51430.0,71880.0,BLS OEWS May 2025 special education aggregation
Metropolitan Area,46340,"Tyler, TX",No formal educational credential,30580.0,26.540300000000002,0.6,15.75,32760.0,0.5,14.39,29940.0,21770.0,25430.0,36970.0,47410.0,BLS OEWS May 2025 special education aggregation
Metropolitan Area,46520,"Urban Honolulu, HI",Doctoral or professional degree,13820.0,3.0963000000000003,2.7,76.74,159630.0,3.0,62.22,129420.0,49800.0,79750.0,179990.0,348770.0,BLS OEWS May 2025 special education aggregation
Metropolitan Area,46520,"Urban Honolulu, HI",Master's degree,10240.0,2.2946,3.1,44.96,93530.0,1.8,41.83,87000.0,48950.0,59260.0,122590.0,157710.0,BLS OEWS May 2025 special education aggregation
Metropolitan Area,46520,"Urban Honolulu, HI",Bachelor's degree,104560.0,23.4232,0.8,51.46,107030.0,0.5,45.14,93900.0,51390.0,64410.0,129990.0,162700.0,BLS OEWS May 2025 special education aggregation
Metropolitan Area,46520,"Urban Honolulu, HI",Associate's degree,8800.0,1.9704000000000002,3.2,35.4,73630.0,1.1,31.83,66200.0,40180.0,49480.0,95210.0,111860.0,BLS OEWS May 2025 special education aggregation
Metropolitan Area,46520,"Urban Honolulu, HI",Postsecondary nondegree award,25090.0,5.6203,2.4,30.24,62910.0,2.1,26.7,55540.0,37840.0,46000.0,67160.0,90830.0,BLS OEWS May 2025 special education aggregation
Metropolitan Area,46520,"Urban Honolulu, HI","Some college, no degree",10710.0,2.3994,3.1,26.82,55790.0,10.8,21.74,45220.0,32180.0,36030.0,54900.0,67710.0,BLS OEWS May 2025 special education aggregation
Metropolitan Area,46520,"Urban Honolulu, HI",High school diploma or equivalent,147930.0,33.140100000000004,0.8,29.61,61590.0,0.5,25.06,52120.0,35500.0,41090.0,74260.0,101880.0,BLS OEWS May 2025 special education aggregation
Metropolitan Area,46520,"Urban Honolulu, HI",No formal educational credential,125240.0,28.0557,0.8,22.35,46490.0,0.9,18.58,38650.0,29710.0,34070.0,50940.0,69420.0,BLS OEWS May 2025 special education aggregation
Metropolitan Area,46540,"Utica-Rome, NY",Doctoral or professional degree,2790.0,2.3539000000000003,1.8,65.09,135390.0,2.8,48.68,101250.0,56670.0,76250.0,154370.0,293730.0,BLS OEWS May 2025 special education aggregation
Metropolitan Area,46540,"Utica-Rome, NY",Master's degree,3600.0,3.0413,1.8,41.58,86480.0,0.9,37.55,78100.0,42850.0,57880.0,105810.0,138290.0,BLS OEWS May 2025 special education aggregation
Metropolitan Area,46540,"Utica-Rome, NY",Bachelor's degree,24250.0,20.4834,0.6,45.75,95160.0,0.5,39.24,81610.0,49520.0,62560.0,105550.0,153180.0,BLS OEWS May 2025 special education aggregation
Metropolitan Area,46540,"Utica-Rome, NY",Associate's degree,1900.0,1.6085999999999998,2.2,33.2,69050.0,1.0,30.79,64030.0,40910.0,49970.0,83020.0,99250.0,BLS OEWS May 2025 special education aggregation
Metropolitan Area,46540,"Utica-Rome, NY",Postsecondary nondegree award,7190.0,6.077,1.5,25.43,52890.0,0.5,23.11,48080.0,36860.0,42190.0,61270.0,74120.0,BLS OEWS May 2025 special education aggregation
Metropolitan Area,46540,"Utica-Rome, NY","Some college, no degree",4590.0,3.8771,2.5,22.39,46580.0,0.8,21.17,44030.0,32610.0,35600.0,53110.0,63270.0,BLS OEWS May 2025 special education aggregation
Metropolitan Area,46540,"Utica-Rome, NY",High school diploma or equivalent,47450.0,40.0757,0.5,25.3,52620.0,0.3,22.66,47130.0,33920.0,37420.0,60340.0,77330.0,BLS OEWS May 2025 special education aggregation
Metropolitan Area,46540,"Utica-Rome, NY",No formal educational credential,26620.0,22.4829,0.9,19.73,41040.0,0.4,17.11,35580.0,32240.0,32840.0,45220.0,56980.0,BLS OEWS May 2025 special education aggregation
Metropolitan Area,46660,"Valdosta, GA",Doctoral or professional degree,1280.0,2.3716,2.3,60.94,126760.0,2.3,50.18,104370.0,50590.0,66660.0,139850.0,229220.0,BLS OEWS May 2025 special education aggregation
Metropolitan Area,46660,"Valdosta, GA",Master's degree,1090.0,2.0146,3.3,40.22,83650.0,2.6,37.12,77210.0,40800.0,50360.0,102340.0,132250.0,BLS OEWS May 2025 special education aggregation
Metropolitan Area,46660,"Valdosta, GA",Bachelor's degree,9220.0,17.1112,1.0,38.53,80140.0,0.7,34.86,72520.0,39710.0,51790.0,94070.0,126810.0,BLS OEWS May 2025 special education aggregation
Metropolitan Area,46660,"Valdosta, GA",Associate's degree,1180.0,2.1827,4.1,27.31,56810.0,1.5,27.66,57520.0,30220.0,40330.0,72350.0,81290.0,BLS OEWS May 2025 special education aggregation
Metropolitan Area,46660,"Valdosta, GA",Postsecondary nondegree award,4040.0,7.4931,1.4,22.07,45910.0,0.9,20.65,42960.0,29760.0,35300.0,54950.0,66130.0,BLS OEWS May 2025 special education aggregation
Metropolitan Area,46660,"Valdosta, GA","Some college, no degree",1200.0,2.2329999999999997,3.4,20.97,43620.0,1.0,18.54,38570.0,21880.0,27450.0,52750.0,77590.0,BLS OEWS May 2025 special education aggregation
Metropolitan Area,46660,"Valdosta, GA",High school diploma or equivalent,19550.0,36.283100000000005,0.7,21.88,45510.0,0.5,19.0,39520.0,27040.0,32130.0,52560.0,70830.0,BLS OEWS May 2025 special education aggregation
Metropolitan Area,46660,"Valdosta, GA",No formal educational credential,16330.0,30.3106,0.7,14.72,30610.0,0.5,13.75,28610.0,19830.0,23100.0,35440.0,42910.0,BLS OEWS May 2025 special education aggregation
Metropolitan Area,46700,"Vallejo, CA",Doctoral or professional degree,2560.0,1.7742,3.0,84.52,175790.0,1.8,77.16,160490.0,81760.0,114820.0,206770.0,294980.0,BLS OEWS May 2025 special education aggregation
Metropolitan Area,46700,"Vallejo, CA",Master's degree,3110.0,2.1555,2.8,56.26,117030.0,1.7,51.75,107650.0,46930.0,66570.0,149330.0,194420.0,BLS OEWS May 2025 special education aggregation
Metropolitan Area,46700,"Vallejo, CA",Bachelor's degree,28300.0,19.6323,0.6,58.95,122610.0,0.5,50.93,105940.0,58810.0,77620.0,156230.0,215510.0,BLS OEWS May 2025 special education aggregation
Metropolitan Area,46700,"Vallejo, CA",Associate's degree,2710.0,1.8776,2.3,45.44,94510.0,1.2,38.84,80780.0,45180.0,56530.0,129470.0,162360.0,BLS OEWS May 2025 special education aggregation
Metropolitan Area,46700,"Vallejo, CA",Postsecondary nondegree award,11020.0,7.643300000000001,1.2,32.86,68340.0,0.6,30.65,63740.0,41380.0,49610.0,77830.0,98080.0,BLS OEWS May 2025 special education aggregation
Metropolitan Area,46700,"Vallejo, CA","Some college, no degree",3320.0,2.3009,3.7,27.51,57230.0,0.7,24.4,50760.0,39620.0,46480.0,62760.0,79260.0,BLS OEWS May 2025 special education aggregation
Metropolitan Area,46700,"Vallejo, CA",High school diploma or equivalent,53640.0,37.2155,0.5,31.13,64750.0,0.5,27.07,56300.0,34320.0,41690.0,78550.0,106980.0,BLS OEWS May 2025 special education aggregation
Metropolitan Area,46700,"Vallejo, CA",No formal educational credential,39490.0,27.4007,0.6,22.43,46650.0,0.5,20.84,43340.0,36150.0,37530.0,49150.0,63670.0,BLS OEWS May 2025 special education aggregation
Metropolitan Area,47020,"Victoria, TX",Doctoral or professional degree,660.0,1.7349,2.5,72.97,151770.0,3.4,55.39,115210.0,59120.0,76570.0,166490.0,309070.0,BLS OEWS May 2025 special education aggregation
Metropolitan Area,47020,"Victoria, TX",Master's degree,990.0,2.6009,7.0,42.17,87710.0,3.6,39.39,81920.0,43950.0,61590.0,99450.0,131410.0,BLS OEWS May 2025 special education aggregation
Metropolitan Area,47020,"Victoria, TX",Bachelor's degree,7450.0,19.5435,1.3,41.17,85630.0,1.0,35.71,74270.0,41430.0,56240.0,101380.0,140430.0,BLS OEWS May 2025 special education aggregation
Metropolitan Area,47020,"Victoria, TX",Associate's degree,840.0,2.2047,4.3,31.39,65290.0,1.4,32.39,67380.0,30160.0,43410.0,81830.0,97220.0,BLS OEWS May 2025 special education aggregation
Metropolitan Area,47020,"Victoria, TX",Postsecondary nondegree award,2910.0,7.6313,1.7,23.29,48440.0,1.1,21.71,45170.0,29450.0,35090.0,57830.0,72630.0,BLS OEWS May 2025 special education aggregation
Metropolitan Area,47020,"Victoria, TX","Some college, no degree",1020.0,2.6795999999999998,1.8,18.71,38930.0,0.8,16.7,34730.0,24780.0,28100.0,47220.0,59300.0,BLS OEWS May 2025 special education aggregation
Metropolitan Area,47020,"Victoria, TX",High school diploma or equivalent,13690.0,35.9274,0.9,23.03,47890.0,0.8,20.48,42590.0,26750.0,33330.0,56250.0,77070.0,BLS OEWS May 2025 special education aggregation
Metropolitan Area,47020,"Victoria, TX",No formal educational credential,10550.0,27.677699999999998,0.7,15.79,32840.0,0.7,14.28,29700.0,21490.0,24380.0,37250.0,47830.0,BLS OEWS May 2025 special education aggregation
Metropolitan Area,47220,"Vineland, NJ",Doctoral or professional degree,970.0,1.5511,2.3,66.61,138540.0,3.3,51.38,106880.0,66700.0,66700.0,162460.0,267660.0,BLS OEWS May 2025 special education aggregation
Metropolitan Area,47220,"Vineland, NJ",Master's degree,1450.0,2.3253,3.0,45.83,95330.0,1.9,44.3,92150.0,52970.0,64420.0,110860.0,142950.0,BLS OEWS May 2025 special education aggregation
Metropolitan Area,47220,"Vineland, NJ",Bachelor's degree,10090.0,16.1956,1.3,46.85,97450.0,0.6,42.7,88820.0,55030.0,67670.0,109460.0,142800.0,BLS OEWS May 2025 special education aggregation
Metropolitan Area,47220,"Vineland, NJ",Associate's degree,1210.0,1.9407,2.9,35.42,73670.0,1.2,35.05,72890.0,40620.0,52240.0,96280.0,103100.0,BLS OEWS May 2025 special education aggregation
Metropolitan Area,47220,"Vineland, NJ",Postsecondary nondegree award,4200.0,6.7475,2.3,27.53,57260.0,0.8,25.13,52270.0,36810.0,45110.0,65110.0,78200.0,BLS OEWS May 2025 special education aggregation
Metropolitan Area,47220,"Vineland, NJ","Some college, no degree",1660.0,2.6626000000000003,2.2,21.43,44560.0,0.7,19.07,39670.0,32220.0,33700.0,51960.0,61990.0,BLS OEWS May 2025 special education aggregation
Metropolitan Area,47220,"Vineland, NJ",High school diploma or equivalent,25090.0,40.2695,0.6,27.87,57980.0,0.4,23.64,49160.0,34470.0,38230.0,66050.0,98220.0,BLS OEWS May 2025 special education aggregation
Metropolitan Area,47220,"Vineland, NJ",No formal educational credential,17630.0,28.3076,0.9,18.91,39330.0,0.3,16.98,35310.0,32220.0,32220.0,39650.0,50250.0,BLS OEWS May 2025 special education aggregation
Metropolitan Area,47260,"Virginia Beach-Chesapeake-Norfolk, VA-NC",Doctoral or professional degree,,,,75.09,156190.0,4.6,57.73,120080.0,61320.0,80160.0,180740.0,304630.0,BLS OEWS May 2025 special education aggregation
Metropolitan Area,47260,"Virginia Beach-Chesapeake-Norfolk, VA-NC",Master's degree,19310.0,2.5308,3.0,42.97,89380.0,2.0,39.18,81490.0,46720.0,60540.0,106220.0,131940.0,BLS OEWS May 2025 special education aggregation
Metropolitan Area,47260,"Virginia Beach-Chesapeake-Norfolk, VA-NC",Bachelor's degree,188350.0,24.683799999999998,0.6,47.67,99150.0,0.4,42.99,89420.0,50140.0,64260.0,121200.0,159330.0,BLS OEWS May 2025 special education aggregation
Metropolitan Area,47260,"Virginia Beach-Chesapeake-Norfolk, VA-NC",Associate's degree,19380.0,2.5399000000000003,2.0,35.55,73950.0,0.9,35.54,73930.0,38110.0,51250.0,94560.0,107910.0,BLS OEWS May 2025 special education aggregation
Metropolitan Area,47260,"Virginia Beach-Chesapeake-Norfolk, VA-NC",Postsecondary nondegree award,51620.0,6.7655,1.4,26.62,55360.0,0.7,23.33,48520.0,35500.0,39420.0,63140.0,80420.0,BLS OEWS May 2025 special education aggregation
Metropolitan Area,47260,"Virginia Beach-Chesapeake-Norfolk, VA-NC","Some college, no degree",,,,23.21,48270.0,0.6,22.07,45910.0,30470.0,37550.0,55990.0,70480.0,BLS OEWS May 2025 special education aggregation
Metropolitan Area,47260,"Virginia Beach-Chesapeake-Norfolk, VA-NC",High school diploma or equivalent,258210.0,33.8387,0.7,25.52,53080.0,0.4,22.93,47690.0,30580.0,37060.0,62550.0,79580.0,BLS OEWS May 2025 special education aggregation
Metropolitan Area,47260,"Virginia Beach-Chesapeake-Norfolk, VA-NC",No formal educational credential,193730.0,25.3882,0.7,17.8,37020.0,0.4,16.49,34290.0,27500.0,28860.0,39370.0,49400.0,BLS OEWS May 2025 special education aggregation
Metropolitan Area,47300,"Visalia, CA",Doctoral or professional degree,2730.0,1.5929,3.3,73.59,153060.0,3.3,62.97,130970.0,61910.0,77620.0,176270.0,283550.0,BLS OEWS May 2025 special education aggregation
Metropolitan Area,47300,"Visalia, CA",Master's degree,4240.0,2.479,2.1,49.32,102580.0,1.5,46.75,97240.0,45820.0,58760.0,134690.0,166940.0,BLS OEWS May 2025 special education aggregation
Metropolitan Area,47300,"Visalia, CA",Bachelor's degree,27510.0,16.0718,1.0,46.55,96830.0,1.0,43.53,90540.0,46970.0,63350.0,121990.0,155890.0,BLS OEWS May 2025 special education aggregation
Metropolitan Area,47300,"Visalia, CA",Associate's degree,2680.0,1.5659,2.8,34.02,70760.0,1.0,31.71,65960.0,41060.0,48530.0,88990.0,102330.0,BLS OEWS May 2025 special education aggregation
Metropolitan Area,47300,"Visalia, CA",Postsecondary nondegree award,11270.0,6.582800000000001,1.5,27.16,56490.0,1.1,23.59,49080.0,36580.0,44160.0,64030.0,78370.0,BLS OEWS May 2025 special education aggregation
Metropolitan Area,47300,"Visalia, CA","Some college, no degree",5380.0,3.1425,3.1,23.79,49490.0,0.7,22.22,46220.0,37100.0,42510.0,54640.0,63590.0,BLS OEWS May 2025 special education aggregation
Metropolitan Area,47300,"Visalia, CA",High school diploma or equivalent,52950.0,30.9363,0.6,25.66,53360.0,0.5,22.18,46120.0,34320.0,36570.0,60930.0,80140.0,BLS OEWS May 2025 special education aggregation
Metropolitan Area,47300,"Visalia, CA",No formal educational credential,64400.0,37.628699999999995,0.4,19.11,39740.0,0.5,17.2,35770.0,34320.0,34430.0,42550.0,49150.0,BLS OEWS May 2025 special education aggregation
Metropolitan Area,47380,"Waco, TX",Doctoral or professional degree,3170.0,2.4424,1.3,70.18,145980.0,1.7,59.13,122990.0,68520.0,85870.0,175290.0,258720.0,BLS OEWS May 2025 special education aggregation
Metropolitan Area,47380,"Waco, TX",Master's degree,3440.0,2.6481000000000003,1.4,43.0,89450.0,1.3,39.83,82850.0,45860.0,63720.0,104030.0,138070.0,BLS OEWS May 2025 special education aggregation
Metropolitan Area,47380,"Waco, TX",Bachelor's degree,28500.0,21.9464,0.7,43.9,91310.0,0.6,36.62,76160.0,46450.0,59100.0,103850.0,152640.0,BLS OEWS May 2025 special education aggregation
Metropolitan Area,47380,"Waco, TX",Associate's degree,2500.0,1.9238,2.0,30.03,62470.0,0.8,28.73,59750.0,31240.0,42850.0,79940.0,97370.0,BLS OEWS May 2025 special education aggregation
Metropolitan Area,47380,"Waco, TX",Postsecondary nondegree award,8370.0,6.4475999999999996,1.4,24.74,51460.0,0.6,22.66,47120.0,31940.0,37290.0,60780.0,77990.0,BLS OEWS May 2025 special education aggregation
Metropolitan Area,47380,"Waco, TX","Some college, no degree",3110.0,2.3977,1.8,20.63,42900.0,0.5,18.63,38750.0,26220.0,30360.0,50120.0,64280.0,BLS OEWS May 2025 special education aggregation
Metropolitan Area,47380,"Waco, TX",High school diploma or equivalent,47540.0,36.6115,0.5,23.76,49410.0,0.4,21.68,45100.0,28220.0,35260.0,58530.0,76420.0,BLS OEWS May 2025 special education aggregation
Metropolitan Area,47380,"Waco, TX",No formal educational credential,33220.0,25.5825,0.5,16.11,33510.0,0.5,15.18,31560.0,21920.0,26920.0,37610.0,46010.0,BLS OEWS May 2025 special education aggregation
Metropolitan Area,47460,"Walla Walla, WA",Doctoral or professional degree,670.0,2.5793,3.0,62.71,130440.0,2.6,49.21,102360.0,60440.0,77010.0,151030.0,258750.0,BLS OEWS May 2025 special education aggregation
Metropolitan Area,47460,"Walla Walla, WA",Master's degree,670.0,2.6001000000000003,3.8,45.81,95270.0,1.3,40.55,84340.0,50850.0,62960.0,117080.0,154490.0,BLS OEWS May 2025 special education aggregation
Metropolitan Area,47460,"Walla Walla, WA",Bachelor's degree,5540.0,21.3751,0.7,47.32,98420.0,0.9,45.8,95250.0,52420.0,70260.0,119620.0,140860.0,BLS OEWS May 2025 special education aggregation
Metropolitan Area,47460,"Walla Walla, WA",Associate's degree,490.0,1.8975000000000002,2.0,37.01,76970.0,1.1,36.37,75650.0,43660.0,51850.0,99270.0,117850.0,BLS OEWS May 2025 special education aggregation
Metropolitan Area,47460,"Walla Walla, WA",Postsecondary nondegree award,1450.0,5.5811,3.2,28.37,59010.0,0.8,27.16,56500.0,41040.0,47110.0,66130.0,80770.0,BLS OEWS May 2025 special education aggregation
Metropolitan Area,47460,"Walla Walla, WA","Some college, no degree",650.0,2.5253,2.6,23.95,49810.0,0.6,22.66,47130.0,38800.0,39520.0,53770.0,65730.0,BLS OEWS May 2025 special education aggregation
Metropolitan Area,47460,"Walla Walla, WA",High school diploma or equivalent,9130.0,35.239999999999995,0.6,28.53,59340.0,0.6,25.53,53100.0,38210.0,44780.0,71280.0,84390.0,BLS OEWS May 2025 special education aggregation
Metropolitan Area,47460,"Walla Walla, WA",No formal educational credential,7310.0,28.201299999999996,0.7,20.91,43480.0,0.5,19.5,40550.0,34650.0,35560.0,46100.0,56380.0,BLS OEWS May 2025 special education aggregation
Metropolitan Area,47580,"Warner Robins, GA",Doctoral or professional degree,1150.0,1.5146000000000002,1.9,58.24,121140.0,3.1,45.63,94910.0,47280.0,64810.0,135360.0,224280.0,BLS OEWS May 2025 special education aggregation
Metropolitan Area,47580,"Warner Robins, GA",Master's degree,1700.0,2.2316,2.2,42.64,88700.0,1.2,42.41,88210.0,47050.0,71020.0,103060.0,128670.0,BLS OEWS May 2025 special education aggregation
Metropolitan Area,47580,"Warner Robins, GA",Bachelor's degree,20910.0,27.4918,1.1,45.1,93800.0,0.5,43.19,89830.0,47600.0,66310.0,111500.0,136990.0,BLS OEWS May 2025 special education aggregation
Metropolitan Area,47580,"Warner Robins, GA",Associate's degree,1960.0,2.5772,3.3,33.08,68810.0,1.3,34.19,71120.0,36410.0,48310.0,84220.0,98900.0,BLS OEWS May 2025 special education aggregation
Metropolitan Area,47580,"Warner Robins, GA",Postsecondary nondegree award,5360.0,7.0498,1.1,26.07,54230.0,0.5,24.74,51450.0,34690.0,38860.0,68060.0,74960.0,BLS OEWS May 2025 special education aggregation
Metropolitan Area,47580,"Warner Robins, GA","Some college, no degree",1330.0,1.7439,4.9,19.35,40240.0,1.6,17.81,37040.0,22480.0,27300.0,48500.0,61070.0,BLS OEWS May 2025 special education aggregation
Metropolitan Area,47580,"Warner Robins, GA",High school diploma or equivalent,22810.0,29.988999999999997,0.8,24.44,50830.0,0.6,22.52,46840.0,28240.0,35600.0,61170.0,76850.0,BLS OEWS May 2025 special education aggregation
Metropolitan Area,47580,"Warner Robins, GA",No formal educational credential,20840.0,27.4022,0.6,16.01,33300.0,0.5,14.91,31000.0,21750.0,26220.0,37190.0,49460.0,BLS OEWS May 2025 special education aggregation
Metropolitan Area,47900,"Washington-Arlington-Alexandria, DC-VA-MD-WV",Doctoral or professional degree,113990.0,3.6348,1.3,90.4,188020.0,1.4,79.8,165980.0,77430.0,103670.0,225890.0,366710.0,BLS OEWS May 2025 special education aggregation
Metropolitan Area,47900,"Washington-Arlington-Alexandria, DC-VA-MD-WV",Master's degree,88610.0,2.8253,1.5,56.88,118310.0,0.7,52.98,110200.0,55780.0,77790.0,148700.0,185220.0,BLS OEWS May 2025 special education aggregation
Metropolitan Area,47900,"Washington-Arlington-Alexandria, DC-VA-MD-WV",Bachelor's degree,1191180.0,37.9818,0.3,63.77,132640.0,0.6,59.13,122980.0,62420.0,83560.0,166230.0,207980.0,BLS OEWS May 2025 special education aggregation
Metropolitan Area,47900,"Washington-Arlington-Alexandria, DC-VA-MD-WV",Associate's degree,71420.0,2.2771,2.0,42.71,88830.0,0.9,39.18,81480.0,43890.0,57520.0,108350.0,142370.0,BLS OEWS May 2025 special education aggregation
Metropolitan Area,47900,"Washington-Arlington-Alexandria, DC-VA-MD-WV",Postsecondary nondegree award,148630.0,4.7393,1.1,29.24,60830.0,0.5,26.73,55590.0,37630.0,45360.0,73040.0,94120.0,BLS OEWS May 2025 special education aggregation
Metropolitan Area,47900,"Washington-Arlington-Alexandria, DC-VA-MD-WV","Some college, no degree",67590.0,2.1553,2.0,29.02,60360.0,1.0,26.63,55390.0,36400.0,44500.0,71160.0,91930.0,BLS OEWS May 2025 special education aggregation
Metropolitan Area,47900,"Washington-Arlington-Alexandria, DC-VA-MD-WV",High school diploma or equivalent,829210.0,26.440199999999997,0.5,30.31,63050.0,0.3,26.7,55530.0,36400.0,43060.0,75020.0,99410.0,BLS OEWS May 2025 special education aggregation
Metropolitan Area,47900,"Washington-Arlington-Alexandria, DC-VA-MD-WV",No formal educational credential,625550.0,19.946199999999997,0.4,20.49,42620.0,0.4,18.28,38010.0,31230.0,35220.0,45930.0,58200.0,BLS OEWS May 2025 special education aggregation
Metropolitan Area,47930,"Waterbury-Shelton, CT",Doctoral or professional degree,3250.0,2.0247,5.3,73.64,153160.0,2.8,60.72,126290.0,71390.0,93170.0,189710.0,297580.0,BLS OEWS May 2025 special education aggregation
Metropolitan Area,47930,"Waterbury-Shelton, CT",Master's degree,4450.0,2.7676,3.4,45.4,94440.0,1.4,41.35,86000.0,44420.0,61880.0,118920.0,156260.0,BLS OEWS May 2025 special education aggregation
Metropolitan Area,47930,"Waterbury-Shelton, CT",Bachelor's degree,36350.0,22.6157,0.8,53.97,112250.0,0.5,47.19,98160.0,53260.0,72080.0,130370.0,178010.0,BLS OEWS May 2025 special education aggregation
Metropolitan Area,47930,"Waterbury-Shelton, CT",Associate's degree,3680.0,2.2916,4.0,35.3,73430.0,1.2,35.38,73580.0,40280.0,51230.0,93820.0,102550.0,BLS OEWS May 2025 special education aggregation
Metropolitan Area,47930,"Waterbury-Shelton, CT",Postsecondary nondegree award,11620.0,7.2292000000000005,1.4,28.9,60110.0,0.8,25.75,53560.0,37760.0,43930.0,71420.0,81160.0,BLS OEWS May 2025 special education aggregation
Metropolitan Area,47930,"Waterbury-Shelton, CT","Some college, no degree",4710.0,2.9315,2.1,24.6,51160.0,0.9,22.6,47000.0,34010.0,35870.0,60220.0,76270.0,BLS OEWS May 2025 special education aggregation
Metropolitan Area,47930,"Waterbury-Shelton, CT",High school diploma or equivalent,61280.0,38.126799999999996,0.6,27.02,56200.0,0.4,22.93,47690.0,35030.0,38540.0,64210.0,88020.0,BLS OEWS May 2025 special education aggregation
Metropolitan Area,47930,"Waterbury-Shelton, CT",No formal educational credential,35380.0,22.012999999999998,0.6,19.71,41000.0,0.5,17.52,36450.0,34010.0,34630.0,43480.0,51970.0,BLS OEWS May 2025 special education aggregation
Metropolitan Area,47940,"Waterloo-Cedar Falls, IA",Doctoral or professional degree,1990.0,2.3573,2.4,71.59,148900.0,2.8,49.85,103680.0,49120.0,75550.0,165500.0,334480.0,BLS OEWS May 2025 special education aggregation
Metropolitan Area,47940,"Waterloo-Cedar Falls, IA",Master's degree,1930.0,2.293,2.4,43.04,89530.0,1.3,38.79,80690.0,45350.0,61070.0,107680.0,138600.0,BLS OEWS May 2025 special education aggregation
Metropolitan Area,47940,"Waterloo-Cedar Falls, IA",Bachelor's degree,15850.0,18.816499999999998,1.0,39.98,83160.0,0.7,35.61,74080.0,43820.0,55850.0,97310.0,132510.0,BLS OEWS May 2025 special education aggregation
Metropolitan Area,47940,"Waterloo-Cedar Falls, IA",Associate's degree,1710.0,2.0273,2.6,28.76,59810.0,1.2,28.64,59570.0,29990.0,40440.0,76770.0,91940.0,BLS OEWS May 2025 special education aggregation
Metropolitan Area,47940,"Waterloo-Cedar Falls, IA",Postsecondary nondegree award,5990.0,7.1111,1.4,25.43,52890.0,0.7,22.9,47640.0,36410.0,39230.0,61190.0,76130.0,BLS OEWS May 2025 special education aggregation
Metropolitan Area,47940,"Waterloo-Cedar Falls, IA","Some college, no degree",2300.0,2.7300999999999997,2.4,19.17,39880.0,1.4,16.88,35100.0,22940.0,28590.0,46960.0,61140.0,BLS OEWS May 2025 special education aggregation
Metropolitan Area,47940,"Waterloo-Cedar Falls, IA",High school diploma or equivalent,30540.0,36.2471,0.7,25.27,52560.0,0.5,23.34,48540.0,31700.0,38680.0,60550.0,78600.0,BLS OEWS May 2025 special education aggregation
Metropolitan Area,47940,"Waterloo-Cedar Falls, IA",No formal educational credential,23940.0,28.4176,0.6,17.29,35950.0,0.5,16.72,34770.0,22670.0,28430.0,42500.0,48440.0,BLS OEWS May 2025 special education aggregation
Metropolitan Area,48060,"Watertown-Fort Drum, NY",Doctoral or professional degree,740.0,1.8797000000000001,1.8,71.22,148140.0,4.9,60.26,125340.0,50660.0,74680.0,183250.0,280950.0,BLS OEWS May 2025 special education aggregation
Metropolitan Area,48060,"Watertown-Fort Drum, NY",Master's degree,1110.0,2.82,3.9,39.98,83170.0,1.4,36.15,75200.0,44180.0,55350.0,105410.0,131030.0,BLS OEWS May 2025 special education aggregation
Metropolitan Area,48060,"Watertown-Fort Drum, NY",Bachelor's degree,8070.0,20.5302,1.2,42.06,87480.0,1.0,38.33,79730.0,47150.0,60180.0,104720.0,130640.0,BLS OEWS May 2025 special education aggregation
Metropolitan Area,48060,"Watertown-Fort Drum, NY",Associate's degree,710.0,1.8158,2.5,33.82,70350.0,0.9,32.31,67210.0,39510.0,48940.0,86000.0,103330.0,BLS OEWS May 2025 special education aggregation
Metropolitan Area,48060,"Watertown-Fort Drum, NY",Postsecondary nondegree award,2800.0,7.1324,1.7,25.46,52950.0,0.9,23.51,48910.0,36670.0,39330.0,61390.0,73180.0,BLS OEWS May 2025 special education aggregation
Metropolitan Area,48060,"Watertown-Fort Drum, NY","Some college, no degree",1540.0,3.9165,3.7,20.7,43050.0,1.0,18.41,38290.0,32240.0,33040.0,48250.0,61530.0,BLS OEWS May 2025 special education aggregation
Metropolitan Area,48060,"Watertown-Fort Drum, NY",High school diploma or equivalent,13890.0,35.330799999999996,0.8,25.5,53050.0,0.4,22.64,47090.0,33880.0,37670.0,60560.0,79540.0,BLS OEWS May 2025 special education aggregation
Metropolitan Area,48060,"Watertown-Fort Drum, NY",No formal educational credential,10450.0,26.5743,0.8,19.07,39670.0,0.6,16.85,35050.0,32240.0,32240.0,41550.0,52190.0,BLS OEWS May 2025 special education aggregation
Metropolitan Area,48140,"Wausau, WI",Doctoral or professional degree,1280.0,1.8395,2.1,92.71,192830.0,2.3,63.7,132490.0,74260.0,87360.0,266050.0,407530.0,BLS OEWS May 2025 special education aggregation
Metropolitan Area,48140,"Wausau, WI",Master's degree,1500.0,2.1507,3.5,45.07,93740.0,3.1,37.05,77060.0,47080.0,59940.0,119390.0,153150.0,BLS OEWS May 2025 special education aggregation
Metropolitan Area,48140,"Wausau, WI",Bachelor's degree,12490.0,17.9616,1.4,43.72,90940.0,0.6,38.39,79840.0,49040.0,61690.0,101910.0,137320.0,BLS OEWS May 2025 special education aggregation
Metropolitan Area,48140,"Wausau, WI",Associate's degree,1460.0,2.0956,2.4,31.17,64840.0,0.9,29.98,62350.0,35680.0,45590.0,79290.0,96770.0,BLS OEWS May 2025 special education aggregation
Metropolitan Area,48140,"Wausau, WI",Postsecondary nondegree award,5040.0,7.251,1.6,25.34,52720.0,0.7,23.48,48840.0,37020.0,43660.0,59840.0,73680.0,BLS OEWS May 2025 special education aggregation
Metropolitan Area,48140,"Wausau, WI","Some college, no degree",1550.0,2.2249,4.7,22.69,47200.0,0.8,21.67,45070.0,30420.0,36970.0,54860.0,64470.0,BLS OEWS May 2025 special education aggregation
Metropolitan Area,48140,"Wausau, WI",High school diploma or equivalent,30290.0,43.5733,0.5,26.02,54130.0,0.4,23.38,48640.0,35150.0,40600.0,61260.0,79320.0,BLS OEWS May 2025 special education aggregation
Metropolitan Area,48140,"Wausau, WI",No formal educational credential,15920.0,22.903200000000002,0.6,17.65,36710.0,0.4,16.9,35150.0,22970.0,28740.0,42730.0,50870.0,BLS OEWS May 2025 special education aggregation
Metropolitan Area,48260,"Weirton-Steubenville, WV-OH",Doctoral or professional degree,1000.0,2.7699000000000003,2.2,62.62,130260.0,2.7,45.48,94590.0,53380.0,63580.0,131710.0,301850.0,BLS OEWS May 2025 special education aggregation
Metropolitan Area,48260,"Weirton-Steubenville, WV-OH",Master's degree,1000.0,2.7591,2.6,40.75,84770.0,1.3,35.78,74420.0,43460.0,57210.0,101160.0,129670.0,BLS OEWS May 2025 special education aggregation
Metropolitan Area,48260,"Weirton-Steubenville, WV-OH",Bachelor's degree,7090.0,19.5619,1.0,38.83,80770.0,0.8,35.86,74580.0,43300.0,55930.0,91950.0,127520.0,BLS OEWS May 2025 special education aggregation
Metropolitan Area,48260,"Weirton-Steubenville, WV-OH",Associate's degree,820.0,2.2547,3.2,29.36,61060.0,1.1,29.59,61550.0,33290.0,45380.0,74020.0,88270.0,BLS OEWS May 2025 special education aggregation
Metropolitan Area,48260,"Weirton-Steubenville, WV-OH",Postsecondary nondegree award,3080.0,8.5106,2.1,22.67,47150.0,0.8,21.2,44100.0,32230.0,36130.0,57360.0,63440.0,BLS OEWS May 2025 special education aggregation
Metropolitan Area,48260,"Weirton-Steubenville, WV-OH","Some college, no degree",720.0,1.9769999999999999,5.2,19.69,40960.0,1.3,17.73,36870.0,23420.0,29290.0,47700.0,63130.0,BLS OEWS May 2025 special education aggregation
Metropolitan Area,48260,"Weirton-Steubenville, WV-OH",High school diploma or equivalent,12940.0,35.720299999999995,0.6,23.9,49710.0,0.6,21.6,44940.0,27900.0,34370.0,60850.0,77980.0,BLS OEWS May 2025 special education aggregation
Metropolitan Area,48260,"Weirton-Steubenville, WV-OH",No formal educational credential,9580.0,26.4469,0.7,17.19,35740.0,0.5,14.58,30330.0,22690.0,26150.0,39560.0,61740.0,BLS OEWS May 2025 special education aggregation
Metropolitan Area,48300,"Wenatchee-East Wenatchee, WA",Doctoral or professional degree,690.0,1.3413,2.3,77.1,160360.0,4.1,61.06,127010.0,67690.0,92960.0,179600.0,279040.0,BLS OEWS May 2025 special education aggregation
Metropolitan Area,48300,"Wenatchee-East Wenatchee, WA",Master's degree,980.0,1.9109000000000003,2.0,50.21,104430.0,0.9,47.18,98130.0,57000.0,75180.0,133080.0,163480.0,BLS OEWS May 2025 special education aggregation
Metropolitan Area,48300,"Wenatchee-East Wenatchee, WA",Bachelor's degree,9290.0,18.1313,0.9,48.14,100120.0,0.5,46.21,96130.0,51080.0,69240.0,114410.0,150480.0,BLS OEWS May 2025 special education aggregation
Metropolitan Area,48300,"Wenatchee-East Wenatchee, WA",Associate's degree,1070.0,2.0797,2.6,35.01,72830.0,1.3,32.76,68140.0,40330.0,48150.0,88920.0,109690.0,BLS OEWS May 2025 special education aggregation
Metropolitan Area,48300,"Wenatchee-East Wenatchee, WA",Postsecondary nondegree award,3110.0,6.0717,2.8,29.19,60710.0,2.0,26.58,55290.0,40280.0,47490.0,65430.0,88830.0,BLS OEWS May 2025 special education aggregation
Metropolitan Area,48300,"Wenatchee-East Wenatchee, WA","Some college, no degree",1530.0,2.9920999999999998,1.6,24.93,51860.0,0.5,22.53,46870.0,39100.0,44600.0,57320.0,70360.0,BLS OEWS May 2025 special education aggregation
Metropolitan Area,48300,"Wenatchee-East Wenatchee, WA",High school diploma or equivalent,16380.0,31.9755,0.8,29.56,61490.0,0.7,24.85,51690.0,38110.0,44190.0,71660.0,98030.0,BLS OEWS May 2025 special education aggregation
Metropolitan Area,48300,"Wenatchee-East Wenatchee, WA",No formal educational credential,18180.0,35.4973,0.7,21.03,43730.0,0.5,18.97,39450.0,35020.0,36180.0,46390.0,57450.0,BLS OEWS May 2025 special education aggregation
Metropolitan Area,48540,"Wheeling, WV-OH",Doctoral or professional degree,1290.0,2.2129000000000003,2.2,69.86,145310.0,3.4,49.17,102280.0,53840.0,72220.0,155830.0,306800.0,BLS OEWS May 2025 special education aggregation
Metropolitan Area,48540,"Wheeling, WV-OH",Master's degree,1260.0,2.1698,3.5,40.43,84090.0,1.6,33.24,69130.0,37840.0,48610.0,104570.0,132310.0,BLS OEWS May 2025 special education aggregation
Metropolitan Area,48540,"Wheeling, WV-OH",Bachelor's degree,10880.0,18.7232,0.7,40.45,84130.0,0.8,35.56,73970.0,42550.0,55270.0,99530.0,136180.0,BLS OEWS May 2025 special education aggregation
Metropolitan Area,48540,"Wheeling, WV-OH",Associate's degree,1380.0,2.3731,2.4,29.97,62340.0,1.1,30.06,62520.0,33500.0,44510.0,77300.0,91990.0,BLS OEWS May 2025 special education aggregation
Metropolitan Area,48540,"Wheeling, WV-OH",Postsecondary nondegree award,4840.0,8.3259,1.5,22.98,47800.0,0.8,21.51,44740.0,31220.0,36760.0,58480.0,66700.0,BLS OEWS May 2025 special education aggregation
Metropolitan Area,48540,"Wheeling, WV-OH","Some college, no degree",1260.0,2.1736999999999997,3.8,20.29,42200.0,0.9,18.57,38630.0,28450.0,32350.0,48600.0,59950.0,BLS OEWS May 2025 special education aggregation
Metropolitan Area,48540,"Wheeling, WV-OH",High school diploma or equivalent,20640.0,35.501,0.7,24.16,50240.0,0.7,21.31,44320.0,28680.0,34000.0,60570.0,80600.0,BLS OEWS May 2025 special education aggregation
Metropolitan Area,48540,"Wheeling, WV-OH",No formal educational credential,16580.0,28.5202,0.8,16.69,34720.0,0.6,14.55,30270.0,22610.0,26010.0,37330.0,53960.0,BLS OEWS May 2025 special education aggregation
Metropolitan Area,48620,"Wichita, KS",Doctoral or professional degree,5860.0,1.8984,4.2,72.32,150430.0,4.2,53.74,111790.0,57210.0,72810.0,168500.0,323460.0,BLS OEWS May 2025 special education aggregation
Metropolitan Area,48620,"Wichita, KS",Master's degree,5940.0,1.9256,2.3,42.13,87620.0,2.0,36.6,76130.0,45360.0,58010.0,106760.0,133530.0,BLS OEWS May 2025 special education aggregation
Metropolitan Area,48620,"Wichita, KS",Bachelor's degree,65150.0,21.1144,0.7,43.15,89750.0,0.6,37.04,77040.0,46800.0,59850.0,104090.0,150110.0,BLS OEWS May 2025 special education aggregation
Metropolitan Area,48620,"Wichita, KS",Associate's degree,6690.0,2.1681999999999997,2.0,31.8,66140.0,0.8,30.7,63850.0,39340.0,50570.0,78500.0,91240.0,BLS OEWS May 2025 special education aggregation
Metropolitan Area,48620,"Wichita, KS",Postsecondary nondegree award,22300.0,7.2258,1.6,24.94,51870.0,0.6,22.31,46400.0,34250.0,37560.0,61150.0,77020.0,BLS OEWS May 2025 special education aggregation
Metropolitan Area,48620,"Wichita, KS","Some college, no degree",9410.0,3.0482,1.5,19.48,40510.0,0.8,18.3,38060.0,22430.0,30400.0,48880.0,59030.0,BLS OEWS May 2025 special education aggregation
Metropolitan Area,48620,"Wichita, KS",High school diploma or equivalent,121060.0,39.2328,0.5,25.43,52890.0,0.4,22.68,47170.0,30070.0,37070.0,62460.0,80670.0,BLS OEWS May 2025 special education aggregation
Metropolitan Area,48620,"Wichita, KS",No formal educational credential,72160.0,23.3865,0.6,16.8,34950.0,0.7,15.0,31200.0,22360.0,27600.0,38080.0,48780.0,BLS OEWS May 2025 special education aggregation
Metropolitan Area,48660,"Wichita Falls, TX",Doctoral or professional degree,1060.0,1.9074000000000002,4.7,62.38,129750.0,3.9,48.0,99840.0,61010.0,76120.0,145600.0,241590.0,BLS OEWS May 2025 special education aggregation
Metropolitan Area,48660,"Wichita Falls, TX",Master's degree,1470.0,2.643,2.8,44.03,91570.0,2.6,41.79,86930.0,46460.0,66040.0,106330.0,130990.0,BLS OEWS May 2025 special education aggregation
Metropolitan Area,48660,"Wichita Falls, TX",Bachelor's degree,11190.0,20.142400000000002,1.0,39.77,82730.0,0.8,35.54,73920.0,43190.0,56650.0,97640.0,130180.0,BLS OEWS May 2025 special education aggregation
Metropolitan Area,48660,"Wichita Falls, TX",Associate's degree,1060.0,1.9088,4.6,29.68,61740.0,1.3,28.86,60020.0,30270.0,43370.0,78520.0,96370.0,BLS OEWS May 2025 special education aggregation
Metropolitan Area,48660,"Wichita Falls, TX",Postsecondary nondegree award,4840.0,8.7072,1.5,23.55,48990.0,0.7,22.06,45890.0,31210.0,37060.0,58500.0,71690.0,BLS OEWS May 2025 special education aggregation
Metropolitan Area,48660,"Wichita Falls, TX","Some college, no degree",1320.0,2.3735,1.7,19.46,40480.0,0.7,17.3,35990.0,22680.0,28930.0,47760.0,62380.0,BLS OEWS May 2025 special education aggregation
Metropolitan Area,48660,"Wichita Falls, TX",High school diploma or equivalent,20420.0,36.767399999999995,0.8,21.85,45450.0,0.6,19.93,41460.0,26040.0,31570.0,54540.0,70770.0,BLS OEWS May 2025 special education aggregation
Metropolitan Area,48660,"Wichita Falls, TX",No formal educational credential,14190.0,25.5503,0.7,15.17,31560.0,0.6,14.03,29190.0,21410.0,24030.0,35900.0,44270.0,BLS OEWS May 2025 special education aggregation
Metropolitan Area,48680,"Wildwood-The Villages, FL",Doctoral or professional degree,770.0,1.8538000000000001,4.0,96.59,200900.0,4.9,71.23,148150.0,60740.0,99610.0,254110.0,440740.0,BLS OEWS May 2025 special education aggregation
Metropolitan Area,48680,"Wildwood-The Villages, FL",Master's degree,770.0,1.8753,5.1,45.37,94360.0,3.3,41.13,85550.0,47110.0,61570.0,119950.0,137340.0,BLS OEWS May 2025 special education aggregation
Metropolitan Area,48680,"Wildwood-The Villages, FL",Bachelor's degree,7370.0,17.851300000000002,1.5,45.13,93870.0,0.7,37.94,78900.0,47440.0,59630.0,105820.0,156520.0,BLS OEWS May 2025 special education aggregation
Metropolitan Area,48680,"Wildwood-The Villages, FL",Associate's degree,800.0,1.9398,3.7,31.76,66070.0,1.4,31.0,64470.0,35740.0,47060.0,79870.0,95520.0,BLS OEWS May 2025 special education aggregation
Metropolitan Area,48680,"Wildwood-The Villages, FL",Postsecondary nondegree award,4010.0,9.720099999999999,2.3,23.19,48220.0,0.8,21.76,45260.0,34510.0,36820.0,58030.0,65090.0,BLS OEWS May 2025 special education aggregation
Metropolitan Area,48680,"Wildwood-The Villages, FL","Some college, no degree",690.0,1.6635000000000002,2.9,22.99,47830.0,0.9,20.81,43280.0,29240.0,33770.0,56780.0,72460.0,BLS OEWS May 2025 special education aggregation
Metropolitan Area,48680,"Wildwood-The Villages, FL",High school diploma or equivalent,14690.0,35.566,1.0,25.79,53630.0,0.6,22.66,47130.0,33300.0,37280.0,62540.0,79390.0,BLS OEWS May 2025 special education aggregation
Metropolitan Area,48680,"Wildwood-The Villages, FL",No formal educational credential,12200.0,29.53,0.7,17.68,36780.0,0.6,16.68,34690.0,27620.0,29160.0,38690.0,47170.0,BLS OEWS May 2025 special education aggregation
Metropolitan Area,48700,"Williamsport, PA",Doctoral or professional degree,1160.0,2.3495,3.4,71.34,148380.0,3.2,49.32,102590.0,63270.0,77830.0,163060.0,309380.0,BLS OEWS May 2025 special education aggregation
Metropolitan Area,48700,"Williamsport, PA",Master's degree,1340.0,2.7007000000000003,4.1,40.38,83990.0,3.1,37.16,77290.0,40280.0,56200.0,107650.0,129660.0,BLS OEWS May 2025 special education aggregation
Metropolitan Area,48700,"Williamsport, PA",Bachelor's degree,9380.0,18.9388,0.9,42.55,88500.0,0.6,38.24,79530.0,47340.0,61020.0,100650.0,131060.0,BLS OEWS May 2025 special education aggregation
Metropolitan Area,48700,"Williamsport, PA",Associate's degree,1070.0,2.1641,2.9,29.61,61590.0,0.8,28.35,58980.0,35190.0,45670.0,76270.0,86490.0,BLS OEWS May 2025 special education aggregation
Metropolitan Area,48700,"Williamsport, PA",Postsecondary nondegree award,3730.0,7.5241,1.4,24.51,50990.0,0.6,22.93,47700.0,36520.0,39830.0,60310.0,68970.0,BLS OEWS May 2025 special education aggregation
Metropolitan Area,48700,"Williamsport, PA","Some college, no degree",970.0,1.9609,5.3,20.23,42070.0,1.0,18.85,39200.0,23880.0,30790.0,49460.0,60870.0,BLS OEWS May 2025 special education aggregation
Metropolitan Area,48700,"Williamsport, PA",High school diploma or equivalent,19870.0,40.1402,0.6,23.37,48610.0,0.5,21.58,44880.0,28940.0,35580.0,57510.0,74510.0,BLS OEWS May 2025 special education aggregation
Metropolitan Area,48700,"Williamsport, PA",No formal educational credential,11990.0,24.221700000000002,0.8,16.61,34560.0,0.6,15.28,31770.0,21850.0,26970.0,38820.0,49450.0,BLS OEWS May 2025 special education aggregation
Metropolitan Area,48900,"Wilmington, NC",Doctoral or professional degree,5050.0,2.6390000000000002,3.3,74.59,155140.0,3.3,58.06,120760.0,65110.0,81140.0,176030.0,323630.0,BLS OEWS May 2025 special education aggregation
Metropolitan Area,48900,"Wilmington, NC",Master's degree,4260.0,2.2277,2.3,41.83,87010.0,1.2,36.59,76110.0,44290.0,56580.0,105290.0,138610.0,BLS OEWS May 2025 special education aggregation
Metropolitan Area,48900,"Wilmington, NC",Bachelor's degree,39230.0,20.5079,1.0,44.61,92800.0,0.7,38.24,79540.0,44660.0,57710.0,107630.0,158340.0,BLS OEWS May 2025 special education aggregation
Metropolitan Area,48900,"Wilmington, NC",Associate's degree,4650.0,2.4314,5.5,31.54,65590.0,1.7,30.76,63970.0,34880.0,45760.0,82630.0,100910.0,BLS OEWS May 2025 special education aggregation
Metropolitan Area,48900,"Wilmington, NC",Postsecondary nondegree award,13310.0,6.956999999999999,1.6,23.86,49630.0,0.7,22.19,46150.0,32120.0,37490.0,58310.0,71730.0,BLS OEWS May 2025 special education aggregation
Metropolitan Area,48900,"Wilmington, NC","Some college, no degree",4630.0,2.4213,3.1,22.0,45770.0,1.6,20.45,42530.0,29120.0,33970.0,52930.0,66190.0,BLS OEWS May 2025 special education aggregation
Metropolitan Area,48900,"Wilmington, NC",High school diploma or equivalent,62360.0,32.6017,0.8,24.86,51710.0,0.8,22.25,46280.0,29740.0,36640.0,60260.0,78460.0,BLS OEWS May 2025 special education aggregation
Metropolitan Area,48900,"Wilmington, NC",No formal educational credential,57790.0,30.214,0.7,16.55,34430.0,0.7,15.08,31370.0,21960.0,27450.0,37630.0,47910.0,BLS OEWS May 2025 special education aggregation
Metropolitan Area,49020,"Winchester, VA-WV",Doctoral or professional degree,1460.0,2.159,3.5,73.79,153470.0,3.6,52.87,109980.0,58390.0,77790.0,172230.0,343580.0,BLS OEWS May 2025 special education aggregation
Metropolitan Area,49020,"Winchester, VA-WV",Master's degree,1770.0,2.6100000000000003,1.7,44.26,92050.0,1.6,38.88,80870.0,46520.0,60070.0,122630.0,138160.0,BLS OEWS May 2025 special education aggregation
Metropolitan Area,49020,"Winchester, VA-WV",Bachelor's degree,15030.0,22.1888,0.7,45.62,94880.0,0.5,40.21,83640.0,46650.0,60590.0,114920.0,156270.0,BLS OEWS May 2025 special education aggregation
Metropolitan Area,49020,"Winchester, VA-WV",Associate's degree,1200.0,1.7772,3.5,33.48,69640.0,1.4,31.4,65310.0,38520.0,49690.0,82720.0,101510.0,BLS OEWS May 2025 special education aggregation
Metropolitan Area,49020,"Winchester, VA-WV",Postsecondary nondegree award,4890.0,7.2204999999999995,1.9,24.65,51260.0,0.8,22.91,47650.0,33420.0,38920.0,59950.0,73150.0,BLS OEWS May 2025 special education aggregation
Metropolitan Area,49020,"Winchester, VA-WV","Some college, no degree",1380.0,2.0446,2.8,23.25,48350.0,0.7,22.22,46220.0,30630.0,37550.0,57580.0,65720.0,BLS OEWS May 2025 special education aggregation
Metropolitan Area,49020,"Winchester, VA-WV",High school diploma or equivalent,23370.0,34.5081,0.6,24.32,50590.0,0.5,22.02,45800.0,30980.0,37220.0,59050.0,75890.0,BLS OEWS May 2025 special education aggregation
Metropolitan Area,49020,"Winchester, VA-WV",No formal educational credential,18620.0,27.491899999999998,0.6,17.92,37280.0,0.5,17.0,35350.0,27300.0,29170.0,42480.0,48510.0,BLS OEWS May 2025 special education aggregation
Metropolitan Area,49180,"Winston-Salem, NC",Doctoral or professional degree,7590.0,2.7897,1.1,66.07,137420.0,1.5,48.69,101270.0,60320.0,71620.0,163480.0,309990.0,BLS OEWS May 2025 special education aggregation
Metropolitan Area,49180,"Winston-Salem, NC",Master's degree,6700.0,2.4651,2.1,47.08,97920.0,0.8,38.43,79940.0,47250.0,60110.0,128100.0,161850.0,BLS OEWS May 2025 special education aggregation
Metropolitan Area,49180,"Winston-Salem, NC",Bachelor's degree,59570.0,21.901699999999998,0.9,43.7,90890.0,1.1,37.93,78890.0,45100.0,57940.0,104440.0,151250.0,BLS OEWS May 2025 special education aggregation
Metropolitan Area,49180,"Winston-Salem, NC",Associate's degree,6760.0,2.4846,2.1,31.6,65720.0,0.8,30.61,63670.0,34200.0,45130.0,83630.0,99110.0,BLS OEWS May 2025 special education aggregation
Metropolitan Area,49180,"Winston-Salem, NC",Postsecondary nondegree award,20410.0,7.5051000000000005,2.0,23.93,49770.0,0.5,22.26,46290.0,34160.0,38120.0,59270.0,72460.0,BLS OEWS May 2025 special education aggregation
Metropolitan Area,49180,"Winston-Salem, NC","Some college, no degree",6130.0,2.2552,4.9,21.72,45180.0,1.3,20.38,42390.0,28760.0,31910.0,54630.0,64300.0,BLS OEWS May 2025 special education aggregation
Metropolitan Area,49180,"Winston-Salem, NC",High school diploma or equivalent,95170.0,34.9915,0.5,24.36,50680.0,0.4,22.08,45930.0,30110.0,36990.0,59060.0,76080.0,BLS OEWS May 2025 special education aggregation
Metropolitan Area,49180,"Winston-Salem, NC",No formal educational credential,69650.0,25.6072,0.5,16.63,34590.0,0.8,15.45,32140.0,22580.0,27600.0,37600.0,46640.0,BLS OEWS May 2025 special education aggregation
Metropolitan Area,49340,"Worcester, MA",Doctoral or professional degree,13660.0,3.903,1.6,76.92,159990.0,1.2,59.97,124740.0,65910.0,84630.0,184550.0,348110.0,BLS OEWS May 2025 special education aggregation
Metropolitan Area,49340,"Worcester, MA",Master's degree,13710.0,3.9173,1.8,44.21,91950.0,0.8,39.95,83090.0,47630.0,60250.0,107720.0,139650.0,BLS OEWS May 2025 special education aggregation
Metropolitan Area,49340,"Worcester, MA",Bachelor's degree,83790.0,23.9483,0.7,54.2,112740.0,0.4,46.9,97550.0,58300.0,76250.0,131800.0,176700.0,BLS OEWS May 2025 special education aggregation
Metropolitan Area,49340,"Worcester, MA",Associate's degree,8570.0,2.4494,2.6,35.24,73300.0,0.9,33.81,70320.0,41960.0,48670.0,97860.0,105430.0,BLS OEWS May 2025 special education aggregation
Metropolitan Area,49340,"Worcester, MA",Postsecondary nondegree award,24580.0,7.025,2.2,28.03,58300.0,0.8,26.55,55220.0,38950.0,45530.0,66830.0,81510.0,BLS OEWS May 2025 special education aggregation
Metropolitan Area,49340,"Worcester, MA","Some college, no degree",9860.0,2.8167,2.2,24.13,50200.0,0.8,22.82,47460.0,32660.0,37210.0,58470.0,70990.0,BLS OEWS May 2025 special education aggregation
Metropolitan Area,49340,"Worcester, MA",High school diploma or equivalent,121910.0,34.8432,0.6,28.52,59310.0,0.4,24.16,50240.0,36940.0,41870.0,69390.0,94220.0,BLS OEWS May 2025 special education aggregation
Metropolitan Area,49340,"Worcester, MA",No formal educational credential,73810.0,21.096899999999998,0.6,20.02,41630.0,0.5,17.76,36940.0,31780.0,34470.0,45360.0,56350.0,BLS OEWS May 2025 special education aggregation
Metropolitan Area,49420,"Yakima, WA",Doctoral or professional degree,1600.0,1.6527999999999998,2.8,88.81,184720.0,2.8,66.17,137630.0,70390.0,94810.0,235120.0,377680.0,BLS OEWS May 2025 special education aggregation
Metropolitan Area,49420,"Yakima, WA",Master's degree,2740.0,2.8253,3.0,46.18,96060.0,1.6,40.63,84500.0,47590.0,59790.0,126520.0,156720.0,BLS OEWS May 2025 special education aggregation
Metropolitan Area,49420,"Yakima, WA",Bachelor's degree,15220.0,15.687700000000001,0.9,45.85,95370.0,0.7,41.35,86010.0,50410.0,64430.0,110080.0,144620.0,BLS OEWS May 2025 special education aggregation
Metropolitan Area,49420,"Yakima, WA",Associate's degree,1820.0,1.8809,3.8,32.5,67590.0,1.3,28.91,60130.0,37840.0,46000.0,81270.0,107520.0,BLS OEWS May 2025 special education aggregation
Metropolitan Area,49420,"Yakima, WA",Postsecondary nondegree award,6720.0,6.9277,2.2,27.19,56560.0,1.7,23.71,49310.0,38340.0,45260.0,62270.0,79340.0,BLS OEWS May 2025 special education aggregation
Metropolitan Area,49420,"Yakima, WA","Some college, no degree",4050.0,4.1719,1.5,24.83,51640.0,0.3,23.76,49430.0,38010.0,44310.0,60840.0,63820.0,BLS OEWS May 2025 special education aggregation
Metropolitan Area,49420,"Yakima, WA",High school diploma or equivalent,32440.0,33.4369,0.8,27.42,57030.0,0.5,23.45,48770.0,37480.0,42970.0,63980.0,82200.0,BLS OEWS May 2025 special education aggregation
Metropolitan Area,49420,"Yakima, WA",No formal educational credential,32420.0,33.4169,0.8,20.28,42180.0,0.4,18.32,38110.0,34660.0,35710.0,44990.0,55800.0,BLS OEWS May 2025 special education aggregation
Metropolitan Area,49620,"York-Hanover, PA",Doctoral or professional degree,3130.0,1.7074000000000003,2.7,87.71,182430.0,2.6,60.79,126450.0,64990.0,80450.0,216950.0,418870.0,BLS OEWS May 2025 special education aggregation
Metropolitan Area,49620,"York-Hanover, PA",Master's degree,3600.0,1.9625,4.1,42.37,88130.0,3.5,37.69,78390.0,42530.0,51180.0,117380.0,135130.0,BLS OEWS May 2025 special education aggregation
Metropolitan Area,49620,"York-Hanover, PA",Bachelor's degree,36730.0,20.0054,0.8,47.1,97960.0,0.6,41.46,86240.0,48990.0,64480.0,115620.0,156750.0,BLS OEWS May 2025 special education aggregation
Metropolitan Area,49620,"York-Hanover, PA",Associate's degree,3870.0,2.1075,2.0,31.44,65400.0,1.2,30.2,62820.0,35600.0,45520.0,80050.0,97640.0,BLS OEWS May 2025 special education aggregation
Metropolitan Area,49620,"York-Hanover, PA",Postsecondary nondegree award,12630.0,6.879099999999999,1.8,26.13,54350.0,0.8,23.85,49600.0,37510.0,43360.0,63090.0,75330.0,BLS OEWS May 2025 special education aggregation
Metropolitan Area,49620,"York-Hanover, PA","Some college, no degree",4050.0,2.2061,4.0,21.29,44290.0,1.2,19.28,40090.0,28720.0,33880.0,50560.0,62480.0,BLS OEWS May 2025 special education aggregation
Metropolitan Area,49620,"York-Hanover, PA",High school diploma or equivalent,68290.0,37.194900000000004,0.5,25.9,53860.0,0.5,23.06,47960.0,31720.0,38310.0,62280.0,80050.0,BLS OEWS May 2025 special education aggregation
Metropolitan Area,49620,"York-Hanover, PA",No formal educational credential,51290.0,27.937,0.7,18.08,37610.0,0.5,17.27,35910.0,23960.0,28730.0,44560.0,53880.0,BLS OEWS May 2025 special education aggregation
Metropolitan Area,49660,"Youngstown-Warren, OH",Doctoral or professional degree,3230.0,2.0167,3.6,77.75,161730.0,4.6,50.48,104990.0,58300.0,73940.0,179050.0,379460.0,BLS OEWS May 2025 special education aggregation
Metropolitan Area,49660,"Youngstown-Warren, OH",Master's degree,3810.0,2.3796,2.8,37.6,78210.0,1.4,35.3,73420.0,40670.0,49490.0,99260.0,122540.0,BLS OEWS May 2025 special education aggregation
Metropolitan Area,49660,"Youngstown-Warren, OH",Bachelor's degree,29590.0,18.4743,0.7,40.63,84500.0,0.6,36.72,76370.0,43750.0,57390.0,96470.0,131860.0,BLS OEWS May 2025 special education aggregation
Metropolitan Area,49660,"Youngstown-Warren, OH",Associate's degree,3490.0,2.1767,2.6,28.79,59880.0,1.0,28.09,58430.0,29160.0,38390.0,77700.0,87360.0,BLS OEWS May 2025 special education aggregation
Metropolitan Area,49660,"Youngstown-Warren, OH",Postsecondary nondegree award,12450.0,7.776000000000001,1.6,23.57,49020.0,0.7,21.47,44650.0,32240.0,36690.0,59190.0,72450.0,BLS OEWS May 2025 special education aggregation
Metropolitan Area,49660,"Youngstown-Warren, OH","Some college, no degree",3550.0,2.2136,3.1,19.29,40130.0,1.3,17.62,36640.0,24690.0,29350.0,47260.0,58880.0,BLS OEWS May 2025 special education aggregation
Metropolitan Area,49660,"Youngstown-Warren, OH",High school diploma or equivalent,58600.0,36.5864,0.6,23.17,48200.0,0.5,21.26,44230.0,29130.0,34940.0,57090.0,72870.0,BLS OEWS May 2025 special education aggregation
Metropolitan Area,49660,"Youngstown-Warren, OH",No formal educational credential,45450.0,28.376600000000003,0.7,16.55,34420.0,0.5,14.87,30930.0,23020.0,26930.0,37650.0,47080.0,BLS OEWS May 2025 special education aggregation
Metropolitan Area,49700,"Yuba City, CA",Doctoral or professional degree,930.0,1.8202000000000003,2.6,85.31,177440.0,1.7,67.75,140910.0,66640.0,103140.0,198130.0,354940.0,BLS OEWS May 2025 special education aggregation
Metropolitan Area,49700,"Yuba City, CA",Master's degree,1270.0,2.4776,5.7,49.78,103550.0,1.6,47.83,99490.0,44960.0,62030.0,135770.0,165560.0,BLS OEWS May 2025 special education aggregation
Metropolitan Area,49700,"Yuba City, CA",Bachelor's degree,10250.0,20.0564,1.6,51.07,106220.0,0.7,47.13,98040.0,53840.0,70630.0,127990.0,175940.0,BLS OEWS May 2025 special education aggregation
Metropolitan Area,49700,"Yuba City, CA",Associate's degree,960.0,1.8791,5.6,35.38,73600.0,1.3,30.25,62920.0,42750.0,48350.0,92870.0,123350.0,BLS OEWS May 2025 special education aggregation
Metropolitan Area,49700,"Yuba City, CA",Postsecondary nondegree award,4870.0,9.5396,2.5,28.2,58660.0,1.1,26.5,55120.0,38820.0,45690.0,65680.0,81000.0,BLS OEWS May 2025 special education aggregation
Metropolitan Area,49700,"Yuba City, CA","Some college, no degree",1930.0,3.7773000000000003,3.0,24.7,51380.0,1.1,22.64,47090.0,37390.0,42940.0,56930.0,70900.0,BLS OEWS May 2025 special education aggregation
Metropolitan Area,49700,"Yuba City, CA",High school diploma or equivalent,17660.0,34.5583,1.5,26.73,55600.0,0.6,23.08,48000.0,34320.0,36830.0,63960.0,85060.0,BLS OEWS May 2025 special education aggregation
Metropolitan Area,49700,"Yuba City, CA",No formal educational credential,13230.0,25.8913,0.6,20.53,42690.0,0.5,18.44,38360.0,34330.0,35390.0,45690.0,56190.0,BLS OEWS May 2025 special education aggregation
Metropolitan Area,49740,"Yuma, AZ",Doctoral or professional degree,1010.0,1.4641,3.5,68.91,143330.0,3.0,52.45,109100.0,60420.0,77140.0,162020.0,308170.0,BLS OEWS May 2025 special education aggregation
Metropolitan Area,49740,"Yuma, AZ",Master's degree,1110.0,1.6164999999999998,3.2,38.38,79840.0,1.3,34.91,72610.0,40990.0,52090.0,100180.0,129770.0,BLS OEWS May 2025 special education aggregation
Metropolitan Area,49740,"Yuma, AZ",Bachelor's degree,13260.0,19.2515,0.9,40.59,84430.0,0.6,35.9,74670.0,44640.0,52100.0,100930.0,134800.0,BLS OEWS May 2025 special education aggregation
Metropolitan Area,49740,"Yuma, AZ",Associate's degree,1410.0,2.0503,2.6,31.32,65150.0,1.1,29.78,61940.0,33910.0,40810.0,83780.0,99220.0,BLS OEWS May 2025 special education aggregation
Metropolitan Area,49740,"Yuma, AZ",Postsecondary nondegree award,4640.0,6.732899999999999,2.4,25.44,52910.0,0.8,22.57,46940.0,35500.0,38760.0,60830.0,79930.0,BLS OEWS May 2025 special education aggregation
Metropolitan Area,49740,"Yuma, AZ","Some college, no degree",1590.0,2.3136,3.1,19.61,40790.0,0.9,16.84,35020.0,30580.0,32810.0,46360.0,58130.0,BLS OEWS May 2025 special education aggregation
Metropolitan Area,49740,"Yuma, AZ",High school diploma or equivalent,24090.0,34.9781,0.9,25.23,52490.0,0.6,22.09,45950.0,32400.0,36510.0,60380.0,80940.0,BLS OEWS May 2025 special education aggregation
Metropolitan Area,49740,"Yuma, AZ",No formal educational credential,21760.0,31.5931,1.1,17.58,36560.0,0.4,16.59,34500.0,30580.0,30910.0,37120.0,45260.0,BLS OEWS May 2025 special education aggregation
Metropolitan Area,100001,Northwest Alabama nonmetropolitan area,Doctoral or professional degree,840.0,1.2449,3.9,67.13,139630.0,5.3,50.0,103990.0,56920.0,63820.0,150010.0,338310.0,BLS OEWS May 2025 special education aggregation
Metropolitan Area,100001,Northwest Alabama nonmetropolitan area,Master's degree,1040.0,1.5372,4.3,37.22,77420.0,1.9,33.66,70010.0,37370.0,51720.0,97380.0,125790.0,BLS OEWS May 2025 special education aggregation
Metropolitan Area,100001,Northwest Alabama nonmetropolitan area,Bachelor's degree,9710.0,14.372800000000002,1.5,36.79,76510.0,0.9,31.0,64470.0,41220.0,51190.0,85460.0,124540.0,BLS OEWS May 2025 special education aggregation
Metropolitan Area,100001,Northwest Alabama nonmetropolitan area,Associate's degree,1120.0,1.6553,2.8,24.96,51910.0,1.3,24.66,51290.0,27980.0,38100.0,62660.0,75200.0,BLS OEWS May 2025 special education aggregation
Metropolitan Area,100001,Northwest Alabama nonmetropolitan area,Postsecondary nondegree award,5080.0,7.5245999999999995,1.4,23.14,48120.0,2.2,21.07,43830.0,29190.0,35120.0,58280.0,71510.0,BLS OEWS May 2025 special education aggregation
Metropolitan Area,100001,Northwest Alabama nonmetropolitan area,"Some college, no degree",1140.0,1.6893,3.5,17.91,37250.0,1.3,17.01,35380.0,22340.0,23390.0,46220.0,57480.0,BLS OEWS May 2025 special education aggregation
Metropolitan Area,100001,Northwest Alabama nonmetropolitan area,High school diploma or equivalent,31500.0,46.6182,0.8,21.75,45240.0,0.4,20.0,41610.0,27310.0,34590.0,50580.0,65750.0,BLS OEWS May 2025 special education aggregation
Metropolitan Area,100001,Northwest Alabama nonmetropolitan area,No formal educational credential,17130.0,25.3577,0.8,15.77,32800.0,0.3,14.51,30180.0,21490.0,23870.0,37740.0,47800.0,BLS OEWS May 2025 special education aggregation
Metropolitan Area,100002,Northeast Alabama nonmetropolitan area,Doctoral or professional degree,1710.0,1.1207,4.2,63.91,132930.0,6.1,50.53,105100.0,60280.0,64930.0,150010.0,266570.0,BLS OEWS May 2025 special education aggregation
Metropolitan Area,100002,Northeast Alabama nonmetropolitan area,Master's degree,2290.0,1.5031,3.8,37.12,77200.0,1.5,35.14,73080.0,40070.0,56880.0,95300.0,120660.0,BLS OEWS May 2025 special education aggregation
Metropolitan Area,100002,Northeast Alabama nonmetropolitan area,Bachelor's degree,22300.0,14.609,1.3,37.48,77950.0,0.9,32.37,67340.0,42590.0,52450.0,91980.0,125200.0,BLS OEWS May 2025 special education aggregation
Metropolitan Area,100002,Northeast Alabama nonmetropolitan area,Associate's degree,2450.0,1.6054,2.3,25.02,52050.0,1.2,24.37,50680.0,26810.0,36380.0,64140.0,76630.0,BLS OEWS May 2025 special education aggregation
Metropolitan Area,100002,Northeast Alabama nonmetropolitan area,Postsecondary nondegree award,10600.0,6.944100000000001,2.1,21.91,45580.0,0.7,19.89,41370.0,29380.0,34710.0,55590.0,66830.0,BLS OEWS May 2025 special education aggregation
Metropolitan Area,100002,Northeast Alabama nonmetropolitan area,"Some college, no degree",2510.0,1.6473,3.8,17.59,36580.0,1.5,16.99,35340.0,21590.0,24270.0,45200.0,55640.0,BLS OEWS May 2025 special education aggregation
Metropolitan Area,100002,Northeast Alabama nonmetropolitan area,High school diploma or equivalent,67970.0,44.5345,0.7,22.42,46630.0,0.4,20.07,41740.0,26850.0,33140.0,57570.0,70880.0,BLS OEWS May 2025 special education aggregation
Metropolitan Area,100002,Northeast Alabama nonmetropolitan area,No formal educational credential,42790.0,28.036,0.7,15.06,31320.0,0.3,14.07,29270.0,21250.0,23450.0,36130.0,43360.0,BLS OEWS May 2025 special education aggregation
Metropolitan Area,100003,Southwest Alabama nonmetropolitan area,Doctoral or professional degree,870.0,1.3401999999999998,4.3,59.67,124110.0,4.5,41.36,86020.0,50330.0,63390.0,136960.0,242380.0,BLS OEWS May 2025 special education aggregation
Metropolitan Area,100003,Southwest Alabama nonmetropolitan area,Master's degree,1370.0,2.1202,6.1,33.89,70480.0,2.3,30.84,64140.0,36560.0,45870.0,85930.0,105740.0,BLS OEWS May 2025 special education aggregation
Metropolitan Area,100003,Southwest Alabama nonmetropolitan area,Bachelor's degree,10320.0,15.9822,1.4,37.98,79010.0,0.9,32.14,66850.0,39130.0,50700.0,95520.0,129490.0,BLS OEWS May 2025 special education aggregation
Metropolitan Area,100003,Southwest Alabama nonmetropolitan area,Associate's degree,1330.0,2.0623,6.4,23.98,49880.0,2.0,23.12,48080.0,26820.0,35420.0,61520.0,74670.0,BLS OEWS May 2025 special education aggregation
Metropolitan Area,100003,Southwest Alabama nonmetropolitan area,Postsecondary nondegree award,5170.0,8.001900000000001,2.8,22.4,46580.0,1.7,20.72,43100.0,28170.0,33900.0,56460.0,71290.0,BLS OEWS May 2025 special education aggregation
Metropolitan Area,100003,Southwest Alabama nonmetropolitan area,"Some college, no degree",1410.0,2.1839,3.9,17.37,36130.0,1.6,15.79,32840.0,22290.0,27360.0,43910.0,55890.0,BLS OEWS May 2025 special education aggregation
Metropolitan Area,100003,Southwest Alabama nonmetropolitan area,High school diploma or equivalent,29340.0,45.460300000000004,0.9,24.08,50090.0,0.6,21.41,44520.0,27080.0,32050.0,61670.0,82190.0,BLS OEWS May 2025 special education aggregation
Metropolitan Area,100003,Southwest Alabama nonmetropolitan area,No formal educational credential,14750.0,22.8491,1.2,14.97,31140.0,0.5,13.86,28830.0,21120.0,23170.0,35430.0,45590.0,BLS OEWS May 2025 special education aggregation
Metropolitan Area,100004,Southeast Alabama nonmetropolitan area,Doctoral or professional degree,1190.0,1.4151,3.4,58.77,122240.0,3.6,45.6,94840.0,57810.0,68070.0,132960.0,215110.0,BLS OEWS May 2025 special education aggregation
Metropolitan Area,100004,Southeast Alabama nonmetropolitan area,Master's degree,1550.0,1.8475000000000001,4.2,37.76,78530.0,1.7,35.32,73470.0,37830.0,51920.0,99210.0,124040.0,BLS OEWS May 2025 special education aggregation
Metropolitan Area,100004,Southeast Alabama nonmetropolitan area,Bachelor's degree,13960.0,16.6679,1.1,40.22,83660.0,0.7,35.48,73790.0,46420.0,59100.0,101310.0,133940.0,BLS OEWS May 2025 special education aggregation
Metropolitan Area,100004,Southeast Alabama nonmetropolitan area,Associate's degree,1570.0,1.8800999999999999,2.9,26.84,55830.0,1.3,23.84,49590.0,27230.0,35790.0,67340.0,88390.0,BLS OEWS May 2025 special education aggregation
Metropolitan Area,100004,Southeast Alabama nonmetropolitan area,Postsecondary nondegree award,9530.0,11.383799999999999,1.4,28.52,59330.0,0.8,25.96,53990.0,30140.0,37790.0,78040.0,94970.0,BLS OEWS May 2025 special education aggregation
Metropolitan Area,100004,Southeast Alabama nonmetropolitan area,"Some college, no degree",1570.0,1.8725999999999998,3.4,17.87,37180.0,1.5,16.62,34580.0,22710.0,24230.0,45460.0,56010.0,BLS OEWS May 2025 special education aggregation
Metropolitan Area,100004,Southeast Alabama nonmetropolitan area,High school diploma or equivalent,32130.0,38.3592,0.8,21.98,45710.0,0.7,18.89,39290.0,25590.0,30360.0,54230.0,75030.0,BLS OEWS May 2025 special education aggregation
Metropolitan Area,100004,Southeast Alabama nonmetropolitan area,No formal educational credential,22260.0,26.5739,0.8,15.09,31380.0,0.5,13.58,28250.0,21370.0,23590.0,35440.0,45020.0,BLS OEWS May 2025 special education aggregation
Metropolitan Area,200006,Alaska nonmetropolitan area,Doctoral or professional degree,1970.0,1.811,4.8,100.05,208110.0,2.5,79.1,164520.0,72760.0,103540.0,282490.0,403460.0,BLS OEWS May 2025 special education aggregation
Metropolitan Area,200006,Alaska nonmetropolitan area,Master's degree,2720.0,2.502,3.4,46.99,97740.0,1.6,45.73,95120.0,54580.0,65020.0,122630.0,144600.0,BLS OEWS May 2025 special education aggregation
Metropolitan Area,200006,Alaska nonmetropolitan area,Bachelor's degree,24060.0,22.124000000000002,1.7,49.98,103950.0,0.6,46.3,96300.0,56410.0,74480.0,125990.0,160220.0,BLS OEWS May 2025 special education aggregation
Metropolitan Area,200006,Alaska nonmetropolitan area,Associate's degree,2300.0,2.1183,4.3,41.38,86060.0,1.9,38.54,80160.0,46740.0,58660.0,104410.0,132690.0,BLS OEWS May 2025 special education aggregation
Metropolitan Area,200006,Alaska nonmetropolitan area,Postsecondary nondegree award,7100.0,6.524299999999999,2.8,34.7,72170.0,1.1,30.17,62760.0,42790.0,50840.0,82800.0,107770.0,BLS OEWS May 2025 special education aggregation
Metropolitan Area,200006,Alaska nonmetropolitan area,"Some college, no degree",4330.0,3.9829,4.6,24.55,51070.0,1.0,23.51,48900.0,28180.0,40320.0,59920.0,72430.0,BLS OEWS May 2025 special education aggregation
Metropolitan Area,200006,Alaska nonmetropolitan area,High school diploma or equivalent,41040.0,37.7331,1.1,32.85,68330.0,0.6,29.03,60370.0,37590.0,46600.0,80840.0,107680.0,BLS OEWS May 2025 special education aggregation
Metropolitan Area,200006,Alaska nonmetropolitan area,No formal educational credential,25240.0,23.2044,1.5,21.92,45590.0,0.8,18.18,37810.0,28510.0,33370.0,48940.0,67320.0,BLS OEWS May 2025 special education aggregation
Metropolitan Area,400001,Arizona nonmetropolitan area,Doctoral or professional degree,1770.0,1.8138,2.0,82.8,172230.0,3.0,64.25,133640.0,61570.0,81580.0,218160.0,358460.0,BLS OEWS May 2025 special education aggregation
Metropolitan Area,400001,Arizona nonmetropolitan area,Master's degree,1990.0,2.0359000000000003,2.1,39.96,83130.0,1.1,36.98,76920.0,41500.0,53830.0,101000.0,136300.0,BLS OEWS May 2025 special education aggregation
Metropolitan Area,400001,Arizona nonmetropolitan area,Bachelor's degree,19480.0,19.9744,0.7,39.9,83000.0,0.7,35.48,73800.0,42620.0,50910.0,100720.0,131770.0,BLS OEWS May 2025 special education aggregation
Metropolitan Area,400001,Arizona nonmetropolitan area,Associate's degree,2320.0,2.3757,3.4,31.4,65310.0,0.9,28.84,59980.0,37750.0,45680.0,82790.0,100120.0,BLS OEWS May 2025 special education aggregation
Metropolitan Area,400001,Arizona nonmetropolitan area,Postsecondary nondegree award,6360.0,6.5209,3.0,25.72,53500.0,0.8,22.84,47510.0,36170.0,39640.0,60710.0,79320.0,BLS OEWS May 2025 special education aggregation
Metropolitan Area,400001,Arizona nonmetropolitan area,"Some college, no degree",2630.0,2.6967,2.7,20.3,42230.0,0.6,17.29,35970.0,31170.0,33670.0,47760.0,60290.0,BLS OEWS May 2025 special education aggregation
Metropolitan Area,400001,Arizona nonmetropolitan area,High school diploma or equivalent,36550.0,37.4847,0.6,26.32,54750.0,0.4,23.18,48210.0,33120.0,37850.0,62640.0,82230.0,BLS OEWS May 2025 special education aggregation
Metropolitan Area,400001,Arizona nonmetropolitan area,No formal educational credential,26430.0,27.098000000000003,1.0,18.55,38580.0,0.5,16.83,35010.0,30580.0,31250.0,40130.0,51110.0,BLS OEWS May 2025 special education aggregation
Metropolitan Area,500001,North Arkansas nonmetropolitan area,Doctoral or professional degree,2420.0,2.0297,4.2,59.16,123060.0,5.2,40.94,85160.0,48650.0,59430.0,134700.0,261140.0,BLS OEWS May 2025 special education aggregation
Metropolitan Area,500001,North Arkansas nonmetropolitan area,Master's degree,2870.0,2.4018,4.8,40.37,83970.0,1.9,37.51,78010.0,37830.0,55010.0,103020.0,129880.0,BLS OEWS May 2025 special education aggregation
Metropolitan Area,500001,North Arkansas nonmetropolitan area,Bachelor's degree,19860.0,16.6509,1.3,34.27,71280.0,0.7,28.78,59860.0,37480.0,49030.0,79700.0,114940.0,BLS OEWS May 2025 special education aggregation
Metropolitan Area,500001,North Arkansas nonmetropolitan area,Associate's degree,1950.0,1.6362999999999999,3.2,28.83,59970.0,1.0,29.0,60320.0,30140.0,41590.0,76700.0,87910.0,BLS OEWS May 2025 special education aggregation
Metropolitan Area,500001,North Arkansas nonmetropolitan area,Postsecondary nondegree award,10390.0,8.7076,1.9,22.74,47300.0,0.8,20.81,43280.0,29890.0,34950.0,55930.0,66820.0,BLS OEWS May 2025 special education aggregation
Metropolitan Area,500001,North Arkansas nonmetropolitan area,"Some college, no degree",2830.0,2.3728000000000002,3.0,18.13,37710.0,1.2,16.87,35090.0,23800.0,28090.0,43710.0,51910.0,BLS OEWS May 2025 special education aggregation
Metropolitan Area,500001,North Arkansas nonmetropolitan area,High school diploma or equivalent,45200.0,37.8861,0.7,20.92,43500.0,0.4,18.32,38110.0,27180.0,31570.0,49030.0,63820.0,BLS OEWS May 2025 special education aggregation
Metropolitan Area,500001,North Arkansas nonmetropolitan area,No formal educational credential,33780.0,28.3148,0.7,15.33,31890.0,0.4,14.17,29470.0,23400.0,25430.0,35730.0,43540.0,BLS OEWS May 2025 special education aggregation
Metropolitan Area,500002,East Arkansas nonmetropolitan area,Doctoral or professional degree,890.0,1.3077,5.3,60.51,125860.0,4.0,46.17,96040.0,34160.0,55320.0,155980.0,262730.0,BLS OEWS May 2025 special education aggregation
Metropolitan Area,500002,East Arkansas nonmetropolitan area,Master's degree,1420.0,2.0827,4.3,37.18,77340.0,1.9,32.52,67630.0,37560.0,51710.0,99740.0,129780.0,BLS OEWS May 2025 special education aggregation
Metropolitan Area,500002,East Arkansas nonmetropolitan area,Bachelor's degree,10620.0,15.604400000000002,1.4,34.16,71060.0,0.8,29.17,60670.0,38170.0,50170.0,80480.0,111650.0,BLS OEWS May 2025 special education aggregation
Metropolitan Area,500002,East Arkansas nonmetropolitan area,Associate's degree,1140.0,1.6732,3.0,26.62,55370.0,1.5,25.39,52810.0,28050.0,36800.0,65130.0,82250.0,BLS OEWS May 2025 special education aggregation
Metropolitan Area,500002,East Arkansas nonmetropolitan area,Postsecondary nondegree award,4960.0,7.2906,3.5,20.79,43250.0,1.0,18.5,38480.0,29550.0,32360.0,48990.0,60990.0,BLS OEWS May 2025 special education aggregation
Metropolitan Area,500002,East Arkansas nonmetropolitan area,"Some college, no degree",1680.0,2.4617,4.2,17.57,36540.0,1.0,15.62,32490.0,23330.0,26780.0,42290.0,51790.0,BLS OEWS May 2025 special education aggregation
Metropolitan Area,500002,East Arkansas nonmetropolitan area,High school diploma or equivalent,29780.0,43.742599999999996,0.7,21.73,45200.0,0.5,19.34,40230.0,27990.0,33300.0,51730.0,66400.0,BLS OEWS May 2025 special education aggregation
Metropolitan Area,500002,East Arkansas nonmetropolitan area,No formal educational credential,17590.0,25.8371,0.9,15.93,33130.0,0.4,14.44,30040.0,23450.0,25950.0,37580.0,47200.0,BLS OEWS May 2025 special education aggregation
Metropolitan Area,500003,West Arkansas nonmetropolitan area,Doctoral or professional degree,1660.0,1.9354,2.8,52.93,110080.0,2.6,37.12,77200.0,48040.0,58710.0,133840.0,212480.0,BLS OEWS May 2025 special education aggregation
Metropolitan Area,500003,West Arkansas nonmetropolitan area,Master's degree,1880.0,2.1945,2.8,36.64,76200.0,2.4,31.82,66180.0,37560.0,50700.0,92060.0,127400.0,BLS OEWS May 2025 special education aggregation
Metropolitan Area,500003,West Arkansas nonmetropolitan area,Bachelor's degree,14060.0,16.4162,0.7,34.62,72010.0,0.5,28.66,59610.0,38530.0,50470.0,80310.0,122060.0,BLS OEWS May 2025 special education aggregation
Metropolitan Area,500003,West Arkansas nonmetropolitan area,Associate's degree,1370.0,1.6027999999999998,3.0,27.59,57380.0,1.3,26.42,54950.0,28340.0,37090.0,72620.0,88190.0,BLS OEWS May 2025 special education aggregation
Metropolitan Area,500003,West Arkansas nonmetropolitan area,Postsecondary nondegree award,6620.0,7.7299999999999995,1.7,23.04,47920.0,1.2,21.68,45100.0,29840.0,35330.0,58600.0,72370.0,BLS OEWS May 2025 special education aggregation
Metropolitan Area,500003,West Arkansas nonmetropolitan area,"Some college, no degree",1840.0,2.1465,2.0,17.71,36830.0,1.4,16.16,33610.0,23670.0,27890.0,42840.0,53470.0,BLS OEWS May 2025 special education aggregation
Metropolitan Area,500003,West Arkansas nonmetropolitan area,High school diploma or equivalent,32770.0,38.2685,0.6,21.86,45460.0,0.6,18.9,39310.0,28180.0,33300.0,51000.0,68550.0,BLS OEWS May 2025 special education aggregation
Metropolitan Area,500003,West Arkansas nonmetropolitan area,No formal educational credential,25440.0,29.706200000000003,0.7,15.71,32680.0,0.3,14.29,29710.0,23530.0,25830.0,36330.0,45480.0,BLS OEWS May 2025 special education aggregation
Metropolitan Area,500004,South Arkansas nonmetropolitan area,Doctoral or professional degree,1940.0,1.6506,3.6,53.61,111520.0,4.0,36.34,75600.0,45030.0,58680.0,134200.0,218090.0,BLS OEWS May 2025 special education aggregation
Metropolitan Area,500004,South Arkansas nonmetropolitan area,Master's degree,2360.0,2.0086,2.6,37.81,78640.0,1.7,31.86,66260.0,37790.0,51100.0,96160.0,129570.0,BLS OEWS May 2025 special education aggregation
Metropolitan Area,500004,South Arkansas nonmetropolitan area,Bachelor's degree,20200.0,17.2105,1.1,37.13,77240.0,0.9,30.15,62720.0,40230.0,50420.0,91460.0,128350.0,BLS OEWS May 2025 special education aggregation
Metropolitan Area,500004,South Arkansas nonmetropolitan area,Associate's degree,2010.0,1.7125,3.0,28.78,59860.0,1.3,28.17,58590.0,30240.0,40410.0,77320.0,90270.0,BLS OEWS May 2025 special education aggregation
Metropolitan Area,500004,South Arkansas nonmetropolitan area,Postsecondary nondegree award,8920.0,7.6009,1.7,21.56,44840.0,0.9,19.35,40240.0,29740.0,33280.0,52000.0,63990.0,BLS OEWS May 2025 special education aggregation
Metropolitan Area,500004,South Arkansas nonmetropolitan area,"Some college, no degree",2540.0,2.168,2.5,17.65,36710.0,1.4,15.91,33080.0,23520.0,26420.0,44550.0,51990.0,BLS OEWS May 2025 special education aggregation
Metropolitan Area,500004,South Arkansas nonmetropolitan area,High school diploma or equivalent,50870.0,43.349599999999995,0.5,22.29,46360.0,0.4,19.39,40330.0,27760.0,34120.0,53560.0,72320.0,BLS OEWS May 2025 special education aggregation
Metropolitan Area,500004,South Arkansas nonmetropolitan area,No formal educational credential,28510.0,24.2993,0.6,15.41,32060.0,0.4,14.2,29530.0,23400.0,25450.0,35630.0,42910.0,BLS OEWS May 2025 special education aggregation
Metropolitan Area,600003,North Coast Region of California nonmetropolitan area,Doctoral or professional degree,1970.0,1.7998,5.3,77.26,160700.0,2.4,65.64,136530.0,60120.0,98010.0,189760.0,290590.0,BLS OEWS May 2025 special education aggregation
Metropolitan Area,600003,North Coast Region of California nonmetropolitan area,Master's degree,3060.0,2.7946,2.4,46.8,97340.0,2.1,40.86,84990.0,45810.0,58590.0,126750.0,163510.0,BLS OEWS May 2025 special education aggregation
Metropolitan Area,600003,North Coast Region of California nonmetropolitan area,Bachelor's degree,22230.0,20.2799,1.0,47.86,99550.0,1.2,42.34,88070.0,50240.0,64110.0,122750.0,164270.0,BLS OEWS May 2025 special education aggregation
Metropolitan Area,600003,North Coast Region of California nonmetropolitan area,Associate's degree,2260.0,2.057,2.1,34.66,72080.0,0.8,29.73,61840.0,40330.0,48310.0,88650.0,124280.0,BLS OEWS May 2025 special education aggregation
Metropolitan Area,600003,North Coast Region of California nonmetropolitan area,Postsecondary nondegree award,6600.0,6.021800000000001,2.5,29.9,62200.0,1.0,28.01,58250.0,39830.0,47540.0,73020.0,90130.0,BLS OEWS May 2025 special education aggregation
Metropolitan Area,600003,North Coast Region of California nonmetropolitan area,"Some college, no degree",3760.0,3.4284999999999997,3.3,24.43,50800.0,1.0,22.86,47560.0,37540.0,39990.0,57500.0,66000.0,BLS OEWS May 2025 special education aggregation
Metropolitan Area,600003,North Coast Region of California nonmetropolitan area,High school diploma or equivalent,42440.0,38.7121,0.7,26.35,54800.0,0.4,22.5,46800.0,34820.0,36060.0,62140.0,85260.0,BLS OEWS May 2025 special education aggregation
Metropolitan Area,600003,North Coast Region of California nonmetropolitan area,No formal educational credential,27310.0,24.906299999999998,0.8,21.01,43700.0,0.4,18.47,38420.0,34940.0,36120.0,46500.0,58980.0,BLS OEWS May 2025 special education aggregation
Metropolitan Area,600006,Eastern Sierra-Mother Lode Region of California nonmetropolitan area,Doctoral or professional degree,820.0,1.3031000000000001,5.6,95.36,198350.0,5.0,78.06,162360.0,79930.0,124380.0,243180.0,397110.0,BLS OEWS May 2025 special education aggregation
Metropolitan Area,600006,Eastern Sierra-Mother Lode Region of California nonmetropolitan area,Master's degree,1180.0,1.8635000000000002,3.8,49.88,103750.0,1.6,46.13,95940.0,46890.0,62080.0,133000.0,167650.0,BLS OEWS May 2025 special education aggregation
Metropolitan Area,600006,Eastern Sierra-Mother Lode Region of California nonmetropolitan area,Bachelor's degree,11700.0,18.5268,1.0,49.41,102780.0,0.6,45.56,94760.0,52000.0,67450.0,128240.0,164780.0,BLS OEWS May 2025 special education aggregation
Metropolitan Area,600006,Eastern Sierra-Mother Lode Region of California nonmetropolitan area,Associate's degree,1460.0,2.3182,3.7,35.11,73040.0,0.7,29.71,61810.0,43660.0,49130.0,90110.0,124560.0,BLS OEWS May 2025 special education aggregation
Metropolitan Area,600006,Eastern Sierra-Mother Lode Region of California nonmetropolitan area,Postsecondary nondegree award,3920.0,6.2051,3.4,31.37,65250.0,0.8,29.21,60760.0,40750.0,48220.0,77100.0,95280.0,BLS OEWS May 2025 special education aggregation
Metropolitan Area,600006,Eastern Sierra-Mother Lode Region of California nonmetropolitan area,"Some college, no degree",1750.0,2.7636,2.9,24.57,51100.0,1.3,22.86,47540.0,37180.0,40920.0,57510.0,67530.0,BLS OEWS May 2025 special education aggregation
Metropolitan Area,600006,Eastern Sierra-Mother Lode Region of California nonmetropolitan area,High school diploma or equivalent,23860.0,37.782,0.6,29.88,62140.0,0.6,25.69,53440.0,35180.0,41600.0,75070.0,102290.0,BLS OEWS May 2025 special education aggregation
Metropolitan Area,600006,Eastern Sierra-Mother Lode Region of California nonmetropolitan area,No formal educational credential,18470.0,29.237599999999997,0.7,20.94,43550.0,0.5,18.52,38520.0,34930.0,36020.0,46540.0,58680.0,BLS OEWS May 2025 special education aggregation
Metropolitan Area,600007,North Valley-Northern Mountains Region of California nonmetropolitan area,Doctoral or professional degree,1520.0,1.4593,3.8,84.9,176590.0,2.7,73.23,152320.0,74090.0,104100.0,215810.0,312690.0,BLS OEWS May 2025 special education aggregation
Metropolitan Area,600007,North Valley-Northern Mountains Region of California nonmetropolitan area,Master's degree,2440.0,2.3305,2.4,47.73,99280.0,1.3,44.94,93480.0,45070.0,60660.0,130100.0,166000.0,BLS OEWS May 2025 special education aggregation
Metropolitan Area,600007,North Valley-Northern Mountains Region of California nonmetropolitan area,Bachelor's degree,20960.0,20.06,1.4,48.15,100160.0,0.8,42.6,88610.0,51800.0,65170.0,123510.0,161910.0,BLS OEWS May 2025 special education aggregation
Metropolitan Area,600007,North Valley-Northern Mountains Region of California nonmetropolitan area,Associate's degree,3010.0,2.8783000000000003,1.9,33.55,69790.0,0.7,28.82,59940.0,43660.0,47940.0,80540.0,123080.0,BLS OEWS May 2025 special education aggregation
Metropolitan Area,600007,North Valley-Northern Mountains Region of California nonmetropolitan area,Postsecondary nondegree award,7110.0,6.805899999999999,1.8,30.01,62420.0,0.7,28.46,59200.0,41910.0,48060.0,73130.0,90350.0,BLS OEWS May 2025 special education aggregation
Metropolitan Area,600007,North Valley-Northern Mountains Region of California nonmetropolitan area,"Some college, no degree",3790.0,3.6247,3.2,23.75,49400.0,1.3,22.29,46360.0,36390.0,38460.0,55940.0,65450.0,BLS OEWS May 2025 special education aggregation
Metropolitan Area,600007,North Valley-Northern Mountains Region of California nonmetropolitan area,High school diploma or equivalent,38810.0,37.1415,0.8,28.48,59230.0,0.5,24.45,50860.0,34320.0,39680.0,68200.0,93870.0,BLS OEWS May 2025 special education aggregation
Metropolitan Area,600007,North Valley-Northern Mountains Region of California nonmetropolitan area,No formal educational credential,26860.0,25.699900000000003,0.7,21.01,43700.0,0.5,18.68,38850.0,35000.0,36150.0,46700.0,58120.0,BLS OEWS May 2025 special education aggregation
Metropolitan Area,800001,Eastern and Southern Colorado nonmetropolitan area,Doctoral or professional degree,1560.0,2.2181,4.3,68.76,143020.0,2.0,50.38,104790.0,47020.0,66600.0,164600.0,321410.0,BLS OEWS May 2025 special education aggregation
Metropolitan Area,800001,Eastern and Southern Colorado nonmetropolitan area,Master's degree,1770.0,2.5236,2.2,39.37,81890.0,1.4,34.39,71530.0,44450.0,54220.0,100760.0,131700.0,BLS OEWS May 2025 special education aggregation
Metropolitan Area,800001,Eastern and Southern Colorado nonmetropolitan area,Bachelor's degree,13350.0,19.0326,1.3,40.3,83820.0,0.9,34.18,71100.0,45500.0,51460.0,98010.0,134550.0,BLS OEWS May 2025 special education aggregation
Metropolitan Area,800001,Eastern and Southern Colorado nonmetropolitan area,Associate's degree,1340.0,1.9045,3.3,31.91,66360.0,1.4,28.97,60250.0,38050.0,45860.0,80930.0,101160.0,BLS OEWS May 2025 special education aggregation
Metropolitan Area,800001,Eastern and Southern Colorado nonmetropolitan area,Postsecondary nondegree award,4690.0,6.6831000000000005,3.7,27.57,57340.0,3.2,23.58,49040.0,37150.0,41620.0,63450.0,81030.0,BLS OEWS May 2025 special education aggregation
Metropolitan Area,800001,Eastern and Southern Colorado nonmetropolitan area,"Some college, no degree",2460.0,3.5021999999999998,2.1,21.86,45470.0,0.7,19.91,41410.0,30800.0,35000.0,50610.0,63000.0,BLS OEWS May 2025 special education aggregation
Metropolitan Area,800001,Eastern and Southern Colorado nonmetropolitan area,High school diploma or equivalent,26050.0,37.1261,1.0,26.79,55730.0,0.5,23.74,49370.0,35360.0,39530.0,62860.0,81060.0,BLS OEWS May 2025 special education aggregation
Metropolitan Area,800001,Eastern and Southern Colorado nonmetropolitan area,No formal educational credential,18950.0,27.0096,1.0,19.75,41080.0,0.6,17.81,37040.0,31080.0,33220.0,46850.0,55490.0,BLS OEWS May 2025 special education aggregation
Metropolitan Area,800002,Southwest Colorado nonmetropolitan area,Doctoral or professional degree,2280.0,2.102,3.7,70.17,145950.0,3.2,56.43,117370.0,51190.0,76770.0,168520.0,272970.0,BLS OEWS May 2025 special education aggregation
Metropolitan Area,800002,Southwest Colorado nonmetropolitan area,Master's degree,2440.0,2.2479,2.1,42.73,88880.0,1.3,38.19,79430.0,47100.0,61430.0,106120.0,135630.0,BLS OEWS May 2025 special education aggregation
Metropolitan Area,800002,Southwest Colorado nonmetropolitan area,Bachelor's degree,20330.0,18.764,2.4,44.14,91800.0,0.9,38.18,79420.0,47860.0,60010.0,107750.0,150320.0,BLS OEWS May 2025 special education aggregation
Metropolitan Area,800002,Southwest Colorado nonmetropolitan area,Associate's degree,2210.0,2.0402,3.0,34.58,71930.0,1.3,31.05,64580.0,41710.0,48550.0,90770.0,109260.0,BLS OEWS May 2025 special education aggregation
Metropolitan Area,800002,Southwest Colorado nonmetropolitan area,Postsecondary nondegree award,5950.0,5.4946,4.4,27.96,58150.0,1.7,24.68,51330.0,38370.0,45700.0,64830.0,81610.0,BLS OEWS May 2025 special education aggregation
Metropolitan Area,800002,Southwest Colorado nonmetropolitan area,"Some college, no degree",2750.0,2.5338000000000003,2.2,24.29,50520.0,1.6,22.19,46150.0,30800.0,35270.0,58240.0,75440.0,BLS OEWS May 2025 special education aggregation
Metropolitan Area,800002,Southwest Colorado nonmetropolitan area,High school diploma or equivalent,41480.0,38.278800000000004,1.3,28.04,58330.0,0.5,25.05,52100.0,35740.0,41760.0,68510.0,87970.0,BLS OEWS May 2025 special education aggregation
Metropolitan Area,800002,Southwest Colorado nonmetropolitan area,No formal educational credential,30920.0,28.538600000000002,0.8,20.44,42510.0,0.6,18.14,37730.0,31170.0,34320.0,46670.0,58410.0,BLS OEWS May 2025 special education aggregation
Metropolitan Area,800003,Northwest Colorado nonmetropolitan area,Doctoral or professional degree,2050.0,1.5504,7.2,96.59,200900.0,5.8,69.64,144840.0,60720.0,90140.0,239580.0,428190.0,BLS OEWS May 2025 special education aggregation
Metropolitan Area,800003,Northwest Colorado nonmetropolitan area,Master's degree,2210.0,1.6693000000000002,3.4,49.46,102890.0,2.7,45.2,94020.0,51000.0,68160.0,129950.0,158540.0,BLS OEWS May 2025 special education aggregation
Metropolitan Area,800003,Northwest Colorado nonmetropolitan area,Bachelor's degree,25120.0,18.9921,1.0,48.57,101030.0,1.2,40.87,85000.0,50010.0,63130.0,121100.0,164410.0,BLS OEWS May 2025 special education aggregation
Metropolitan Area,800003,Northwest Colorado nonmetropolitan area,Associate's degree,,,,36.34,75600.0,1.1,34.47,71690.0,40330.0,48500.0,98800.0,120520.0,BLS OEWS May 2025 special education aggregation
Metropolitan Area,800003,Northwest Colorado nonmetropolitan area,Postsecondary nondegree award,6360.0,4.8093,4.2,29.18,60690.0,1.2,27.91,58050.0,38830.0,46790.0,67790.0,84260.0,BLS OEWS May 2025 special education aggregation
Metropolitan Area,800003,Northwest Colorado nonmetropolitan area,"Some college, no degree",,,,25.13,52270.0,1.3,23.25,48360.0,30800.0,35480.0,63250.0,77000.0,BLS OEWS May 2025 special education aggregation
Metropolitan Area,800003,Northwest Colorado nonmetropolitan area,High school diploma or equivalent,47550.0,35.9531,0.9,30.7,63860.0,1.2,28.03,58300.0,37980.0,46430.0,75560.0,96810.0,BLS OEWS May 2025 special education aggregation
Metropolitan Area,800003,Northwest Colorado nonmetropolitan area,No formal educational credential,44420.0,33.583,0.8,21.75,45230.0,1.1,20.59,42830.0,31550.0,35730.0,48520.0,61550.0,BLS OEWS May 2025 special education aggregation
Metropolitan Area,900001,Connecticut nonmetropolitan area,Doctoral or professional degree,1040.0,1.5644,3.9,74.17,154270.0,4.1,58.15,120950.0,69990.0,85610.0,175460.0,304090.0,BLS OEWS May 2025 special education aggregation
Metropolitan Area,900001,Connecticut nonmetropolitan area,Master's degree,2100.0,3.1454,2.8,45.49,94610.0,1.4,41.65,86630.0,44290.0,61930.0,116540.0,154420.0,BLS OEWS May 2025 special education aggregation
Metropolitan Area,900001,Connecticut nonmetropolitan area,Bachelor's degree,13690.0,20.5099,1.0,48.53,100950.0,0.9,43.23,89920.0,49920.0,64570.0,117430.0,163350.0,BLS OEWS May 2025 special education aggregation
Metropolitan Area,900001,Connecticut nonmetropolitan area,Associate's degree,1280.0,1.9189,3.7,34.26,71270.0,1.1,31.96,66470.0,41710.0,51140.0,90180.0,102590.0,BLS OEWS May 2025 special education aggregation
Metropolitan Area,900001,Connecticut nonmetropolitan area,Postsecondary nondegree award,4550.0,6.8233999999999995,2.0,27.0,56150.0,0.7,24.13,50200.0,37830.0,44240.0,65170.0,77050.0,BLS OEWS May 2025 special education aggregation
Metropolitan Area,900001,Connecticut nonmetropolitan area,"Some college, no degree",2240.0,3.3531,2.5,23.7,49290.0,1.0,21.83,45410.0,34810.0,37500.0,55770.0,71140.0,BLS OEWS May 2025 special education aggregation
Metropolitan Area,900001,Connecticut nonmetropolitan area,High school diploma or equivalent,25750.0,38.5875,0.8,26.85,55850.0,0.5,23.51,48910.0,35780.0,39530.0,64100.0,81260.0,BLS OEWS May 2025 special education aggregation
Metropolitan Area,900001,Connecticut nonmetropolitan area,No formal educational credential,16080.0,24.0973,0.8,19.89,41380.0,0.6,17.61,36620.0,34010.0,34700.0,45220.0,53760.0,BLS OEWS May 2025 special education aggregation
Metropolitan Area,1000005,Sussex Delaware nonmetropolitan area,Doctoral or professional degree,1550.0,1.5928,4.1,83.64,173970.0,2.9,63.04,131110.0,74630.0,95660.0,222180.0,352020.0,BLS OEWS May 2025 special education aggregation
Metropolitan Area,1000005,Sussex Delaware nonmetropolitan area,Master's degree,1910.0,1.9541,2.8,45.74,95140.0,1.4,40.45,84140.0,48720.0,62330.0,125940.0,147340.0,BLS OEWS May 2025 special education aggregation
Metropolitan Area,1000005,Sussex Delaware nonmetropolitan area,Bachelor's degree,15170.0,15.5571,1.1,47.84,99520.0,1.4,42.51,88410.0,50920.0,63900.0,115590.0,164420.0,BLS OEWS May 2025 special education aggregation
Metropolitan Area,1000005,Sussex Delaware nonmetropolitan area,Associate's degree,2090.0,2.1435,3.0,32.37,67320.0,1.2,31.09,64670.0,34960.0,43680.0,83240.0,103190.0,BLS OEWS May 2025 special education aggregation
Metropolitan Area,1000005,Sussex Delaware nonmetropolitan area,Postsecondary nondegree award,6330.0,6.486199999999999,2.4,24.59,51150.0,0.8,22.43,46660.0,36490.0,40140.0,59530.0,72870.0,BLS OEWS May 2025 special education aggregation
Metropolitan Area,1000005,Sussex Delaware nonmetropolitan area,"Some college, no degree",2330.0,2.3917,4.8,22.17,46110.0,2.1,21.46,44630.0,33950.0,36000.0,50050.0,62420.0,BLS OEWS May 2025 special education aggregation
Metropolitan Area,1000005,Sussex Delaware nonmetropolitan area,High school diploma or equivalent,30960.0,31.7416,1.0,25.54,53130.0,0.5,22.56,46920.0,31740.0,37810.0,61780.0,79710.0,BLS OEWS May 2025 special education aggregation
Metropolitan Area,1000005,Sussex Delaware nonmetropolitan area,No formal educational credential,37190.0,38.132999999999996,0.6,18.21,37880.0,0.4,17.25,35880.0,31200.0,31290.0,38800.0,46450.0,BLS OEWS May 2025 special education aggregation
Metropolitan Area,1200003,South Florida nonmetropolitan area,Doctoral or professional degree,960.0,1.0973000000000002,5.8,77.64,161490.0,6.2,62.07,129100.0,60200.0,82990.0,195580.0,306790.0,BLS OEWS May 2025 special education aggregation
Metropolitan Area,1200003,South Florida nonmetropolitan area,Master's degree,1220.0,1.3935,2.8,42.04,87450.0,1.4,38.4,79870.0,44940.0,57510.0,108250.0,131470.0,BLS OEWS May 2025 special education aggregation
Metropolitan Area,1200003,South Florida nonmetropolitan area,Bachelor's degree,14620.0,16.6782,1.1,43.12,89700.0,0.8,36.56,76040.0,44050.0,54310.0,104580.0,156880.0,BLS OEWS May 2025 special education aggregation
Metropolitan Area,1200003,South Florida nonmetropolitan area,Associate's degree,1580.0,1.8026,8.4,27.72,57670.0,1.6,23.83,49560.0,32060.0,37290.0,75430.0,93120.0,BLS OEWS May 2025 special education aggregation
Metropolitan Area,1200003,South Florida nonmetropolitan area,Postsecondary nondegree award,5170.0,5.8944,2.1,26.11,54320.0,1.2,23.15,48150.0,33890.0,37960.0,62050.0,78900.0,BLS OEWS May 2025 special education aggregation
Metropolitan Area,1200003,South Florida nonmetropolitan area,"Some college, no degree",1920.0,2.186,2.3,22.13,46020.0,1.0,20.16,41930.0,29190.0,33870.0,56160.0,67930.0,BLS OEWS May 2025 special education aggregation
Metropolitan Area,1200003,South Florida nonmetropolitan area,High school diploma or equivalent,30250.0,34.5034,1.0,25.61,53280.0,0.4,22.66,47130.0,32940.0,37700.0,61200.0,79260.0,BLS OEWS May 2025 special education aggregation
Metropolitan Area,1200003,South Florida nonmetropolitan area,No formal educational credential,31950.0,36.4446,0.9,18.5,38480.0,0.5,17.19,35760.0,28430.0,29910.0,42910.0,51720.0,BLS OEWS May 2025 special education aggregation
Metropolitan Area,1200006,North Florida nonmetropolitan area,Doctoral or professional degree,1800.0,1.5944,2.3,71.1,147890.0,3.6,55.65,115740.0,60990.0,75530.0,187200.0,313660.0,BLS OEWS May 2025 special education aggregation
Metropolitan Area,1200006,North Florida nonmetropolitan area,Master's degree,2350.0,2.0824000000000003,1.9,38.35,79760.0,1.3,33.84,70390.0,39970.0,50250.0,101430.0,125550.0,BLS OEWS May 2025 special education aggregation
Metropolitan Area,1200006,North Florida nonmetropolitan area,Bachelor's degree,21020.0,18.6328,1.0,40.28,83780.0,0.8,33.52,69730.0,43330.0,50430.0,99910.0,137690.0,BLS OEWS May 2025 special education aggregation
Metropolitan Area,1200006,North Florida nonmetropolitan area,Associate's degree,2210.0,1.9638000000000002,2.3,25.91,53880.0,1.1,22.55,46910.0,30730.0,35250.0,70290.0,85150.0,BLS OEWS May 2025 special education aggregation
Metropolitan Area,1200006,North Florida nonmetropolitan area,Postsecondary nondegree award,9070.0,8.0447,1.6,24.06,50050.0,0.7,22.44,46670.0,35120.0,37520.0,59550.0,70240.0,BLS OEWS May 2025 special education aggregation
Metropolitan Area,1200006,North Florida nonmetropolitan area,"Some college, no degree",2320.0,2.0571,2.6,20.89,43450.0,0.8,17.87,37160.0,27040.0,29640.0,50290.0,62540.0,BLS OEWS May 2025 special education aggregation
Metropolitan Area,1200006,North Florida nonmetropolitan area,High school diploma or equivalent,44240.0,39.2218,0.8,24.34,50620.0,0.7,22.66,47130.0,31940.0,37170.0,57300.0,73990.0,BLS OEWS May 2025 special education aggregation
Metropolitan Area,1200006,North Florida nonmetropolitan area,No formal educational credential,29780.0,26.403,1.0,17.64,36690.0,0.6,16.38,34080.0,28190.0,29310.0,38380.0,48050.0,BLS OEWS May 2025 special education aggregation
Metropolitan Area,1300001,North Georgia nonmetropolitan area,Doctoral or professional degree,2260.0,1.2037,3.2,61.92,128790.0,2.7,50.88,105820.0,42050.0,63700.0,150070.0,250620.0,BLS OEWS May 2025 special education aggregation
Metropolitan Area,1300001,North Georgia nonmetropolitan area,Master's degree,2580.0,1.3758,4.1,39.27,81680.0,1.3,38.13,79310.0,41020.0,55840.0,106080.0,120610.0,BLS OEWS May 2025 special education aggregation
Metropolitan Area,1300001,North Georgia nonmetropolitan area,Bachelor's degree,27700.0,14.7648,1.6,40.61,84480.0,0.8,36.35,75610.0,42020.0,54610.0,98920.0,135550.0,BLS OEWS May 2025 special education aggregation
Metropolitan Area,1300001,North Georgia nonmetropolitan area,Associate's degree,3110.0,1.6559000000000001,6.1,29.4,61150.0,1.3,28.61,59510.0,35560.0,45000.0,77070.0,90210.0,BLS OEWS May 2025 special education aggregation
Metropolitan Area,1300001,North Georgia nonmetropolitan area,Postsecondary nondegree award,10990.0,5.8569,2.0,24.11,50150.0,0.5,22.43,46650.0,32100.0,37250.0,59510.0,73620.0,BLS OEWS May 2025 special education aggregation
Metropolitan Area,1300001,North Georgia nonmetropolitan area,"Some college, no degree",3930.0,2.0962,5.2,18.54,38560.0,2.2,16.82,34980.0,22000.0,23260.0,48000.0,62400.0,BLS OEWS May 2025 special education aggregation
Metropolitan Area,1300001,North Georgia nonmetropolitan area,High school diploma or equivalent,71430.0,38.0675,0.7,23.12,48090.0,0.4,21.3,44310.0,29190.0,36400.0,55860.0,71940.0,BLS OEWS May 2025 special education aggregation
Metropolitan Area,1300001,North Georgia nonmetropolitan area,No formal educational credential,65640.0,34.9793,0.6,16.72,34780.0,0.4,16.46,34230.0,21950.0,27750.0,40030.0,48650.0,BLS OEWS May 2025 special education aggregation
Metropolitan Area,1300002,Middle Georgia nonmetropolitan area,Doctoral or professional degree,2150.0,1.5523,4.4,62.07,129110.0,3.2,46.25,96190.0,49820.0,65990.0,142030.0,258710.0,BLS OEWS May 2025 special education aggregation
Metropolitan Area,1300002,Middle Georgia nonmetropolitan area,Master's degree,2700.0,1.9440000000000002,3.3,39.2,81530.0,1.7,37.61,78220.0,42180.0,55000.0,100630.0,126620.0,BLS OEWS May 2025 special education aggregation
Metropolitan Area,1300002,Middle Georgia nonmetropolitan area,Bachelor's degree,25250.0,18.1956,0.8,39.34,81830.0,0.7,35.37,73560.0,38690.0,52000.0,97870.0,132170.0,BLS OEWS May 2025 special education aggregation
Metropolitan Area,1300002,Middle Georgia nonmetropolitan area,Associate's degree,2830.0,2.0370999999999997,4.0,29.52,61410.0,1.6,28.7,59690.0,35360.0,43920.0,75820.0,93200.0,BLS OEWS May 2025 special education aggregation
Metropolitan Area,1300002,Middle Georgia nonmetropolitan area,Postsecondary nondegree award,10410.0,7.5013000000000005,1.6,24.0,49920.0,0.7,21.79,45330.0,30180.0,36470.0,59390.0,74460.0,BLS OEWS May 2025 special education aggregation
Metropolitan Area,1300002,Middle Georgia nonmetropolitan area,"Some college, no degree",2930.0,2.1105,4.2,19.02,39560.0,2.7,17.53,36460.0,20500.0,26150.0,48380.0,60450.0,BLS OEWS May 2025 special education aggregation
Metropolitan Area,1300002,Middle Georgia nonmetropolitan area,High school diploma or equivalent,57330.0,41.3127,0.5,22.53,46860.0,0.4,20.35,42320.0,27990.0,34890.0,55120.0,70830.0,BLS OEWS May 2025 special education aggregation
Metropolitan Area,1300002,Middle Georgia nonmetropolitan area,No formal educational credential,35170.0,25.3463,0.8,15.37,31970.0,0.4,14.31,29760.0,21380.0,24160.0,36730.0,45730.0,BLS OEWS May 2025 special education aggregation
Metropolitan Area,1300003,East Georgia nonmetropolitan area,Doctoral or professional degree,1940.0,2.1908000000000003,3.1,55.26,114940.0,5.3,41.08,85440.0,50880.0,65250.0,126360.0,192380.0,BLS OEWS May 2025 special education aggregation
Metropolitan Area,1300003,East Georgia nonmetropolitan area,Master's degree,1820.0,2.0646999999999998,2.4,39.67,82510.0,1.8,38.01,79050.0,43160.0,54080.0,101750.0,127960.0,BLS OEWS May 2025 special education aggregation
Metropolitan Area,1300003,East Georgia nonmetropolitan area,Bachelor's degree,16260.0,18.3932,0.9,38.83,80760.0,0.7,33.63,69950.0,39790.0,51280.0,92490.0,129500.0,BLS OEWS May 2025 special education aggregation
Metropolitan Area,1300003,East Georgia nonmetropolitan area,Associate's degree,1660.0,1.8824,4.5,27.57,57350.0,1.1,27.12,56410.0,32570.0,40560.0,72760.0,82740.0,BLS OEWS May 2025 special education aggregation
Metropolitan Area,1300003,East Georgia nonmetropolitan area,Postsecondary nondegree award,7210.0,8.1557,1.8,22.86,47540.0,0.7,21.19,44070.0,29780.0,35900.0,58450.0,71350.0,BLS OEWS May 2025 special education aggregation
Metropolitan Area,1300003,East Georgia nonmetropolitan area,"Some college, no degree",2070.0,2.3423,3.4,18.04,37530.0,1.2,16.22,33730.0,20590.0,22950.0,45880.0,60380.0,BLS OEWS May 2025 special education aggregation
Metropolitan Area,1300003,East Georgia nonmetropolitan area,High school diploma or equivalent,33990.0,38.4584,0.7,21.9,45550.0,0.4,19.41,40370.0,27130.0,32490.0,52950.0,70630.0,BLS OEWS May 2025 special education aggregation
Metropolitan Area,1300003,East Georgia nonmetropolitan area,No formal educational credential,23430.0,26.5125,0.7,15.15,31510.0,0.4,14.11,29350.0,20940.0,23430.0,36050.0,45670.0,BLS OEWS May 2025 special education aggregation
Metropolitan Area,1300004,South Georgia nonmetropolitan area,Doctoral or professional degree,2870.0,1.4956,4.3,75.18,156370.0,3.2,58.45,121580.0,56880.0,76690.0,162510.0,368370.0,BLS OEWS May 2025 special education aggregation
Metropolitan Area,1300004,South Georgia nonmetropolitan area,Master's degree,3410.0,1.7734999999999999,3.1,43.4,90270.0,2.6,38.99,81090.0,45760.0,61550.0,105010.0,138790.0,BLS OEWS May 2025 special education aggregation
Metropolitan Area,1300004,South Georgia nonmetropolitan area,Bachelor's degree,35400.0,18.4235,1.8,39.58,82320.0,0.7,35.38,73590.0,41780.0,54780.0,97040.0,131930.0,BLS OEWS May 2025 special education aggregation
Metropolitan Area,1300004,South Georgia nonmetropolitan area,Associate's degree,4970.0,2.588,7.6,29.3,60950.0,0.7,28.46,59190.0,35210.0,46530.0,75950.0,87920.0,BLS OEWS May 2025 special education aggregation
Metropolitan Area,1300004,South Georgia nonmetropolitan area,Postsecondary nondegree award,15120.0,7.8682,1.6,23.19,48240.0,0.5,21.56,44850.0,30050.0,36010.0,57540.0,74690.0,BLS OEWS May 2025 special education aggregation
Metropolitan Area,1300004,South Georgia nonmetropolitan area,"Some college, no degree",4550.0,2.37,4.5,18.18,37810.0,2.7,16.45,34220.0,20490.0,24160.0,46850.0,60260.0,BLS OEWS May 2025 special education aggregation
Metropolitan Area,1300004,South Georgia nonmetropolitan area,High school diploma or equivalent,72680.0,37.8226,0.8,22.59,47000.0,0.4,20.15,41910.0,27780.0,33900.0,55320.0,74390.0,BLS OEWS May 2025 special education aggregation
Metropolitan Area,1300004,South Georgia nonmetropolitan area,No formal educational credential,53150.0,27.658499999999997,0.8,15.51,32260.0,0.4,14.43,30010.0,21260.0,24160.0,37080.0,46210.0,BLS OEWS May 2025 special education aggregation
Metropolitan Area,1500001,Hawaii / Kauai nonmetropolitan area,Doctoral or professional degree,2250.0,2.133,4.7,75.64,157320.0,6.3,53.51,111300.0,49690.0,72810.0,166760.0,372450.0,BLS OEWS May 2025 special education aggregation
Metropolitan Area,1500001,Hawaii / Kauai nonmetropolitan area,Master's degree,2170.0,2.0577,3.4,43.33,90130.0,1.6,39.27,81680.0,50490.0,60130.0,111070.0,135400.0,BLS OEWS May 2025 special education aggregation
Metropolitan Area,1500001,Hawaii / Kauai nonmetropolitan area,Bachelor's degree,17450.0,16.5738,1.4,45.57,94780.0,0.9,38.49,80050.0,49460.0,60700.0,121420.0,151200.0,BLS OEWS May 2025 special education aggregation
Metropolitan Area,1500001,Hawaii / Kauai nonmetropolitan area,Associate's degree,1590.0,1.5067,4.0,33.53,69750.0,2.9,29.23,60800.0,42480.0,49940.0,86800.0,105540.0,BLS OEWS May 2025 special education aggregation
Metropolitan Area,1500001,Hawaii / Kauai nonmetropolitan area,Postsecondary nondegree award,5980.0,5.677300000000001,2.1,30.03,62460.0,0.9,26.88,55900.0,38420.0,46370.0,69050.0,89980.0,BLS OEWS May 2025 special education aggregation
Metropolitan Area,1500001,Hawaii / Kauai nonmetropolitan area,"Some college, no degree",2410.0,2.2899000000000003,3.6,22.56,46920.0,0.9,22.05,45860.0,34280.0,37490.0,52330.0,62200.0,BLS OEWS May 2025 special education aggregation
Metropolitan Area,1500001,Hawaii / Kauai nonmetropolitan area,High school diploma or equivalent,35510.0,33.7237,0.9,28.54,59350.0,0.5,25.42,52870.0,36030.0,42710.0,69420.0,92480.0,BLS OEWS May 2025 special education aggregation
Metropolitan Area,1500001,Hawaii / Kauai nonmetropolitan area,No formal educational credential,37950.0,36.038,1.1,23.11,48060.0,0.9,21.14,43960.0,30500.0,35980.0,52040.0,66910.0,BLS OEWS May 2025 special education aggregation
Metropolitan Area,1600006,Northwestern Idaho nonmetropolitan area,Doctoral or professional degree,1830.0,2.4261,2.4,58.84,122380.0,1.7,50.5,105050.0,58730.0,78870.0,136380.0,200790.0,BLS OEWS May 2025 special education aggregation
Metropolitan Area,1600006,Northwestern Idaho nonmetropolitan area,Master's degree,1650.0,2.1991,4.9,43.4,90280.0,4.6,37.91,78850.0,46790.0,57360.0,110170.0,144230.0,BLS OEWS May 2025 special education aggregation
Metropolitan Area,1600006,Northwestern Idaho nonmetropolitan area,Bachelor's degree,13730.0,18.246100000000002,1.8,41.83,87010.0,1.0,36.59,76110.0,45620.0,58240.0,103110.0,139310.0,BLS OEWS May 2025 special education aggregation
Metropolitan Area,1600006,Northwestern Idaho nonmetropolitan area,Associate's degree,2200.0,2.9188,2.2,29.27,60880.0,1.1,26.42,54950.0,36820.0,43660.0,76900.0,94440.0,BLS OEWS May 2025 special education aggregation
Metropolitan Area,1600006,Northwestern Idaho nonmetropolitan area,Postsecondary nondegree award,5210.0,6.9221,2.7,24.64,51250.0,1.1,22.82,47460.0,33570.0,38140.0,59120.0,74210.0,BLS OEWS May 2025 special education aggregation
Metropolitan Area,1600006,Northwestern Idaho nonmetropolitan area,"Some college, no degree",2500.0,3.3287999999999998,4.6,20.72,43100.0,1.2,18.54,38560.0,28690.0,34920.0,50890.0,61790.0,BLS OEWS May 2025 special education aggregation
Metropolitan Area,1600006,Northwestern Idaho nonmetropolitan area,High school diploma or equivalent,27990.0,37.1968,1.0,24.75,51470.0,0.9,22.47,46750.0,30580.0,36720.0,60090.0,76890.0,BLS OEWS May 2025 special education aggregation
Metropolitan Area,1600006,Northwestern Idaho nonmetropolitan area,No formal educational credential,20140.0,26.762,1.1,17.13,35630.0,0.6,16.78,34900.0,21490.0,28290.0,40290.0,49670.0,BLS OEWS May 2025 special education aggregation
Metropolitan Area,1600007,Southeast-Central Idaho nonmetropolitan area,Doctoral or professional degree,1700.0,1.7655,2.7,68.1,141650.0,1.0,61.8,128540.0,72610.0,99510.0,134800.0,262560.0,BLS OEWS May 2025 special education aggregation
Metropolitan Area,1600007,Southeast-Central Idaho nonmetropolitan area,Master's degree,2300.0,2.3869,2.5,39.72,82620.0,2.3,34.9,72580.0,48270.0,56380.0,100000.0,128670.0,BLS OEWS May 2025 special education aggregation
Metropolitan Area,1600007,Southeast-Central Idaho nonmetropolitan area,Bachelor's degree,16530.0,17.1355,1.9,40.39,84010.0,0.9,36.07,75020.0,44330.0,56590.0,99620.0,134740.0,BLS OEWS May 2025 special education aggregation
Metropolitan Area,1600007,Southeast-Central Idaho nonmetropolitan area,Associate's degree,2080.0,2.1513999999999998,2.1,30.45,63340.0,1.2,28.31,58890.0,37540.0,44950.0,80490.0,95050.0,BLS OEWS May 2025 special education aggregation
Metropolitan Area,1600007,Southeast-Central Idaho nonmetropolitan area,Postsecondary nondegree award,7900.0,8.1906,2.5,24.49,50940.0,0.9,22.94,47710.0,31560.0,38240.0,59580.0,75130.0,BLS OEWS May 2025 special education aggregation
Metropolitan Area,1600007,Southeast-Central Idaho nonmetropolitan area,"Some college, no degree",2990.0,3.0953,4.8,20.43,42500.0,1.7,18.06,37560.0,27970.0,29830.0,49320.0,63710.0,BLS OEWS May 2025 special education aggregation
Metropolitan Area,1600007,Southeast-Central Idaho nonmetropolitan area,High school diploma or equivalent,37060.0,38.411500000000004,0.9,24.73,51430.0,0.6,22.61,47020.0,29930.0,36800.0,60420.0,77420.0,BLS OEWS May 2025 special education aggregation
Metropolitan Area,1600007,Southeast-Central Idaho nonmetropolitan area,No formal educational credential,25920.0,26.863400000000002,1.1,17.33,36040.0,0.7,16.64,34610.0,21600.0,28140.0,42880.0,50930.0,BLS OEWS May 2025 special education aggregation
Metropolitan Area,1700001,Northwest Illinois nonmetropolitan area,Doctoral or professional degree,1510.0,1.1893,3.4,90.71,188690.0,2.2,61.15,127190.0,56540.0,83940.0,239530.0,437560.0,BLS OEWS May 2025 special education aggregation
Metropolitan Area,1700001,Northwest Illinois nonmetropolitan area,Master's degree,2210.0,1.7390999999999999,4.8,41.16,85610.0,2.3,36.72,76380.0,41670.0,50690.0,103180.0,134310.0,BLS OEWS May 2025 special education aggregation
Metropolitan Area,1700001,Northwest Illinois nonmetropolitan area,Bachelor's degree,23840.0,18.7943,0.9,43.04,89530.0,0.6,37.46,77910.0,45020.0,57470.0,103860.0,149000.0,BLS OEWS May 2025 special education aggregation
Metropolitan Area,1700001,Northwest Illinois nonmetropolitan area,Associate's degree,2170.0,1.7086,2.4,32.76,68130.0,0.7,30.39,63210.0,37630.0,45430.0,81840.0,107170.0,BLS OEWS May 2025 special education aggregation
Metropolitan Area,1700001,Northwest Illinois nonmetropolitan area,Postsecondary nondegree award,9370.0,7.382299999999999,1.8,25.61,53270.0,0.7,23.23,48310.0,35740.0,38660.0,61230.0,77110.0,BLS OEWS May 2025 special education aggregation
Metropolitan Area,1700001,Northwest Illinois nonmetropolitan area,"Some college, no degree",3770.0,2.9699,4.3,20.22,42060.0,0.8,17.91,37250.0,31200.0,32240.0,47740.0,58190.0,BLS OEWS May 2025 special education aggregation
Metropolitan Area,1700001,Northwest Illinois nonmetropolitan area,High school diploma or equivalent,48150.0,37.9556,0.9,26.7,55530.0,0.5,22.93,47700.0,32500.0,37570.0,63200.0,89180.0,BLS OEWS May 2025 special education aggregation
Metropolitan Area,1700001,Northwest Illinois nonmetropolitan area,No formal educational credential,35850.0,28.2609,0.7,18.94,39390.0,0.3,16.78,34910.0,31200.0,31200.0,43360.0,55750.0,BLS OEWS May 2025 special education aggregation
Metropolitan Area,1700002,West Central Illinois nonmetropolitan area,Doctoral or professional degree,2770.0,1.6359000000000001,2.3,72.04,149850.0,2.7,50.01,104010.0,46130.0,68170.0,162480.0,383260.0,BLS OEWS May 2025 special education aggregation
Metropolitan Area,1700002,West Central Illinois nonmetropolitan area,Master's degree,3590.0,2.1192,3.1,38.66,80420.0,1.9,32.0,66560.0,39820.0,48730.0,101100.0,134390.0,BLS OEWS May 2025 special education aggregation
Metropolitan Area,1700002,West Central Illinois nonmetropolitan area,Bachelor's degree,31140.0,18.3771,0.8,39.77,82720.0,1.0,35.7,74250.0,41990.0,51720.0,98240.0,131810.0,BLS OEWS May 2025 special education aggregation
Metropolitan Area,1700002,West Central Illinois nonmetropolitan area,Associate's degree,2930.0,1.7296,2.9,29.72,61820.0,0.6,28.71,59720.0,37920.0,44170.0,76250.0,92600.0,BLS OEWS May 2025 special education aggregation
Metropolitan Area,1700002,West Central Illinois nonmetropolitan area,Postsecondary nondegree award,15040.0,8.875,1.8,24.37,50690.0,0.7,22.82,47460.0,34150.0,38060.0,58850.0,73720.0,BLS OEWS May 2025 special education aggregation
Metropolitan Area,1700002,West Central Illinois nonmetropolitan area,"Some college, no degree",4680.0,2.7626,2.5,20.32,42270.0,0.7,18.01,37470.0,31200.0,32130.0,47190.0,59790.0,BLS OEWS May 2025 special education aggregation
Metropolitan Area,1700002,West Central Illinois nonmetropolitan area,High school diploma or equivalent,64130.0,37.8405,0.7,25.62,53280.0,0.4,22.46,46710.0,31770.0,37240.0,60900.0,82460.0,BLS OEWS May 2025 special education aggregation
Metropolitan Area,1700002,West Central Illinois nonmetropolitan area,No formal educational credential,45180.0,26.6601,0.9,18.33,38130.0,0.4,16.37,34060.0,31200.0,31200.0,39190.0,50120.0,BLS OEWS May 2025 special education aggregation
Metropolitan Area,1700003,East Central Illinois nonmetropolitan area,Doctoral or professional degree,2290.0,1.6035,2.8,73.98,153870.0,2.8,50.52,105090.0,49370.0,69480.0,165610.0,344490.0,BLS OEWS May 2025 special education aggregation
Metropolitan Area,1700003,East Central Illinois nonmetropolitan area,Master's degree,2810.0,1.9624,3.5,39.4,81950.0,1.3,36.04,74950.0,42520.0,51200.0,101160.0,131510.0,BLS OEWS May 2025 special education aggregation
Metropolitan Area,1700003,East Central Illinois nonmetropolitan area,Bachelor's degree,26470.0,18.5025,1.7,42.51,88410.0,0.7,37.37,77740.0,45360.0,58170.0,102110.0,140900.0,BLS OEWS May 2025 special education aggregation
Metropolitan Area,1700003,East Central Illinois nonmetropolitan area,Associate's degree,2800.0,1.9564,3.5,31.58,65680.0,1.2,30.13,62670.0,37900.0,46260.0,79680.0,95140.0,BLS OEWS May 2025 special education aggregation
Metropolitan Area,1700003,East Central Illinois nonmetropolitan area,Postsecondary nondegree award,10700.0,7.4788,1.7,25.63,53310.0,0.6,22.95,47730.0,36150.0,38790.0,61930.0,77400.0,BLS OEWS May 2025 special education aggregation
Metropolitan Area,1700003,East Central Illinois nonmetropolitan area,"Some college, no degree",3840.0,2.6856,3.8,20.24,42100.0,0.7,18.0,37430.0,31200.0,33230.0,47490.0,58680.0,BLS OEWS May 2025 special education aggregation
Metropolitan Area,1700003,East Central Illinois nonmetropolitan area,High school diploma or equivalent,56100.0,39.2214,0.9,25.29,52610.0,0.4,22.33,46440.0,33090.0,37220.0,60010.0,80390.0,BLS OEWS May 2025 special education aggregation
Metropolitan Area,1700003,East Central Illinois nonmetropolitan area,No formal educational credential,38040.0,26.589499999999997,0.8,18.67,38840.0,0.3,16.52,34370.0,31200.0,31200.0,42510.0,54210.0,BLS OEWS May 2025 special education aggregation
Metropolitan Area,1700004,South Illinois nonmetropolitan area,Doctoral or professional degree,3550.0,2.5143999999999997,2.4,67.83,141090.0,2.4,50.28,104580.0,46220.0,66070.0,156980.0,328840.0,BLS OEWS May 2025 special education aggregation
Metropolitan Area,1700004,South Illinois nonmetropolitan area,Master's degree,4010.0,2.8388,2.9,41.11,85520.0,1.4,37.18,77340.0,41980.0,54410.0,108780.0,133990.0,BLS OEWS May 2025 special education aggregation
Metropolitan Area,1700004,South Illinois nonmetropolitan area,Bachelor's degree,26100.0,18.486,1.1,40.7,84660.0,0.6,36.59,76110.0,43390.0,56200.0,100090.0,131990.0,BLS OEWS May 2025 special education aggregation
Metropolitan Area,1700004,South Illinois nonmetropolitan area,Associate's degree,2980.0,2.1079,2.2,28.67,59630.0,1.2,28.33,58930.0,31670.0,39910.0,75810.0,86240.0,BLS OEWS May 2025 special education aggregation
Metropolitan Area,1700004,South Illinois nonmetropolitan area,Postsecondary nondegree award,10490.0,7.431699999999999,2.1,24.38,50710.0,0.7,22.66,47120.0,35840.0,38270.0,58770.0,73700.0,BLS OEWS May 2025 special education aggregation
Metropolitan Area,1700004,South Illinois nonmetropolitan area,"Some college, no degree",4170.0,2.9530000000000003,3.0,19.72,41010.0,1.1,17.47,36350.0,31200.0,31200.0,46070.0,58480.0,BLS OEWS May 2025 special education aggregation
Metropolitan Area,1700004,South Illinois nonmetropolitan area,High school diploma or equivalent,55550.0,39.342200000000005,0.7,25.61,53260.0,0.3,22.42,46630.0,31670.0,36780.0,60780.0,82720.0,BLS OEWS May 2025 special education aggregation
Metropolitan Area,1700004,South Illinois nonmetropolitan area,No formal educational credential,34350.0,24.326,0.8,18.57,38630.0,0.4,16.31,33910.0,31200.0,31200.0,40030.0,50480.0,BLS OEWS May 2025 special education aggregation
Metropolitan Area,1800001,Northern Indiana nonmetropolitan area,Doctoral or professional degree,2070.0,0.9826,2.8,71.52,148760.0,2.6,53.94,112200.0,61610.0,78240.0,173140.0,304640.0,BLS OEWS May 2025 special education aggregation
Metropolitan Area,1800001,Northern Indiana nonmetropolitan area,Master's degree,3190.0,1.5186,2.7,36.62,76170.0,1.5,31.96,66470.0,36650.0,47580.0,96530.0,125110.0,BLS OEWS May 2025 special education aggregation
Metropolitan Area,1800001,Northern Indiana nonmetropolitan area,Bachelor's degree,31030.0,14.753,0.9,41.2,85700.0,0.6,36.29,75490.0,45690.0,56570.0,100650.0,137020.0,BLS OEWS May 2025 special education aggregation
Metropolitan Area,1800001,Northern Indiana nonmetropolitan area,Associate's degree,3520.0,1.6745,2.0,30.37,63160.0,0.5,29.9,62190.0,36990.0,47570.0,77120.0,91770.0,BLS OEWS May 2025 special education aggregation
Metropolitan Area,1800001,Northern Indiana nonmetropolitan area,Postsecondary nondegree award,14660.0,6.9711,1.8,25.66,53380.0,0.7,23.46,48800.0,36360.0,38290.0,63240.0,76490.0,BLS OEWS May 2025 special education aggregation
Metropolitan Area,1800001,Northern Indiana nonmetropolitan area,"Some college, no degree",5690.0,2.706,3.3,19.68,40920.0,1.3,17.65,36710.0,26020.0,30520.0,48170.0,60310.0,BLS OEWS May 2025 special education aggregation
Metropolitan Area,1800001,Northern Indiana nonmetropolitan area,High school diploma or equivalent,96160.0,45.7207,0.5,24.34,50630.0,0.4,22.5,46790.0,30880.0,37730.0,59050.0,75200.0,BLS OEWS May 2025 special education aggregation
Metropolitan Area,1800001,Northern Indiana nonmetropolitan area,No formal educational credential,54000.0,25.6735,0.9,17.13,35640.0,0.4,16.48,34270.0,22540.0,28140.0,41910.0,48800.0,BLS OEWS May 2025 special education aggregation
Metropolitan Area,1800002,Central Indiana nonmetropolitan area,Doctoral or professional degree,2850.0,1.7627,1.7,70.64,146940.0,1.7,49.8,103590.0,58500.0,76380.0,167680.0,303020.0,BLS OEWS May 2025 special education aggregation
Metropolitan Area,1800002,Central Indiana nonmetropolitan area,Master's degree,3380.0,2.0907,2.3,42.29,87970.0,1.0,37.99,79020.0,43110.0,56790.0,107330.0,135480.0,BLS OEWS May 2025 special education aggregation
Metropolitan Area,1800002,Central Indiana nonmetropolitan area,Bachelor's degree,23630.0,14.622900000000001,1.2,39.69,82550.0,0.5,35.45,73740.0,44870.0,54520.0,97470.0,132210.0,BLS OEWS May 2025 special education aggregation
Metropolitan Area,1800002,Central Indiana nonmetropolitan area,Associate's degree,2530.0,1.5661,3.1,31.19,64880.0,0.7,30.67,63800.0,36000.0,45970.0,81220.0,96350.0,BLS OEWS May 2025 special education aggregation
Metropolitan Area,1800002,Central Indiana nonmetropolitan area,Postsecondary nondegree award,13440.0,8.3169,2.0,24.81,51610.0,0.6,22.92,47670.0,36060.0,38620.0,60980.0,75050.0,BLS OEWS May 2025 special education aggregation
Metropolitan Area,1800002,Central Indiana nonmetropolitan area,"Some college, no degree",3950.0,2.4440999999999997,4.6,19.85,41290.0,1.3,18.0,37440.0,28400.0,30960.0,47130.0,59450.0,BLS OEWS May 2025 special education aggregation
Metropolitan Area,1800002,Central Indiana nonmetropolitan area,High school diploma or equivalent,68320.0,42.285199999999996,0.6,24.24,50420.0,0.3,22.34,46460.0,31000.0,37390.0,59090.0,75690.0,BLS OEWS May 2025 special education aggregation
Metropolitan Area,1800002,Central Indiana nonmetropolitan area,No formal educational credential,43480.0,26.9115,0.6,17.36,36110.0,0.3,16.31,33920.0,22690.0,28020.0,42610.0,54220.0,BLS OEWS May 2025 special education aggregation
Metropolitan Area,1800003,Southern Indiana nonmetropolitan area,Doctoral or professional degree,2360.0,1.2033,2.7,78.68,163660.0,2.1,60.82,126500.0,61880.0,82290.0,190420.0,370710.0,BLS OEWS May 2025 special education aggregation
Metropolitan Area,1800003,Southern Indiana nonmetropolitan area,Master's degree,2790.0,1.4198,3.5,40.22,83650.0,1.3,37.47,77930.0,42880.0,56310.0,105590.0,127500.0,BLS OEWS May 2025 special education aggregation
Metropolitan Area,1800003,Southern Indiana nonmetropolitan area,Bachelor's degree,32000.0,16.2833,0.8,42.11,87590.0,0.5,37.23,77450.0,46140.0,58380.0,105220.0,137210.0,BLS OEWS May 2025 special education aggregation
Metropolitan Area,1800003,Southern Indiana nonmetropolitan area,Associate's degree,4280.0,2.1761,2.7,33.27,69190.0,0.7,31.62,65780.0,37170.0,48710.0,84400.0,103660.0,BLS OEWS May 2025 special education aggregation
Metropolitan Area,1800003,Southern Indiana nonmetropolitan area,Postsecondary nondegree award,14600.0,7.4273,1.5,25.72,53500.0,0.7,23.57,49030.0,36440.0,38960.0,62360.0,77130.0,BLS OEWS May 2025 special education aggregation
Metropolitan Area,1800003,Southern Indiana nonmetropolitan area,"Some college, no degree",4950.0,2.5162,2.6,19.5,40550.0,1.3,17.73,36870.0,27940.0,30810.0,46930.0,59130.0,BLS OEWS May 2025 special education aggregation
Metropolitan Area,1800003,Southern Indiana nonmetropolitan area,High school diploma or equivalent,85500.0,43.5035,0.6,25.08,52170.0,0.4,22.48,46750.0,31200.0,37690.0,61070.0,77950.0,BLS OEWS May 2025 special education aggregation
Metropolitan Area,1800003,Southern Indiana nonmetropolitan area,No formal educational credential,50060.0,25.470599999999997,0.6,17.06,35480.0,0.3,16.41,34120.0,22650.0,27910.0,39730.0,49290.0,BLS OEWS May 2025 special education aggregation
Metropolitan Area,1900001,Northeast Iowa nonmetropolitan area,Doctoral or professional degree,1820.0,1.8344,4.7,67.92,141270.0,2.8,46.45,96610.0,56850.0,72820.0,154730.0,309180.0,BLS OEWS May 2025 special education aggregation
Metropolitan Area,1900001,Northeast Iowa nonmetropolitan area,Master's degree,2170.0,2.1837,2.6,38.95,81020.0,1.2,35.36,73540.0,42360.0,49490.0,100870.0,130110.0,BLS OEWS May 2025 special education aggregation
Metropolitan Area,1900001,Northeast Iowa nonmetropolitan area,Bachelor's degree,18620.0,18.7374,1.4,39.64,82440.0,1.1,35.1,73010.0,44830.0,56910.0,94680.0,130200.0,BLS OEWS May 2025 special education aggregation
Metropolitan Area,1900001,Northeast Iowa nonmetropolitan area,Associate's degree,2120.0,2.1356,3.3,28.06,58370.0,0.9,27.2,56580.0,31600.0,42740.0,75260.0,84780.0,BLS OEWS May 2025 special education aggregation
Metropolitan Area,1900001,Northeast Iowa nonmetropolitan area,Postsecondary nondegree award,7890.0,7.9369,2.0,24.17,50280.0,0.7,22.68,47170.0,36170.0,38980.0,57840.0,66620.0,BLS OEWS May 2025 special education aggregation
Metropolitan Area,1900001,Northeast Iowa nonmetropolitan area,"Some college, no degree",3510.0,3.5339,3.5,18.53,38550.0,1.7,16.91,35180.0,23500.0,29600.0,45400.0,57390.0,BLS OEWS May 2025 special education aggregation
Metropolitan Area,1900001,Northeast Iowa nonmetropolitan area,High school diploma or equivalent,38170.0,38.408100000000005,0.7,24.71,51390.0,0.3,23.02,47880.0,32120.0,38320.0,59720.0,74930.0,BLS OEWS May 2025 special education aggregation
Metropolitan Area,1900001,Northeast Iowa nonmetropolitan area,No formal educational credential,25070.0,25.2302,0.7,16.9,35150.0,0.4,16.26,33820.0,21790.0,27680.0,40770.0,48910.0,BLS OEWS May 2025 special education aggregation
Metropolitan Area,1900002,Northwest Iowa nonmetropolitan area,Doctoral or professional degree,2270.0,1.5563,3.3,60.62,126090.0,2.6,47.18,98130.0,50320.0,67840.0,138230.0,229220.0,BLS OEWS May 2025 special education aggregation
Metropolitan Area,1900002,Northwest Iowa nonmetropolitan area,Master's degree,2830.0,1.9407,3.4,39.72,82610.0,1.2,35.29,73400.0,43240.0,49850.0,103100.0,129720.0,BLS OEWS May 2025 special education aggregation
Metropolitan Area,1900002,Northwest Iowa nonmetropolitan area,Bachelor's degree,26150.0,17.915399999999998,1.0,39.02,81160.0,0.9,34.68,72130.0,41330.0,52570.0,94800.0,128740.0,BLS OEWS May 2025 special education aggregation
Metropolitan Area,1900002,Northwest Iowa nonmetropolitan area,Associate's degree,2860.0,1.9586999999999999,4.0,28.49,59250.0,1.3,28.3,58850.0,32270.0,42640.0,75300.0,85570.0,BLS OEWS May 2025 special education aggregation
Metropolitan Area,1900002,Northwest Iowa nonmetropolitan area,Postsecondary nondegree award,12810.0,8.7792,2.6,24.88,51750.0,0.8,23.01,47870.0,36480.0,40200.0,59820.0,73930.0,BLS OEWS May 2025 special education aggregation
Metropolitan Area,1900002,Northwest Iowa nonmetropolitan area,"Some college, no degree",5110.0,3.4991999999999996,4.6,18.38,38230.0,1.7,16.37,34060.0,23910.0,29810.0,44340.0,57510.0,BLS OEWS May 2025 special education aggregation
Metropolitan Area,1900002,Northwest Iowa nonmetropolitan area,High school diploma or equivalent,53900.0,36.927,0.7,25.18,52360.0,0.4,23.38,48630.0,33120.0,39310.0,60560.0,77180.0,BLS OEWS May 2025 special education aggregation
Metropolitan Area,1900002,Northwest Iowa nonmetropolitan area,No formal educational credential,40030.0,27.4236,0.9,17.45,36300.0,0.4,16.88,35110.0,22240.0,28170.0,42820.0,49790.0,BLS OEWS May 2025 special education aggregation
Metropolitan Area,1900003,Southwest Iowa nonmetropolitan area,Doctoral or professional degree,1000.0,1.3613,3.5,71.03,147750.0,2.1,51.21,106530.0,45470.0,73600.0,165950.0,316110.0,BLS OEWS May 2025 special education aggregation
Metropolitan Area,1900003,Southwest Iowa nonmetropolitan area,Master's degree,1600.0,2.1908000000000003,3.8,40.06,83320.0,1.6,32.92,68470.0,36640.0,46210.0,103960.0,146050.0,BLS OEWS May 2025 special education aggregation
Metropolitan Area,1900003,Southwest Iowa nonmetropolitan area,Bachelor's degree,13350.0,18.2328,1.4,38.34,79760.0,0.8,33.97,70650.0,44700.0,54660.0,91270.0,125880.0,BLS OEWS May 2025 special education aggregation
Metropolitan Area,1900003,Southwest Iowa nonmetropolitan area,Associate's degree,1650.0,2.2506,2.6,27.24,56670.0,1.4,25.9,53860.0,28930.0,37030.0,73110.0,86280.0,BLS OEWS May 2025 special education aggregation
Metropolitan Area,1900003,Southwest Iowa nonmetropolitan area,Postsecondary nondegree award,6070.0,8.2922,2.7,25.29,52610.0,0.9,23.43,48730.0,36290.0,39560.0,62400.0,75230.0,BLS OEWS May 2025 special education aggregation
Metropolitan Area,1900003,Southwest Iowa nonmetropolitan area,"Some college, no degree",2660.0,3.6347,3.2,18.07,37580.0,1.3,16.28,33850.0,23040.0,29150.0,44430.0,54920.0,BLS OEWS May 2025 special education aggregation
Metropolitan Area,1900003,Southwest Iowa nonmetropolitan area,High school diploma or equivalent,27210.0,37.1548,0.7,24.22,50380.0,0.4,22.78,47390.0,31360.0,38130.0,58240.0,73370.0,BLS OEWS May 2025 special education aggregation
Metropolitan Area,1900003,Southwest Iowa nonmetropolitan area,No formal educational credential,19690.0,26.883100000000002,0.8,17.39,36160.0,0.4,16.68,34700.0,22420.0,27690.0,44200.0,50470.0,BLS OEWS May 2025 special education aggregation
Metropolitan Area,1900004,Southeast Iowa nonmetropolitan area,Doctoral or professional degree,2900.0,1.4471,2.5,66.59,138510.0,3.6,48.95,101810.0,48500.0,73990.0,153080.0,280340.0,BLS OEWS May 2025 special education aggregation
Metropolitan Area,1900004,Southeast Iowa nonmetropolitan area,Master's degree,3980.0,1.9844000000000002,3.0,38.02,79090.0,1.7,33.25,69160.0,38060.0,48910.0,98580.0,129600.0,BLS OEWS May 2025 special education aggregation
Metropolitan Area,1900004,Southeast Iowa nonmetropolitan area,Bachelor's degree,36470.0,18.2001,1.0,39.69,82550.0,0.7,35.29,73390.0,44970.0,53870.0,97890.0,131800.0,BLS OEWS May 2025 special education aggregation
Metropolitan Area,1900004,Southeast Iowa nonmetropolitan area,Associate's degree,3870.0,1.9288,2.8,29.4,61150.0,0.7,29.57,61500.0,35150.0,45770.0,75240.0,84770.0,BLS OEWS May 2025 special education aggregation
Metropolitan Area,1900004,Southeast Iowa nonmetropolitan area,Postsecondary nondegree award,14400.0,7.1857,1.7,25.03,52070.0,0.8,23.17,48180.0,36290.0,39240.0,60340.0,74380.0,BLS OEWS May 2025 special education aggregation
Metropolitan Area,1900004,Southeast Iowa nonmetropolitan area,"Some college, no degree",6590.0,3.2895000000000003,4.2,18.07,37590.0,1.8,16.46,34230.0,22210.0,28360.0,45570.0,57530.0,BLS OEWS May 2025 special education aggregation
Metropolitan Area,1900004,Southeast Iowa nonmetropolitan area,High school diploma or equivalent,78490.0,39.169,0.6,25.14,52300.0,0.3,23.41,48700.0,32810.0,38860.0,60500.0,76030.0,BLS OEWS May 2025 special education aggregation
Metropolitan Area,1900004,Southeast Iowa nonmetropolitan area,No formal educational credential,53690.0,26.795299999999997,0.6,17.1,35560.0,0.5,16.68,34700.0,22300.0,27900.0,42600.0,48490.0,BLS OEWS May 2025 special education aggregation
Metropolitan Area,2000006,Kansas nonmetropolitan area,Doctoral or professional degree,7200.0,1.9248,2.3,59.06,122840.0,3.2,40.19,83580.0,44610.0,60510.0,141510.0,268210.0,BLS OEWS May 2025 special education aggregation
Metropolitan Area,2000006,Kansas nonmetropolitan area,Master's degree,7670.0,2.0497,4.6,36.99,76940.0,1.8,30.96,64410.0,38370.0,48990.0,97820.0,128150.0,BLS OEWS May 2025 special education aggregation
Metropolitan Area,2000006,Kansas nonmetropolitan area,Bachelor's degree,66080.0,17.6679,0.8,37.47,77940.0,0.6,31.1,64690.0,39330.0,49400.0,91460.0,129580.0,BLS OEWS May 2025 special education aggregation
Metropolitan Area,2000006,Kansas nonmetropolitan area,Associate's degree,5680.0,1.5178,2.4,29.76,61910.0,0.9,29.03,60380.0,37310.0,47200.0,76850.0,87340.0,BLS OEWS May 2025 special education aggregation
Metropolitan Area,2000006,Kansas nonmetropolitan area,Postsecondary nondegree award,31000.0,8.2898,3.0,23.52,48920.0,0.9,21.54,44810.0,31580.0,36740.0,57810.0,73050.0,BLS OEWS May 2025 special education aggregation
Metropolitan Area,2000006,Kansas nonmetropolitan area,"Some college, no degree",13330.0,3.5628,2.3,17.11,35600.0,1.1,15.39,32000.0,21700.0,28170.0,44040.0,54330.0,BLS OEWS May 2025 special education aggregation
Metropolitan Area,2000006,Kansas nonmetropolitan area,High school diploma or equivalent,142720.0,38.1601,0.8,23.55,48990.0,0.5,21.66,45050.0,29830.0,36150.0,57210.0,74970.0,BLS OEWS May 2025 special education aggregation
Metropolitan Area,2000006,Kansas nonmetropolitan area,No formal educational credential,100340.0,26.827199999999998,0.8,16.58,34480.0,0.5,15.0,31200.0,21850.0,27030.0,41080.0,49060.0,BLS OEWS May 2025 special education aggregation
Metropolitan Area,2100001,West Kentucky nonmetropolitan area,Doctoral or professional degree,2160.0,1.6779,2.3,67.87,141160.0,2.5,51.05,106180.0,52410.0,74030.0,154160.0,280050.0,BLS OEWS May 2025 special education aggregation
Metropolitan Area,2100001,West Kentucky nonmetropolitan area,Master's degree,2270.0,1.7655,2.0,39.89,82960.0,1.4,37.05,77050.0,44270.0,62450.0,100770.0,123600.0,BLS OEWS May 2025 special education aggregation
Metropolitan Area,2100001,West Kentucky nonmetropolitan area,Bachelor's degree,21730.0,16.875999999999998,0.9,37.47,77930.0,0.5,31.35,65210.0,43320.0,51480.0,92660.0,124900.0,BLS OEWS May 2025 special education aggregation
Metropolitan Area,2100001,West Kentucky nonmetropolitan area,Associate's degree,2640.0,2.052,2.0,26.87,55890.0,0.8,27.37,56930.0,27490.0,39440.0,68880.0,82280.0,BLS OEWS May 2025 special education aggregation
Metropolitan Area,2100001,West Kentucky nonmetropolitan area,Postsecondary nondegree award,10040.0,7.7965,1.9,22.91,47640.0,0.8,20.92,43520.0,30050.0,36040.0,57790.0,73470.0,BLS OEWS May 2025 special education aggregation
Metropolitan Area,2100001,West Kentucky nonmetropolitan area,"Some college, no degree",3690.0,2.8652,3.3,19.01,39530.0,0.9,17.25,35880.0,25240.0,28850.0,46730.0,59840.0,BLS OEWS May 2025 special education aggregation
Metropolitan Area,2100001,West Kentucky nonmetropolitan area,High school diploma or equivalent,52790.0,41.005900000000004,0.7,23.83,49560.0,0.7,21.57,44860.0,29180.0,36120.0,59330.0,76430.0,BLS OEWS May 2025 special education aggregation
Metropolitan Area,2100001,West Kentucky nonmetropolitan area,No formal educational credential,33420.0,25.9611,0.6,16.01,33300.0,0.4,14.57,30300.0,21510.0,24320.0,37990.0,48120.0,BLS OEWS May 2025 special education aggregation
Metropolitan Area,2100002,South Central Kentucky nonmetropolitan area,Doctoral or professional degree,3410.0,1.9802,4.6,69.28,144110.0,3.8,49.0,101930.0,48560.0,66450.0,152720.0,353770.0,BLS OEWS May 2025 special education aggregation
Metropolitan Area,2100002,South Central Kentucky nonmetropolitan area,Master's degree,4390.0,2.5505,2.1,37.14,77240.0,1.3,35.19,73200.0,37350.0,51340.0,96890.0,118670.0,BLS OEWS May 2025 special education aggregation
Metropolitan Area,2100002,South Central Kentucky nonmetropolitan area,Bachelor's degree,28200.0,16.3827,0.8,37.09,77150.0,0.6,31.12,64730.0,41120.0,49900.0,88830.0,124820.0,BLS OEWS May 2025 special education aggregation
Metropolitan Area,2100002,South Central Kentucky nonmetropolitan area,Associate's degree,3500.0,2.0342,4.2,26.23,54550.0,0.9,27.08,56320.0,27180.0,38140.0,66390.0,79310.0,BLS OEWS May 2025 special education aggregation
Metropolitan Area,2100002,South Central Kentucky nonmetropolitan area,Postsecondary nondegree award,12250.0,7.115900000000001,2.5,22.22,46220.0,0.9,20.91,43480.0,29830.0,36120.0,54490.0,65260.0,BLS OEWS May 2025 special education aggregation
Metropolitan Area,2100002,South Central Kentucky nonmetropolitan area,"Some college, no degree",4920.0,2.8596,1.6,18.32,38110.0,0.8,15.71,32670.0,24180.0,27810.0,45790.0,59650.0,BLS OEWS May 2025 special education aggregation
Metropolitan Area,2100002,South Central Kentucky nonmetropolitan area,High school diploma or equivalent,71940.0,41.7909,0.5,21.92,45590.0,0.5,20.04,41690.0,28830.0,34790.0,51390.0,66920.0,BLS OEWS May 2025 special education aggregation
Metropolitan Area,2100002,South Central Kentucky nonmetropolitan area,No formal educational credential,43530.0,25.286,0.7,15.9,33080.0,0.4,14.29,29730.0,21470.0,24260.0,37200.0,48680.0,BLS OEWS May 2025 special education aggregation
Metropolitan Area,2100003,Central Kentucky nonmetropolitan area,Doctoral or professional degree,4320.0,2.5021,1.6,57.3,119190.0,2.0,45.87,95400.0,48620.0,65170.0,131730.0,219540.0,BLS OEWS May 2025 special education aggregation
Metropolitan Area,2100003,Central Kentucky nonmetropolitan area,Master's degree,4720.0,2.7344,1.6,38.22,79490.0,1.4,35.66,74160.0,39730.0,54890.0,98150.0,122240.0,BLS OEWS May 2025 special education aggregation
Metropolitan Area,2100003,Central Kentucky nonmetropolitan area,Bachelor's degree,37270.0,21.578899999999997,0.9,38.45,79980.0,0.4,33.54,69770.0,43870.0,54070.0,95570.0,127240.0,BLS OEWS May 2025 special education aggregation
Metropolitan Area,2100003,Central Kentucky nonmetropolitan area,Associate's degree,4500.0,2.6081,1.9,29.19,60720.0,1.1,28.45,59180.0,27930.0,39230.0,73260.0,92550.0,BLS OEWS May 2025 special education aggregation
Metropolitan Area,2100003,Central Kentucky nonmetropolitan area,Postsecondary nondegree award,11190.0,6.478,2.7,22.64,47090.0,0.8,20.88,43440.0,30760.0,36570.0,55190.0,66750.0,BLS OEWS May 2025 special education aggregation
Metropolitan Area,2100003,Central Kentucky nonmetropolitan area,"Some college, no degree",4640.0,2.6862,3.1,19.82,41230.0,1.2,17.93,37290.0,26730.0,29680.0,48340.0,61770.0,BLS OEWS May 2025 special education aggregation
Metropolitan Area,2100003,Central Kentucky nonmetropolitan area,High school diploma or equivalent,65820.0,38.1097,0.8,23.06,47960.0,0.4,21.39,44490.0,28830.0,35550.0,56550.0,72230.0,BLS OEWS May 2025 special education aggregation
Metropolitan Area,2100003,Central Kentucky nonmetropolitan area,No formal educational credential,40250.0,23.3026,0.9,15.49,32230.0,0.5,14.11,29350.0,21620.0,23980.0,36770.0,45900.0,BLS OEWS May 2025 special education aggregation
Metropolitan Area,2100004,East Kentucky nonmetropolitan area,Doctoral or professional degree,2330.0,2.5359000000000003,2.7,70.87,147400.0,3.1,50.12,104260.0,49470.0,64960.0,163050.0,313200.0,BLS OEWS May 2025 special education aggregation
Metropolitan Area,2100004,East Kentucky nonmetropolitan area,Master's degree,3270.0,3.5627000000000004,4.6,36.98,76920.0,2.5,33.79,70290.0,36150.0,46930.0,96730.0,126800.0,BLS OEWS May 2025 special education aggregation
Metropolitan Area,2100004,East Kentucky nonmetropolitan area,Bachelor's degree,18410.0,20.032,1.0,34.21,71150.0,0.8,29.63,61620.0,40280.0,48980.0,78810.0,108360.0,BLS OEWS May 2025 special education aggregation
Metropolitan Area,2100004,East Kentucky nonmetropolitan area,Associate's degree,2540.0,2.7595,3.3,25.91,53890.0,1.0,27.95,58130.0,27790.0,37990.0,64120.0,75660.0,BLS OEWS May 2025 special education aggregation
Metropolitan Area,2100004,East Kentucky nonmetropolitan area,Postsecondary nondegree award,7710.0,8.3925,2.1,20.78,43210.0,0.9,18.39,38240.0,28520.0,32610.0,48640.0,61390.0,BLS OEWS May 2025 special education aggregation
Metropolitan Area,2100004,East Kentucky nonmetropolitan area,"Some college, no degree",3050.0,3.314,2.8,17.14,35650.0,2.5,14.29,29720.0,22030.0,24450.0,43170.0,56230.0,BLS OEWS May 2025 special education aggregation
Metropolitan Area,2100004,East Kentucky nonmetropolitan area,High school diploma or equivalent,32640.0,35.5089,0.8,21.29,44290.0,0.6,18.51,38500.0,26390.0,31230.0,51210.0,70370.0,BLS OEWS May 2025 special education aggregation
Metropolitan Area,2100004,East Kentucky nonmetropolitan area,No formal educational credential,21960.0,23.894399999999997,1.3,14.7,30580.0,0.6,13.55,28190.0,20850.0,22830.0,34800.0,43780.0,BLS OEWS May 2025 special education aggregation
Metropolitan Area,2200002,Central Louisiana nonmetropolitan area,Doctoral or professional degree,1300.0,1.669,4.4,63.85,132800.0,4.2,50.21,104430.0,54350.0,74850.0,145660.0,279990.0,BLS OEWS May 2025 special education aggregation
Metropolitan Area,2200002,Central Louisiana nonmetropolitan area,Master's degree,2020.0,2.5976,4.4,37.12,77210.0,1.4,31.76,66060.0,37220.0,51630.0,98430.0,129180.0,BLS OEWS May 2025 special education aggregation
Metropolitan Area,2200002,Central Louisiana nonmetropolitan area,Bachelor's degree,14540.0,18.6938,0.8,37.19,77340.0,0.8,30.91,64280.0,42710.0,48670.0,89880.0,126960.0,BLS OEWS May 2025 special education aggregation
Metropolitan Area,2200002,Central Louisiana nonmetropolitan area,Associate's degree,1390.0,1.7829000000000002,2.9,30.04,62490.0,1.6,29.85,62080.0,30530.0,45540.0,76810.0,91990.0,BLS OEWS May 2025 special education aggregation
Metropolitan Area,2200002,Central Louisiana nonmetropolitan area,Postsecondary nondegree award,6750.0,8.671299999999999,1.9,20.6,42850.0,0.6,19.04,39610.0,27300.0,29630.0,50690.0,62610.0,BLS OEWS May 2025 special education aggregation
Metropolitan Area,2200002,Central Louisiana nonmetropolitan area,"Some college, no degree",1730.0,2.2217,3.5,16.48,34270.0,1.3,13.25,27560.0,19850.0,22240.0,39160.0,55430.0,BLS OEWS May 2025 special education aggregation
Metropolitan Area,2200002,Central Louisiana nonmetropolitan area,High school diploma or equivalent,30920.0,39.7438,0.9,20.97,43620.0,0.5,18.39,38250.0,21950.0,29190.0,51040.0,71200.0,BLS OEWS May 2025 special education aggregation
Metropolitan Area,2200002,Central Louisiana nonmetropolitan area,No formal educational credential,19150.0,24.6199,1.1,14.1,29320.0,0.6,13.18,27420.0,17810.0,21650.0,35010.0,43350.0,BLS OEWS May 2025 special education aggregation
Metropolitan Area,2200003,Northeast Louisiana nonmetropolitan area,Doctoral or professional degree,1600.0,2.5645,2.5,54.43,113220.0,1.8,46.89,97540.0,46820.0,62230.0,129150.0,203040.0,BLS OEWS May 2025 special education aggregation
Metropolitan Area,2200003,Northeast Louisiana nonmetropolitan area,Master's degree,2010.0,3.2116999999999996,2.5,36.11,75100.0,1.6,30.99,64450.0,31900.0,43040.0,94340.0,133160.0,BLS OEWS May 2025 special education aggregation
Metropolitan Area,2200003,Northeast Louisiana nonmetropolitan area,Bachelor's degree,11460.0,18.3399,0.9,36.86,76660.0,1.0,30.21,62840.0,38010.0,48790.0,85910.0,127350.0,BLS OEWS May 2025 special education aggregation
Metropolitan Area,2200003,Northeast Louisiana nonmetropolitan area,Associate's degree,1280.0,2.056,2.4,28.34,58960.0,1.1,28.39,59040.0,30280.0,44740.0,73170.0,84250.0,BLS OEWS May 2025 special education aggregation
Metropolitan Area,2200003,Northeast Louisiana nonmetropolitan area,Postsecondary nondegree award,5040.0,8.0607,2.3,20.19,42000.0,0.6,18.04,37530.0,27780.0,29410.0,49300.0,60470.0,BLS OEWS May 2025 special education aggregation
Metropolitan Area,2200003,Northeast Louisiana nonmetropolitan area,"Some college, no degree",1490.0,2.382,2.6,16.27,33840.0,1.4,13.45,27980.0,16690.0,22790.0,41890.0,55730.0,BLS OEWS May 2025 special education aggregation
Metropolitan Area,2200003,Northeast Louisiana nonmetropolitan area,High school diploma or equivalent,23410.0,37.4728,0.8,20.55,42740.0,0.6,18.06,37570.0,21430.0,28110.0,50020.0,70170.0,BLS OEWS May 2025 special education aggregation
Metropolitan Area,2200003,Northeast Louisiana nonmetropolitan area,No formal educational credential,16190.0,25.9124,0.8,14.22,29570.0,0.5,13.02,27090.0,18610.0,21810.0,34280.0,43780.0,BLS OEWS May 2025 special education aggregation
Metropolitan Area,2200006,Southwest Louisiana nonmetropolitan area,Doctoral or professional degree,1000.0,1.252,6.5,71.26,148220.0,3.6,58.86,122420.0,50740.0,74530.0,166930.0,317960.0,BLS OEWS May 2025 special education aggregation
Metropolitan Area,2200006,Southwest Louisiana nonmetropolitan area,Master's degree,1610.0,2.0069,3.9,35.92,74710.0,1.1,31.25,64990.0,39150.0,52930.0,83290.0,124700.0,BLS OEWS May 2025 special education aggregation
Metropolitan Area,2200006,Southwest Louisiana nonmetropolitan area,Bachelor's degree,14120.0,17.616999999999997,1.2,39.14,81410.0,0.8,31.58,65690.0,42360.0,50790.0,96230.0,133990.0,BLS OEWS May 2025 special education aggregation
Metropolitan Area,2200006,Southwest Louisiana nonmetropolitan area,Associate's degree,1340.0,1.6696000000000002,2.8,27.34,56860.0,1.1,26.83,55810.0,29110.0,37950.0,73420.0,83920.0,BLS OEWS May 2025 special education aggregation
Metropolitan Area,2200006,Southwest Louisiana nonmetropolitan area,Postsecondary nondegree award,6610.0,8.2441,2.2,23.86,49640.0,2.3,21.55,44820.0,28340.0,31790.0,57750.0,77490.0,BLS OEWS May 2025 special education aggregation
Metropolitan Area,2200006,Southwest Louisiana nonmetropolitan area,"Some college, no degree",1560.0,1.9489,4.0,17.85,37120.0,1.0,16.98,35310.0,18730.0,24170.0,45750.0,58360.0,BLS OEWS May 2025 special education aggregation
Metropolitan Area,2200006,Southwest Louisiana nonmetropolitan area,High school diploma or equivalent,32230.0,40.2153,0.9,21.63,44990.0,0.6,18.71,38920.0,22530.0,29430.0,55690.0,72650.0,BLS OEWS May 2025 special education aggregation
Metropolitan Area,2200006,Southwest Louisiana nonmetropolitan area,No formal educational credential,21670.0,27.0462,1.2,15.71,32670.0,0.7,13.85,28810.0,18680.0,22000.0,37280.0,50040.0,BLS OEWS May 2025 special education aggregation
Metropolitan Area,2300001,Northeast Maine nonmetropolitan area,Doctoral or professional degree,1210.0,1.9258,4.5,78.01,162270.0,4.0,53.81,111920.0,60870.0,78650.0,185940.0,363850.0,BLS OEWS May 2025 special education aggregation
Metropolitan Area,2300001,Northeast Maine nonmetropolitan area,Master's degree,1590.0,2.5326,3.1,40.82,84910.0,1.7,37.48,77960.0,45950.0,56270.0,104570.0,129910.0,BLS OEWS May 2025 special education aggregation
Metropolitan Area,2300001,Northeast Maine nonmetropolitan area,Bachelor's degree,12500.0,19.8844,2.0,40.92,85120.0,1.2,36.16,75220.0,45740.0,57690.0,97560.0,130970.0,BLS OEWS May 2025 special education aggregation
Metropolitan Area,2300001,Northeast Maine nonmetropolitan area,Associate's degree,930.0,1.4815,13.0,31.82,66180.0,3.6,30.42,63270.0,40790.0,49660.0,81570.0,96290.0,BLS OEWS May 2025 special education aggregation
Metropolitan Area,2300001,Northeast Maine nonmetropolitan area,Postsecondary nondegree award,4980.0,7.9193,2.6,24.59,51140.0,1.2,22.82,47460.0,36400.0,41590.0,59300.0,69480.0,BLS OEWS May 2025 special education aggregation
Metropolitan Area,2300001,Northeast Maine nonmetropolitan area,"Some college, no degree",2620.0,4.1706,3.6,23.11,48070.0,0.8,21.97,45690.0,36220.0,39340.0,54330.0,63270.0,BLS OEWS May 2025 special education aggregation
Metropolitan Area,2300001,Northeast Maine nonmetropolitan area,High school diploma or equivalent,22490.0,35.7684,1.2,25.37,52760.0,0.6,22.88,47600.0,35990.0,39480.0,60430.0,76180.0,BLS OEWS May 2025 special education aggregation
Metropolitan Area,2300001,Northeast Maine nonmetropolitan area,No formal educational credential,16550.0,26.317200000000003,0.9,19.4,40350.0,0.5,17.72,36850.0,30780.0,33660.0,44410.0,53600.0,BLS OEWS May 2025 special education aggregation
Metropolitan Area,2300002,Southwest Maine nonmetropolitan area,Doctoral or professional degree,3160.0,2.2199999999999998,2.7,85.77,178400.0,3.0,60.53,125900.0,64480.0,84920.0,241130.0,409610.0,BLS OEWS May 2025 special education aggregation
Metropolitan Area,2300002,Southwest Maine nonmetropolitan area,Master's degree,4180.0,2.9375,3.3,40.65,84560.0,1.7,37.19,77340.0,45670.0,56380.0,102720.0,131400.0,BLS OEWS May 2025 special education aggregation
Metropolitan Area,2300002,Southwest Maine nonmetropolitan area,Bachelor's degree,31220.0,21.9618,0.8,42.12,87600.0,0.7,37.66,78330.0,47590.0,60780.0,101480.0,134650.0,BLS OEWS May 2025 special education aggregation
Metropolitan Area,2300002,Southwest Maine nonmetropolitan area,Associate's degree,2760.0,1.9405000000000001,3.2,32.66,67930.0,1.3,30.84,64140.0,40140.0,48670.0,82050.0,101300.0,BLS OEWS May 2025 special education aggregation
Metropolitan Area,2300002,Southwest Maine nonmetropolitan area,Postsecondary nondegree award,10260.0,7.215300000000001,1.7,25.76,53570.0,0.6,23.51,48900.0,38770.0,45490.0,59830.0,72370.0,BLS OEWS May 2025 special education aggregation
Metropolitan Area,2300002,Southwest Maine nonmetropolitan area,"Some college, no degree",4920.0,3.4598,4.3,23.59,49070.0,1.0,22.49,46770.0,36410.0,40080.0,54910.0,62460.0,BLS OEWS May 2025 special education aggregation
Metropolitan Area,2300002,Southwest Maine nonmetropolitan area,High school diploma or equivalent,49660.0,34.939800000000005,0.9,25.79,53650.0,0.4,23.28,48420.0,36100.0,40590.0,61060.0,77480.0,BLS OEWS May 2025 special education aggregation
Metropolitan Area,2300002,Southwest Maine nonmetropolitan area,No formal educational credential,36000.0,25.3253,0.9,19.53,40630.0,0.5,17.83,37080.0,30810.0,34050.0,44710.0,53360.0,BLS OEWS May 2025 special education aggregation
Metropolitan Area,2400006,Maryland nonmetropolitan area,Doctoral or professional degree,2200.0,1.9398,3.0,74.64,155240.0,4.5,58.04,120730.0,61170.0,81960.0,166230.0,329340.0,BLS OEWS May 2025 special education aggregation
Metropolitan Area,2400006,Maryland nonmetropolitan area,Master's degree,2790.0,2.4661,4.6,42.85,89120.0,4.1,38.35,79760.0,40170.0,58270.0,111490.0,134690.0,BLS OEWS May 2025 special education aggregation
Metropolitan Area,2400006,Maryland nonmetropolitan area,Bachelor's degree,21510.0,19.0025,1.5,45.12,93860.0,0.9,39.18,81490.0,48090.0,61600.0,106310.0,152470.0,BLS OEWS May 2025 special education aggregation
Metropolitan Area,2400006,Maryland nonmetropolitan area,Associate's degree,2270.0,2.0085,3.3,32.55,67710.0,1.2,29.47,61300.0,36640.0,45130.0,85140.0,103990.0,BLS OEWS May 2025 special education aggregation
Metropolitan Area,2400006,Maryland nonmetropolitan area,Postsecondary nondegree award,7110.0,6.2777,2.7,25.25,52520.0,0.7,22.59,46990.0,36270.0,39340.0,60520.0,75700.0,BLS OEWS May 2025 special education aggregation
Metropolitan Area,2400006,Maryland nonmetropolitan area,"Some college, no degree",2600.0,2.2943000000000002,4.2,23.95,49820.0,1.3,22.59,46980.0,31750.0,36780.0,58260.0,70680.0,BLS OEWS May 2025 special education aggregation
Metropolitan Area,2400006,Maryland nonmetropolitan area,High school diploma or equivalent,40570.0,35.8412,1.1,25.15,52320.0,0.5,22.46,46710.0,33360.0,37450.0,60950.0,77300.0,BLS OEWS May 2025 special education aggregation
Metropolitan Area,2400006,Maryland nonmetropolitan area,No formal educational credential,34150.0,30.1698,0.7,18.36,38180.0,0.4,17.11,35590.0,31200.0,31920.0,39040.0,47700.0,BLS OEWS May 2025 special education aggregation
Metropolitan Area,2500001,Massachusetts nonmetropolitan area,Doctoral or professional degree,620.0,1.5031,2.9,79.72,165810.0,3.5,58.11,120870.0,66810.0,82730.0,186170.0,366350.0,BLS OEWS May 2025 special education aggregation
Metropolitan Area,2500001,Massachusetts nonmetropolitan area,Master's degree,1790.0,4.3269,4.3,44.48,92510.0,1.5,39.53,82220.0,50450.0,63010.0,109080.0,136760.0,BLS OEWS May 2025 special education aggregation
Metropolitan Area,2500001,Massachusetts nonmetropolitan area,Bachelor's degree,8910.0,21.557,1.0,49.89,103780.0,0.8,43.96,91440.0,55880.0,72560.0,120060.0,163490.0,BLS OEWS May 2025 special education aggregation
Metropolitan Area,2500001,Massachusetts nonmetropolitan area,Associate's degree,630.0,1.5272999999999999,3.9,34.46,71680.0,1.6,31.19,64880.0,46570.0,49920.0,88350.0,101580.0,BLS OEWS May 2025 special education aggregation
Metropolitan Area,2500001,Massachusetts nonmetropolitan area,Postsecondary nondegree award,2110.0,5.0988,4.4,29.89,62170.0,1.8,28.99,60290.0,39320.0,46070.0,74150.0,90680.0,BLS OEWS May 2025 special education aggregation
Metropolitan Area,2500001,Massachusetts nonmetropolitan area,"Some college, no degree",1350.0,3.2741,4.5,25.03,52050.0,1.4,23.19,48240.0,32430.0,37850.0,62310.0,72800.0,BLS OEWS May 2025 special education aggregation
Metropolitan Area,2500001,Massachusetts nonmetropolitan area,High school diploma or equivalent,15140.0,36.6091,0.9,30.08,62560.0,0.8,27.21,56590.0,38520.0,44750.0,74710.0,96390.0,BLS OEWS May 2025 special education aggregation
Metropolitan Area,2500001,Massachusetts nonmetropolitan area,No formal educational credential,10800.0,26.104000000000003,1.5,21.53,44780.0,0.7,19.36,40270.0,34400.0,36370.0,48800.0,60810.0,BLS OEWS May 2025 special education aggregation
Metropolitan Area,2600001,Upper Peninsula of Michigan nonmetropolitan area,Doctoral or professional degree,2600.0,2.3198,2.7,67.58,140560.0,2.3,50.63,105310.0,55870.0,78380.0,162170.0,266210.0,BLS OEWS May 2025 special education aggregation
Metropolitan Area,2600001,Upper Peninsula of Michigan nonmetropolitan area,Master's degree,2650.0,2.3726,4.3,41.74,86820.0,1.9,38.1,79240.0,47270.0,60230.0,103970.0,130720.0,BLS OEWS May 2025 special education aggregation
Metropolitan Area,2600001,Upper Peninsula of Michigan nonmetropolitan area,Bachelor's degree,21820.0,19.5051,1.0,40.87,85010.0,0.6,37.03,77010.0,45060.0,59320.0,97720.0,130750.0,BLS OEWS May 2025 special education aggregation
Metropolitan Area,2600001,Upper Peninsula of Michigan nonmetropolitan area,Associate's degree,2410.0,2.1541,3.0,29.54,61450.0,1.2,29.09,60500.0,36180.0,44050.0,76700.0,88920.0,BLS OEWS May 2025 special education aggregation
Metropolitan Area,2600001,Upper Peninsula of Michigan nonmetropolitan area,Postsecondary nondegree award,7840.0,7.0069,3.9,24.49,50940.0,0.9,22.62,47050.0,35500.0,38560.0,58970.0,72990.0,BLS OEWS May 2025 special education aggregation
Metropolitan Area,2600001,Upper Peninsula of Michigan nonmetropolitan area,"Some college, no degree",2840.0,2.5341,3.5,20.5,42640.0,0.9,18.55,38570.0,29300.0,32270.0,48660.0,59820.0,BLS OEWS May 2025 special education aggregation
Metropolitan Area,2600001,Upper Peninsula of Michigan nonmetropolitan area,High school diploma or equivalent,42210.0,37.7265,0.8,24.65,51270.0,0.4,22.41,46610.0,30690.0,36910.0,60650.0,77060.0,BLS OEWS May 2025 special education aggregation
Metropolitan Area,2600001,Upper Peninsula of Michigan nonmetropolitan area,No formal educational credential,29520.0,26.381,0.8,17.84,37110.0,0.4,16.39,34100.0,26580.0,28760.0,40020.0,53310.0,BLS OEWS May 2025 special education aggregation
Metropolitan Area,2600002,Northern Michigan nonmetropolitan area,Doctoral or professional degree,1460.0,1.2427,3.0,75.01,156020.0,5.1,54.37,113100.0,59420.0,82850.0,171710.0,322940.0,BLS OEWS May 2025 special education aggregation
Metropolitan Area,2600002,Northern Michigan nonmetropolitan area,Master's degree,2180.0,1.8518000000000001,3.0,38.85,80800.0,2.1,35.52,73880.0,44370.0,53550.0,100840.0,127500.0,BLS OEWS May 2025 special education aggregation
Metropolitan Area,2600002,Northern Michigan nonmetropolitan area,Bachelor's degree,19920.0,16.9471,1.1,39.9,82990.0,0.7,36.57,76060.0,45030.0,58280.0,97070.0,128040.0,BLS OEWS May 2025 special education aggregation
Metropolitan Area,2600002,Northern Michigan nonmetropolitan area,Associate's degree,2150.0,1.827,3.8,30.69,63840.0,1.0,29.9,62200.0,36800.0,48460.0,77700.0,85220.0,BLS OEWS May 2025 special education aggregation
Metropolitan Area,2600002,Northern Michigan nonmetropolitan area,Postsecondary nondegree award,7990.0,6.798900000000001,3.1,24.09,50120.0,0.8,22.46,46720.0,35670.0,38560.0,58740.0,71650.0,BLS OEWS May 2025 special education aggregation
Metropolitan Area,2600002,Northern Michigan nonmetropolitan area,"Some college, no degree",3070.0,2.609,2.5,19.93,41450.0,1.7,17.78,36980.0,29470.0,31380.0,47090.0,58740.0,BLS OEWS May 2025 special education aggregation
Metropolitan Area,2600002,Northern Michigan nonmetropolitan area,High school diploma or equivalent,45430.0,38.6498,0.8,23.93,49780.0,0.4,21.94,45640.0,31200.0,36470.0,58150.0,73760.0,BLS OEWS May 2025 special education aggregation
Metropolitan Area,2600002,Northern Michigan nonmetropolitan area,No formal educational credential,35350.0,30.0738,0.7,17.63,36660.0,0.4,16.44,34190.0,26280.0,28630.0,39510.0,49290.0,BLS OEWS May 2025 special education aggregation
Metropolitan Area,2600003,Mid Michigan nonmetropolitan area,Doctoral or professional degree,3410.0,2.2347,1.7,64.77,134710.0,2.4,50.14,104290.0,57740.0,79590.0,145350.0,252040.0,BLS OEWS May 2025 special education aggregation
Metropolitan Area,2600003,Mid Michigan nonmetropolitan area,Master's degree,3560.0,2.332,3.5,42.38,88140.0,0.9,38.45,79980.0,47010.0,60510.0,105630.0,130560.0,BLS OEWS May 2025 special education aggregation
Metropolitan Area,2600003,Mid Michigan nonmetropolitan area,Bachelor's degree,28340.0,18.5709,1.4,40.92,85120.0,0.7,37.09,77140.0,45340.0,59060.0,97480.0,131880.0,BLS OEWS May 2025 special education aggregation
Metropolitan Area,2600003,Mid Michigan nonmetropolitan area,Associate's degree,2980.0,1.9505,2.5,28.93,60170.0,1.1,28.6,59490.0,34970.0,40810.0,76130.0,83120.0,BLS OEWS May 2025 special education aggregation
Metropolitan Area,2600003,Mid Michigan nonmetropolitan area,Postsecondary nondegree award,10860.0,7.1198999999999995,3.6,23.62,49140.0,0.6,21.97,45690.0,36260.0,38740.0,58270.0,66740.0,BLS OEWS May 2025 special education aggregation
Metropolitan Area,2600003,Mid Michigan nonmetropolitan area,"Some college, no degree",4400.0,2.8808,2.7,20.07,41750.0,0.8,18.25,37970.0,28770.0,30460.0,47270.0,60250.0,BLS OEWS May 2025 special education aggregation
Metropolitan Area,2600003,Mid Michigan nonmetropolitan area,High school diploma or equivalent,59850.0,39.2213,1.0,23.73,49360.0,0.3,21.64,45000.0,30820.0,36520.0,57840.0,73830.0,BLS OEWS May 2025 special education aggregation
Metropolitan Area,2600003,Mid Michigan nonmetropolitan area,No formal educational credential,39200.0,25.6898,0.8,17.54,36490.0,0.3,16.48,34270.0,26420.0,28430.0,39400.0,48950.0,BLS OEWS May 2025 special education aggregation
Metropolitan Area,2600004,Southern Michigan nonmetropolitan area,Doctoral or professional degree,1880.0,1.3932,2.7,64.26,133660.0,1.9,48.53,100940.0,55920.0,74190.0,146990.0,255300.0,BLS OEWS May 2025 special education aggregation
Metropolitan Area,2600004,Southern Michigan nonmetropolitan area,Master's degree,2670.0,1.9824000000000002,4.8,40.04,83280.0,0.9,37.6,78200.0,44800.0,59500.0,101990.0,128130.0,BLS OEWS May 2025 special education aggregation
Metropolitan Area,2600004,Southern Michigan nonmetropolitan area,Bachelor's degree,26100.0,19.3587,0.9,44.48,92520.0,0.6,38.11,79280.0,47180.0,60380.0,109570.0,150850.0,BLS OEWS May 2025 special education aggregation
Metropolitan Area,2600004,Southern Michigan nonmetropolitan area,Associate's degree,2550.0,1.8888000000000003,4.3,29.81,62000.0,1.2,29.03,60390.0,35870.0,45390.0,77460.0,89430.0,BLS OEWS May 2025 special education aggregation
Metropolitan Area,2600004,Southern Michigan nonmetropolitan area,Postsecondary nondegree award,7700.0,5.7111,2.2,24.87,51730.0,0.8,23.23,48320.0,34230.0,38630.0,61510.0,73820.0,BLS OEWS May 2025 special education aggregation
Metropolitan Area,2600004,Southern Michigan nonmetropolitan area,"Some college, no degree",3660.0,2.7172,2.5,20.28,42180.0,1.0,18.02,37480.0,28400.0,30720.0,48500.0,60290.0,BLS OEWS May 2025 special education aggregation
Metropolitan Area,2600004,Southern Michigan nonmetropolitan area,High school diploma or equivalent,54540.0,40.4576,0.6,24.35,50650.0,0.3,22.3,46380.0,31420.0,37110.0,58780.0,75380.0,BLS OEWS May 2025 special education aggregation
Metropolitan Area,2600004,Southern Michigan nonmetropolitan area,No formal educational credential,35710.0,26.4909,0.7,18.55,38580.0,0.4,17.05,35460.0,26840.0,29190.0,45290.0,53450.0,BLS OEWS May 2025 special education aggregation
Metropolitan Area,2700001,Northwest Minnesota nonmetropolitan area,Doctoral or professional degree,3010.0,1.5618,2.8,80.53,167490.0,6.8,57.66,119930.0,68150.0,82130.0,167040.0,326900.0,BLS OEWS May 2025 special education aggregation
Metropolitan Area,2700001,Northwest Minnesota nonmetropolitan area,Master's degree,3620.0,1.8759000000000001,4.3,42.33,88040.0,1.4,36.58,76090.0,44160.0,56610.0,100820.0,137270.0,BLS OEWS May 2025 special education aggregation
Metropolitan Area,2700001,Northwest Minnesota nonmetropolitan area,Bachelor's degree,36060.0,18.677799999999998,0.9,42.43,88260.0,0.6,38.22,79500.0,47660.0,61460.0,101770.0,131940.0,BLS OEWS May 2025 special education aggregation
Metropolitan Area,2700001,Northwest Minnesota nonmetropolitan area,Associate's degree,4070.0,2.1059,1.7,33.11,68870.0,0.6,31.53,65580.0,39700.0,50220.0,83820.0,99870.0,BLS OEWS May 2025 special education aggregation
Metropolitan Area,2700001,Northwest Minnesota nonmetropolitan area,Postsecondary nondegree award,13800.0,7.1501,1.7,25.8,53650.0,0.6,23.77,49430.0,36760.0,43600.0,61610.0,75300.0,BLS OEWS May 2025 special education aggregation
Metropolitan Area,2700001,Northwest Minnesota nonmetropolitan area,"Some college, no degree",7010.0,3.6321,3.6,22.17,46110.0,0.7,21.23,44160.0,34970.0,37300.0,50490.0,62170.0,BLS OEWS May 2025 special education aggregation
Metropolitan Area,2700001,Northwest Minnesota nonmetropolitan area,High school diploma or equivalent,72980.0,37.806599999999996,1.0,25.91,53890.0,0.3,23.38,48630.0,34690.0,39260.0,61840.0,78970.0,BLS OEWS May 2025 special education aggregation
Metropolitan Area,2700001,Northwest Minnesota nonmetropolitan area,No formal educational credential,52490.0,27.1898,0.9,18.32,38110.0,0.4,17.12,35620.0,24660.0,29290.0,44210.0,53440.0,BLS OEWS May 2025 special education aggregation
Metropolitan Area,2700002,Northeast Minnesota nonmetropolitan area,Doctoral or professional degree,610.0,1.3771,2.1,78.54,163370.0,2.5,58.91,122530.0,64140.0,87120.0,190110.0,324770.0,BLS OEWS May 2025 special education aggregation
Metropolitan Area,2700002,Northeast Minnesota nonmetropolitan area,Master's degree,1010.0,2.2983000000000002,4.1,38.79,80680.0,2.5,34.9,72580.0,42550.0,53720.0,93220.0,129620.0,BLS OEWS May 2025 special education aggregation
Metropolitan Area,2700002,Northeast Minnesota nonmetropolitan area,Bachelor's degree,7780.0,17.7054,1.4,41.56,86440.0,0.9,37.79,78590.0,47190.0,60430.0,103020.0,129660.0,BLS OEWS May 2025 special education aggregation
Metropolitan Area,2700002,Northeast Minnesota nonmetropolitan area,Associate's degree,820.0,1.8593,2.7,32.0,66560.0,1.0,30.55,63540.0,39630.0,48890.0,83110.0,97840.0,BLS OEWS May 2025 special education aggregation
Metropolitan Area,2700002,Northeast Minnesota nonmetropolitan area,Postsecondary nondegree award,2680.0,6.1,3.7,26.08,54240.0,0.9,24.54,51050.0,37580.0,44900.0,61610.0,74780.0,BLS OEWS May 2025 special education aggregation
Metropolitan Area,2700002,Northeast Minnesota nonmetropolitan area,"Some college, no degree",1600.0,3.6504,4.8,21.28,44260.0,1.0,20.24,42100.0,31190.0,36850.0,49540.0,60790.0,BLS OEWS May 2025 special education aggregation
Metropolitan Area,2700002,Northeast Minnesota nonmetropolitan area,High school diploma or equivalent,16610.0,37.7952,1.0,26.18,54450.0,0.4,23.42,48710.0,33280.0,38290.0,63860.0,84200.0,BLS OEWS May 2025 special education aggregation
Metropolitan Area,2700002,Northeast Minnesota nonmetropolitan area,No formal educational credential,12840.0,29.214299999999998,1.1,18.17,37790.0,0.5,16.72,34780.0,24110.0,28800.0,42020.0,56150.0,BLS OEWS May 2025 special education aggregation
Metropolitan Area,2700003,Southwest Minnesota nonmetropolitan area,Doctoral or professional degree,1610.0,1.3713,2.4,72.75,151310.0,3.7,50.03,104060.0,68680.0,82270.0,155290.0,311550.0,BLS OEWS May 2025 special education aggregation
Metropolitan Area,2700003,Southwest Minnesota nonmetropolitan area,Master's degree,2140.0,1.8201,4.0,40.16,83530.0,1.8,35.51,73870.0,46590.0,55040.0,98910.0,133000.0,BLS OEWS May 2025 special education aggregation
Metropolitan Area,2700003,Southwest Minnesota nonmetropolitan area,Bachelor's degree,21220.0,18.0426,1.8,42.4,88190.0,0.7,37.92,78860.0,47530.0,59940.0,101770.0,134740.0,BLS OEWS May 2025 special education aggregation
Metropolitan Area,2700003,Southwest Minnesota nonmetropolitan area,Associate's degree,2190.0,1.8659,2.5,32.94,68510.0,0.9,31.04,64550.0,39970.0,50200.0,83680.0,98710.0,BLS OEWS May 2025 special education aggregation
Metropolitan Area,2700003,Southwest Minnesota nonmetropolitan area,Postsecondary nondegree award,9810.0,8.345600000000001,2.4,25.78,53620.0,1.1,23.8,49510.0,37810.0,44900.0,61840.0,74610.0,BLS OEWS May 2025 special education aggregation
Metropolitan Area,2700003,Southwest Minnesota nonmetropolitan area,"Some college, no degree",4380.0,3.7217,3.5,21.79,45320.0,1.0,20.65,42950.0,30740.0,36680.0,49280.0,63230.0,BLS OEWS May 2025 special education aggregation
Metropolitan Area,2700003,Southwest Minnesota nonmetropolitan area,High school diploma or equivalent,45580.0,38.7626,0.6,25.63,53300.0,0.4,23.07,47980.0,34340.0,38520.0,61470.0,78840.0,BLS OEWS May 2025 special education aggregation
Metropolitan Area,2700003,Southwest Minnesota nonmetropolitan area,No formal educational credential,30660.0,26.070299999999996,1.1,18.73,38950.0,0.4,17.49,36380.0,26620.0,29860.0,44390.0,54970.0,BLS OEWS May 2025 special education aggregation
Metropolitan Area,2700004,Southeast Minnesota nonmetropolitan area,Doctoral or professional degree,3050.0,1.9797999999999998,1.9,72.22,150210.0,2.8,49.75,103490.0,62650.0,79210.0,161820.0,320580.0,BLS OEWS May 2025 special education aggregation
Metropolitan Area,2700004,Southeast Minnesota nonmetropolitan area,Master's degree,2760.0,1.7856999999999998,2.6,44.3,92140.0,1.0,38.6,80290.0,43710.0,61320.0,110430.0,144020.0,BLS OEWS May 2025 special education aggregation
Metropolitan Area,2700004,Southeast Minnesota nonmetropolitan area,Bachelor's degree,28160.0,18.2535,1.0,45.19,94000.0,0.6,39.02,81170.0,48830.0,61910.0,109570.0,149760.0,BLS OEWS May 2025 special education aggregation
Metropolitan Area,2700004,Southeast Minnesota nonmetropolitan area,Associate's degree,2950.0,1.9128,2.4,32.58,67770.0,0.6,30.31,63050.0,38730.0,47930.0,82300.0,100770.0,BLS OEWS May 2025 special education aggregation
Metropolitan Area,2700004,Southeast Minnesota nonmetropolitan area,Postsecondary nondegree award,10340.0,6.7044,1.6,26.66,55440.0,0.7,24.17,50280.0,38450.0,43660.0,62810.0,77310.0,BLS OEWS May 2025 special education aggregation
Metropolitan Area,2700004,Southeast Minnesota nonmetropolitan area,"Some college, no degree",4550.0,2.9489,3.8,21.91,45570.0,0.9,20.99,43660.0,30720.0,36900.0,52000.0,62340.0,BLS OEWS May 2025 special education aggregation
Metropolitan Area,2700004,Southeast Minnesota nonmetropolitan area,High school diploma or equivalent,60730.0,39.3623,0.5,26.12,54330.0,0.3,23.44,48760.0,34440.0,39150.0,62510.0,80040.0,BLS OEWS May 2025 special education aggregation
Metropolitan Area,2700004,Southeast Minnesota nonmetropolitan area,No formal educational credential,41740.0,27.052699999999998,0.7,18.43,38320.0,0.5,17.15,35660.0,26620.0,29890.0,44360.0,54130.0,BLS OEWS May 2025 special education aggregation
Metropolitan Area,2800005,West Delta Mississippi nonmetropolitan area,Doctoral or professional degree,1480.0,1.5993,2.9,59.94,124670.0,2.8,46.17,96030.0,47630.0,61270.0,133800.0,229230.0,BLS OEWS May 2025 special education aggregation
Metropolitan Area,2800005,West Delta Mississippi nonmetropolitan area,Master's degree,2190.0,2.378,3.0,37.11,77180.0,1.8,33.75,70210.0,38190.0,51120.0,92810.0,126060.0,BLS OEWS May 2025 special education aggregation
Metropolitan Area,2800005,West Delta Mississippi nonmetropolitan area,Bachelor's degree,13950.0,15.1119,1.4,33.72,70130.0,0.8,28.63,59540.0,38060.0,47040.0,79500.0,112930.0,BLS OEWS May 2025 special education aggregation
Metropolitan Area,2800005,West Delta Mississippi nonmetropolitan area,Associate's degree,1980.0,2.1417,3.5,24.1,50130.0,1.4,22.75,47320.0,23280.0,36990.0,62550.0,77670.0,BLS OEWS May 2025 special education aggregation
Metropolitan Area,2800005,West Delta Mississippi nonmetropolitan area,Postsecondary nondegree award,7280.0,7.891500000000001,1.8,22.12,46000.0,1.1,18.93,39370.0,28320.0,31540.0,53780.0,67210.0,BLS OEWS May 2025 special education aggregation
Metropolitan Area,2800005,West Delta Mississippi nonmetropolitan area,"Some college, no degree",2320.0,2.5124,2.9,17.45,36300.0,1.5,14.86,30910.0,19640.0,24370.0,45720.0,58020.0,BLS OEWS May 2025 special education aggregation
Metropolitan Area,2800005,West Delta Mississippi nonmetropolitan area,High school diploma or equivalent,38100.0,41.2778,0.6,20.03,41660.0,0.4,17.8,37020.0,23600.0,28930.0,48010.0,64250.0,BLS OEWS May 2025 special education aggregation
Metropolitan Area,2800005,West Delta Mississippi nonmetropolitan area,No formal educational credential,25000.0,27.0873,0.7,14.13,29380.0,0.4,13.24,27540.0,18880.0,22030.0,34290.0,42390.0,BLS OEWS May 2025 special education aggregation
Metropolitan Area,2800006,Upper East Mississippi nonmetropolitan area,Doctoral or professional degree,6010.0,2.8061,2.3,58.33,121330.0,2.1,42.01,87380.0,47530.0,61610.0,134600.0,228040.0,BLS OEWS May 2025 special education aggregation
Metropolitan Area,2800006,Upper East Mississippi nonmetropolitan area,Master's degree,5950.0,2.7777000000000003,1.7,40.81,84890.0,1.1,36.1,75080.0,44260.0,52590.0,102950.0,132170.0,BLS OEWS May 2025 special education aggregation
Metropolitan Area,2800006,Upper East Mississippi nonmetropolitan area,Bachelor's degree,31990.0,14.9275,1.2,36.65,76240.0,0.6,30.51,63460.0,40500.0,48540.0,85160.0,126980.0,BLS OEWS May 2025 special education aggregation
Metropolitan Area,2800006,Upper East Mississippi nonmetropolitan area,Associate's degree,4570.0,2.1329000000000002,4.0,26.83,55810.0,0.9,26.63,55380.0,32300.0,41770.0,66340.0,78930.0,BLS OEWS May 2025 special education aggregation
Metropolitan Area,2800006,Upper East Mississippi nonmetropolitan area,Postsecondary nondegree award,16270.0,7.5929,1.5,22.67,47150.0,0.8,21.21,44120.0,29610.0,34310.0,58160.0,71500.0,BLS OEWS May 2025 special education aggregation
Metropolitan Area,2800006,Upper East Mississippi nonmetropolitan area,"Some college, no degree",4680.0,2.1843,2.6,18.34,38140.0,1.2,16.59,34510.0,21490.0,27160.0,46740.0,58760.0,BLS OEWS May 2025 special education aggregation
Metropolitan Area,2800006,Upper East Mississippi nonmetropolitan area,High school diploma or equivalent,86400.0,40.3172,0.6,21.89,45530.0,0.3,19.19,39910.0,27010.0,32320.0,52160.0,72260.0,BLS OEWS May 2025 special education aggregation
Metropolitan Area,2800006,Upper East Mississippi nonmetropolitan area,No formal educational credential,58420.0,27.2614,0.9,14.69,30540.0,0.6,13.74,28580.0,20640.0,22460.0,35430.0,43680.0,BLS OEWS May 2025 special education aggregation
Metropolitan Area,2800007,Lower West Mississippi nonmetropolitan area,Doctoral or professional degree,1140.0,1.4295,2.9,61.4,127720.0,4.6,46.59,96910.0,48370.0,60490.0,141130.0,230530.0,BLS OEWS May 2025 special education aggregation
Metropolitan Area,2800007,Lower West Mississippi nonmetropolitan area,Master's degree,1880.0,2.3567,2.5,41.37,86040.0,1.9,37.27,77520.0,43040.0,57570.0,104670.0,139340.0,BLS OEWS May 2025 special education aggregation
Metropolitan Area,2800007,Lower West Mississippi nonmetropolitan area,Bachelor's degree,12650.0,15.825,1.4,38.11,79280.0,0.5,31.18,64850.0,39830.0,48240.0,96740.0,135760.0,BLS OEWS May 2025 special education aggregation
Metropolitan Area,2800007,Lower West Mississippi nonmetropolitan area,Associate's degree,1610.0,2.0079000000000002,3.9,26.91,55980.0,1.4,25.24,52490.0,29200.0,38920.0,69060.0,86630.0,BLS OEWS May 2025 special education aggregation
Metropolitan Area,2800007,Lower West Mississippi nonmetropolitan area,Postsecondary nondegree award,7540.0,9.4314,1.8,24.67,51310.0,2.5,21.29,44270.0,28440.0,33430.0,60040.0,84710.0,BLS OEWS May 2025 special education aggregation
Metropolitan Area,2800007,Lower West Mississippi nonmetropolitan area,"Some college, no degree",2070.0,2.5888999999999998,2.9,17.97,37370.0,1.2,15.64,32520.0,20600.0,27510.0,45300.0,59670.0,BLS OEWS May 2025 special education aggregation
Metropolitan Area,2800007,Lower West Mississippi nonmetropolitan area,High school diploma or equivalent,30930.0,38.6964,0.7,21.78,45310.0,0.4,18.23,37920.0,23560.0,29250.0,53470.0,76130.0,BLS OEWS May 2025 special education aggregation
Metropolitan Area,2800007,Lower West Mississippi nonmetropolitan area,No formal educational credential,22110.0,27.6642,0.6,14.85,30880.0,0.5,13.63,28360.0,19100.0,22090.0,36160.0,46190.0,BLS OEWS May 2025 special education aggregation
Metropolitan Area,2800008,Lower East Mississippi nonmetropolitan area,Doctoral or professional degree,1860.0,1.5019,2.6,59.67,124110.0,7.5,40.18,83570.0,49170.0,61970.0,133590.0,224840.0,BLS OEWS May 2025 special education aggregation
Metropolitan Area,2800008,Lower East Mississippi nonmetropolitan area,Master's degree,3030.0,2.4547999999999996,3.5,38.9,80900.0,2.6,36.02,74920.0,34500.0,50350.0,99680.0,133930.0,BLS OEWS May 2025 special education aggregation
Metropolitan Area,2800008,Lower East Mississippi nonmetropolitan area,Bachelor's degree,19030.0,15.3946,0.9,34.5,71760.0,0.6,29.39,61130.0,40060.0,48150.0,80430.0,114960.0,BLS OEWS May 2025 special education aggregation
Metropolitan Area,2800008,Lower East Mississippi nonmetropolitan area,Associate's degree,2640.0,2.1325,1.9,25.29,52600.0,0.9,24.22,50370.0,28800.0,40220.0,62880.0,77780.0,BLS OEWS May 2025 special education aggregation
Metropolitan Area,2800008,Lower East Mississippi nonmetropolitan area,Postsecondary nondegree award,10850.0,8.7756,1.5,21.18,44060.0,0.9,18.91,39320.0,27490.0,31730.0,51840.0,62730.0,BLS OEWS May 2025 special education aggregation
Metropolitan Area,2800008,Lower East Mississippi nonmetropolitan area,"Some college, no degree",3030.0,2.4531,4.3,17.02,35400.0,1.7,14.23,29600.0,19330.0,24520.0,42900.0,58180.0,BLS OEWS May 2025 special education aggregation
Metropolitan Area,2800008,Lower East Mississippi nonmetropolitan area,High school diploma or equivalent,48000.0,38.8403,0.7,21.08,43840.0,0.4,18.39,38240.0,24790.0,30220.0,50510.0,67830.0,BLS OEWS May 2025 special education aggregation
Metropolitan Area,2800008,Lower East Mississippi nonmetropolitan area,No formal educational credential,35160.0,28.4474,0.6,14.54,30250.0,0.4,13.48,28040.0,19000.0,22200.0,36060.0,43410.0,BLS OEWS May 2025 special education aggregation
Metropolitan Area,2900001,Central Missouri nonmetropolitan area,Doctoral or professional degree,2960.0,1.9085,2.4,69.51,144580.0,3.7,48.07,99990.0,48690.0,67080.0,165290.0,315570.0,BLS OEWS May 2025 special education aggregation
Metropolitan Area,2900001,Central Missouri nonmetropolitan area,Master's degree,4060.0,2.6245000000000003,2.8,37.48,77960.0,1.4,30.83,64120.0,37860.0,47240.0,99250.0,128650.0,BLS OEWS May 2025 special education aggregation
Metropolitan Area,2900001,Central Missouri nonmetropolitan area,Bachelor's degree,29600.0,19.1118,0.9,35.51,73870.0,0.5,30.0,62400.0,38500.0,47110.0,86260.0,119430.0,BLS OEWS May 2025 special education aggregation
Metropolitan Area,2900001,Central Missouri nonmetropolitan area,Associate's degree,2280.0,1.4701,2.4,29.94,62280.0,1.0,29.06,60450.0,33920.0,44950.0,78740.0,95310.0,BLS OEWS May 2025 special education aggregation
Metropolitan Area,2900001,Central Missouri nonmetropolitan area,Postsecondary nondegree award,11200.0,7.231399999999999,2.9,22.85,47530.0,0.9,21.24,44180.0,31060.0,36310.0,56690.0,67560.0,BLS OEWS May 2025 special education aggregation
Metropolitan Area,2900001,Central Missouri nonmetropolitan area,"Some college, no degree",2860.0,1.8443,3.8,20.16,41920.0,1.2,18.57,38630.0,28600.0,31990.0,46560.0,56980.0,BLS OEWS May 2025 special education aggregation
Metropolitan Area,2900001,Central Missouri nonmetropolitan area,High school diploma or equivalent,57100.0,36.8665,0.7,22.18,46130.0,0.4,19.89,41380.0,29890.0,35360.0,50600.0,65350.0,BLS OEWS May 2025 special education aggregation
Metropolitan Area,2900001,Central Missouri nonmetropolitan area,No formal educational credential,44830.0,28.942899999999998,0.7,17.08,35530.0,0.4,15.15,31520.0,28600.0,28600.0,37220.0,46980.0,BLS OEWS May 2025 special education aggregation
Metropolitan Area,2900002,North Missouri nonmetropolitan area,Doctoral or professional degree,2000.0,1.8849,1.8,63.97,133060.0,3.0,44.97,93530.0,51160.0,62940.0,152290.0,283580.0,BLS OEWS May 2025 special education aggregation
Metropolitan Area,2900002,North Missouri nonmetropolitan area,Master's degree,2620.0,2.4645,4.2,34.69,72160.0,2.5,29.83,62050.0,38850.0,47360.0,83720.0,120730.0,BLS OEWS May 2025 special education aggregation
Metropolitan Area,2900002,North Missouri nonmetropolitan area,Bachelor's degree,20460.0,19.2486,1.3,33.42,69510.0,1.1,27.99,58210.0,38120.0,46180.0,81120.0,109850.0,BLS OEWS May 2025 special education aggregation
Metropolitan Area,2900002,North Missouri nonmetropolitan area,Associate's degree,1530.0,1.4398,5.2,29.58,61530.0,1.1,28.5,59270.0,31790.0,42740.0,77250.0,92980.0,BLS OEWS May 2025 special education aggregation
Metropolitan Area,2900002,North Missouri nonmetropolitan area,Postsecondary nondegree award,7870.0,7.4029,3.4,22.31,46400.0,1.0,21.16,44000.0,30090.0,35850.0,53960.0,64360.0,BLS OEWS May 2025 special education aggregation
Metropolitan Area,2900002,North Missouri nonmetropolitan area,"Some college, no degree",2470.0,2.323,4.7,19.54,40650.0,1.2,18.01,37450.0,28600.0,30020.0,46690.0,57610.0,BLS OEWS May 2025 special education aggregation
Metropolitan Area,2900002,North Missouri nonmetropolitan area,High school diploma or equivalent,41110.0,38.6693,0.8,22.63,47060.0,0.4,20.56,42760.0,30430.0,35310.0,52750.0,68030.0,BLS OEWS May 2025 special education aggregation
Metropolitan Area,2900002,North Missouri nonmetropolitan area,No formal educational credential,28240.0,26.567,0.9,17.27,35930.0,0.3,14.98,31160.0,28600.0,28600.0,38050.0,47710.0,BLS OEWS May 2025 special education aggregation
Metropolitan Area,2900003,Southeast Missouri nonmetropolitan area,Doctoral or professional degree,2040.0,1.2422,3.0,69.28,144110.0,5.6,52.04,108240.0,57680.0,75240.0,163390.0,277500.0,BLS OEWS May 2025 special education aggregation
Metropolitan Area,2900003,Southeast Missouri nonmetropolitan area,Master's degree,3830.0,2.3259,3.6,37.26,77500.0,1.6,31.18,64860.0,40460.0,48220.0,98820.0,127990.0,BLS OEWS May 2025 special education aggregation
Metropolitan Area,2900003,Southeast Missouri nonmetropolitan area,Bachelor's degree,30600.0,18.5977,1.8,34.5,71770.0,0.9,28.81,59930.0,37920.0,46390.0,82520.0,117690.0,BLS OEWS May 2025 special education aggregation
Metropolitan Area,2900003,Southeast Missouri nonmetropolitan area,Associate's degree,2490.0,1.5141,3.4,28.61,59510.0,1.1,28.53,59340.0,33000.0,42240.0,74960.0,88120.0,BLS OEWS May 2025 special education aggregation
Metropolitan Area,2900003,Southeast Missouri nonmetropolitan area,Postsecondary nondegree award,12760.0,7.755800000000001,1.9,22.97,47780.0,0.8,21.46,44640.0,30260.0,36030.0,57050.0,70590.0,BLS OEWS May 2025 special education aggregation
Metropolitan Area,2900003,Southeast Missouri nonmetropolitan area,"Some college, no degree",3620.0,2.1972,4.3,19.24,40030.0,1.3,18.1,37650.0,28600.0,29470.0,45720.0,56870.0,BLS OEWS May 2025 special education aggregation
Metropolitan Area,2900003,Southeast Missouri nonmetropolitan area,High school diploma or equivalent,68830.0,41.829,1.0,21.45,44620.0,0.4,18.74,38990.0,28600.0,33670.0,48830.0,64310.0,BLS OEWS May 2025 special education aggregation
Metropolitan Area,2900003,Southeast Missouri nonmetropolitan area,No formal educational credential,40380.0,24.5381,0.9,17.11,35590.0,0.3,14.78,30740.0,28600.0,28600.0,37280.0,47370.0,BLS OEWS May 2025 special education aggregation
Metropolitan Area,2900004,Southwest Missouri nonmetropolitan area,Doctoral or professional degree,750.0,0.9374,4.4,60.16,125130.0,7.2,45.43,94500.0,50070.0,65650.0,147840.0,234320.0,BLS OEWS May 2025 special education aggregation
Metropolitan Area,2900004,Southwest Missouri nonmetropolitan area,Master's degree,1380.0,1.7297999999999998,4.0,37.11,77190.0,1.8,32.99,68610.0,44100.0,50590.0,96630.0,123710.0,BLS OEWS May 2025 special education aggregation
Metropolitan Area,2900004,Southwest Missouri nonmetropolitan area,Bachelor's degree,13790.0,17.3388,1.5,33.85,70420.0,0.7,28.29,58850.0,37590.0,45980.0,80210.0,116490.0,BLS OEWS May 2025 special education aggregation
Metropolitan Area,2900004,Southwest Missouri nonmetropolitan area,Associate's degree,1010.0,1.2705,3.4,28.39,59050.0,0.9,27.89,58010.0,33300.0,39370.0,77410.0,88050.0,BLS OEWS May 2025 special education aggregation
Metropolitan Area,2900004,Southwest Missouri nonmetropolitan area,Postsecondary nondegree award,4770.0,5.9994,2.2,22.7,47220.0,0.8,20.91,43500.0,31040.0,35740.0,55860.0,66080.0,BLS OEWS May 2025 special education aggregation
Metropolitan Area,2900004,Southwest Missouri nonmetropolitan area,"Some college, no degree",1640.0,2.0621,4.8,21.0,43680.0,1.7,17.89,37210.0,28600.0,28960.0,45660.0,57920.0,BLS OEWS May 2025 special education aggregation
Metropolitan Area,2900004,Southwest Missouri nonmetropolitan area,High school diploma or equivalent,28490.0,35.807100000000005,1.0,22.17,46110.0,0.4,19.74,41050.0,29030.0,34630.0,51470.0,66180.0,BLS OEWS May 2025 special education aggregation
Metropolitan Area,2900004,Southwest Missouri nonmetropolitan area,No formal educational credential,27730.0,34.8548,0.7,17.26,35890.0,0.5,15.04,31290.0,28600.0,28760.0,37660.0,47520.0,BLS OEWS May 2025 special education aggregation
Metropolitan Area,3000003,Southwest Montana nonmetropolitan area,Doctoral or professional degree,940.0,2.395,3.8,68.96,143440.0,3.3,49.05,102020.0,49330.0,70270.0,162420.0,300810.0,BLS OEWS May 2025 special education aggregation
Metropolitan Area,3000003,Southwest Montana nonmetropolitan area,Master's degree,880.0,2.2412,3.3,40.98,85240.0,1.4,35.65,74160.0,43510.0,56390.0,99670.0,143920.0,BLS OEWS May 2025 special education aggregation
Metropolitan Area,3000003,Southwest Montana nonmetropolitan area,Bachelor's degree,7650.0,19.5614,1.1,39.59,82340.0,1.2,36.48,75870.0,38800.0,56560.0,98560.0,129810.0,BLS OEWS May 2025 special education aggregation
Metropolitan Area,3000003,Southwest Montana nonmetropolitan area,Associate's degree,830.0,2.125,3.0,29.98,62370.0,1.2,28.56,59390.0,36740.0,44950.0,78520.0,96850.0,BLS OEWS May 2025 special education aggregation
Metropolitan Area,3000003,Southwest Montana nonmetropolitan area,Postsecondary nondegree award,2480.0,6.3579,3.5,25.6,53240.0,0.9,23.83,49570.0,36050.0,41160.0,61440.0,72640.0,BLS OEWS May 2025 special education aggregation
Metropolitan Area,3000003,Southwest Montana nonmetropolitan area,"Some college, no degree",920.0,2.3658,7.4,20.86,43390.0,1.1,20.37,42370.0,29120.0,34150.0,49260.0,59920.0,BLS OEWS May 2025 special education aggregation
Metropolitan Area,3000003,Southwest Montana nonmetropolitan area,High school diploma or equivalent,14530.0,37.166000000000004,1.0,24.87,51740.0,0.5,22.67,47150.0,30770.0,37560.0,60120.0,76890.0,BLS OEWS May 2025 special education aggregation
Metropolitan Area,3000003,Southwest Montana nonmetropolitan area,No formal educational credential,10860.0,27.7875,1.0,17.43,36250.0,0.6,16.67,34680.0,22710.0,28290.0,41090.0,49350.0,BLS OEWS May 2025 special education aggregation
Metropolitan Area,3000004,West Montana nonmetropolitan area,Doctoral or professional degree,1670.0,1.9838,6.9,69.8,145190.0,4.0,49.92,103820.0,58750.0,78490.0,158190.0,285280.0,BLS OEWS May 2025 special education aggregation
Metropolitan Area,3000004,West Montana nonmetropolitan area,Master's degree,1810.0,2.1545,3.1,41.31,85920.0,1.8,36.49,75900.0,45280.0,56600.0,107590.0,140250.0,BLS OEWS May 2025 special education aggregation
Metropolitan Area,3000004,West Montana nonmetropolitan area,Bachelor's degree,16750.0,19.891,2.1,40.93,85140.0,1.0,36.31,75520.0,40940.0,57060.0,99990.0,134990.0,BLS OEWS May 2025 special education aggregation
Metropolitan Area,3000004,West Montana nonmetropolitan area,Associate's degree,2120.0,2.5222,4.3,30.47,63370.0,1.6,28.36,58990.0,40040.0,47330.0,79310.0,96320.0,BLS OEWS May 2025 special education aggregation
Metropolitan Area,3000004,West Montana nonmetropolitan area,Postsecondary nondegree award,5230.0,6.2066,2.5,25.83,53730.0,0.9,23.48,48840.0,36660.0,41870.0,60460.0,73560.0,BLS OEWS May 2025 special education aggregation
Metropolitan Area,3000004,West Montana nonmetropolitan area,"Some college, no degree",2420.0,2.8777999999999997,6.4,21.45,44620.0,1.1,21.27,44240.0,29120.0,35130.0,51510.0,61240.0,BLS OEWS May 2025 special education aggregation
Metropolitan Area,3000004,West Montana nonmetropolitan area,High school diploma or equivalent,30610.0,36.3524,1.5,24.78,51550.0,0.6,22.72,47250.0,31100.0,38150.0,60490.0,76450.0,BLS OEWS May 2025 special education aggregation
Metropolitan Area,3000004,West Montana nonmetropolitan area,No formal educational credential,23580.0,28.0117,1.0,17.88,37180.0,0.7,17.12,35610.0,22990.0,28670.0,43510.0,50600.0,BLS OEWS May 2025 special education aggregation
Metropolitan Area,3000006,East-Central Montana nonmetropolitan area,Doctoral or professional degree,1130.0,1.8783999999999998,3.4,67.72,140860.0,3.8,48.98,101870.0,51240.0,72900.0,156100.0,294050.0,BLS OEWS May 2025 special education aggregation
Metropolitan Area,3000006,East-Central Montana nonmetropolitan area,Master's degree,1460.0,2.43,3.7,39.41,81980.0,1.6,35.63,74100.0,39260.0,51810.0,97230.0,140880.0,BLS OEWS May 2025 special education aggregation
Metropolitan Area,3000006,East-Central Montana nonmetropolitan area,Bachelor's degree,12530.0,20.8248,1.0,36.94,76840.0,1.1,32.58,67760.0,37510.0,48360.0,93490.0,123220.0,BLS OEWS May 2025 special education aggregation
Metropolitan Area,3000006,East-Central Montana nonmetropolitan area,Associate's degree,1090.0,1.8079,4.5,30.82,64100.0,1.7,29.31,60970.0,37330.0,46940.0,81880.0,98440.0,BLS OEWS May 2025 special education aggregation
Metropolitan Area,3000006,East-Central Montana nonmetropolitan area,Postsecondary nondegree award,4220.0,7.0196,5.1,25.48,53000.0,1.6,23.47,48820.0,35700.0,39980.0,61940.0,74350.0,BLS OEWS May 2025 special education aggregation
Metropolitan Area,3000006,East-Central Montana nonmetropolitan area,"Some college, no degree",2140.0,3.5527,5.9,20.28,42170.0,1.2,18.9,39300.0,28040.0,32710.0,48130.0,59800.0,BLS OEWS May 2025 special education aggregation
Metropolitan Area,3000006,East-Central Montana nonmetropolitan area,High school diploma or equivalent,22420.0,37.262299999999996,1.0,25.92,53910.0,0.7,23.11,48070.0,31200.0,38370.0,62320.0,82700.0,BLS OEWS May 2025 special education aggregation
Metropolitan Area,3000006,East-Central Montana nonmetropolitan area,No formal educational credential,15170.0,25.2242,1.1,17.59,36590.0,0.6,16.66,34660.0,22930.0,28300.0,41690.0,51350.0,BLS OEWS May 2025 special education aggregation
Metropolitan Area,3100001,Northwest Nebraska nonmetropolitan area,Doctoral or professional degree,760.0,1.9492,7.7,67.93,141300.0,5.1,50.86,105790.0,57730.0,74280.0,153330.0,299950.0,BLS OEWS May 2025 special education aggregation
Metropolitan Area,3100001,Northwest Nebraska nonmetropolitan area,Master's degree,940.0,2.3948,4.7,42.34,88060.0,1.7,37.68,78380.0,43680.0,57860.0,105400.0,135410.0,BLS OEWS May 2025 special education aggregation
Metropolitan Area,3100001,Northwest Nebraska nonmetropolitan area,Bachelor's degree,7570.0,19.3508,1.4,37.63,78270.0,0.8,33.84,70390.0,42430.0,53400.0,91100.0,121560.0,BLS OEWS May 2025 special education aggregation
Metropolitan Area,3100001,Northwest Nebraska nonmetropolitan area,Associate's degree,710.0,1.8263000000000003,3.5,31.19,64880.0,1.0,30.74,63940.0,41240.0,47770.0,78670.0,92410.0,BLS OEWS May 2025 special education aggregation
Metropolitan Area,3100001,Northwest Nebraska nonmetropolitan area,Postsecondary nondegree award,3140.0,8.024,2.1,23.97,49850.0,0.7,22.48,46760.0,36670.0,39400.0,57870.0,67670.0,BLS OEWS May 2025 special education aggregation
Metropolitan Area,3100001,Northwest Nebraska nonmetropolitan area,"Some college, no degree",1460.0,3.7351,3.4,18.07,37590.0,1.0,16.86,35060.0,28080.0,28080.0,42730.0,54080.0,BLS OEWS May 2025 special education aggregation
Metropolitan Area,3100001,Northwest Nebraska nonmetropolitan area,High school diploma or equivalent,13680.0,34.949799999999996,1.2,24.05,50030.0,1.1,21.93,45620.0,30740.0,36810.0,58030.0,75960.0,BLS OEWS May 2025 special education aggregation
Metropolitan Area,3100001,Northwest Nebraska nonmetropolitan area,No formal educational credential,10870.0,27.77,1.3,17.18,35730.0,0.5,15.69,32640.0,28080.0,28750.0,38200.0,48050.0,BLS OEWS May 2025 special education aggregation
Metropolitan Area,3100003,Northeast Nebraska nonmetropolitan area,Doctoral or professional degree,1750.0,1.8294000000000001,3.3,70.71,147080.0,2.6,50.86,105790.0,51560.0,68170.0,159480.0,313080.0,BLS OEWS May 2025 special education aggregation
Metropolitan Area,3100003,Northeast Nebraska nonmetropolitan area,Master's degree,2080.0,2.1642,2.6,41.93,87220.0,1.6,37.21,77400.0,42520.0,56370.0,106590.0,135200.0,BLS OEWS May 2025 special education aggregation
Metropolitan Area,3100003,Northeast Nebraska nonmetropolitan area,Bachelor's degree,17360.0,18.104400000000002,1.0,39.94,83080.0,0.7,35.95,74770.0,44370.0,57000.0,96590.0,131040.0,BLS OEWS May 2025 special education aggregation
Metropolitan Area,3100003,Northeast Nebraska nonmetropolitan area,Associate's degree,2070.0,2.161,2.8,30.94,64360.0,0.6,30.02,62450.0,40770.0,49240.0,77600.0,91460.0,BLS OEWS May 2025 special education aggregation
Metropolitan Area,3100003,Northeast Nebraska nonmetropolitan area,Postsecondary nondegree award,7300.0,7.6145,2.1,25.31,52640.0,0.8,23.02,47880.0,37270.0,41080.0,61140.0,75830.0,BLS OEWS May 2025 special education aggregation
Metropolitan Area,3100003,Northeast Nebraska nonmetropolitan area,"Some college, no degree",3300.0,3.4377000000000004,4.1,19.59,40740.0,0.8,17.6,36610.0,28080.0,31470.0,45570.0,60630.0,BLS OEWS May 2025 special education aggregation
Metropolitan Area,3100003,Northeast Nebraska nonmetropolitan area,High school diploma or equivalent,35250.0,36.7654,0.9,24.85,51690.0,0.5,23.0,47830.0,33250.0,38750.0,59590.0,75120.0,BLS OEWS May 2025 special education aggregation
Metropolitan Area,3100003,Northeast Nebraska nonmetropolitan area,No formal educational credential,26780.0,27.9235,0.8,18.58,38650.0,0.4,17.42,36230.0,28080.0,29550.0,46100.0,50600.0,BLS OEWS May 2025 special education aggregation
Metropolitan Area,3100006,South Nebraska nonmetropolitan area,Doctoral or professional degree,3050.0,1.968,4.6,65.02,135240.0,1.8,44.99,93580.0,55160.0,70980.0,139010.0,295610.0,BLS OEWS May 2025 special education aggregation
Metropolitan Area,3100006,South Nebraska nonmetropolitan area,Master's degree,3310.0,2.1366,3.2,41.84,87030.0,1.5,37.0,76970.0,44890.0,58510.0,105870.0,135780.0,BLS OEWS May 2025 special education aggregation
Metropolitan Area,3100006,South Nebraska nonmetropolitan area,Bachelor's degree,29060.0,18.7368,0.8,39.6,82380.0,0.7,35.39,73610.0,44210.0,54580.0,96100.0,130830.0,BLS OEWS May 2025 special education aggregation
Metropolitan Area,3100006,South Nebraska nonmetropolitan area,Associate's degree,2840.0,1.8280999999999998,3.4,31.65,65830.0,1.3,30.24,62910.0,38470.0,47390.0,80790.0,94290.0,BLS OEWS May 2025 special education aggregation
Metropolitan Area,3100006,South Nebraska nonmetropolitan area,Postsecondary nondegree award,11400.0,7.347799999999999,2.3,24.38,50710.0,0.7,22.66,47130.0,36240.0,39290.0,59350.0,70760.0,BLS OEWS May 2025 special education aggregation
Metropolitan Area,3100006,South Nebraska nonmetropolitan area,"Some college, no degree",5060.0,3.2607999999999997,4.7,19.36,40280.0,1.0,17.4,36190.0,28080.0,31000.0,46570.0,56940.0,BLS OEWS May 2025 special education aggregation
Metropolitan Area,3100006,South Nebraska nonmetropolitan area,High school diploma or equivalent,54990.0,35.453500000000005,1.1,24.8,51590.0,0.9,22.55,46890.0,31840.0,37340.0,59970.0,76950.0,BLS OEWS May 2025 special education aggregation
Metropolitan Area,3100006,South Nebraska nonmetropolitan area,No formal educational credential,45400.0,29.268400000000003,0.9,18.2,37850.0,0.3,16.9,35150.0,28080.0,29420.0,45670.0,49190.0,BLS OEWS May 2025 special education aggregation
Metropolitan Area,3200006,Balance of Nevada nonmetropolitan area,Doctoral or professional degree,980.0,1.0956,4.6,74.42,154800.0,6.3,60.66,126170.0,47970.0,86420.0,176820.0,344490.0,BLS OEWS May 2025 special education aggregation
Metropolitan Area,3200006,Balance of Nevada nonmetropolitan area,Master's degree,1040.0,1.1562,3.0,44.25,92030.0,1.9,42.6,88600.0,45460.0,63250.0,116990.0,137400.0,BLS OEWS May 2025 special education aggregation
Metropolitan Area,3200006,Balance of Nevada nonmetropolitan area,Bachelor's degree,16100.0,17.9461,1.3,47.6,99000.0,1.1,41.1,85490.0,47760.0,62720.0,118580.0,165830.0,BLS OEWS May 2025 special education aggregation
Metropolitan Area,3200006,Balance of Nevada nonmetropolitan area,Associate's degree,2290.0,2.5551,3.0,35.91,74690.0,1.1,36.21,75310.0,40510.0,51070.0,93500.0,110040.0,BLS OEWS May 2025 special education aggregation
Metropolitan Area,3200006,Balance of Nevada nonmetropolitan area,Postsecondary nondegree award,5740.0,6.4016,3.1,30.95,64380.0,0.9,28.91,60140.0,37840.0,46310.0,80730.0,93900.0,BLS OEWS May 2025 special education aggregation
Metropolitan Area,3200006,Balance of Nevada nonmetropolitan area,"Some college, no degree",2170.0,2.4181999999999997,4.1,23.25,48360.0,1.3,22.01,45780.0,29320.0,35330.0,59170.0,71490.0,BLS OEWS May 2025 special education aggregation
Metropolitan Area,3200006,Balance of Nevada nonmetropolitan area,High school diploma or equivalent,36380.0,40.556200000000004,0.8,29.97,62330.0,0.4,27.5,57190.0,31380.0,40770.0,79730.0,96870.0,BLS OEWS May 2025 special education aggregation
Metropolitan Area,3200006,Balance of Nevada nonmetropolitan area,No formal educational credential,25000.0,27.871100000000002,0.9,19.4,40360.0,0.5,17.0,35350.0,25370.0,27920.0,44720.0,70290.0,BLS OEWS May 2025 special education aggregation
Metropolitan Area,3300001,Northern New Hampshire nonmetropolitan area,Doctoral or professional degree,3790.0,4.4984,1.1,94.6,196760.0,0.9,64.8,134790.0,69700.0,83980.0,294770.0,385710.0,BLS OEWS May 2025 special education aggregation
Metropolitan Area,3300001,Northern New Hampshire nonmetropolitan area,Master's degree,3110.0,3.6886,2.7,49.62,103210.0,1.0,41.07,85430.0,49270.0,64910.0,133420.0,162660.0,BLS OEWS May 2025 special education aggregation
Metropolitan Area,3300001,Northern New Hampshire nonmetropolitan area,Bachelor's degree,18830.0,22.3317,0.8,47.95,99740.0,0.6,41.59,86510.0,49990.0,64400.0,109240.0,160540.0,BLS OEWS May 2025 special education aggregation
Metropolitan Area,3300001,Northern New Hampshire nonmetropolitan area,Associate's degree,,,,33.26,69190.0,1.1,31.16,64810.0,38970.0,49160.0,85350.0,103910.0,BLS OEWS May 2025 special education aggregation
Metropolitan Area,3300001,Northern New Hampshire nonmetropolitan area,Postsecondary nondegree award,5480.0,6.506100000000001,1.6,26.54,55190.0,0.8,24.5,50960.0,38470.0,45220.0,62420.0,78260.0,BLS OEWS May 2025 special education aggregation
Metropolitan Area,3300001,Northern New Hampshire nonmetropolitan area,"Some college, no degree",,,,22.88,47590.0,1.1,21.76,45250.0,34530.0,36670.0,53560.0,64920.0,BLS OEWS May 2025 special education aggregation
Metropolitan Area,3300001,Northern New Hampshire nonmetropolitan area,High school diploma or equivalent,26310.0,31.2065,0.7,26.08,54250.0,0.4,23.68,49250.0,35360.0,41380.0,61820.0,78710.0,BLS OEWS May 2025 special education aggregation
Metropolitan Area,3300001,Northern New Hampshire nonmetropolitan area,No formal educational credential,22360.0,26.5242,0.6,18.49,38450.0,0.5,17.64,36700.0,27570.0,30660.0,44320.0,51280.0,BLS OEWS May 2025 special education aggregation
Metropolitan Area,3300002,Central New Hampshire nonmetropolitan area,Doctoral or professional degree,2260.0,2.2499,2.4,76.38,158870.0,3.2,51.04,106160.0,65170.0,81780.0,195190.0,345010.0,BLS OEWS May 2025 special education aggregation
Metropolitan Area,3300002,Central New Hampshire nonmetropolitan area,Master's degree,2890.0,2.8738,3.7,42.84,89110.0,3.3,37.87,78780.0,46610.0,56680.0,103390.0,136630.0,BLS OEWS May 2025 special education aggregation
Metropolitan Area,3300002,Central New Hampshire nonmetropolitan area,Bachelor's degree,22620.0,22.5239,0.6,46.52,96750.0,0.5,39.53,82210.0,49640.0,64360.0,108750.0,151670.0,BLS OEWS May 2025 special education aggregation
Metropolitan Area,3300002,Central New Hampshire nonmetropolitan area,Associate's degree,2300.0,2.2882000000000002,3.2,33.24,69130.0,1.1,30.78,64020.0,38500.0,48530.0,85570.0,101970.0,BLS OEWS May 2025 special education aggregation
Metropolitan Area,3300002,Central New Hampshire nonmetropolitan area,Postsecondary nondegree award,7250.0,7.2191,1.9,27.32,56820.0,0.6,25.51,53060.0,38260.0,46470.0,63580.0,79090.0,BLS OEWS May 2025 special education aggregation
Metropolitan Area,3300002,Central New Hampshire nonmetropolitan area,"Some college, no degree",2830.0,2.8178,3.5,23.15,48160.0,1.1,22.12,46000.0,29810.0,37060.0,56490.0,68230.0,BLS OEWS May 2025 special education aggregation
Metropolitan Area,3300002,Central New Hampshire nonmetropolitan area,High school diploma or equivalent,35030.0,34.879000000000005,0.6,27.07,56300.0,0.4,24.13,50190.0,35760.0,41350.0,64460.0,82590.0,BLS OEWS May 2025 special education aggregation
Metropolitan Area,3300002,Central New Hampshire nonmetropolitan area,No formal educational credential,25250.0,25.148400000000002,0.6,18.68,38850.0,0.4,17.49,36390.0,28240.0,30680.0,45050.0,54520.0,BLS OEWS May 2025 special education aggregation
Metropolitan Area,3300006,Southwestern New Hampshire nonmetropolitan area,Doctoral or professional degree,900.0,2.0159,3.5,71.21,148110.0,1.6,47.59,98990.0,58170.0,79420.0,164200.0,361240.0,BLS OEWS May 2025 special education aggregation
Metropolitan Area,3300006,Southwestern New Hampshire nonmetropolitan area,Master's degree,1290.0,2.8905000000000003,3.0,39.05,81220.0,1.5,35.2,73210.0,42240.0,51830.0,101450.0,137590.0,BLS OEWS May 2025 special education aggregation
Metropolitan Area,3300006,Southwestern New Hampshire nonmetropolitan area,Bachelor's degree,8640.0,19.3785,1.6,45.66,94970.0,1.2,39.31,81760.0,47820.0,62430.0,109410.0,155110.0,BLS OEWS May 2025 special education aggregation
Metropolitan Area,3300006,Southwestern New Hampshire nonmetropolitan area,Associate's degree,850.0,1.9058,2.9,31.87,66290.0,0.9,30.14,62700.0,38650.0,47320.0,80380.0,100910.0,BLS OEWS May 2025 special education aggregation
Metropolitan Area,3300006,Southwestern New Hampshire nonmetropolitan area,Postsecondary nondegree award,2780.0,6.2376,2.2,26.7,55540.0,0.8,25.0,52000.0,38110.0,46020.0,63550.0,76750.0,BLS OEWS May 2025 special education aggregation
Metropolitan Area,3300006,Southwestern New Hampshire nonmetropolitan area,"Some college, no degree",1280.0,2.8808,4.1,22.13,46020.0,1.1,21.14,43970.0,32990.0,37120.0,50990.0,63060.0,BLS OEWS May 2025 special education aggregation
Metropolitan Area,3300006,Southwestern New Hampshire nonmetropolitan area,High school diploma or equivalent,17160.0,38.471,1.3,26.38,54870.0,0.7,23.92,49760.0,36030.0,41600.0,61350.0,78250.0,BLS OEWS May 2025 special education aggregation
Metropolitan Area,3300006,Southwestern New Hampshire nonmetropolitan area,No formal educational credential,11700.0,26.2195,0.9,18.45,38370.0,0.4,17.43,36240.0,28570.0,30780.0,44010.0,50400.0,BLS OEWS May 2025 special education aggregation
Metropolitan Area,3500006,Northern New Mexico nonmetropolitan area,Doctoral or professional degree,1780.0,2.1132,2.3,79.38,165110.0,1.9,67.49,140380.0,61040.0,82200.0,209730.0,329950.0,BLS OEWS May 2025 special education aggregation
Metropolitan Area,3500006,Northern New Mexico nonmetropolitan area,Master's degree,1880.0,2.2300999999999997,2.8,48.22,100290.0,1.4,43.67,90830.0,49790.0,67820.0,122900.0,160430.0,BLS OEWS May 2025 special education aggregation
Metropolitan Area,3500006,Northern New Mexico nonmetropolitan area,Bachelor's degree,24190.0,28.6847,0.9,58.66,122010.0,0.5,56.11,116710.0,54590.0,76100.0,160100.0,197670.0,BLS OEWS May 2025 special education aggregation
Metropolitan Area,3500006,Northern New Mexico nonmetropolitan area,Associate's degree,3000.0,3.5537,1.2,41.16,85620.0,0.5,46.44,96600.0,43660.0,59430.0,118390.0,119350.0,BLS OEWS May 2025 special education aggregation
Metropolitan Area,3500006,Northern New Mexico nonmetropolitan area,Postsecondary nondegree award,3910.0,4.6338,2.4,23.59,49080.0,1.1,21.87,45490.0,32230.0,37350.0,55380.0,71370.0,BLS OEWS May 2025 special education aggregation
Metropolitan Area,3500006,Northern New Mexico nonmetropolitan area,"Some college, no degree",1990.0,2.3602,3.6,20.95,43580.0,1.0,18.76,39030.0,28220.0,35230.0,49350.0,61030.0,BLS OEWS May 2025 special education aggregation
Metropolitan Area,3500006,Northern New Mexico nonmetropolitan area,High school diploma or equivalent,29410.0,34.8721,0.8,23.22,48290.0,0.5,20.7,43050.0,27190.0,32620.0,58430.0,76650.0,BLS OEWS May 2025 special education aggregation
Metropolitan Area,3500006,Northern New Mexico nonmetropolitan area,No formal educational credential,18180.0,21.5523,1.2,17.1,35570.0,0.6,15.85,32970.0,26970.0,28450.0,37730.0,47930.0,BLS OEWS May 2025 special education aggregation
Metropolitan Area,3500007,Eastern New Mexico nonmetropolitan area,Doctoral or professional degree,2600.0,1.5593,1.6,70.5,146640.0,2.7,53.82,111950.0,51030.0,75050.0,167280.0,316270.0,BLS OEWS May 2025 special education aggregation
Metropolitan Area,3500007,Eastern New Mexico nonmetropolitan area,Master's degree,3030.0,1.8201,4.7,46.58,96890.0,1.1,45.04,93680.0,53990.0,68840.0,121760.0,143470.0,BLS OEWS May 2025 special education aggregation
Metropolitan Area,3500007,Eastern New Mexico nonmetropolitan area,Bachelor's degree,27740.0,16.652099999999997,1.2,43.67,90830.0,0.8,38.02,79080.0,44990.0,61970.0,104330.0,143530.0,BLS OEWS May 2025 special education aggregation
Metropolitan Area,3500007,Eastern New Mexico nonmetropolitan area,Associate's degree,3100.0,1.8607,2.7,31.77,66080.0,1.3,30.0,62400.0,37700.0,46330.0,81260.0,98300.0,BLS OEWS May 2025 special education aggregation
Metropolitan Area,3500007,Eastern New Mexico nonmetropolitan area,Postsecondary nondegree award,11740.0,7.0503,3.7,24.77,51520.0,1.0,22.75,47320.0,35070.0,38490.0,59100.0,75280.0,BLS OEWS May 2025 special education aggregation
Metropolitan Area,3500007,Eastern New Mexico nonmetropolitan area,"Some college, no degree",4630.0,2.7783,3.7,20.21,42040.0,1.4,19.38,40320.0,26720.0,29490.0,47400.0,59980.0,BLS OEWS May 2025 special education aggregation
Metropolitan Area,3500007,Eastern New Mexico nonmetropolitan area,High school diploma or equivalent,64340.0,38.6306,1.1,24.79,51570.0,0.6,22.2,46180.0,28100.0,35080.0,61200.0,82150.0,BLS OEWS May 2025 special education aggregation
Metropolitan Area,3500007,Eastern New Mexico nonmetropolitan area,No formal educational credential,49380.0,29.648500000000002,1.1,17.92,37280.0,1.0,16.27,33840.0,26730.0,28570.0,38920.0,53580.0,BLS OEWS May 2025 special education aggregation
Metropolitan Area,3600001,Capital/Northern New York nonmetropolitan area,Doctoral or professional degree,3490.0,2.5059,1.4,70.25,146130.0,1.3,49.79,103570.0,54120.0,76950.0,164560.0,306120.0,BLS OEWS May 2025 special education aggregation
Metropolitan Area,3600001,Capital/Northern New York nonmetropolitan area,Master's degree,4350.0,3.1233,1.8,42.57,88540.0,1.2,36.88,76720.0,45140.0,58230.0,109280.0,144470.0,BLS OEWS May 2025 special education aggregation
Metropolitan Area,3600001,Capital/Northern New York nonmetropolitan area,Bachelor's degree,25930.0,18.6069,1.0,42.5,88400.0,0.7,38.46,80000.0,49000.0,61150.0,101330.0,130000.0,BLS OEWS May 2025 special education aggregation
Metropolitan Area,3600001,Capital/Northern New York nonmetropolitan area,Associate's degree,2270.0,1.6309999999999998,1.8,34.25,71230.0,0.7,31.6,65730.0,41040.0,50070.0,86320.0,104820.0,BLS OEWS May 2025 special education aggregation
Metropolitan Area,3600001,Capital/Northern New York nonmetropolitan area,Postsecondary nondegree award,8420.0,6.0439,1.3,26.24,54570.0,0.5,24.38,50710.0,37800.0,43840.0,62010.0,75010.0,BLS OEWS May 2025 special education aggregation
Metropolitan Area,3600001,Capital/Northern New York nonmetropolitan area,"Some college, no degree",5360.0,3.8486,3.0,22.49,46790.0,1.1,21.04,43770.0,32240.0,35570.0,52800.0,64330.0,BLS OEWS May 2025 special education aggregation
Metropolitan Area,3600001,Capital/Northern New York nonmetropolitan area,High school diploma or equivalent,54540.0,39.1416,0.5,26.52,55170.0,0.2,23.45,48780.0,35790.0,39530.0,63030.0,80280.0,BLS OEWS May 2025 special education aggregation
Metropolitan Area,3600001,Capital/Northern New York nonmetropolitan area,No formal educational credential,34970.0,25.098599999999998,0.6,20.16,41930.0,0.4,17.61,36640.0,32240.0,34050.0,46290.0,58540.0,BLS OEWS May 2025 special education aggregation
Metropolitan Area,3600004,Southwest New York nonmetropolitan area,Doctoral or professional degree,4040.0,2.2801,1.5,59.68,124130.0,1.5,42.78,88990.0,50320.0,61810.0,142600.0,258060.0,BLS OEWS May 2025 special education aggregation
Metropolitan Area,3600004,Southwest New York nonmetropolitan area,Master's degree,4730.0,2.6666,2.4,38.89,80880.0,1.1,33.94,70600.0,44700.0,54290.0,98780.0,131830.0,BLS OEWS May 2025 special education aggregation
Metropolitan Area,3600004,Southwest New York nonmetropolitan area,Bachelor's degree,33590.0,18.9396,1.3,43.59,90660.0,0.7,37.64,78290.0,46610.0,60000.0,102080.0,147770.0,BLS OEWS May 2025 special education aggregation
Metropolitan Area,3600004,Southwest New York nonmetropolitan area,Associate's degree,3420.0,1.9278,2.1,31.18,64850.0,0.8,29.54,61430.0,39480.0,48430.0,77480.0,94800.0,BLS OEWS May 2025 special education aggregation
Metropolitan Area,3600004,Southwest New York nonmetropolitan area,Postsecondary nondegree award,9870.0,5.5641,1.3,26.46,55040.0,0.5,24.21,50360.0,37600.0,43080.0,62590.0,76850.0,BLS OEWS May 2025 special education aggregation
Metropolitan Area,3600004,Southwest New York nonmetropolitan area,"Some college, no degree",6460.0,3.6402,3.4,21.22,44150.0,1.0,17.99,37410.0,32240.0,34110.0,49360.0,61520.0,BLS OEWS May 2025 special education aggregation
Metropolitan Area,3600004,Southwest New York nonmetropolitan area,High school diploma or equivalent,70170.0,39.568599999999996,0.6,25.91,53900.0,0.3,23.11,48070.0,34730.0,38490.0,61990.0,78740.0,BLS OEWS May 2025 special education aggregation
Metropolitan Area,3600004,Southwest New York nonmetropolitan area,No formal educational credential,45070.0,25.413,0.8,19.57,40710.0,0.4,17.31,36000.0,32240.0,33530.0,43880.0,56350.0,BLS OEWS May 2025 special education aggregation
Metropolitan Area,3600006,Central East New York nonmetropolitan area,Doctoral or professional degree,3470.0,2.1780999999999997,2.0,65.21,135630.0,1.9,44.26,92050.0,49490.0,65160.0,150590.0,299220.0,BLS OEWS May 2025 special education aggregation
Metropolitan Area,3600006,Central East New York nonmetropolitan area,Master's degree,4120.0,2.5909,2.6,41.62,86570.0,1.1,36.66,76250.0,46010.0,57900.0,106880.0,135610.0,BLS OEWS May 2025 special education aggregation
Metropolitan Area,3600006,Central East New York nonmetropolitan area,Bachelor's degree,29560.0,18.572,0.9,43.56,90590.0,0.8,37.86,78740.0,44900.0,60930.0,105010.0,140670.0,BLS OEWS May 2025 special education aggregation
Metropolitan Area,3600006,Central East New York nonmetropolitan area,Associate's degree,2470.0,1.5537,2.4,32.91,68450.0,0.8,30.32,63070.0,41390.0,48250.0,83530.0,101740.0,BLS OEWS May 2025 special education aggregation
Metropolitan Area,3600006,Central East New York nonmetropolitan area,Postsecondary nondegree award,9070.0,5.6998,1.6,26.43,54960.0,0.6,24.32,50580.0,38150.0,44040.0,62590.0,75360.0,BLS OEWS May 2025 special education aggregation
Metropolitan Area,3600006,Central East New York nonmetropolitan area,"Some college, no degree",6450.0,4.0549,2.9,21.22,44130.0,1.0,18.49,38460.0,32240.0,34260.0,48470.0,61400.0,BLS OEWS May 2025 special education aggregation
Metropolitan Area,3600006,Central East New York nonmetropolitan area,High school diploma or equivalent,65960.0,41.4423,0.5,26.09,54260.0,0.3,22.97,47790.0,35080.0,38540.0,62340.0,79750.0,BLS OEWS May 2025 special education aggregation
Metropolitan Area,3600006,Central East New York nonmetropolitan area,No formal educational credential,38050.0,23.9084,0.7,19.93,41460.0,0.5,17.6,36610.0,32240.0,33800.0,44800.0,57000.0,BLS OEWS May 2025 special education aggregation
Metropolitan Area,3700001,Eastern North Carolina nonmetropolitan area,Doctoral or professional degree,4230.0,1.6013000000000002,2.5,60.74,126340.0,2.0,47.54,98880.0,58280.0,66920.0,156340.0,220480.0,BLS OEWS May 2025 special education aggregation
Metropolitan Area,3700001,Eastern North Carolina nonmetropolitan area,Master's degree,5230.0,1.9757000000000002,2.9,36.95,76860.0,1.5,32.25,67080.0,39210.0,50780.0,96710.0,123390.0,BLS OEWS May 2025 special education aggregation
Metropolitan Area,3700001,Eastern North Carolina nonmetropolitan area,Bachelor's degree,46240.0,17.4846,1.1,39.71,82590.0,0.7,34.54,71850.0,41140.0,50940.0,99420.0,135210.0,BLS OEWS May 2025 special education aggregation
Metropolitan Area,3700001,Eastern North Carolina nonmetropolitan area,Associate's degree,5170.0,1.9530999999999998,4.1,29.57,61500.0,1.5,28.24,58740.0,33560.0,41190.0,78770.0,94750.0,BLS OEWS May 2025 special education aggregation
Metropolitan Area,3700001,Eastern North Carolina nonmetropolitan area,Postsecondary nondegree award,21860.0,8.2645,1.5,24.09,50110.0,0.6,21.59,44920.0,31870.0,37140.0,59830.0,75780.0,BLS OEWS May 2025 special education aggregation
Metropolitan Area,3700001,Eastern North Carolina nonmetropolitan area,"Some college, no degree",6050.0,2.2862999999999998,3.9,20.71,43090.0,2.2,18.85,39200.0,27080.0,31190.0,50830.0,63960.0,BLS OEWS May 2025 special education aggregation
Metropolitan Area,3700001,Eastern North Carolina nonmetropolitan area,High school diploma or equivalent,95770.0,36.214299999999994,0.6,23.51,48890.0,0.4,21.41,44540.0,29010.0,35810.0,58200.0,74790.0,BLS OEWS May 2025 special education aggregation
Metropolitan Area,3700001,Eastern North Carolina nonmetropolitan area,No formal educational credential,79920.0,30.220299999999998,0.7,16.1,33490.0,0.9,14.79,30770.0,21810.0,26610.0,37790.0,45470.0,BLS OEWS May 2025 special education aggregation
Metropolitan Area,3700002,Central North Carolina nonmetropolitan area,Doctoral or professional degree,4530.0,1.9035,1.3,58.71,122130.0,3.0,43.47,90410.0,51140.0,63610.0,141290.0,246690.0,BLS OEWS May 2025 special education aggregation
Metropolitan Area,3700002,Central North Carolina nonmetropolitan area,Master's degree,5590.0,2.3502,2.8,36.31,75520.0,1.5,30.0,62390.0,38460.0,49160.0,94990.0,123890.0,BLS OEWS May 2025 special education aggregation
Metropolitan Area,3700002,Central North Carolina nonmetropolitan area,Bachelor's degree,42350.0,17.791900000000002,0.7,36.32,75540.0,0.9,29.3,60940.0,36340.0,46970.0,91700.0,128520.0,BLS OEWS May 2025 special education aggregation
Metropolitan Area,3700002,Central North Carolina nonmetropolitan area,Associate's degree,4400.0,1.8473,4.1,28.32,58900.0,1.9,27.12,56400.0,29330.0,38410.0,75350.0,93160.0,BLS OEWS May 2025 special education aggregation
Metropolitan Area,3700002,Central North Carolina nonmetropolitan area,Postsecondary nondegree award,17820.0,7.4857,1.4,22.19,46150.0,0.6,20.88,43440.0,30580.0,36410.0,54180.0,63520.0,BLS OEWS May 2025 special education aggregation
Metropolitan Area,3700002,Central North Carolina nonmetropolitan area,"Some college, no degree",6680.0,2.8065,2.4,18.5,38490.0,1.5,17.34,36070.0,25960.0,27840.0,45640.0,57380.0,BLS OEWS May 2025 special education aggregation
Metropolitan Area,3700002,Central North Carolina nonmetropolitan area,High school diploma or equivalent,87230.0,36.6499,0.6,22.82,47460.0,0.3,21.06,43810.0,28700.0,35200.0,55430.0,72260.0,BLS OEWS May 2025 special education aggregation
Metropolitan Area,3700002,Central North Carolina nonmetropolitan area,No formal educational credential,69420.0,29.165,0.6,16.35,34020.0,0.4,15.81,32890.0,22070.0,26790.0,39930.0,46540.0,BLS OEWS May 2025 special education aggregation
Metropolitan Area,3700003,Western North Carolina nonmetropolitan area,Doctoral or professional degree,6390.0,2.5244,1.6,60.95,126770.0,3.3,41.26,85820.0,53190.0,67320.0,138190.0,265620.0,BLS OEWS May 2025 special education aggregation
Metropolitan Area,3700003,Western North Carolina nonmetropolitan area,Master's degree,5920.0,2.3378,2.6,38.52,80130.0,1.9,33.09,68830.0,43710.0,53440.0,99250.0,127030.0,BLS OEWS May 2025 special education aggregation
Metropolitan Area,3700003,Western North Carolina nonmetropolitan area,Bachelor's degree,42790.0,16.900100000000002,1.5,38.49,80060.0,0.7,32.34,67260.0,40930.0,50440.0,96080.0,130330.0,BLS OEWS May 2025 special education aggregation
Metropolitan Area,3700003,Western North Carolina nonmetropolitan area,Associate's degree,,,,28.89,60100.0,0.9,28.29,58850.0,33150.0,42710.0,76330.0,88940.0,BLS OEWS May 2025 special education aggregation
Metropolitan Area,3700003,Western North Carolina nonmetropolitan area,Postsecondary nondegree award,18260.0,7.2129,1.2,22.72,47260.0,0.5,21.29,44280.0,31250.0,36920.0,53910.0,65500.0,BLS OEWS May 2025 special education aggregation
Metropolitan Area,3700003,Western North Carolina nonmetropolitan area,"Some college, no degree",,,,20.07,41750.0,1.4,18.05,37540.0,27140.0,29100.0,50420.0,62820.0,BLS OEWS May 2025 special education aggregation
Metropolitan Area,3700003,Western North Carolina nonmetropolitan area,High school diploma or equivalent,92540.0,36.5461,0.7,23.26,48380.0,0.3,21.24,44190.0,29270.0,36000.0,56410.0,73910.0,BLS OEWS May 2025 special education aggregation
Metropolitan Area,3700003,Western North Carolina nonmetropolitan area,No formal educational credential,75780.0,29.9296,0.6,16.26,33810.0,0.5,15.38,31990.0,22120.0,27440.0,37900.0,46410.0,BLS OEWS May 2025 special education aggregation
Metropolitan Area,3800006,West North Dakota nonmetropolitan area,Doctoral or professional degree,880.0,1.0055,3.3,68.23,141910.0,3.8,50.77,105610.0,50850.0,72280.0,157430.0,269700.0,BLS OEWS May 2025 special education aggregation
Metropolitan Area,3800006,West North Dakota nonmetropolitan area,Master's degree,1390.0,1.587,4.1,41.98,87320.0,2.0,37.16,77290.0,50470.0,61470.0,103590.0,134170.0,BLS OEWS May 2025 special education aggregation
Metropolitan Area,3800006,West North Dakota nonmetropolitan area,Bachelor's degree,14480.0,16.5827,2.4,45.02,93630.0,1.1,37.93,78890.0,49260.0,60600.0,110460.0,155520.0,BLS OEWS May 2025 special education aggregation
Metropolitan Area,3800006,West North Dakota nonmetropolitan area,Associate's degree,1160.0,1.326,4.4,33.18,69010.0,1.4,30.52,63490.0,39300.0,51070.0,82560.0,99460.0,BLS OEWS May 2025 special education aggregation
Metropolitan Area,3800006,West North Dakota nonmetropolitan area,Postsecondary nondegree award,7840.0,8.9745,6.1,30.75,63960.0,1.8,29.29,60910.0,38660.0,49140.0,73850.0,92720.0,BLS OEWS May 2025 special education aggregation
Metropolitan Area,3800006,West North Dakota nonmetropolitan area,"Some college, no degree",2040.0,2.3395,3.4,21.84,45430.0,1.9,19.24,40010.0,31330.0,37350.0,50340.0,63050.0,BLS OEWS May 2025 special education aggregation
Metropolitan Area,3800006,West North Dakota nonmetropolitan area,High school diploma or equivalent,35260.0,40.3782,1.2,32.84,68300.0,1.1,29.34,61020.0,37210.0,46860.0,81180.0,110300.0,BLS OEWS May 2025 special education aggregation
Metropolitan Area,3800006,West North Dakota nonmetropolitan area,No formal educational credential,24290.0,27.8065,2.1,22.11,45980.0,1.4,19.52,40590.0,28660.0,33410.0,57700.0,71700.0,BLS OEWS May 2025 special education aggregation
Metropolitan Area,3800007,East North Dakota nonmetropolitan area,Doctoral or professional degree,1290.0,2.0393,2.2,56.33,117160.0,3.2,44.03,91580.0,51250.0,65320.0,132320.0,188880.0,BLS OEWS May 2025 special education aggregation
Metropolitan Area,3800007,East North Dakota nonmetropolitan area,Master's degree,1640.0,2.5859,6.5,40.8,84860.0,2.4,37.26,77500.0,50020.0,61210.0,103060.0,129050.0,BLS OEWS May 2025 special education aggregation
Metropolitan Area,3800007,East North Dakota nonmetropolitan area,Bachelor's degree,12790.0,20.1458,1.7,40.63,84510.0,0.7,35.78,74420.0,48400.0,58790.0,99110.0,130950.0,BLS OEWS May 2025 special education aggregation
Metropolitan Area,3800007,East North Dakota nonmetropolitan area,Associate's degree,950.0,1.5012,4.5,32.5,67610.0,1.8,32.76,68140.0,39070.0,51340.0,82430.0,96070.0,BLS OEWS May 2025 special education aggregation
Metropolitan Area,3800007,East North Dakota nonmetropolitan area,Postsecondary nondegree award,5220.0,8.2253,3.1,26.81,55770.0,1.0,25.0,52000.0,37610.0,46590.0,62000.0,78150.0,BLS OEWS May 2025 special education aggregation
Metropolitan Area,3800007,East North Dakota nonmetropolitan area,"Some college, no degree",1790.0,2.8249,4.2,21.17,44040.0,1.4,18.54,38560.0,31330.0,36650.0,50450.0,59950.0,BLS OEWS May 2025 special education aggregation
Metropolitan Area,3800007,East North Dakota nonmetropolitan area,High school diploma or equivalent,23770.0,37.456,1.2,26.7,55540.0,0.6,24.03,49980.0,35020.0,41270.0,65880.0,79890.0,BLS OEWS May 2025 special education aggregation
Metropolitan Area,3800007,East North Dakota nonmetropolitan area,No formal educational credential,16010.0,25.221899999999998,1.5,18.82,39150.0,0.6,17.47,36340.0,25680.0,30200.0,45760.0,57090.0,BLS OEWS May 2025 special education aggregation
Metropolitan Area,3900001,West Northwestern Ohio nonmetropolitan area,Doctoral or professional degree,2910.0,1.1664999999999999,3.8,76.81,159770.0,4.6,51.8,107740.0,57500.0,77550.0,179190.0,360260.0,BLS OEWS May 2025 special education aggregation
Metropolitan Area,3900001,West Northwestern Ohio nonmetropolitan area,Master's degree,3950.0,1.5802,2.8,40.06,83310.0,1.5,37.17,77320.0,39820.0,55190.0,99550.0,124960.0,BLS OEWS May 2025 special education aggregation
Metropolitan Area,3900001,West Northwestern Ohio nonmetropolitan area,Bachelor's degree,46860.0,18.7637,0.9,42.5,88390.0,0.7,37.97,78970.0,45560.0,60390.0,101900.0,135790.0,BLS OEWS May 2025 special education aggregation
Metropolitan Area,3900001,West Northwestern Ohio nonmetropolitan area,Associate's degree,5110.0,2.048,1.9,30.43,63300.0,0.7,30.52,63470.0,34390.0,47160.0,78550.0,90060.0,BLS OEWS May 2025 special education aggregation
Metropolitan Area,3900001,West Northwestern Ohio nonmetropolitan area,Postsecondary nondegree award,17880.0,7.1578,1.8,25.6,53250.0,0.9,23.42,48720.0,34990.0,38600.0,62090.0,76450.0,BLS OEWS May 2025 special education aggregation
Metropolitan Area,3900001,West Northwestern Ohio nonmetropolitan area,"Some college, no degree",5290.0,2.1174,3.2,20.51,42660.0,1.0,18.41,38280.0,27380.0,30740.0,50050.0,62150.0,BLS OEWS May 2025 special education aggregation
Metropolitan Area,3900001,West Northwestern Ohio nonmetropolitan area,High school diploma or equivalent,106530.0,42.654199999999996,0.4,25.22,52460.0,0.4,23.13,48110.0,33200.0,38650.0,61300.0,75620.0,BLS OEWS May 2025 special education aggregation
Metropolitan Area,3900001,West Northwestern Ohio nonmetropolitan area,No formal educational credential,61220.0,24.5124,0.6,17.53,36470.0,0.4,16.6,34520.0,23590.0,28030.0,42390.0,49240.0,BLS OEWS May 2025 special education aggregation
Metropolitan Area,3900002,North Northeastern Ohio nonmetropolitan area (noncontiguous),Doctoral or professional degree,4050.0,1.6401,2.3,68.77,143040.0,2.6,48.51,100900.0,56130.0,75640.0,157160.0,309390.0,BLS OEWS May 2025 special education aggregation
Metropolitan Area,3900002,North Northeastern Ohio nonmetropolitan area (noncontiguous),Master's degree,4780.0,1.9344999999999999,2.8,39.41,81970.0,1.4,37.24,77470.0,40110.0,50580.0,100780.0,124240.0,BLS OEWS May 2025 special education aggregation
Metropolitan Area,3900002,North Northeastern Ohio nonmetropolitan area (noncontiguous),Bachelor's degree,45380.0,18.3654,0.8,41.25,85790.0,0.4,37.71,78430.0,45580.0,59920.0,98500.0,131880.0,BLS OEWS May 2025 special education aggregation
Metropolitan Area,3900002,North Northeastern Ohio nonmetropolitan area (noncontiguous),Associate's degree,5100.0,2.0619,2.2,29.49,61340.0,0.9,29.12,60580.0,34060.0,47050.0,76480.0,85180.0,BLS OEWS May 2025 special education aggregation
Metropolitan Area,3900002,North Northeastern Ohio nonmetropolitan area (noncontiguous),Postsecondary nondegree award,19230.0,7.7812,1.5,25.12,52240.0,0.5,23.2,48250.0,35300.0,38490.0,61580.0,74150.0,BLS OEWS May 2025 special education aggregation
Metropolitan Area,3900002,North Northeastern Ohio nonmetropolitan area (noncontiguous),"Some college, no degree",5350.0,2.1658,3.7,20.73,43110.0,1.3,18.52,38520.0,28150.0,31530.0,49980.0,62320.0,BLS OEWS May 2025 special education aggregation
Metropolitan Area,3900002,North Northeastern Ohio nonmetropolitan area (noncontiguous),High school diploma or equivalent,100410.0,40.634699999999995,0.5,24.21,50370.0,0.4,22.3,46390.0,30990.0,37000.0,59100.0,75070.0,BLS OEWS May 2025 special education aggregation
Metropolitan Area,3900002,North Northeastern Ohio nonmetropolitan area (noncontiguous),No formal educational credential,62810.0,25.4165,0.7,17.38,36150.0,0.4,16.0,33280.0,23390.0,27930.0,41330.0,50960.0,BLS OEWS May 2025 special education aggregation
Metropolitan Area,3900003,Eastern Ohio nonmetropolitan area,Doctoral or professional degree,2570.0,1.8847999999999998,3.0,96.56,200840.0,5.0,59.61,123980.0,61910.0,78260.0,265350.0,559450.0,BLS OEWS May 2025 special education aggregation
Metropolitan Area,3900003,Eastern Ohio nonmetropolitan area,Master's degree,3230.0,2.3658,3.3,43.35,90170.0,3.6,36.76,76460.0,43510.0,52550.0,107990.0,136890.0,BLS OEWS May 2025 special education aggregation
Metropolitan Area,3900003,Eastern Ohio nonmetropolitan area,Bachelor's degree,25590.0,18.7466,1.0,41.45,86220.0,0.5,37.26,77500.0,45100.0,59500.0,98550.0,132600.0,BLS OEWS May 2025 special education aggregation
Metropolitan Area,3900003,Eastern Ohio nonmetropolitan area,Associate's degree,2870.0,2.1041,1.9,30.23,62880.0,0.9,29.93,62260.0,34820.0,45490.0,77990.0,92340.0,BLS OEWS May 2025 special education aggregation
Metropolitan Area,3900003,Eastern Ohio nonmetropolitan area,Postsecondary nondegree award,11370.0,8.3323,1.6,24.62,51220.0,0.7,23.04,47930.0,35250.0,37670.0,60640.0,74120.0,BLS OEWS May 2025 special education aggregation
Metropolitan Area,3900003,Eastern Ohio nonmetropolitan area,"Some college, no degree",3300.0,2.42,2.9,22.32,46430.0,1.1,19.21,39960.0,27740.0,34510.0,54540.0,70010.0,BLS OEWS May 2025 special education aggregation
Metropolitan Area,3900003,Eastern Ohio nonmetropolitan area,High school diploma or equivalent,50640.0,37.0947,0.7,24.65,51270.0,0.4,22.39,46580.0,29640.0,36710.0,60070.0,77730.0,BLS OEWS May 2025 special education aggregation
Metropolitan Area,3900003,Eastern Ohio nonmetropolitan area,No formal educational credential,36930.0,27.0519,0.7,17.39,36170.0,0.4,16.15,33600.0,23100.0,27730.0,41020.0,51340.0,BLS OEWS May 2025 special education aggregation
Metropolitan Area,3900004,Southern Ohio nonmetropolitan area,Doctoral or professional degree,4350.0,2.6646,1.6,68.12,141680.0,2.7,49.91,103810.0,52660.0,71180.0,157160.0,311800.0,BLS OEWS May 2025 special education aggregation
Metropolitan Area,3900004,Southern Ohio nonmetropolitan area,Master's degree,5410.0,3.3146999999999998,2.0,39.67,82500.0,1.3,35.79,74450.0,39510.0,51230.0,101340.0,130260.0,BLS OEWS May 2025 special education aggregation
Metropolitan Area,3900004,Southern Ohio nonmetropolitan area,Bachelor's degree,32840.0,20.1184,0.7,41.39,86090.0,0.6,37.52,78050.0,45180.0,59740.0,99370.0,134000.0,BLS OEWS May 2025 special education aggregation
Metropolitan Area,3900004,Southern Ohio nonmetropolitan area,Associate's degree,3460.0,2.1204,1.8,32.26,67090.0,0.6,32.21,66990.0,36830.0,50870.0,80790.0,94040.0,BLS OEWS May 2025 special education aggregation
Metropolitan Area,3900004,Southern Ohio nonmetropolitan area,Postsecondary nondegree award,13970.0,8.5588,1.3,24.86,51710.0,0.8,22.63,47060.0,32130.0,37430.0,61050.0,73990.0,BLS OEWS May 2025 special education aggregation
Metropolitan Area,3900004,Southern Ohio nonmetropolitan area,"Some college, no degree",4270.0,2.6135,3.5,20.85,43370.0,1.0,18.63,38750.0,27460.0,34380.0,50320.0,67570.0,BLS OEWS May 2025 special education aggregation
Metropolitan Area,3900004,Southern Ohio nonmetropolitan area,High school diploma or equivalent,56850.0,34.8331,0.6,24.25,50440.0,0.4,21.97,45690.0,29670.0,36180.0,60370.0,79000.0,BLS OEWS May 2025 special education aggregation
Metropolitan Area,3900004,Southern Ohio nonmetropolitan area,No formal educational credential,42070.0,25.7765,0.7,17.08,35520.0,0.4,15.25,31720.0,23110.0,27480.0,39120.0,49460.0,BLS OEWS May 2025 special education aggregation
Metropolitan Area,4000001,Northeast Oklahoma nonmetropolitan area,Doctoral or professional degree,1920.0,1.6275,2.5,67.45,140290.0,1.5,54.37,113100.0,51810.0,66080.0,164160.0,346840.0,BLS OEWS May 2025 special education aggregation
Metropolitan Area,4000001,Northeast Oklahoma nonmetropolitan area,Master's degree,3070.0,2.6081,2.2,34.92,72640.0,1.2,29.82,62020.0,35810.0,44930.0,92550.0,123600.0,BLS OEWS May 2025 special education aggregation
Metropolitan Area,4000001,Northeast Oklahoma nonmetropolitan area,Bachelor's degree,22890.0,19.429499999999997,1.1,38.73,80550.0,0.5,32.31,67200.0,39720.0,48130.0,100200.0,135420.0,BLS OEWS May 2025 special education aggregation
Metropolitan Area,4000001,Northeast Oklahoma nonmetropolitan area,Associate's degree,2340.0,1.9863,3.7,28.14,58540.0,1.8,27.61,57430.0,27130.0,37910.0,77440.0,94420.0,BLS OEWS May 2025 special education aggregation
Metropolitan Area,4000001,Northeast Oklahoma nonmetropolitan area,Postsecondary nondegree award,9530.0,8.0911,1.8,22.92,47680.0,0.9,21.64,45010.0,30350.0,35200.0,58900.0,69980.0,BLS OEWS May 2025 special education aggregation
Metropolitan Area,4000001,Northeast Oklahoma nonmetropolitan area,"Some college, no degree",3170.0,2.6942,2.0,18.65,38800.0,0.9,16.8,34950.0,18320.0,24040.0,46790.0,61820.0,BLS OEWS May 2025 special education aggregation
Metropolitan Area,4000001,Northeast Oklahoma nonmetropolitan area,High school diploma or equivalent,45650.0,38.7577,1.0,22.35,46490.0,0.4,19.24,40010.0,26380.0,31200.0,55660.0,74610.0,BLS OEWS May 2025 special education aggregation
Metropolitan Area,4000001,Northeast Oklahoma nonmetropolitan area,No formal educational credential,29220.0,24.805699999999998,0.9,14.71,30600.0,0.5,13.68,28460.0,20580.0,22940.0,35120.0,43680.0,BLS OEWS May 2025 special education aggregation
Metropolitan Area,4000002,Northwest Oklahoma nonmetropolitan area,Doctoral or professional degree,3450.0,3.5357,0.8,52.3,108790.0,0.7,40.05,83310.0,40150.0,60180.0,124810.0,203580.0,BLS OEWS May 2025 special education aggregation
Metropolitan Area,4000002,Northwest Oklahoma nonmetropolitan area,Master's degree,2790.0,2.8609,2.8,36.42,75760.0,1.8,29.32,60980.0,33920.0,43670.0,86960.0,134310.0,BLS OEWS May 2025 special education aggregation
Metropolitan Area,4000002,Northwest Oklahoma nonmetropolitan area,Bachelor's degree,17370.0,17.7847,0.8,37.86,78740.0,0.6,30.94,64350.0,39560.0,47700.0,94960.0,133810.0,BLS OEWS May 2025 special education aggregation
Metropolitan Area,4000002,Northwest Oklahoma nonmetropolitan area,Associate's degree,1970.0,2.0207,2.7,27.34,56860.0,1.0,25.33,52690.0,27130.0,39670.0,72980.0,90990.0,BLS OEWS May 2025 special education aggregation
Metropolitan Area,4000002,Northwest Oklahoma nonmetropolitan area,Postsecondary nondegree award,6540.0,6.6949,2.3,23.16,48160.0,0.7,22.11,45990.0,29720.0,35580.0,57130.0,71310.0,BLS OEWS May 2025 special education aggregation
Metropolitan Area,4000002,Northwest Oklahoma nonmetropolitan area,"Some college, no degree",2660.0,2.7225,2.1,17.93,37300.0,0.8,15.88,33040.0,18400.0,25720.0,45870.0,58790.0,BLS OEWS May 2025 special education aggregation
Metropolitan Area,4000002,Northwest Oklahoma nonmetropolitan area,High school diploma or equivalent,35540.0,36.386,0.7,23.12,48100.0,0.4,20.92,43520.0,27100.0,33680.0,56450.0,77350.0,BLS OEWS May 2025 special education aggregation
Metropolitan Area,4000002,Northwest Oklahoma nonmetropolitan area,No formal educational credential,27340.0,27.994600000000002,0.8,15.66,32580.0,0.5,14.05,29230.0,20590.0,23360.0,37760.0,46180.0,BLS OEWS May 2025 special education aggregation
Metropolitan Area,4000003,Southwest Oklahoma nonmetropolitan area,Doctoral or professional degree,920.0,1.4849,2.8,57.32,119220.0,4.6,41.12,85530.0,40250.0,61340.0,127490.0,209990.0,BLS OEWS May 2025 special education aggregation
Metropolitan Area,4000003,Southwest Oklahoma nonmetropolitan area,Master's degree,1290.0,2.0808,4.4,35.65,74150.0,1.4,30.0,62400.0,33070.0,46450.0,95770.0,126930.0,BLS OEWS May 2025 special education aggregation
Metropolitan Area,4000003,Southwest Oklahoma nonmetropolitan area,Bachelor's degree,11380.0,18.3286,1.2,37.35,77680.0,1.1,30.3,63020.0,38890.0,46790.0,95190.0,133580.0,BLS OEWS May 2025 special education aggregation
Metropolitan Area,4000003,Southwest Oklahoma nonmetropolitan area,Associate's degree,1260.0,2.0244,4.3,29.52,61400.0,1.6,28.16,58560.0,29750.0,42070.0,77060.0,97650.0,BLS OEWS May 2025 special education aggregation
Metropolitan Area,4000003,Southwest Oklahoma nonmetropolitan area,Postsecondary nondegree award,5610.0,9.043000000000001,1.9,23.1,48040.0,0.8,21.46,44630.0,28210.0,34030.0,59050.0,77050.0,BLS OEWS May 2025 special education aggregation
Metropolitan Area,4000003,Southwest Oklahoma nonmetropolitan area,"Some college, no degree",1670.0,2.6831,3.4,17.18,35730.0,1.1,14.09,29300.0,18400.0,23750.0,42760.0,57190.0,BLS OEWS May 2025 special education aggregation
Metropolitan Area,4000003,Southwest Oklahoma nonmetropolitan area,High school diploma or equivalent,23270.0,37.4795,0.9,23.42,48710.0,0.8,20.38,42380.0,26630.0,32130.0,58120.0,79370.0,BLS OEWS May 2025 special education aggregation
Metropolitan Area,4000003,Southwest Oklahoma nonmetropolitan area,No formal educational credential,16690.0,26.8756,0.9,15.42,32070.0,0.6,13.82,28740.0,19980.0,22840.0,36730.0,47320.0,BLS OEWS May 2025 special education aggregation
Metropolitan Area,4000004,Southeast Oklahoma nonmetropolitan area,Doctoral or professional degree,2430.0,1.3028,3.7,58.12,120890.0,3.8,45.78,95220.0,37610.0,60390.0,139050.0,257490.0,BLS OEWS May 2025 special education aggregation
Metropolitan Area,4000004,Southeast Oklahoma nonmetropolitan area,Master's degree,4200.0,2.2510000000000003,3.4,34.15,71020.0,1.3,29.73,61830.0,36040.0,46450.0,85500.0,124070.0,BLS OEWS May 2025 special education aggregation
Metropolitan Area,4000004,Southeast Oklahoma nonmetropolitan area,Bachelor's degree,31310.0,16.793100000000003,1.0,35.61,74060.0,0.6,29.12,60560.0,38410.0,47060.0,84850.0,124410.0,BLS OEWS May 2025 special education aggregation
Metropolitan Area,4000004,Southeast Oklahoma nonmetropolitan area,Associate's degree,3320.0,1.7779,3.8,27.35,56890.0,2.1,25.46,52950.0,27250.0,37840.0,73720.0,93920.0,BLS OEWS May 2025 special education aggregation
Metropolitan Area,4000004,Southeast Oklahoma nonmetropolitan area,Postsecondary nondegree award,14380.0,7.7132000000000005,1.4,23.59,49070.0,0.5,21.96,45670.0,30520.0,35800.0,58300.0,74250.0,BLS OEWS May 2025 special education aggregation
Metropolitan Area,4000004,Southeast Oklahoma nonmetropolitan area,"Some college, no degree",4990.0,2.6776,3.1,17.45,36290.0,1.4,16.77,34880.0,17860.0,23490.0,45840.0,57840.0,BLS OEWS May 2025 special education aggregation
Metropolitan Area,4000004,Southeast Oklahoma nonmetropolitan area,High school diploma or equivalent,73160.0,39.2376,0.6,22.09,45950.0,0.5,19.56,40690.0,26000.0,32770.0,52910.0,71690.0,BLS OEWS May 2025 special education aggregation
Metropolitan Area,4000004,Southeast Oklahoma nonmetropolitan area,No formal educational credential,52670.0,28.246699999999997,0.8,15.17,31550.0,0.4,14.21,29550.0,20230.0,23200.0,36090.0,45530.0,BLS OEWS May 2025 special education aggregation
Metropolitan Area,4100006,Coast Oregon nonmetropolitan area,Doctoral or professional degree,1690.0,1.4823,3.5,80.6,167640.0,4.0,60.06,124930.0,57390.0,76030.0,243650.0,348920.0,BLS OEWS May 2025 special education aggregation
Metropolitan Area,4100006,Coast Oregon nonmetropolitan area,Master's degree,2460.0,2.1512000000000002,3.4,44.62,92820.0,1.0,38.47,80020.0,48510.0,61340.0,118080.0,149240.0,BLS OEWS May 2025 special education aggregation
Metropolitan Area,4100006,Coast Oregon nonmetropolitan area,Bachelor's degree,18740.0,16.4095,1.3,44.02,91560.0,0.7,38.61,80320.0,47940.0,60910.0,108830.0,139590.0,BLS OEWS May 2025 special education aggregation
Metropolitan Area,4100006,Coast Oregon nonmetropolitan area,Associate's degree,2000.0,1.7546,2.7,35.45,73740.0,1.3,31.77,66080.0,39800.0,48900.0,100070.0,115480.0,BLS OEWS May 2025 special education aggregation
Metropolitan Area,4100006,Coast Oregon nonmetropolitan area,Postsecondary nondegree award,6760.0,5.917199999999999,2.5,27.89,58000.0,0.7,25.31,52640.0,39510.0,47240.0,63070.0,81320.0,BLS OEWS May 2025 special education aggregation
Metropolitan Area,4100006,Coast Oregon nonmetropolitan area,"Some college, no degree",3520.0,3.0812999999999997,3.2,21.86,45460.0,1.2,21.13,43950.0,30020.0,36620.0,51180.0,62000.0,BLS OEWS May 2025 special education aggregation
Metropolitan Area,4100006,Coast Oregon nonmetropolitan area,High school diploma or equivalent,41320.0,36.1868,0.8,25.86,53790.0,0.4,23.15,48160.0,36110.0,40160.0,60950.0,77960.0,BLS OEWS May 2025 special education aggregation
Metropolitan Area,4100006,Coast Oregon nonmetropolitan area,No formal educational credential,37700.0,33.017,0.8,19.15,39820.0,0.6,17.66,36740.0,30360.0,32970.0,44180.0,51520.0,BLS OEWS May 2025 special education aggregation
Metropolitan Area,4100007,Central Oregon nonmetropolitan area,Doctoral or professional degree,1020.0,2.0305,2.9,77.26,160700.0,5.3,52.12,108410.0,50020.0,65660.0,198320.0,365230.0,BLS OEWS May 2025 special education aggregation
Metropolitan Area,4100007,Central Oregon nonmetropolitan area,Master's degree,1250.0,2.4857,5.5,45.73,95110.0,1.9,40.77,84800.0,49940.0,62590.0,124910.0,151470.0,BLS OEWS May 2025 special education aggregation
Metropolitan Area,4100007,Central Oregon nonmetropolitan area,Bachelor's degree,9450.0,18.831899999999997,1.5,44.79,93160.0,0.7,39.02,81160.0,48290.0,61020.0,111140.0,144850.0,BLS OEWS May 2025 special education aggregation
Metropolitan Area,4100007,Central Oregon nonmetropolitan area,Associate's degree,1530.0,3.0529,3.1,32.66,67930.0,1.2,29.18,60700.0,37840.0,47140.0,85720.0,105190.0,BLS OEWS May 2025 special education aggregation
Metropolitan Area,4100007,Central Oregon nonmetropolitan area,Postsecondary nondegree award,3030.0,6.0466999999999995,2.4,28.29,58830.0,0.8,25.65,53360.0,39660.0,46190.0,64390.0,84280.0,BLS OEWS May 2025 special education aggregation
Metropolitan Area,4100007,Central Oregon nonmetropolitan area,"Some college, no degree",1720.0,3.4206000000000003,4.3,21.56,44850.0,1.2,20.64,42920.0,30540.0,35810.0,49730.0,61750.0,BLS OEWS May 2025 special education aggregation
Metropolitan Area,4100007,Central Oregon nonmetropolitan area,High school diploma or equivalent,17580.0,35.043099999999995,0.8,26.28,54660.0,0.6,23.21,48270.0,35520.0,39960.0,61410.0,79820.0,BLS OEWS May 2025 special education aggregation
Metropolitan Area,4100007,Central Oregon nonmetropolitan area,No formal educational credential,14590.0,29.088600000000003,0.8,18.91,39330.0,0.4,17.57,36540.0,30100.0,31610.0,43550.0,52000.0,BLS OEWS May 2025 special education aggregation
Metropolitan Area,4100008,Eastern Oregon nonmetropolitan area,Doctoral or professional degree,940.0,1.2718,4.4,80.87,168200.0,3.4,56.71,117960.0,47580.0,79050.0,200910.0,373920.0,BLS OEWS May 2025 special education aggregation
Metropolitan Area,4100008,Eastern Oregon nonmetropolitan area,Master's degree,1880.0,2.554,2.9,45.27,94170.0,1.1,39.43,82010.0,48220.0,60850.0,119950.0,151930.0,BLS OEWS May 2025 special education aggregation
Metropolitan Area,4100008,Eastern Oregon nonmetropolitan area,Bachelor's degree,13010.0,17.6516,1.4,42.86,89140.0,0.8,37.91,78850.0,48500.0,60650.0,104730.0,134280.0,BLS OEWS May 2025 special education aggregation
Metropolitan Area,4100008,Eastern Oregon nonmetropolitan area,Associate's degree,2660.0,3.6108,4.8,31.91,66360.0,1.9,28.83,59970.0,43660.0,46980.0,78100.0,101460.0,BLS OEWS May 2025 special education aggregation
Metropolitan Area,4100008,Eastern Oregon nonmetropolitan area,Postsecondary nondegree award,4310.0,5.8491,2.9,27.58,57370.0,0.9,26.05,54190.0,38800.0,46030.0,62970.0,79910.0,BLS OEWS May 2025 special education aggregation
Metropolitan Area,4100008,Eastern Oregon nonmetropolitan area,"Some college, no degree",2480.0,3.3625,4.7,21.77,45280.0,1.3,21.12,43920.0,28500.0,36090.0,50210.0,62760.0,BLS OEWS May 2025 special education aggregation
Metropolitan Area,4100008,Eastern Oregon nonmetropolitan area,High school diploma or equivalent,26940.0,36.5416,0.9,27.33,56850.0,0.6,24.02,49960.0,35820.0,40660.0,65860.0,87660.0,BLS OEWS May 2025 special education aggregation
Metropolitan Area,4100008,Eastern Oregon nonmetropolitan area,No formal educational credential,21500.0,29.158499999999997,0.6,18.92,39350.0,0.3,17.42,36240.0,29910.0,31280.0,44120.0,53600.0,BLS OEWS May 2025 special education aggregation
Metropolitan Area,4200001,Northwestern Pennsylvania nonmetropolitan area,Doctoral or professional degree,2240.0,1.4986000000000002,3.4,78.54,163370.0,2.6,57.05,118670.0,61220.0,78290.0,196110.0,388150.0,BLS OEWS May 2025 special education aggregation
Metropolitan Area,4200001,Northwestern Pennsylvania nonmetropolitan area,Master's degree,3760.0,2.5177,3.2,39.09,81300.0,2.5,33.87,70450.0,38140.0,49980.0,102680.0,127940.0,BLS OEWS May 2025 special education aggregation
Metropolitan Area,4200001,Northwestern Pennsylvania nonmetropolitan area,Bachelor's degree,26510.0,17.7673,1.1,39.95,83100.0,0.8,36.32,75550.0,43620.0,58800.0,96100.0,127900.0,BLS OEWS May 2025 special education aggregation
Metropolitan Area,4200001,Northwestern Pennsylvania nonmetropolitan area,Associate's degree,2930.0,1.9617999999999998,2.5,27.67,57560.0,0.8,27.12,56410.0,34350.0,43180.0,69730.0,78970.0,BLS OEWS May 2025 special education aggregation
Metropolitan Area,4200001,Northwestern Pennsylvania nonmetropolitan area,Postsecondary nondegree award,11500.0,7.7057,1.5,24.53,51030.0,0.6,22.62,47050.0,35140.0,38630.0,59800.0,71370.0,BLS OEWS May 2025 special education aggregation
Metropolitan Area,4200001,Northwestern Pennsylvania nonmetropolitan area,"Some college, no degree",3100.0,2.0758,4.5,19.44,40430.0,1.5,17.81,37050.0,26830.0,29750.0,47220.0,58120.0,BLS OEWS May 2025 special education aggregation
Metropolitan Area,4200001,Northwestern Pennsylvania nonmetropolitan area,High school diploma or equivalent,63640.0,42.6557,0.7,23.43,48730.0,0.4,21.87,45490.0,29220.0,35800.0,57880.0,74030.0,BLS OEWS May 2025 special education aggregation
Metropolitan Area,4200001,Northwestern Pennsylvania nonmetropolitan area,No formal educational credential,35540.0,23.817500000000003,0.7,16.38,34060.0,0.5,14.85,30890.0,21810.0,26540.0,37870.0,49020.0,BLS OEWS May 2025 special education aggregation
Metropolitan Area,4200002,Northeastern Pennsylvania nonmetropolitan area,Doctoral or professional degree,2540.0,1.9639,4.6,77.06,160290.0,2.1,50.29,104600.0,61370.0,76270.0,165000.0,395380.0,BLS OEWS May 2025 special education aggregation
Metropolitan Area,4200002,Northeastern Pennsylvania nonmetropolitan area,Master's degree,2920.0,2.2600000000000002,3.1,39.26,81660.0,1.7,36.65,76240.0,37870.0,48430.0,105910.0,129750.0,BLS OEWS May 2025 special education aggregation
Metropolitan Area,4200002,Northeastern Pennsylvania nonmetropolitan area,Bachelor's degree,23110.0,17.8763,1.6,41.8,86950.0,0.7,38.01,79060.0,46770.0,60770.0,99010.0,130180.0,BLS OEWS May 2025 special education aggregation
Metropolitan Area,4200002,Northeastern Pennsylvania nonmetropolitan area,Associate's degree,2500.0,1.9362,4.4,30.28,62970.0,1.3,29.72,61810.0,34280.0,45440.0,78150.0,92930.0,BLS OEWS May 2025 special education aggregation
Metropolitan Area,4200002,Northeastern Pennsylvania nonmetropolitan area,Postsecondary nondegree award,9520.0,7.3651,1.2,24.95,51900.0,0.6,23.92,49760.0,35660.0,39990.0,61430.0,70950.0,BLS OEWS May 2025 special education aggregation
Metropolitan Area,4200002,Northeastern Pennsylvania nonmetropolitan area,"Some college, no degree",3140.0,2.4279,4.0,19.51,40580.0,1.5,17.99,37410.0,27520.0,29870.0,46870.0,59270.0,BLS OEWS May 2025 special education aggregation
Metropolitan Area,4200002,Northeastern Pennsylvania nonmetropolitan area,High school diploma or equivalent,47660.0,36.8566,0.8,23.86,49620.0,0.4,21.81,45360.0,29090.0,35620.0,59090.0,76740.0,BLS OEWS May 2025 special education aggregation
Metropolitan Area,4200002,Northeastern Pennsylvania nonmetropolitan area,No formal educational credential,37900.0,29.314100000000003,0.6,16.66,34660.0,0.4,15.49,32230.0,22090.0,27200.0,38650.0,49080.0,BLS OEWS May 2025 special education aggregation
Metropolitan Area,4200003,Central Pennsylvania nonmetropolitan area,Doctoral or professional degree,3730.0,1.9873,2.3,65.27,135760.0,3.2,48.88,101660.0,58350.0,76540.0,143300.0,272810.0,BLS OEWS May 2025 special education aggregation
Metropolitan Area,4200003,Central Pennsylvania nonmetropolitan area,Master's degree,4050.0,2.1557,4.1,40.76,84780.0,3.1,36.47,75860.0,37930.0,51490.0,103700.0,133370.0,BLS OEWS May 2025 special education aggregation
Metropolitan Area,4200003,Central Pennsylvania nonmetropolitan area,Bachelor's degree,33460.0,17.8286,0.7,41.71,86750.0,0.5,37.65,78300.0,46930.0,60410.0,98570.0,129990.0,BLS OEWS May 2025 special education aggregation
Metropolitan Area,4200003,Central Pennsylvania nonmetropolitan area,Associate's degree,3500.0,1.8623999999999998,2.8,29.76,61890.0,0.9,29.55,61460.0,34720.0,45800.0,77140.0,88620.0,BLS OEWS May 2025 special education aggregation
Metropolitan Area,4200003,Central Pennsylvania nonmetropolitan area,Postsecondary nondegree award,16030.0,8.5404,1.6,24.25,50440.0,0.7,22.83,47480.0,36080.0,38930.0,59910.0,68450.0,BLS OEWS May 2025 special education aggregation
Metropolitan Area,4200003,Central Pennsylvania nonmetropolitan area,"Some college, no degree",4010.0,2.134,2.8,19.77,41110.0,0.8,17.89,37220.0,27420.0,30320.0,47780.0,60990.0,BLS OEWS May 2025 special education aggregation
Metropolitan Area,4200003,Central Pennsylvania nonmetropolitan area,High school diploma or equivalent,74190.0,39.5303,0.6,23.95,49820.0,0.4,22.28,46330.0,29050.0,36600.0,58920.0,74950.0,BLS OEWS May 2025 special education aggregation
Metropolitan Area,4200003,Central Pennsylvania nonmetropolitan area,No formal educational credential,48720.0,25.9613,0.8,17.16,35700.0,0.4,16.41,34130.0,22200.0,27520.0,41690.0,50170.0,BLS OEWS May 2025 special education aggregation
Metropolitan Area,4200004,Southwestern Pennsylvania nonmetropolitan area,Doctoral or professional degree,2880.0,2.0511,3.2,68.58,142640.0,2.7,49.01,101930.0,57150.0,73780.0,163990.0,305350.0,BLS OEWS May 2025 special education aggregation
Metropolitan Area,4200004,Southwestern Pennsylvania nonmetropolitan area,Master's degree,3410.0,2.4264,4.4,39.67,82510.0,1.9,36.65,76230.0,40980.0,53740.0,102340.0,129690.0,BLS OEWS May 2025 special education aggregation
Metropolitan Area,4200004,Southwestern Pennsylvania nonmetropolitan area,Bachelor's degree,24670.0,17.578200000000002,1.0,41.28,85860.0,0.8,37.26,77500.0,44780.0,59610.0,97360.0,133190.0,BLS OEWS May 2025 special education aggregation
Metropolitan Area,4200004,Southwestern Pennsylvania nonmetropolitan area,Associate's degree,2150.0,1.5329000000000002,3.1,27.77,57760.0,0.9,27.33,56850.0,33850.0,42400.0,72950.0,81020.0,BLS OEWS May 2025 special education aggregation
Metropolitan Area,4200004,Southwestern Pennsylvania nonmetropolitan area,Postsecondary nondegree award,10270.0,7.3138000000000005,1.6,24.26,50470.0,0.9,22.7,47210.0,34420.0,38240.0,59420.0,72390.0,BLS OEWS May 2025 special education aggregation
Metropolitan Area,4200004,Southwestern Pennsylvania nonmetropolitan area,"Some college, no degree",3160.0,2.2510000000000003,3.9,19.63,40830.0,1.4,17.9,37220.0,27320.0,29840.0,48520.0,57620.0,BLS OEWS May 2025 special education aggregation
Metropolitan Area,4200004,Southwestern Pennsylvania nonmetropolitan area,High school diploma or equivalent,58040.0,41.349900000000005,0.6,24.64,51260.0,0.5,22.49,46780.0,29840.0,36700.0,60280.0,79160.0,BLS OEWS May 2025 special education aggregation
Metropolitan Area,4200004,Southwestern Pennsylvania nonmetropolitan area,No formal educational credential,35790.0,25.4968,0.8,16.95,35250.0,0.8,15.09,31390.0,21930.0,27070.0,38680.0,55600.0,BLS OEWS May 2025 special education aggregation
Metropolitan Area,4500003,Northwestern South Carolina nonmetropolitan area,Doctoral or professional degree,1710.0,1.83,3.5,68.06,141560.0,3.7,49.6,103170.0,33740.0,61170.0,207000.0,279620.0,BLS OEWS May 2025 special education aggregation
Metropolitan Area,4500003,Northwestern South Carolina nonmetropolitan area,Master's degree,2060.0,2.1975000000000002,3.1,42.5,88400.0,3.7,38.18,79410.0,40450.0,55030.0,105520.0,130740.0,BLS OEWS May 2025 special education aggregation
Metropolitan Area,4500003,Northwestern South Carolina nonmetropolitan area,Bachelor's degree,15840.0,16.928,1.3,41.77,86880.0,0.8,36.6,76120.0,45420.0,58000.0,101490.0,143790.0,BLS OEWS May 2025 special education aggregation
Metropolitan Area,4500003,Northwestern South Carolina nonmetropolitan area,Associate's degree,1890.0,2.0242999999999998,1.7,32.59,67780.0,0.7,31.4,65320.0,36200.0,49940.0,81390.0,103740.0,BLS OEWS May 2025 special education aggregation
Metropolitan Area,4500003,Northwestern South Carolina nonmetropolitan area,Postsecondary nondegree award,5680.0,6.0634999999999994,2.2,23.03,47900.0,0.7,21.54,44800.0,31200.0,36530.0,58250.0,72120.0,BLS OEWS May 2025 special education aggregation
Metropolitan Area,4500003,Northwestern South Carolina nonmetropolitan area,"Some college, no degree",1880.0,2.0038,3.7,19.83,41240.0,1.4,18.05,37540.0,22460.0,28230.0,49350.0,63340.0,BLS OEWS May 2025 special education aggregation
Metropolitan Area,4500003,Northwestern South Carolina nonmetropolitan area,High school diploma or equivalent,39610.0,42.3173,0.7,23.28,48430.0,0.4,21.37,44440.0,28890.0,35600.0,56330.0,74270.0,BLS OEWS May 2025 special education aggregation
Metropolitan Area,4500003,Northwestern South Carolina nonmetropolitan area,No formal educational credential,24930.0,26.6356,0.8,15.7,32650.0,0.5,14.64,30450.0,21220.0,25700.0,37160.0,45810.0,BLS OEWS May 2025 special education aggregation
Metropolitan Area,4500005,Southern South Carolina nonmetropolitan area,Doctoral or professional degree,1060.0,2.0217,2.2,53.04,110320.0,3.1,41.67,86670.0,51190.0,62540.0,128250.0,202100.0,BLS OEWS May 2025 special education aggregation
Metropolitan Area,4500005,Southern South Carolina nonmetropolitan area,Master's degree,1470.0,2.8053999999999997,3.4,38.34,79750.0,1.3,35.56,73960.0,35690.0,49750.0,99870.0,133380.0,BLS OEWS May 2025 special education aggregation
Metropolitan Area,4500005,Southern South Carolina nonmetropolitan area,Bachelor's degree,8700.0,16.6353,1.2,39.71,82600.0,1.1,34.63,72030.0,39080.0,51940.0,98260.0,132910.0,BLS OEWS May 2025 special education aggregation
Metropolitan Area,4500005,Southern South Carolina nonmetropolitan area,Associate's degree,980.0,1.8780000000000001,2.6,29.45,61260.0,1.1,28.54,59360.0,30480.0,41760.0,79060.0,93500.0,BLS OEWS May 2025 special education aggregation
Metropolitan Area,4500005,Southern South Carolina nonmetropolitan area,Postsecondary nondegree award,3980.0,7.6151,2.1,23.75,49400.0,0.8,22.62,47050.0,30760.0,36360.0,59670.0,72930.0,BLS OEWS May 2025 special education aggregation
Metropolitan Area,4500005,Southern South Carolina nonmetropolitan area,"Some college, no degree",1340.0,2.567,3.7,17.82,37070.0,1.6,15.62,32490.0,21580.0,23530.0,46680.0,60920.0,BLS OEWS May 2025 special education aggregation
Metropolitan Area,4500005,Southern South Carolina nonmetropolitan area,High school diploma or equivalent,20210.0,38.6574,0.9,23.08,48010.0,0.6,20.98,43630.0,27240.0,34320.0,57360.0,73920.0,BLS OEWS May 2025 special education aggregation
Metropolitan Area,4500005,Southern South Carolina nonmetropolitan area,No formal educational credential,14540.0,27.820100000000004,1.2,15.13,31470.0,0.7,14.11,29360.0,20480.0,23400.0,36370.0,44150.0,BLS OEWS May 2025 special education aggregation
Metropolitan Area,4500007,Northeastern South Carolina nonmetropolitan area,Doctoral or professional degree,970.0,1.2597,5.5,78.59,163470.0,4.4,61.66,128250.0,50070.0,79950.0,187040.0,381580.0,BLS OEWS May 2025 special education aggregation
Metropolitan Area,4500007,Northeastern South Carolina nonmetropolitan area,Master's degree,1620.0,2.1026,4.2,36.63,76190.0,1.9,35.91,74700.0,34300.0,47810.0,100030.0,123300.0,BLS OEWS May 2025 special education aggregation
Metropolitan Area,4500007,Northeastern South Carolina nonmetropolitan area,Bachelor's degree,11520.0,14.957400000000002,1.5,39.68,82530.0,1.2,34.35,71440.0,43260.0,52520.0,96990.0,135940.0,BLS OEWS May 2025 special education aggregation
Metropolitan Area,4500007,Northeastern South Carolina nonmetropolitan area,Associate's degree,1390.0,1.8049,2.4,27.8,57810.0,0.9,28.08,58400.0,30540.0,37930.0,75350.0,83070.0,BLS OEWS May 2025 special education aggregation
Metropolitan Area,4500007,Northeastern South Carolina nonmetropolitan area,Postsecondary nondegree award,5610.0,7.282299999999999,2.8,22.77,47360.0,0.8,21.6,44930.0,29780.0,36290.0,57840.0,70150.0,BLS OEWS May 2025 special education aggregation
Metropolitan Area,4500007,Northeastern South Carolina nonmetropolitan area,"Some college, no degree",1630.0,2.1175,2.9,18.03,37510.0,1.0,16.16,33610.0,22130.0,23400.0,45990.0,57790.0,BLS OEWS May 2025 special education aggregation
Metropolitan Area,4500007,Northeastern South Carolina nonmetropolitan area,High school diploma or equivalent,30730.0,39.8897,1.1,22.32,46420.0,0.6,20.36,42350.0,26270.0,32860.0,55450.0,73560.0,BLS OEWS May 2025 special education aggregation
Metropolitan Area,4500007,Northeastern South Carolina nonmetropolitan area,No formal educational credential,23560.0,30.5862,0.6,15.61,32470.0,0.5,14.42,30000.0,19120.0,23520.0,36980.0,45390.0,BLS OEWS May 2025 special education aggregation
Metropolitan Area,4600002,East South Dakota nonmetropolitan area,Doctoral or professional degree,3050.0,2.2882000000000002,1.8,62.21,129400.0,2.1,46.57,96870.0,61290.0,74830.0,132960.0,225360.0,BLS OEWS May 2025 special education aggregation
Metropolitan Area,4600002,East South Dakota nonmetropolitan area,Master's degree,3100.0,2.3280000000000003,2.3,37.4,77780.0,1.3,29.74,61850.0,44750.0,50710.0,88440.0,130360.0,BLS OEWS May 2025 special education aggregation
Metropolitan Area,4600002,East South Dakota nonmetropolitan area,Bachelor's degree,24330.0,18.2806,1.1,39.98,83160.0,0.9,34.78,72350.0,47080.0,54020.0,97470.0,134230.0,BLS OEWS May 2025 special education aggregation
Metropolitan Area,4600002,East South Dakota nonmetropolitan area,Associate's degree,2760.0,2.0707,2.8,28.48,59230.0,1.1,26.17,54440.0,38600.0,45820.0,69750.0,89210.0,BLS OEWS May 2025 special education aggregation
Metropolitan Area,4600002,East South Dakota nonmetropolitan area,Postsecondary nondegree award,8580.0,6.444,2.0,24.59,51140.0,0.9,22.81,47430.0,36400.0,39160.0,59980.0,73660.0,BLS OEWS May 2025 special education aggregation
Metropolitan Area,4600002,East South Dakota nonmetropolitan area,"Some college, no degree",5400.0,4.0586,3.2,19.62,40820.0,0.7,18.9,39310.0,27310.0,30070.0,48510.0,57360.0,BLS OEWS May 2025 special education aggregation
Metropolitan Area,4600002,East South Dakota nonmetropolitan area,High school diploma or equivalent,48380.0,36.352999999999994,1.0,24.8,51590.0,0.4,22.83,47480.0,34340.0,39040.0,59280.0,75490.0,BLS OEWS May 2025 special education aggregation
Metropolitan Area,4600002,East South Dakota nonmetropolitan area,No formal educational credential,37500.0,28.1767,0.7,17.14,35650.0,0.4,16.17,33620.0,27650.0,28790.0,38650.0,47040.0,BLS OEWS May 2025 special education aggregation
Metropolitan Area,4600003,West South Dakota nonmetropolitan area,Doctoral or professional degree,1210.0,1.9255,3.2,63.0,131030.0,2.6,47.7,99220.0,59890.0,73490.0,142430.0,257680.0,BLS OEWS May 2025 special education aggregation
Metropolitan Area,4600003,West South Dakota nonmetropolitan area,Master's degree,1540.0,2.4543,3.2,37.58,78170.0,1.4,30.02,62430.0,42850.0,49290.0,93050.0,138720.0,BLS OEWS May 2025 special education aggregation
Metropolitan Area,4600003,West South Dakota nonmetropolitan area,Bachelor's degree,13250.0,21.0656,1.5,37.81,78640.0,0.7,32.19,66960.0,47130.0,54560.0,94510.0,123430.0,BLS OEWS May 2025 special education aggregation
Metropolitan Area,4600003,West South Dakota nonmetropolitan area,Associate's degree,1300.0,2.0669,4.2,28.59,59470.0,1.6,26.65,55430.0,35180.0,45040.0,70690.0,89710.0,BLS OEWS May 2025 special education aggregation
Metropolitan Area,4600003,West South Dakota nonmetropolitan area,Postsecondary nondegree award,3690.0,5.8747,2.5,23.92,49750.0,1.1,22.78,47380.0,32260.0,37650.0,58680.0,71240.0,BLS OEWS May 2025 special education aggregation
Metropolitan Area,4600003,West South Dakota nonmetropolitan area,"Some college, no degree",2940.0,4.6799,3.1,19.17,39870.0,0.8,18.09,37630.0,27730.0,29910.0,47190.0,55900.0,BLS OEWS May 2025 special education aggregation
Metropolitan Area,4600003,West South Dakota nonmetropolitan area,High school diploma or equivalent,20790.0,33.0678,1.1,23.85,49610.0,0.5,22.15,46070.0,30780.0,36900.0,57570.0,72970.0,BLS OEWS May 2025 special education aggregation
Metropolitan Area,4600003,West South Dakota nonmetropolitan area,No formal educational credential,18150.0,28.8653,0.8,16.58,34490.0,0.4,14.76,30700.0,27040.0,28320.0,36950.0,46080.0,BLS OEWS May 2025 special education aggregation
Metropolitan Area,4700001,West Tennessee nonmetropolitan area,Doctoral or professional degree,1700.0,1.4529999999999998,3.9,60.96,126790.0,5.5,47.6,99000.0,57700.0,74990.0,135850.0,219990.0,BLS OEWS May 2025 special education aggregation
Metropolitan Area,4700001,West Tennessee nonmetropolitan area,Master's degree,2570.0,2.1955,3.5,36.68,76290.0,1.8,33.85,70410.0,39870.0,52260.0,97510.0,121430.0,BLS OEWS May 2025 special education aggregation
Metropolitan Area,4700001,West Tennessee nonmetropolitan area,Bachelor's degree,18830.0,16.0546,1.1,38.75,80600.0,0.7,31.05,64590.0,43690.0,51820.0,93310.0,131380.0,BLS OEWS May 2025 special education aggregation
Metropolitan Area,4700001,West Tennessee nonmetropolitan area,Associate's degree,2290.0,1.951,3.3,28.92,60160.0,1.1,28.67,59640.0,37130.0,47490.0,72910.0,82350.0,BLS OEWS May 2025 special education aggregation
Metropolitan Area,4700001,West Tennessee nonmetropolitan area,Postsecondary nondegree award,8540.0,7.2783,3.0,22.91,47650.0,0.9,21.92,45580.0,31440.0,36950.0,57320.0,65800.0,BLS OEWS May 2025 special education aggregation
Metropolitan Area,4700001,West Tennessee nonmetropolitan area,"Some college, no degree",3230.0,2.7537,3.1,17.92,37260.0,1.0,17.39,36180.0,21170.0,24880.0,45980.0,58090.0,BLS OEWS May 2025 special education aggregation
Metropolitan Area,4700001,West Tennessee nonmetropolitan area,High school diploma or equivalent,49460.0,42.1759,0.7,22.91,47640.0,0.5,21.44,44590.0,29470.0,35500.0,56220.0,70390.0,BLS OEWS May 2025 special education aggregation
Metropolitan Area,4700001,West Tennessee nonmetropolitan area,No formal educational credential,30650.0,26.137999999999998,1.0,15.94,33150.0,0.5,14.89,30970.0,21430.0,26180.0,37650.0,46770.0,BLS OEWS May 2025 special education aggregation
Metropolitan Area,4700002,South Central Tennessee nonmetropolitan area,Doctoral or professional degree,1410.0,1.2814,4.2,65.36,135950.0,4.1,51.36,106840.0,58210.0,75060.0,151450.0,266390.0,BLS OEWS May 2025 special education aggregation
Metropolitan Area,4700002,South Central Tennessee nonmetropolitan area,Master's degree,2170.0,1.9698,2.9,38.15,79360.0,1.5,36.0,74870.0,39070.0,56430.0,99540.0,125710.0,BLS OEWS May 2025 special education aggregation
Metropolitan Area,4700002,South Central Tennessee nonmetropolitan area,Bachelor's degree,18780.0,17.064500000000002,1.4,40.65,84550.0,1.0,33.67,70040.0,45400.0,54570.0,98700.0,136990.0,BLS OEWS May 2025 special education aggregation
Metropolitan Area,4700002,South Central Tennessee nonmetropolitan area,Associate's degree,2010.0,1.8289000000000002,3.0,29.24,60830.0,1.0,28.34,58950.0,36670.0,48280.0,73760.0,83250.0,BLS OEWS May 2025 special education aggregation
Metropolitan Area,4700002,South Central Tennessee nonmetropolitan area,Postsecondary nondegree award,8540.0,7.7608999999999995,1.8,24.0,49910.0,0.9,22.47,46730.0,32330.0,37780.0,59690.0,71290.0,BLS OEWS May 2025 special education aggregation
Metropolitan Area,4700002,South Central Tennessee nonmetropolitan area,"Some college, no degree",2990.0,2.7169,2.5,18.73,38960.0,1.0,17.36,36110.0,23090.0,28050.0,46400.0,59420.0,BLS OEWS May 2025 special education aggregation
Metropolitan Area,4700002,South Central Tennessee nonmetropolitan area,High school diploma or equivalent,45050.0,40.923899999999996,0.6,23.03,47900.0,0.5,21.26,44210.0,29570.0,35490.0,56050.0,74370.0,BLS OEWS May 2025 special education aggregation
Metropolitan Area,4700002,South Central Tennessee nonmetropolitan area,No formal educational credential,29120.0,26.4538,0.8,16.32,33940.0,0.4,15.04,31290.0,21700.0,26670.0,39030.0,47310.0,BLS OEWS May 2025 special education aggregation
Metropolitan Area,4700003,North Central Tennessee nonmetropolitan area,Doctoral or professional degree,2040.0,1.7711,4.7,63.12,131300.0,5.5,50.51,105060.0,59710.0,77910.0,139100.0,214880.0,BLS OEWS May 2025 special education aggregation
Metropolitan Area,4700003,North Central Tennessee nonmetropolitan area,Master's degree,2530.0,2.2032,2.7,36.55,76020.0,1.1,33.06,68770.0,40710.0,50200.0,97380.0,121100.0,BLS OEWS May 2025 special education aggregation
Metropolitan Area,4700003,North Central Tennessee nonmetropolitan area,Bachelor's degree,19490.0,16.952,2.2,38.05,79140.0,0.9,31.29,65080.0,39310.0,50820.0,91180.0,128500.0,BLS OEWS May 2025 special education aggregation
Metropolitan Area,4700003,North Central Tennessee nonmetropolitan area,Associate's degree,2170.0,1.8878,4.1,29.94,62280.0,2.1,29.49,61330.0,36730.0,49350.0,76880.0,84280.0,BLS OEWS May 2025 special education aggregation
Metropolitan Area,4700003,North Central Tennessee nonmetropolitan area,Postsecondary nondegree award,8420.0,7.327800000000001,1.7,23.29,48450.0,0.6,22.0,45760.0,31690.0,36900.0,59610.0,70000.0,BLS OEWS May 2025 special education aggregation
Metropolitan Area,4700003,North Central Tennessee nonmetropolitan area,"Some college, no degree",3100.0,2.6976,3.8,19.07,39660.0,1.3,18.45,38370.0,25720.0,29490.0,46250.0,58610.0,BLS OEWS May 2025 special education aggregation
Metropolitan Area,4700003,North Central Tennessee nonmetropolitan area,High school diploma or equivalent,45670.0,39.726600000000005,0.9,22.03,45820.0,0.5,19.28,40100.0,28700.0,33710.0,50790.0,72620.0,BLS OEWS May 2025 special education aggregation
Metropolitan Area,4700003,North Central Tennessee nonmetropolitan area,No formal educational credential,31540.0,27.433699999999998,0.7,15.56,32370.0,0.5,14.83,30840.0,21550.0,26620.0,36760.0,44660.0,BLS OEWS May 2025 special education aggregation
Metropolitan Area,4700004,East Tennessee nonmetropolitan area,Doctoral or professional degree,1280.0,0.9056,5.9,56.43,117370.0,4.7,51.38,106870.0,51560.0,65530.0,135900.0,187400.0,BLS OEWS May 2025 special education aggregation
Metropolitan Area,4700004,East Tennessee nonmetropolitan area,Master's degree,1920.0,1.3603999999999998,2.4,35.4,73630.0,1.4,32.16,66900.0,39750.0,50880.0,92310.0,114400.0,BLS OEWS May 2025 special education aggregation
Metropolitan Area,4700004,East Tennessee nonmetropolitan area,Bachelor's degree,19660.0,13.959200000000001,0.9,38.85,80810.0,0.7,31.76,66050.0,40840.0,50520.0,93860.0,134080.0,BLS OEWS May 2025 special education aggregation
Metropolitan Area,4700004,East Tennessee nonmetropolitan area,Associate's degree,2030.0,1.4425000000000001,2.7,29.73,61830.0,1.1,28.83,59960.0,37330.0,46310.0,75840.0,91130.0,BLS OEWS May 2025 special education aggregation
Metropolitan Area,4700004,East Tennessee nonmetropolitan area,Postsecondary nondegree award,8470.0,6.0108,1.7,23.75,49400.0,0.6,22.74,47300.0,31910.0,37850.0,57470.0,71690.0,BLS OEWS May 2025 special education aggregation
Metropolitan Area,4700004,East Tennessee nonmetropolitan area,"Some college, no degree",3030.0,2.1515,1.8,20.32,42260.0,0.6,17.61,36620.0,21840.0,28110.0,46860.0,60080.0,BLS OEWS May 2025 special education aggregation
Metropolitan Area,4700004,East Tennessee nonmetropolitan area,High school diploma or equivalent,55700.0,39.5454,0.6,22.53,46860.0,0.4,20.84,43340.0,29250.0,34590.0,53700.0,69980.0,BLS OEWS May 2025 special education aggregation
Metropolitan Area,4700004,East Tennessee nonmetropolitan area,No formal educational credential,48770.0,34.624700000000004,0.7,15.48,32200.0,0.5,14.53,30220.0,21350.0,26420.0,36440.0,45280.0,BLS OEWS May 2025 special education aggregation
Metropolitan Area,4800001,Northwestern Region of Texas nonmetropolitan area,Doctoral or professional degree,1970.0,1.0424,2.6,58.68,122060.0,2.2,47.93,99700.0,45490.0,63030.0,136550.0,233390.0,BLS OEWS May 2025 special education aggregation
Metropolitan Area,4800001,Northwestern Region of Texas nonmetropolitan area,Master's degree,3230.0,1.7109,2.5,43.27,90010.0,1.1,39.49,82150.0,47460.0,64800.0,103280.0,135420.0,BLS OEWS May 2025 special education aggregation
Metropolitan Area,4800001,Northwestern Region of Texas nonmetropolitan area,Bachelor's degree,35300.0,18.6759,0.9,44.05,91620.0,0.8,36.15,75200.0,45760.0,58030.0,108020.0,160920.0,BLS OEWS May 2025 special education aggregation
Metropolitan Area,4800001,Northwestern Region of Texas nonmetropolitan area,Associate's degree,2840.0,1.5007,3.3,30.06,62520.0,1.2,28.81,59920.0,29010.0,38520.0,81280.0,100110.0,BLS OEWS May 2025 special education aggregation
Metropolitan Area,4800001,Northwestern Region of Texas nonmetropolitan area,Postsecondary nondegree award,16130.0,8.5336,1.9,26.08,54240.0,0.9,24.39,50730.0,34080.0,39640.0,62250.0,77530.0,BLS OEWS May 2025 special education aggregation
Metropolitan Area,4800001,Northwestern Region of Texas nonmetropolitan area,"Some college, no degree",6060.0,3.2064999999999997,2.6,18.71,38930.0,0.9,17.05,35460.0,22390.0,26810.0,47240.0,61690.0,BLS OEWS May 2025 special education aggregation
Metropolitan Area,4800001,Northwestern Region of Texas nonmetropolitan area,High school diploma or equivalent,70810.0,37.4664,0.7,25.61,53270.0,0.5,22.61,47020.0,28650.0,36510.0,62430.0,84860.0,BLS OEWS May 2025 special education aggregation
Metropolitan Area,4800001,Northwestern Region of Texas nonmetropolitan area,No formal educational credential,52660.0,27.8635,0.9,16.86,35080.0,0.6,15.62,32490.0,22060.0,27010.0,41320.0,49000.0,BLS OEWS May 2025 special education aggregation
Metropolitan Area,4800002,North Region of Texas nonmetropolitan area,Doctoral or professional degree,4280.0,1.5535999999999999,1.9,62.17,129310.0,2.4,50.4,104840.0,49720.0,70510.0,146750.0,262410.0,BLS OEWS May 2025 special education aggregation
Metropolitan Area,4800002,North Region of Texas nonmetropolitan area,Master's degree,5480.0,1.9896999999999998,2.3,42.36,88100.0,1.4,38.63,80340.0,48040.0,64430.0,103340.0,132230.0,BLS OEWS May 2025 special education aggregation
Metropolitan Area,4800002,North Region of Texas nonmetropolitan area,Bachelor's degree,51230.0,18.5847,0.8,41.03,85350.0,0.5,34.08,70880.0,45250.0,55370.0,99380.0,140650.0,BLS OEWS May 2025 special education aggregation
Metropolitan Area,4800002,North Region of Texas nonmetropolitan area,Associate's degree,4890.0,1.7746,1.9,28.42,59110.0,0.9,27.14,56440.0,28830.0,36240.0,79440.0,95760.0,BLS OEWS May 2025 special education aggregation
Metropolitan Area,4800002,North Region of Texas nonmetropolitan area,Postsecondary nondegree award,19360.0,7.0247,1.3,23.81,49530.0,0.5,22.47,46750.0,30800.0,36460.0,59080.0,72600.0,BLS OEWS May 2025 special education aggregation
Metropolitan Area,4800002,North Region of Texas nonmetropolitan area,"Some college, no degree",7970.0,2.8897,1.5,18.61,38700.0,0.6,17.19,35750.0,22100.0,26060.0,46790.0,61410.0,BLS OEWS May 2025 special education aggregation
Metropolitan Area,4800002,North Region of Texas nonmetropolitan area,High school diploma or equivalent,108680.0,39.4227,0.5,23.12,48090.0,0.3,21.36,44430.0,27440.0,34460.0,57330.0,75140.0,BLS OEWS May 2025 special education aggregation
Metropolitan Area,4800002,North Region of Texas nonmetropolitan area,No formal educational credential,73770.0,26.7603,0.5,15.8,32870.0,0.5,14.53,30230.0,21580.0,24610.0,37050.0,47030.0,BLS OEWS May 2025 special education aggregation
Metropolitan Area,4800003,Eastern Region of Texas nonmetropolitan area,Doctoral or professional degree,2100.0,1.8335000000000001,2.4,65.24,135700.0,4.1,50.98,106040.0,54840.0,75070.0,154440.0,284080.0,BLS OEWS May 2025 special education aggregation
Metropolitan Area,4800003,Eastern Region of Texas nonmetropolitan area,Master's degree,2600.0,2.2656,4.0,41.3,85900.0,8.8,38.17,79390.0,45160.0,62000.0,101980.0,129510.0,BLS OEWS May 2025 special education aggregation
Metropolitan Area,4800003,Eastern Region of Texas nonmetropolitan area,Bachelor's degree,21380.0,18.634,0.8,40.95,85170.0,0.8,33.34,69340.0,44990.0,55240.0,98680.0,143020.0,BLS OEWS May 2025 special education aggregation
Metropolitan Area,4800003,Eastern Region of Texas nonmetropolitan area,Associate's degree,2130.0,1.8519999999999999,2.5,28.92,60150.0,1.0,28.72,59740.0,28990.0,38160.0,77840.0,94700.0,BLS OEWS May 2025 special education aggregation
Metropolitan Area,4800003,Eastern Region of Texas nonmetropolitan area,Postsecondary nondegree award,8280.0,7.2139,2.1,23.57,49020.0,0.6,22.39,46570.0,30550.0,36020.0,59410.0,71660.0,BLS OEWS May 2025 special education aggregation
Metropolitan Area,4800003,Eastern Region of Texas nonmetropolitan area,"Some college, no degree",3210.0,2.7958,2.5,18.43,38330.0,1.2,16.93,35220.0,22730.0,26100.0,46610.0,60180.0,BLS OEWS May 2025 special education aggregation
Metropolitan Area,4800003,Eastern Region of Texas nonmetropolitan area,High school diploma or equivalent,44400.0,38.6869,0.5,22.53,46850.0,0.5,20.5,42630.0,24160.0,31900.0,56070.0,74670.0,BLS OEWS May 2025 special education aggregation
Metropolitan Area,4800003,Eastern Region of Texas nonmetropolitan area,No formal educational credential,30660.0,26.718200000000003,0.7,15.5,32250.0,0.6,14.45,30060.0,21490.0,24180.0,36380.0,45060.0,BLS OEWS May 2025 special education aggregation
Metropolitan Area,4800004,Hill Country Region of Texas nonmetropolitan area,Doctoral or professional degree,3600.0,1.7937999999999998,2.6,56.59,117700.0,2.7,45.86,95380.0,47410.0,62840.0,130020.0,212250.0,BLS OEWS May 2025 special education aggregation
Metropolitan Area,4800004,Hill Country Region of Texas nonmetropolitan area,Master's degree,4170.0,2.0781,4.2,40.25,83720.0,1.4,38.09,79220.0,45780.0,61290.0,99770.0,129590.0,BLS OEWS May 2025 special education aggregation
Metropolitan Area,4800004,Hill Country Region of Texas nonmetropolitan area,Bachelor's degree,37740.0,18.7896,0.8,41.19,85670.0,0.8,34.12,70980.0,44350.0,54290.0,100880.0,143640.0,BLS OEWS May 2025 special education aggregation
Metropolitan Area,4800004,Hill Country Region of Texas nonmetropolitan area,Associate's degree,3360.0,1.673,2.0,28.67,59640.0,0.8,26.75,55650.0,29870.0,38380.0,78700.0,95850.0,BLS OEWS May 2025 special education aggregation
Metropolitan Area,4800004,Hill Country Region of Texas nonmetropolitan area,Postsecondary nondegree award,12990.0,6.467700000000001,1.8,23.8,49500.0,0.7,22.64,47090.0,31100.0,36650.0,58460.0,72380.0,BLS OEWS May 2025 special education aggregation
Metropolitan Area,4800004,Hill Country Region of Texas nonmetropolitan area,"Some college, no degree",5160.0,2.5682,1.8,19.19,39900.0,0.9,17.77,36960.0,22400.0,27630.0,47880.0,62130.0,BLS OEWS May 2025 special education aggregation
Metropolitan Area,4800004,Hill Country Region of Texas nonmetropolitan area,High school diploma or equivalent,80380.0,40.013600000000004,0.6,23.59,49060.0,0.3,22.01,45780.0,28000.0,35560.0,57370.0,75110.0,BLS OEWS May 2025 special education aggregation
Metropolitan Area,4800004,Hill Country Region of Texas nonmetropolitan area,No formal educational credential,53460.0,26.6162,0.6,15.78,32820.0,0.4,14.46,30070.0,21750.0,24700.0,37220.0,46250.0,BLS OEWS May 2025 special education aggregation
Metropolitan Area,4800005,Border Region of Texas nonmetropolitan area,Doctoral or professional degree,450.0,0.9487,4.5,71.29,148270.0,2.7,56.93,118410.0,54240.0,71110.0,165280.0,310990.0,BLS OEWS May 2025 special education aggregation
Metropolitan Area,4800005,Border Region of Texas nonmetropolitan area,Master's degree,770.0,1.6422,3.1,40.44,84110.0,1.4,38.48,80040.0,44410.0,63170.0,103310.0,127870.0,BLS OEWS May 2025 special education aggregation
Metropolitan Area,4800005,Border Region of Texas nonmetropolitan area,Bachelor's degree,8750.0,18.6513,1.5,40.99,85270.0,0.9,34.8,72390.0,44460.0,54670.0,102760.0,136160.0,BLS OEWS May 2025 special education aggregation
Metropolitan Area,4800005,Border Region of Texas nonmetropolitan area,Associate's degree,740.0,1.5714000000000001,3.7,29.2,60740.0,1.8,29.04,60390.0,28670.0,37190.0,78530.0,95210.0,BLS OEWS May 2025 special education aggregation
Metropolitan Area,4800005,Border Region of Texas nonmetropolitan area,Postsecondary nondegree award,3720.0,7.9224000000000006,2.6,25.59,53220.0,0.7,23.54,48950.0,31770.0,37540.0,62450.0,77450.0,BLS OEWS May 2025 special education aggregation
Metropolitan Area,4800005,Border Region of Texas nonmetropolitan area,"Some college, no degree",1340.0,2.857,1.3,18.31,38080.0,0.7,17.07,35500.0,22380.0,24950.0,46800.0,59730.0,BLS OEWS May 2025 special education aggregation
Metropolitan Area,4800005,Border Region of Texas nonmetropolitan area,High school diploma or equivalent,19020.0,40.55,0.9,23.82,49550.0,0.5,21.21,44110.0,23570.0,30300.0,59890.0,84140.0,BLS OEWS May 2025 special education aggregation
Metropolitan Area,4800005,Border Region of Texas nonmetropolitan area,No formal educational credential,12130.0,25.856599999999997,1.2,16.07,33430.0,0.6,14.42,29990.0,21520.0,24720.0,37380.0,48490.0,BLS OEWS May 2025 special education aggregation
Metropolitan Area,4800006,Coastal Plains Region of Texas nonmetropolitan area,Doctoral or professional degree,2090.0,1.4015,2.1,60.04,124880.0,1.7,48.28,100420.0,51420.0,66390.0,141460.0,230130.0,BLS OEWS May 2025 special education aggregation
Metropolitan Area,4800006,Coastal Plains Region of Texas nonmetropolitan area,Master's degree,3100.0,2.0736999999999997,2.3,42.89,89210.0,0.8,39.36,81870.0,49080.0,66210.0,103750.0,130570.0,BLS OEWS May 2025 special education aggregation
Metropolitan Area,4800006,Coastal Plains Region of Texas nonmetropolitan area,Bachelor's degree,29470.0,19.727600000000002,0.8,43.09,89630.0,0.8,35.54,73920.0,46320.0,58510.0,106330.0,156210.0,BLS OEWS May 2025 special education aggregation
Metropolitan Area,4800006,Coastal Plains Region of Texas nonmetropolitan area,Associate's degree,3060.0,2.0457,4.5,31.45,65410.0,2.2,30.1,62600.0,28670.0,37460.0,84200.0,103900.0,BLS OEWS May 2025 special education aggregation
Metropolitan Area,4800006,Coastal Plains Region of Texas nonmetropolitan area,Postsecondary nondegree award,9950.0,6.6611,2.1,24.55,51050.0,0.7,22.89,47610.0,31270.0,36550.0,59320.0,75000.0,BLS OEWS May 2025 special education aggregation
Metropolitan Area,4800006,Coastal Plains Region of Texas nonmetropolitan area,"Some college, no degree",4260.0,2.8531,3.4,18.08,37610.0,0.9,16.31,33920.0,21570.0,23820.0,46650.0,59960.0,BLS OEWS May 2025 special education aggregation
Metropolitan Area,4800006,Coastal Plains Region of Texas nonmetropolitan area,High school diploma or equivalent,61670.0,41.282799999999995,0.6,23.36,48600.0,0.4,20.87,43400.0,23400.0,29820.0,58620.0,80780.0,BLS OEWS May 2025 special education aggregation
Metropolitan Area,4800006,Coastal Plains Region of Texas nonmetropolitan area,No formal educational credential,35780.0,23.9545,0.7,15.76,32770.0,0.7,14.34,29840.0,21540.0,24190.0,36930.0,46640.0,BLS OEWS May 2025 special education aggregation
Metropolitan Area,4900010,Wasatch Front Fringe Utah nonmetropolitan area,Doctoral or professional degree,670.0,0.986,6.2,74.25,154430.0,2.7,61.39,127690.0,60480.0,85970.0,170240.0,296960.0,BLS OEWS May 2025 special education aggregation
Metropolitan Area,4900010,Wasatch Front Fringe Utah nonmetropolitan area,Master's degree,900.0,1.325,5.2,45.45,94530.0,2.4,40.59,84420.0,44180.0,63730.0,121020.0,150620.0,BLS OEWS May 2025 special education aggregation
Metropolitan Area,4900010,Wasatch Front Fringe Utah nonmetropolitan area,Bachelor's degree,13660.0,20.1696,1.3,47.04,97840.0,0.9,39.97,83140.0,47690.0,62030.0,116240.0,162260.0,BLS OEWS May 2025 special education aggregation
Metropolitan Area,4900010,Wasatch Front Fringe Utah nonmetropolitan area,Associate's degree,1320.0,1.95,2.3,33.3,69260.0,0.9,32.99,68620.0,37440.0,46940.0,87130.0,100220.0,BLS OEWS May 2025 special education aggregation
Metropolitan Area,4900010,Wasatch Front Fringe Utah nonmetropolitan area,Postsecondary nondegree award,3510.0,5.1818,3.4,24.52,51000.0,1.4,22.46,46720.0,29190.0,37520.0,61670.0,76320.0,BLS OEWS May 2025 special education aggregation
Metropolitan Area,4900010,Wasatch Front Fringe Utah nonmetropolitan area,"Some college, no degree",1820.0,2.6834,5.5,22.27,46330.0,2.0,19.53,40630.0,35840.0,37050.0,49140.0,64190.0,BLS OEWS May 2025 special education aggregation
Metropolitan Area,4900010,Wasatch Front Fringe Utah nonmetropolitan area,High school diploma or equivalent,24990.0,36.8817,0.9,26.68,55490.0,1.0,24.26,50460.0,32750.0,39060.0,64000.0,82230.0,BLS OEWS May 2025 special education aggregation
Metropolitan Area,4900010,Wasatch Front Fringe Utah nonmetropolitan area,No formal educational credential,20880.0,30.8226,0.9,18.98,39480.0,0.8,17.86,37150.0,23130.0,29440.0,46440.0,57700.0,BLS OEWS May 2025 special education aggregation
Metropolitan Area,4900011,High Desert Utah nonmetropolitan area,Doctoral or professional degree,1900.0,1.7059000000000002,3.5,56.93,118410.0,6.2,41.3,85910.0,50750.0,61820.0,135760.0,229640.0,BLS OEWS May 2025 special education aggregation
Metropolitan Area,4900011,High Desert Utah nonmetropolitan area,Master's degree,2910.0,2.6119,5.7,38.92,80960.0,1.7,36.97,76890.0,38130.0,51110.0,99990.0,129180.0,BLS OEWS May 2025 special education aggregation
Metropolitan Area,4900011,High Desert Utah nonmetropolitan area,Bachelor's degree,19780.0,17.7776,1.7,42.95,89340.0,0.9,37.91,78860.0,44980.0,59790.0,103500.0,139510.0,BLS OEWS May 2025 special education aggregation
Metropolitan Area,4900011,High Desert Utah nonmetropolitan area,Associate's degree,2300.0,2.07,2.4,30.76,63970.0,1.4,29.03,60390.0,34690.0,43660.0,81690.0,100400.0,BLS OEWS May 2025 special education aggregation
Metropolitan Area,4900011,High Desert Utah nonmetropolitan area,Postsecondary nondegree award,7820.0,7.0277,2.5,25.23,52480.0,1.2,23.86,49630.0,33570.0,38710.0,60680.0,74610.0,BLS OEWS May 2025 special education aggregation
Metropolitan Area,4900011,High Desert Utah nonmetropolitan area,"Some college, no degree",3590.0,3.2237999999999998,4.8,20.83,43320.0,1.6,18.74,38970.0,31470.0,35800.0,47430.0,58510.0,BLS OEWS May 2025 special education aggregation
Metropolitan Area,4900011,High Desert Utah nonmetropolitan area,High school diploma or equivalent,40670.0,36.554,0.9,25.92,53910.0,0.7,23.02,47880.0,31020.0,37470.0,63100.0,82040.0,BLS OEWS May 2025 special education aggregation
Metropolitan Area,4900011,High Desert Utah nonmetropolitan area,No formal educational credential,32300.0,29.0291,1.1,18.23,37920.0,0.7,17.04,35440.0,22560.0,28450.0,45680.0,57410.0,BLS OEWS May 2025 special education aggregation
Metropolitan Area,5000001,Southern Vermont nonmetropolitan area,Doctoral or professional degree,2280.0,2.6795999999999998,4.4,79.55,165460.0,4.2,57.23,119040.0,65960.0,83640.0,213170.0,350880.0,BLS OEWS May 2025 special education aggregation
Metropolitan Area,5000001,Southern Vermont nonmetropolitan area,Master's degree,2830.0,3.3156,2.1,43.06,89550.0,0.8,38.12,79280.0,52640.0,62120.0,103720.0,134580.0,BLS OEWS May 2025 special education aggregation
Metropolitan Area,5000001,Southern Vermont nonmetropolitan area,Bachelor's degree,19110.0,22.4226,1.1,45.85,95360.0,1.3,38.64,80380.0,49320.0,61690.0,107160.0,157410.0,BLS OEWS May 2025 special education aggregation
Metropolitan Area,5000001,Southern Vermont nonmetropolitan area,Associate's degree,1600.0,1.8831,4.3,33.9,70510.0,1.2,31.32,65150.0,43750.0,49840.0,84060.0,100920.0,BLS OEWS May 2025 special education aggregation
Metropolitan Area,5000001,Southern Vermont nonmetropolitan area,Postsecondary nondegree award,5710.0,6.7015,2.6,26.97,56100.0,1.0,24.66,51300.0,38950.0,46400.0,62380.0,77620.0,BLS OEWS May 2025 special education aggregation
Metropolitan Area,5000001,Southern Vermont nonmetropolitan area,"Some college, no degree",3100.0,3.6378,4.3,23.01,47870.0,1.0,22.35,46490.0,30980.0,38330.0,55140.0,64050.0,BLS OEWS May 2025 special education aggregation
Metropolitan Area,5000001,Southern Vermont nonmetropolitan area,High school diploma or equivalent,28380.0,33.3012,1.2,26.81,55770.0,0.7,23.84,49580.0,37360.0,42790.0,62400.0,79860.0,BLS OEWS May 2025 special education aggregation
Metropolitan Area,5000001,Southern Vermont nonmetropolitan area,No formal educational credential,22200.0,26.058600000000002,1.3,20.31,42250.0,0.9,18.23,37920.0,30520.0,34730.0,46150.0,57330.0,BLS OEWS May 2025 special education aggregation
Metropolitan Area,5000002,Northern Vermont nonmetropolitan area,Doctoral or professional degree,2320.0,2.5971,5.4,77.34,160860.0,5.4,57.69,119990.0,63980.0,86870.0,169990.0,349530.0,BLS OEWS May 2025 special education aggregation
Metropolitan Area,5000002,Northern Vermont nonmetropolitan area,Master's degree,3090.0,3.4545000000000003,2.4,42.66,88720.0,0.8,37.83,78690.0,51830.0,62730.0,103540.0,134350.0,BLS OEWS May 2025 special education aggregation
Metropolitan Area,5000002,Northern Vermont nonmetropolitan area,Bachelor's degree,24310.0,27.176799999999997,1.4,43.64,90780.0,0.7,38.65,80380.0,50520.0,62850.0,103340.0,140870.0,BLS OEWS May 2025 special education aggregation
Metropolitan Area,5000002,Northern Vermont nonmetropolitan area,Associate's degree,1640.0,1.8332000000000002,3.5,34.02,70770.0,1.4,31.59,65700.0,46470.0,54860.0,84730.0,99540.0,BLS OEWS May 2025 special education aggregation
Metropolitan Area,5000002,Northern Vermont nonmetropolitan area,Postsecondary nondegree award,5120.0,5.726,2.2,26.72,55570.0,0.8,24.57,51100.0,39010.0,45730.0,62680.0,76600.0,BLS OEWS May 2025 special education aggregation
Metropolitan Area,5000002,Northern Vermont nonmetropolitan area,"Some college, no degree",3180.0,3.5591,5.5,23.94,49800.0,1.5,22.79,47400.0,33130.0,39950.0,56990.0,65570.0,BLS OEWS May 2025 special education aggregation
Metropolitan Area,5000002,Northern Vermont nonmetropolitan area,High school diploma or equivalent,28810.0,32.2124,1.3,27.12,56400.0,0.6,24.44,50840.0,37860.0,44410.0,62470.0,78960.0,BLS OEWS May 2025 special education aggregation
Metropolitan Area,5000002,Northern Vermont nonmetropolitan area,No formal educational credential,20960.0,23.441,1.0,20.51,42650.0,0.6,18.33,38120.0,30560.0,34840.0,47020.0,57910.0,BLS OEWS May 2025 special education aggregation
Metropolitan Area,5100001,Southwest Virginia nonmetropolitan area,Doctoral or professional degree,2380.0,2.0446,5.4,70.38,146400.0,5.1,50.0,104000.0,52850.0,72940.0,159730.0,284330.0,BLS OEWS May 2025 special education aggregation
Metropolitan Area,5100001,Southwest Virginia nonmetropolitan area,Master's degree,3250.0,2.7935,6.8,37.62,78250.0,4.0,32.43,67450.0,35220.0,46920.0,101570.0,127340.0,BLS OEWS May 2025 special education aggregation
Metropolitan Area,5100001,Southwest Virginia nonmetropolitan area,Bachelor's degree,19680.0,16.893,1.5,38.6,80280.0,1.1,31.89,66340.0,38840.0,50200.0,94930.0,133160.0,BLS OEWS May 2025 special education aggregation
Metropolitan Area,5100001,Southwest Virginia nonmetropolitan area,Associate's degree,2030.0,1.7454999999999998,3.5,30.05,62510.0,1.2,29.14,60620.0,35810.0,44270.0,77740.0,95330.0,BLS OEWS May 2025 special education aggregation
Metropolitan Area,5100001,Southwest Virginia nonmetropolitan area,Postsecondary nondegree award,7950.0,6.8253,1.7,23.38,48620.0,0.9,22.23,46240.0,33480.0,37940.0,57510.0,67340.0,BLS OEWS May 2025 special education aggregation
Metropolitan Area,5100001,Southwest Virginia nonmetropolitan area,"Some college, no degree",2820.0,2.4213999999999998,3.3,19.98,41560.0,1.1,18.51,38500.0,27370.0,30750.0,48510.0,59660.0,BLS OEWS May 2025 special education aggregation
Metropolitan Area,5100001,Southwest Virginia nonmetropolitan area,High school diploma or equivalent,49350.0,42.3658,0.7,23.21,48270.0,0.7,21.57,44870.0,28640.0,35260.0,56250.0,73100.0,BLS OEWS May 2025 special education aggregation
Metropolitan Area,5100001,Southwest Virginia nonmetropolitan area,No formal educational credential,29020.0,24.910800000000002,0.8,16.92,35190.0,0.4,15.12,31440.0,27080.0,28450.0,37130.0,46720.0,BLS OEWS May 2025 special education aggregation
Metropolitan Area,5100002,Southside Virginia nonmetropolitan area,Doctoral or professional degree,2060.0,2.0033000000000003,3.5,64.81,134810.0,4.8,49.06,102040.0,47370.0,72160.0,156920.0,258350.0,BLS OEWS May 2025 special education aggregation
Metropolitan Area,5100002,Southside Virginia nonmetropolitan area,Master's degree,2340.0,2.2717,3.6,41.64,86600.0,1.4,37.99,79010.0,45510.0,59570.0,104300.0,130240.0,BLS OEWS May 2025 special education aggregation
Metropolitan Area,5100002,Southside Virginia nonmetropolitan area,Bachelor's degree,18120.0,17.5922,1.1,39.55,82260.0,0.8,35.47,73770.0,40150.0,52420.0,96490.0,131950.0,BLS OEWS May 2025 special education aggregation
Metropolitan Area,5100002,Southside Virginia nonmetropolitan area,Associate's degree,1820.0,1.768,2.6,30.49,63420.0,1.1,29.45,61250.0,35090.0,45930.0,78990.0,95030.0,BLS OEWS May 2025 special education aggregation
Metropolitan Area,5100002,Southside Virginia nonmetropolitan area,Postsecondary nondegree award,8130.0,7.8923000000000005,1.8,24.07,50060.0,0.7,22.35,46500.0,34080.0,38370.0,59180.0,71750.0,BLS OEWS May 2025 special education aggregation
Metropolitan Area,5100002,Southside Virginia nonmetropolitan area,"Some college, no degree",2300.0,2.2355,2.4,20.0,41610.0,0.7,18.08,37600.0,27050.0,29480.0,49030.0,61490.0,BLS OEWS May 2025 special education aggregation
Metropolitan Area,5100002,Southside Virginia nonmetropolitan area,High school diploma or equivalent,42310.0,41.0651,0.7,23.54,48970.0,0.6,22.03,45810.0,28420.0,35450.0,57210.0,73200.0,BLS OEWS May 2025 special education aggregation
Metropolitan Area,5100002,Southside Virginia nonmetropolitan area,No formal educational credential,25930.0,25.1721,0.7,16.98,35310.0,0.5,15.45,32140.0,26820.0,28540.0,37370.0,47180.0,BLS OEWS May 2025 special education aggregation
Metropolitan Area,5100003,Northeast Virginia nonmetropolitan area,Doctoral or professional degree,900.0,1.5539,3.9,70.75,147160.0,5.4,60.83,126530.0,65430.0,92310.0,160220.0,215460.0,BLS OEWS May 2025 special education aggregation
Metropolitan Area,5100003,Northeast Virginia nonmetropolitan area,Master's degree,2160.0,3.7405,1.9,53.81,111920.0,0.8,52.37,108930.0,57940.0,81420.0,144160.0,156750.0,BLS OEWS May 2025 special education aggregation
Metropolitan Area,5100003,Northeast Virginia nonmetropolitan area,Bachelor's degree,15760.0,27.3302,0.7,48.29,100440.0,0.6,43.26,89990.0,46600.0,59980.0,134260.0,165880.0,BLS OEWS May 2025 special education aggregation
Metropolitan Area,5100003,Northeast Virginia nonmetropolitan area,Associate's degree,1250.0,2.1725000000000003,2.8,41.68,86690.0,1.0,37.2,77380.0,36540.0,48640.0,122100.0,156190.0,BLS OEWS May 2025 special education aggregation
Metropolitan Area,5100003,Northeast Virginia nonmetropolitan area,Postsecondary nondegree award,3360.0,5.8244,2.0,24.68,51330.0,0.8,22.86,47540.0,35420.0,38950.0,60420.0,74520.0,BLS OEWS May 2025 special education aggregation
Metropolitan Area,5100003,Northeast Virginia nonmetropolitan area,"Some college, no degree",1470.0,2.5448,2.6,20.78,43220.0,1.3,18.88,39260.0,28430.0,31040.0,47980.0,61570.0,BLS OEWS May 2025 special education aggregation
Metropolitan Area,5100003,Northeast Virginia nonmetropolitan area,High school diploma or equivalent,17690.0,30.6838,0.7,23.63,49150.0,0.5,21.55,44810.0,30360.0,35140.0,58280.0,74880.0,BLS OEWS May 2025 special education aggregation
Metropolitan Area,5100003,Northeast Virginia nonmetropolitan area,No formal educational credential,15080.0,26.149900000000002,0.9,17.05,35460.0,0.6,16.28,33860.0,27230.0,28780.0,37430.0,46610.0,BLS OEWS May 2025 special education aggregation
Metropolitan Area,5100004,Northwest Virginia nonmetropolitan area,Doctoral or professional degree,1650.0,2.5313,3.2,58.7,122100.0,2.0,47.08,97930.0,59210.0,67640.0,146050.0,214830.0,BLS OEWS May 2025 special education aggregation
Metropolitan Area,5100004,Northwest Virginia nonmetropolitan area,Master's degree,1570.0,2.4082999999999997,2.7,40.42,84070.0,2.7,36.33,75570.0,45660.0,59610.0,102170.0,128810.0,BLS OEWS May 2025 special education aggregation
Metropolitan Area,5100004,Northwest Virginia nonmetropolitan area,Bachelor's degree,11850.0,18.1759,0.8,41.02,85320.0,0.8,34.62,72000.0,44530.0,55440.0,101100.0,143070.0,BLS OEWS May 2025 special education aggregation
Metropolitan Area,5100004,Northwest Virginia nonmetropolitan area,Associate's degree,1210.0,1.8603,4.7,31.8,66150.0,1.4,29.45,61250.0,35590.0,46020.0,82040.0,103500.0,BLS OEWS May 2025 special education aggregation
Metropolitan Area,5100004,Northwest Virginia nonmetropolitan area,Postsecondary nondegree award,4180.0,6.4148,3.7,24.79,51550.0,0.8,23.01,47850.0,35700.0,39030.0,60290.0,73600.0,BLS OEWS May 2025 special education aggregation
Metropolitan Area,5100004,Northwest Virginia nonmetropolitan area,"Some college, no degree",1660.0,2.5393,2.2,20.58,42810.0,1.0,18.97,39450.0,25810.0,30770.0,49000.0,60400.0,BLS OEWS May 2025 special education aggregation
Metropolitan Area,5100004,Northwest Virginia nonmetropolitan area,High school diploma or equivalent,24660.0,37.8125,0.6,24.56,51070.0,0.4,22.27,46320.0,29500.0,36440.0,59840.0,77620.0,BLS OEWS May 2025 special education aggregation
Metropolitan Area,5100004,Northwest Virginia nonmetropolitan area,No formal educational credential,18430.0,28.2575,0.7,18.1,37640.0,0.5,16.52,34370.0,27330.0,29090.0,39340.0,55830.0,BLS OEWS May 2025 special education aggregation
Metropolitan Area,5300006,Western Washington nonmetropolitan area,Doctoral or professional degree,1910.0,1.4727000000000001,3.5,79.91,166210.0,1.7,62.74,130500.0,64690.0,91830.0,201960.0,350660.0,BLS OEWS May 2025 special education aggregation
Metropolitan Area,5300006,Western Washington nonmetropolitan area,Master's degree,3110.0,2.3914,3.3,46.79,97310.0,1.8,41.7,86730.0,46990.0,61720.0,125820.0,157670.0,BLS OEWS May 2025 special education aggregation
Metropolitan Area,5300006,Western Washington nonmetropolitan area,Bachelor's degree,22720.0,17.4939,0.9,48.92,101750.0,0.6,45.39,94420.0,52340.0,68920.0,122010.0,158470.0,BLS OEWS May 2025 special education aggregation
Metropolitan Area,5300006,Western Washington nonmetropolitan area,Associate's degree,2260.0,1.741,2.9,37.55,78100.0,1.0,34.97,72740.0,41730.0,53060.0,100050.0,124690.0,BLS OEWS May 2025 special education aggregation
Metropolitan Area,5300006,Western Washington nonmetropolitan area,Postsecondary nondegree award,8460.0,6.511,3.3,31.16,64820.0,1.3,28.98,60270.0,42140.0,48190.0,75150.0,95630.0,BLS OEWS May 2025 special education aggregation
Metropolitan Area,5300006,Western Washington nonmetropolitan area,"Some college, no degree",4680.0,3.5995,2.6,26.91,55970.0,1.5,24.69,51360.0,38620.0,46910.0,61430.0,76470.0,BLS OEWS May 2025 special education aggregation
Metropolitan Area,5300006,Western Washington nonmetropolitan area,High school diploma or equivalent,48670.0,37.473,0.7,29.73,61850.0,0.5,27.05,56260.0,38810.0,46170.0,72800.0,92110.0,BLS OEWS May 2025 special education aggregation
Metropolitan Area,5300006,Western Washington nonmetropolitan area,No formal educational credential,38080.0,29.317500000000003,0.8,21.49,44700.0,0.6,19.41,40380.0,35400.0,36690.0,47820.0,59340.0,BLS OEWS May 2025 special education aggregation
Metropolitan Area,5300007,Eastern Washington nonmetropolitan area,Doctoral or professional degree,2650.0,2.4382,1.4,64.89,134970.0,2.2,51.43,106970.0,51500.0,68230.0,157760.0,269760.0,BLS OEWS May 2025 special education aggregation
Metropolitan Area,5300007,Eastern Washington nonmetropolitan area,Master's degree,2510.0,2.3063,3.2,50.17,104360.0,0.6,43.5,90480.0,54510.0,65210.0,131810.0,163140.0,BLS OEWS May 2025 special education aggregation
Metropolitan Area,5300007,Eastern Washington nonmetropolitan area,Bachelor's degree,22470.0,20.6716,1.2,48.17,100200.0,0.9,42.82,89070.0,50710.0,65360.0,118740.0,160760.0,BLS OEWS May 2025 special education aggregation
Metropolitan Area,5300007,Eastern Washington nonmetropolitan area,Associate's degree,2730.0,2.5114,2.0,33.76,70210.0,1.4,30.01,62420.0,43090.0,50850.0,83780.0,109290.0,BLS OEWS May 2025 special education aggregation
Metropolitan Area,5300007,Eastern Washington nonmetropolitan area,Postsecondary nondegree award,6950.0,6.3942,2.1,30.57,63580.0,1.1,28.13,58510.0,40340.0,47420.0,74320.0,94270.0,BLS OEWS May 2025 special education aggregation
Metropolitan Area,5300007,Eastern Washington nonmetropolitan area,"Some college, no degree",4040.0,3.7179,2.2,24.72,51420.0,0.8,22.64,47100.0,37870.0,42240.0,57680.0,68660.0,BLS OEWS May 2025 special education aggregation
Metropolitan Area,5300007,Eastern Washington nonmetropolitan area,High school diploma or equivalent,36870.0,33.9167,0.9,29.67,61710.0,0.5,25.97,54020.0,38420.0,45610.0,71070.0,95110.0,BLS OEWS May 2025 special education aggregation
Metropolitan Area,5300007,Eastern Washington nonmetropolitan area,No formal educational credential,30490.0,28.0435,0.7,21.01,43700.0,0.5,18.69,38880.0,35200.0,36300.0,46920.0,57680.0,BLS OEWS May 2025 special education aggregation
Metropolitan Area,5400001,Southern West Virginia nonmetropolitan area,Doctoral or professional degree,1580.0,2.0738,4.9,66.09,137460.0,3.5,50.12,104260.0,52120.0,66800.0,161820.0,273840.0,BLS OEWS May 2025 special education aggregation
Metropolitan Area,5400001,Southern West Virginia nonmetropolitan area,Master's degree,2030.0,2.669,5.0,40.41,84050.0,2.6,35.54,73920.0,40000.0,50070.0,103000.0,134430.0,BLS OEWS May 2025 special education aggregation
Metropolitan Area,5400001,Southern West Virginia nonmetropolitan area,Bachelor's degree,13170.0,17.335900000000002,2.0,35.94,74760.0,1.4,29.63,61620.0,43300.0,49800.0,84010.0,120890.0,BLS OEWS May 2025 special education aggregation
Metropolitan Area,5400001,Southern West Virginia nonmetropolitan area,Associate's degree,1560.0,2.0523,3.4,26.3,54700.0,1.6,24.94,51880.0,28650.0,37220.0,66440.0,79040.0,BLS OEWS May 2025 special education aggregation
Metropolitan Area,5400001,Southern West Virginia nonmetropolitan area,Postsecondary nondegree award,6300.0,8.2957,2.5,21.54,44800.0,1.1,19.64,40860.0,30390.0,35680.0,52190.0,63160.0,BLS OEWS May 2025 special education aggregation
Metropolitan Area,5400001,Southern West Virginia nonmetropolitan area,"Some college, no degree",1890.0,2.4851,5.4,17.81,37040.0,1.5,16.96,35280.0,27420.0,29430.0,41750.0,51900.0,BLS OEWS May 2025 special education aggregation
Metropolitan Area,5400001,Southern West Virginia nonmetropolitan area,High school diploma or equivalent,30050.0,39.551100000000005,0.9,22.15,46070.0,0.5,18.73,38950.0,25530.0,29860.0,56500.0,76980.0,BLS OEWS May 2025 special education aggregation
Metropolitan Area,5400001,Southern West Virginia nonmetropolitan area,No formal educational credential,19400.0,25.537200000000002,0.9,16.2,33690.0,0.6,14.08,29280.0,21590.0,23160.0,36650.0,54750.0,BLS OEWS May 2025 special education aggregation
Metropolitan Area,5400002,Northern West Virginia nonmetropolitan area,Doctoral or professional degree,2840.0,1.9495999999999998,4.6,67.88,141200.0,4.4,49.97,103940.0,52120.0,65940.0,160500.0,300160.0,BLS OEWS May 2025 special education aggregation
Metropolitan Area,5400002,Northern West Virginia nonmetropolitan area,Master's degree,3200.0,2.1946000000000003,4.1,39.5,82160.0,1.9,35.14,73090.0,37080.0,49970.0,103340.0,130610.0,BLS OEWS May 2025 special education aggregation
Metropolitan Area,5400002,Northern West Virginia nonmetropolitan area,Bachelor's degree,28310.0,19.4209,1.7,39.08,81290.0,0.8,32.58,67770.0,42420.0,52100.0,97940.0,133620.0,BLS OEWS May 2025 special education aggregation
Metropolitan Area,5400002,Northern West Virginia nonmetropolitan area,Associate's degree,3550.0,2.4373,3.5,28.15,58550.0,1.4,28.26,58790.0,29500.0,41470.0,74030.0,85980.0,BLS OEWS May 2025 special education aggregation
Metropolitan Area,5400002,Northern West Virginia nonmetropolitan area,Postsecondary nondegree award,11260.0,7.727200000000001,2.3,22.22,46210.0,0.9,21.09,43860.0,30750.0,35970.0,52530.0,63980.0,BLS OEWS May 2025 special education aggregation
Metropolitan Area,5400002,Northern West Virginia nonmetropolitan area,"Some college, no degree",3250.0,2.2276,5.0,19.21,39950.0,2.2,17.55,36510.0,28250.0,29880.0,45770.0,57650.0,BLS OEWS May 2025 special education aggregation
Metropolitan Area,5400002,Northern West Virginia nonmetropolitan area,High school diploma or equivalent,56380.0,38.682100000000005,1.0,22.9,47630.0,0.5,20.18,41980.0,26970.0,30900.0,57560.0,79230.0,BLS OEWS May 2025 special education aggregation
Metropolitan Area,5400002,Northern West Virginia nonmetropolitan area,No formal educational credential,36960.0,25.3607,1.1,16.06,33400.0,0.5,14.29,29720.0,21880.0,24080.0,36990.0,48310.0,BLS OEWS May 2025 special education aggregation
Metropolitan Area,5500001,Northwestern Wisconsin nonmetropolitan area,Doctoral or professional degree,610.0,1.2659,2.2,87.71,182430.0,2.6,60.27,125360.0,65800.0,91600.0,224330.0,400870.0,BLS OEWS May 2025 special education aggregation
Metropolitan Area,5500001,Northwestern Wisconsin nonmetropolitan area,Master's degree,970.0,2.0158,4.2,42.26,87890.0,1.2,37.73,78470.0,47580.0,59420.0,103940.0,129990.0,BLS OEWS May 2025 special education aggregation
Metropolitan Area,5500001,Northwestern Wisconsin nonmetropolitan area,Bachelor's degree,8560.0,17.7068,1.4,39.58,82330.0,0.6,36.08,75040.0,46630.0,58180.0,96100.0,125280.0,BLS OEWS May 2025 special education aggregation
Metropolitan Area,5500001,Northwestern Wisconsin nonmetropolitan area,Associate's degree,920.0,1.9021000000000001,2.2,30.5,63430.0,0.6,28.97,60250.0,36750.0,45030.0,80570.0,96100.0,BLS OEWS May 2025 special education aggregation
Metropolitan Area,5500001,Northwestern Wisconsin nonmetropolitan area,Postsecondary nondegree award,3190.0,6.6068,4.8,25.32,52670.0,1.2,23.37,48620.0,36820.0,41770.0,59620.0,75510.0,BLS OEWS May 2025 special education aggregation
Metropolitan Area,5500001,Northwestern Wisconsin nonmetropolitan area,"Some college, no degree",1350.0,2.7976,3.0,20.91,43490.0,1.6,18.48,38430.0,31030.0,35740.0,49560.0,61330.0,BLS OEWS May 2025 special education aggregation
Metropolitan Area,5500001,Northwestern Wisconsin nonmetropolitan area,High school diploma or equivalent,20160.0,41.693599999999996,0.7,24.53,51030.0,0.5,22.58,46960.0,31970.0,38150.0,58700.0,74330.0,BLS OEWS May 2025 special education aggregation
Metropolitan Area,5500001,Northwestern Wisconsin nonmetropolitan area,No formal educational credential,12580.0,26.0111,0.8,17.24,35850.0,0.6,16.49,34310.0,22260.0,28250.0,40530.0,50290.0,BLS OEWS May 2025 special education aggregation
Metropolitan Area,5500002,Northeastern Wisconsin nonmetropolitan area,Doctoral or professional degree,3100.0,1.5781,2.2,86.03,178940.0,1.9,60.54,125920.0,65410.0,80810.0,231890.0,391740.0,BLS OEWS May 2025 special education aggregation
Metropolitan Area,5500002,Northeastern Wisconsin nonmetropolitan area,Master's degree,3620.0,1.8436,2.9,43.06,89560.0,1.1,38.05,79150.0,48270.0,61180.0,107240.0,130770.0,BLS OEWS May 2025 special education aggregation
Metropolitan Area,5500002,Northeastern Wisconsin nonmetropolitan area,Bachelor's degree,35440.0,18.067500000000003,0.9,42.81,89040.0,0.5,37.59,78200.0,47950.0,60820.0,101240.0,136040.0,BLS OEWS May 2025 special education aggregation
Metropolitan Area,5500002,Northeastern Wisconsin nonmetropolitan area,Associate's degree,3500.0,1.7817,2.6,31.01,64500.0,0.8,29.84,62080.0,35530.0,45160.0,81010.0,97400.0,BLS OEWS May 2025 special education aggregation
Metropolitan Area,5500002,Northeastern Wisconsin nonmetropolitan area,Postsecondary nondegree award,15800.0,8.0554,1.4,25.61,53270.0,0.5,25.77,53590.0,37500.0,45560.0,58630.0,71630.0,BLS OEWS May 2025 special education aggregation
Metropolitan Area,5500002,Northeastern Wisconsin nonmetropolitan area,"Some college, no degree",4650.0,2.3698,3.0,21.71,45160.0,0.7,20.1,41810.0,33130.0,37290.0,51010.0,61500.0,BLS OEWS May 2025 special education aggregation
Metropolitan Area,5500002,Northeastern Wisconsin nonmetropolitan area,High school diploma or equivalent,77670.0,39.5948,0.6,25.0,51990.0,0.3,22.84,47510.0,31530.0,37940.0,60390.0,76900.0,BLS OEWS May 2025 special education aggregation
Metropolitan Area,5500002,Northeastern Wisconsin nonmetropolitan area,No formal educational credential,52400.0,26.7089,0.6,17.09,35550.0,0.5,16.39,34090.0,22150.0,28100.0,39880.0,49310.0,BLS OEWS May 2025 special education aggregation
Metropolitan Area,5500003,South Central Wisconsin nonmetropolitan area,Doctoral or professional degree,3200.0,1.5178,2.0,77.12,160410.0,3.7,51.29,106690.0,59660.0,76520.0,176870.0,362870.0,BLS OEWS May 2025 special education aggregation
Metropolitan Area,5500003,South Central Wisconsin nonmetropolitan area,Master's degree,3130.0,1.4818,2.9,42.01,87380.0,1.5,36.6,76130.0,47010.0,59330.0,104260.0,132260.0,BLS OEWS May 2025 special education aggregation
Metropolitan Area,5500003,South Central Wisconsin nonmetropolitan area,Bachelor's degree,34210.0,16.2153,0.8,42.92,89280.0,0.5,37.25,77480.0,48510.0,61110.0,102280.0,137340.0,BLS OEWS May 2025 special education aggregation
Metropolitan Area,5500003,South Central Wisconsin nonmetropolitan area,Associate's degree,3440.0,1.6296,1.8,29.58,61530.0,0.6,28.3,58860.0,35650.0,45450.0,76980.0,95770.0,BLS OEWS May 2025 special education aggregation
Metropolitan Area,5500003,South Central Wisconsin nonmetropolitan area,Postsecondary nondegree award,13390.0,6.3485,1.6,24.9,51800.0,0.9,23.27,48400.0,34590.0,40370.0,59970.0,74410.0,BLS OEWS May 2025 special education aggregation
Metropolitan Area,5500003,South Central Wisconsin nonmetropolitan area,"Some college, no degree",4840.0,2.2954,3.2,21.12,43930.0,1.1,19.28,40100.0,28440.0,36810.0,49900.0,61560.0,BLS OEWS May 2025 special education aggregation
Metropolitan Area,5500003,South Central Wisconsin nonmetropolitan area,High school diploma or equivalent,87990.0,41.709199999999996,0.5,25.69,53430.0,0.3,23.17,48190.0,33860.0,38670.0,61320.0,79010.0,BLS OEWS May 2025 special education aggregation
Metropolitan Area,5500003,South Central Wisconsin nonmetropolitan area,No formal educational credential,60760.0,28.802300000000002,0.6,17.49,36390.0,0.4,16.68,34680.0,22420.0,28570.0,42030.0,51280.0,BLS OEWS May 2025 special education aggregation
Metropolitan Area,5500004,Western Wisconsin nonmetropolitan area,Doctoral or professional degree,1690.0,1.3218999999999999,1.8,84.73,176240.0,2.6,58.31,121280.0,61740.0,79490.0,224430.0,392220.0,BLS OEWS May 2025 special education aggregation
Metropolitan Area,5500004,Western Wisconsin nonmetropolitan area,Master's degree,2400.0,1.8789000000000002,3.1,41.78,86900.0,1.1,36.86,76660.0,45860.0,58520.0,102590.0,138670.0,BLS OEWS May 2025 special education aggregation
Metropolitan Area,5500004,Western Wisconsin nonmetropolitan area,Bachelor's degree,21720.0,17.028,1.1,41.54,86400.0,0.5,37.08,77120.0,47800.0,59870.0,100920.0,131060.0,BLS OEWS May 2025 special education aggregation
Metropolitan Area,5500004,Western Wisconsin nonmetropolitan area,Associate's degree,2080.0,1.6316,1.8,31.01,64500.0,0.8,29.8,61990.0,35210.0,45770.0,81650.0,97260.0,BLS OEWS May 2025 special education aggregation
Metropolitan Area,5500004,Western Wisconsin nonmetropolitan area,Postsecondary nondegree award,10480.0,8.220099999999999,1.8,25.86,53780.0,0.7,24.27,50480.0,37040.0,44620.0,61080.0,74880.0,BLS OEWS May 2025 special education aggregation
Metropolitan Area,5500004,Western Wisconsin nonmetropolitan area,"Some college, no degree",3170.0,2.4852,5.5,20.99,43660.0,1.2,18.89,39300.0,30910.0,36570.0,49220.0,60010.0,BLS OEWS May 2025 special education aggregation
Metropolitan Area,5500004,Western Wisconsin nonmetropolitan area,High school diploma or equivalent,51920.0,40.7098,0.6,25.52,53070.0,0.4,23.14,48130.0,33890.0,39020.0,60550.0,77770.0,BLS OEWS May 2025 special education aggregation
Metropolitan Area,5500004,Western Wisconsin nonmetropolitan area,No formal educational credential,34090.0,26.724400000000003,0.8,18.13,37720.0,0.4,17.07,35510.0,22780.0,28800.0,44890.0,56470.0,BLS OEWS May 2025 special education aggregation
Metropolitan Area,5600006,Western Wyoming nonmetropolitan area,Doctoral or professional degree,1550.0,1.536,6.1,68.32,142110.0,3.0,49.0,101910.0,48660.0,62210.0,152820.0,299250.0,BLS OEWS May 2025 special education aggregation
Metropolitan Area,5600006,Western Wyoming nonmetropolitan area,Master's degree,2030.0,2.0039000000000002,4.8,40.53,84310.0,2.0,36.19,75270.0,40070.0,57740.0,103370.0,134980.0,BLS OEWS May 2025 special education aggregation
Metropolitan Area,5600006,Western Wyoming nonmetropolitan area,Bachelor's degree,19950.0,19.714599999999997,1.0,43.75,91000.0,1.2,37.58,78170.0,46060.0,60760.0,105770.0,148810.0,BLS OEWS May 2025 special education aggregation
Metropolitan Area,5600006,Western Wyoming nonmetropolitan area,Associate's degree,2250.0,2.2227,7.2,29.68,61740.0,3.4,27.78,57780.0,29350.0,43660.0,78800.0,96770.0,BLS OEWS May 2025 special education aggregation
Metropolitan Area,5600006,Western Wyoming nonmetropolitan area,Postsecondary nondegree award,6160.0,6.0911,2.9,25.69,53440.0,1.3,23.53,48940.0,34460.0,39550.0,62090.0,77990.0,BLS OEWS May 2025 special education aggregation
Metropolitan Area,5600006,Western Wyoming nonmetropolitan area,"Some college, no degree",3260.0,3.2219,4.8,21.53,44790.0,1.2,19.08,39680.0,30390.0,36420.0,50030.0,62400.0,BLS OEWS May 2025 special education aggregation
Metropolitan Area,5600006,Western Wyoming nonmetropolitan area,High school diploma or equivalent,38500.0,38.0509,0.8,28.74,59790.0,0.7,25.21,52440.0,31270.0,39910.0,73480.0,100930.0,BLS OEWS May 2025 special education aggregation
Metropolitan Area,5600006,Western Wyoming nonmetropolitan area,No formal educational credential,27480.0,27.159,1.1,18.43,38330.0,0.8,17.41,36210.0,22030.0,28450.0,44990.0,56720.0,BLS OEWS May 2025 special education aggregation
Metropolitan Area,5600007,Eastern Wyoming nonmetropolitan area,Doctoral or professional degree,2360.0,2.7617000000000003,2.0,64.55,134260.0,4.3,48.41,100680.0,52350.0,77060.0,135490.0,317880.0,BLS OEWS May 2025 special education aggregation
Metropolitan Area,5600007,Eastern Wyoming nonmetropolitan area,Master's degree,2010.0,2.3585000000000003,2.4,40.67,84590.0,1.4,35.8,74460.0,43070.0,54990.0,103860.0,135190.0,BLS OEWS May 2025 special education aggregation
Metropolitan Area,5600007,Eastern Wyoming nonmetropolitan area,Bachelor's degree,17040.0,19.9507,0.9,42.24,87870.0,0.7,36.35,75600.0,45210.0,58630.0,104370.0,144050.0,BLS OEWS May 2025 special education aggregation
Metropolitan Area,5600007,Eastern Wyoming nonmetropolitan area,Associate's degree,2040.0,2.3861999999999997,3.4,29.95,62290.0,1.2,28.82,59940.0,34630.0,47930.0,78290.0,96890.0,BLS OEWS May 2025 special education aggregation
Metropolitan Area,5600007,Eastern Wyoming nonmetropolitan area,Postsecondary nondegree award,5480.0,6.4186000000000005,2.7,26.86,55860.0,1.2,24.83,51650.0,36390.0,39950.0,64210.0,82230.0,BLS OEWS May 2025 special education aggregation
Metropolitan Area,5600007,Eastern Wyoming nonmetropolitan area,"Some college, no degree",2600.0,3.0428,6.0,21.56,44830.0,1.8,18.73,38960.0,27820.0,35600.0,50800.0,66270.0,BLS OEWS May 2025 special education aggregation
Metropolitan Area,5600007,Eastern Wyoming nonmetropolitan area,High school diploma or equivalent,32770.0,38.3656,0.9,28.17,58590.0,0.5,25.09,52180.0,32050.0,39690.0,73220.0,91140.0,BLS OEWS May 2025 special education aggregation
Metropolitan Area,5600007,Eastern Wyoming nonmetropolitan area,No formal educational credential,21110.0,24.715899999999998,1.1,17.72,36860.0,0.7,16.98,35320.0,22030.0,28460.0,42680.0,53340.0,BLS OEWS May 2025 special education aggregation
Metropolitan Area,7200006,Puerto Rico nonmetropolitan area,Doctoral or professional degree,310.0,1.0394,5.2,48.63,101150.0,5.2,44.57,92700.0,47700.0,69700.0,117880.0,133300.0,BLS OEWS May 2025 special education aggregation
Metropolitan Area,7200006,Puerto Rico nonmetropolitan area,Master's degree,380.0,1.2926,1.9,31.89,66330.0,1.8,29.79,61970.0,34700.0,51180.0,85120.0,97210.0,BLS OEWS May 2025 special education aggregation
Metropolitan Area,7200006,Puerto Rico nonmetropolitan area,Bachelor's degree,4730.0,16.043,1.8,27.78,57780.0,0.6,26.54,55190.0,29760.0,41600.0,62930.0,80600.0,BLS OEWS May 2025 special education aggregation
Metropolitan Area,7200006,Puerto Rico nonmetropolitan area,Associate's degree,560.0,1.9033000000000002,3.9,20.68,43010.0,3.2,17.28,35950.0,27740.0,31820.0,50300.0,66390.0,BLS OEWS May 2025 special education aggregation
Metropolitan Area,7200006,Puerto Rico nonmetropolitan area,Postsecondary nondegree award,860.0,2.9135,4.0,14.13,29390.0,1.8,11.66,24240.0,21840.0,21840.0,31920.0,45730.0,BLS OEWS May 2025 special education aggregation
Metropolitan Area,7200006,Puerto Rico nonmetropolitan area,"Some college, no degree",580.0,1.9814,4.1,13.68,28440.0,1.0,11.87,24690.0,22650.0,23090.0,34870.0,35850.0,BLS OEWS May 2025 special education aggregation
Metropolitan Area,7200006,Puerto Rico nonmetropolitan area,High school diploma or equivalent,11350.0,38.5122,1.0,14.68,30540.0,0.5,12.47,25930.0,21840.0,21840.0,32930.0,45880.0,BLS OEWS May 2025 special education aggregation
Metropolitan Area,7200006,Puerto Rico nonmetropolitan area,No formal educational credential,10700.0,36.3142,1.6,11.76,24460.0,0.5,10.5,21840.0,21840.0,21840.0,23340.0,31240.0,BLS OEWS May 2025 special education aggregation
