soc_code,occupation_title,employment_2025,employment_relative_standard_error,hourly_mean_wage_2025,annual_mean_wage_2025,mean_wage_relative_standard_error,hourly_wage_p10_2025,hourly_wage_p25_2025,hourly_median_wage_2025,hourly_wage_p75_2025,hourly_wage_p90_2025,annual_wage_p10_2025,annual_wage_p25_2025,annual_median_wage_2025,annual_wage_p75_2025,annual_wage_p90_2025,projection_title,employment_2024_thousands,employment_2034_thousands,employment_change_2024_2034_thousands,employment_change_percent_2024_2034,percent_self_employed_2024,annual_openings_2024_2034_thousands,annual_median_wage_2024,typical_entry_education,related_work_experience,on_the_job_training,oews_typical_entry_education,onet_soc_code,onet_title,description,onet_job_zone,onet_job_zone_date,occupation_title_search,source_vintage
11-1011,Chief Executives,204350,3.1,129.63,269630.0,1.9,36.39,62.28,102.88,171.25,244.1,75700.0,129540.0,213990.0,356200.0,507730.0,      Chief executives,309.4,322.7,13.3,4.3,25.9,22.2,206420.0,Bachelor's degree,5 years or more,,Bachelor's degree,11-1011.00,Chief Executives,"Determine and formulate policies and provide overall direction of companies or private and public sector organizations within guidelines set up by a board of directors or similar governing body. Plan, direct, or coordinate operational activities at the highest level of management with the help of subordinate executives and staff managers.",5.0,08/2023,chief executives,BLS OEWS May 2025 + BLS projections 2024–2034 + O*NET 30.3
11-1021,General and Operations Managers,3503020,0.3,64.87,134940.0,0.3,24.08,34.77,50.85,80.42,121.82,50090.0,72320.0,105770.0,167280.0,253390.0,      General and operations managers,3712.9,3876.8,164.0,4.4,0.9,308.7,102950.0,Bachelor's degree,5 years or more,,Bachelor's degree,11-1021.00,General and Operations Managers,"Plan, direct, or coordinate the operations of public or private sector organizations, overseeing multiple departments or locations. Duties and responsibilities include formulating policies, managing daily operations, and planning the use of materials and human resources, but are too diverse and general in nature to be classified in any one functional area of management or administration, such as personnel, purchasing, or administrative services. Usually manage through subordinate supervisors. Excludes First-Line Supervisors.",4.0,08/2023,general and operations managers,BLS OEWS May 2025 + BLS projections 2024–2034 + O*NET 30.3
11-2011,Advertising and Promotions Managers,21470,3.9,74.18,154280.0,3.0,30.43,43.93,64.26,96.66,137.62,63300.0,91370.0,133660.0,201050.0,286240.0,      Advertising and promotions managers,27.0,26.4,-0.6,-2.2,20.7,2.1,126960.0,Bachelor's degree,Less than 5 years,,Bachelor's degree,11-2011.00,Advertising and Promotions Managers,"Plan, direct, or coordinate advertising policies and programs or produce collateral materials, such as posters, contests, coupons, or giveaways, to create extra interest in the purchase of a product or service for a department, an entire organization, or on an account basis.",4.0,08/2018,advertising and promotions managers,BLS OEWS May 2025 + BLS projections 2024–2034 + O*NET 30.3
11-2021,Marketing Managers,395240,0.8,85.47,177770.0,0.3,43.39,59.15,80.19,104.04,141.16,90260.0,123020.0,166790.0,216410.0,293610.0,        Marketing managers,407.0,433.7,26.7,6.6,3.6,34.3,161030.0,Bachelor's degree,5 years or more,,Bachelor's degree,11-2021.00,Marketing Managers,"Plan, direct, or coordinate marketing policies and programs, such as determining the demand for products and services offered by a firm and its competitors, and identify potential customers. Develop pricing strategies with the goal of maximizing the firm's profits or share of the market while ensuring the firm's customers are satisfied. Oversee product development or monitor trends that indicate the need for new products and services.",4.0,07/2015,marketing managers,BLS OEWS May 2025 + BLS projections 2024–2034 + O*NET 30.3
11-2022,Sales Managers,637080,1.1,79.02,164350.0,0.4,35.18,48.25,71.28,99.68,139.68,73170.0,100360.0,148270.0,207340.0,290540.0,        Sales managers,619.5,648.5,29.0,4.7,0.9,49.0,138060.0,Bachelor's degree,Less than 5 years,,Bachelor's degree,11-2022.00,Sales Managers,"Plan, direct, or coordinate the actual distribution or movement of a product or service to the customer. Coordinate sales distribution by establishing sales territories, quotas, and goals and establish training programs for sales representatives. Analyze sales statistics gathered by staff to determine sales potential and inventory requirements and monitor the preferences of customers.",4.0,08/2025,sales managers,BLS OEWS May 2025 + BLS projections 2024–2034 + O*NET 30.3
11-2032,Public Relations Managers,74850,1.8,79.21,164760.0,0.8,39.62,51.24,70.63,98.33,137.01,82410.0,106580.0,146910.0,204520.0,284990.0,        Public relations managers,83.2,87.3,4.1,5.0,0.3,6.6,138520.0,Bachelor's degree,5 years or more,,Bachelor's degree,11-2032.00,Public Relations Managers,"Plan, direct, or coordinate activities designed to create or maintain a favorable public image or raise issue awareness for their organization or client.",4.0,11/2021,public relations managers,BLS OEWS May 2025 + BLS projections 2024–2034 + O*NET 30.3
11-2033,Fundraising Managers,38810,1.4,67.32,140020.0,0.9,36.12,46.14,60.32,81.73,106.9,75130.0,95970.0,125470.0,169990.0,222350.0,        Fundraising managers,45.7,47.6,1.9,4.2,0.2,3.6,123480.0,Bachelor's degree,5 years or more,,Bachelor's degree,11-2033.00,Fundraising Managers,"Plan, direct, or coordinate activities to solicit and maintain funds for special projects or nonprofit organizations.",4.0,08/2025,fundraising managers,BLS OEWS May 2025 + BLS projections 2024–2034 + O*NET 30.3
11-3012,Administrative Services Managers,263960,1.2,62.44,129870.0,0.5,32.26,41.57,54.87,75.69,99.86,67100.0,86460.0,114130.0,157420.0,207720.0,        Administrative services managers,271.2,283.8,12.6,4.6,0.0,23.2,108390.0,Bachelor's degree,Less than 5 years,,Bachelor's degree,11-3012.00,Administrative Services Managers,"Plan, direct, or coordinate one or more administrative services of an organization, such as records and information management, mail distribution, and other office support services.",3.0,07/2017,administrative services managers,BLS OEWS May 2025 + BLS projections 2024–2034 + O*NET 30.3
11-3013,Facilities Managers,156180,1.1,56.2,116890.0,0.5,31.0,39.43,51.28,66.76,84.67,64480.0,82020.0,106660.0,138870.0,176120.0,        Facilities managers,151.4,157.1,5.7,3.8,,13.2,104690.0,Bachelor's degree,Less than 5 years,,Bachelor's degree,11-3013.00,Facilities Managers,"Plan, direct, or coordinate operations and functionalities of facilities and buildings. May include surrounding grounds or multiple facilities of an organization's campus.",3.0,08/2024,facilities managers,BLS OEWS May 2025 + BLS projections 2024–2034 + O*NET 30.3
11-3021,Computer and Information Systems Managers,670570,0.5,92.39,192160.0,0.3,51.71,66.38,84.2,106.12,143.03,107550.0,138060.0,175140.0,220730.0,297510.0,      Computer and information systems managers,667.1,768.7,101.6,15.2,0.9,55.6,171200.0,Bachelor's degree,5 years or more,,Bachelor's degree,11-3021.00,Computer and Information Systems Managers,"Plan, direct, or coordinate activities in such fields as electronic data processing, information systems, systems analysis, and computer programming.",4.0,07/2016,computer and information systems managers,BLS OEWS May 2025 + BLS projections 2024–2034 + O*NET 30.3
11-3031,Financial Managers,841710,0.5,89.86,186910.0,0.4,45.34,60.33,80.08,105.76,155.42,94310.0,125490.0,166570.0,219980.0,323270.0,      Financial managers,868.6,997.4,128.8,14.8,2.4,74.6,161700.0,Bachelor's degree,5 years or more,,Bachelor's degree,11-3031.00,Financial Managers,"Plan, direct, or coordinate accounting, investing, banking, insurance, securities, and other financial activities of a branch, office, or department of an establishment.",4.0,08/2022,financial managers,BLS OEWS May 2025 + BLS projections 2024–2034 + O*NET 30.3
11-3051,Industrial Production Managers,246250,0.5,64.5,134170.0,0.3,37.5,47.19,60.61,77.83,98.81,78000.0,98160.0,126060.0,161880.0,205520.0,      Industrial production managers,241.9,246.5,4.6,1.9,2.6,17.1,121440.0,Bachelor's degree,5 years or more,,Bachelor's degree,11-3051.00,Industrial Production Managers,"Plan, direct, or coordinate the work activities and resources necessary for manufacturing products in accordance with cost, quality, and quantity specifications.",4.0,08/2021,industrial production managers,BLS OEWS May 2025 + BLS projections 2024–2034 + O*NET 30.3
11-3061,Purchasing Managers,84320,0.8,75.17,156360.0,0.4,44.47,55.55,71.19,87.63,107.35,92490.0,115550.0,148080.0,182270.0,223280.0,      Purchasing managers,83.5,86.1,2.6,3.1,0.8,6.4,139510.0,Bachelor's degree,5 years or more,,Bachelor's degree,11-3061.00,Purchasing Managers,"Plan, direct, or coordinate the activities of buyers, purchasing officers, and related workers involved in purchasing materials, products, and services. Includes wholesale or retail trade merchandising managers and procurement managers.",4.0,08/2023,purchasing managers,BLS OEWS May 2025 + BLS projections 2024–2034 + O*NET 30.3
11-3071,"Transportation, Storage, and Distribution Managers",221180,0.9,58.46,121600.0,0.5,31.31,39.64,51.55,70.56,93.7,65120.0,82440.0,107230.0,146770.0,194900.0,"      Transportation, storage, and distribution managers",216.7,229.8,13.1,6.1,1.7,18.5,102010.0,High school diploma or equivalent,5 years or more,,High school diploma or equivalent,11-3071.00,"Transportation, Storage, and Distribution Managers","Plan, direct, or coordinate transportation, storage, or distribution activities in accordance with organizational policies and applicable government laws or regulations. Includes logistics managers.",4.0,11/2024,"transportation, storage, and distribution managers",BLS OEWS May 2025 + BLS projections 2024–2034 + O*NET 30.3
11-3111,Compensation and Benefits Managers,22940,2.1,78.19,162640.0,0.8,42.86,54.41,71.75,96.45,123.35,89160.0,113170.0,149230.0,200610.0,256570.0,      Compensation and benefits managers,20.9,20.9,0.0,0.2,1.4,1.5,140360.0,Bachelor's degree,5 years or more,,Bachelor's degree,11-3111.00,Compensation and Benefits Managers,"Plan, direct, or coordinate compensation and benefits activities of an organization.",4.0,08/2023,compensation and benefits managers,BLS OEWS May 2025 + BLS projections 2024–2034 + O*NET 30.3
11-3121,Human Resources Managers,220660,0.6,78.96,164230.0,0.4,42.4,53.42,71.77,95.81,128.76,88200.0,111110.0,149280.0,199290.0,267810.0,      Human resources managers,221.9,233.0,11.1,5.0,0.6,17.9,140030.0,Bachelor's degree,5 years or more,,Bachelor's degree,11-3121.00,Human Resources Managers,"Plan, direct, or coordinate human resources activities and staff of an organization.",4.0,08/2025,human resources managers,BLS OEWS May 2025 + BLS projections 2024–2034 + O*NET 30.3
11-3131,Training and Development Managers,48050,1.4,71.33,148370.0,1.1,38.24,48.97,63.94,85.04,112.31,79550.0,101850.0,133000.0,176870.0,233600.0,      Training and development managers,46.4,49.2,2.7,5.8,,3.8,127090.0,Bachelor's degree,5 years or more,,Bachelor's degree,11-3131.00,Training and Development Managers,"Plan, direct, or coordinate the training and development activities and staff of an organization.",4.0,08/2024,training and development managers,BLS OEWS May 2025 + BLS projections 2024–2034 + O*NET 30.3
11-9013,"Farmers, Ranchers, and Other Agricultural Managers",6500,4.3,47.99,99820.0,2.2,26.12,31.87,43.22,57.14,76.93,54320.0,66300.0,89900.0,118860.0,160020.0,"      Farmers, ranchers, and other agricultural managers",836.1,825.0,-11.1,-1.3,62.6,85.5,87980.0,High school diploma or equivalent,5 years or more,,High school diploma or equivalent,11-9013.00,"Farmers, Ranchers, and Other Agricultural Managers","Plan, direct, or coordinate the management or operation of farms, ranches, greenhouses, aquacultural operations, nurseries, timber tracts, or other agricultural establishments. May hire, train, and supervise farm workers or contract for services to carry out the day-to-day activities of the managed operation. May engage in or supervise planting, cultivating, harvesting, and financial and marketing activities.",4.0,11/2024,"farmers, ranchers, and other agricultural managers",BLS OEWS May 2025 + BLS projections 2024–2034 + O*NET 30.3
11-9021,Construction Managers,380360,1.1,59.79,124360.0,0.5,33.5,42.57,55.28,72.91,91.08,69690.0,88550.0,114990.0,151640.0,189440.0,      Construction managers,550.3,598.4,48.1,8.7,35.8,46.8,106980.0,Bachelor's degree,,Moderate-term on-the-job training,Bachelor's degree,11-9021.00,Construction Managers,"Plan, direct, or coordinate, usually through subordinate supervisory personnel, activities concerned with the construction and maintenance of structures, facilities, and systems. Participate in the conceptual development of a construction project and oversee its organization, scheduling, budgeting, and implementation. Includes managers in specialized construction fields, such as carpentry or plumbing.",4.0,08/2025,construction managers,BLS OEWS May 2025 + BLS projections 2024–2034 + O*NET 30.3
11-9031,"Education and Childcare Administrators, Preschool and Daycare",73660,1.8,31.15,64800.0,0.9,18.55,22.62,28.51,36.3,47.23,38580.0,47040.0,59300.0,75500.0,98240.0,"        Education and childcare administrators, preschool and daycare",90.2,87.9,-2.3,-2.5,4.9,5.5,56270.0,Bachelor's degree,Less than 5 years,,Bachelor's degree,11-9031.00,"Education and Childcare Administrators, Preschool and Daycare","Plan, direct, or coordinate academic or nonacademic activities of preschools or childcare centers and programs, including before- and after-school care.",4.0,08/2018,"education and childcare administrators, preschool and daycare",BLS OEWS May 2025 + BLS projections 2024–2034 + O*NET 30.3
11-9032,"Education Administrators, Kindergarten through Secondary",328330,0.6,,116100.0,0.3,,,,,,76280.0,86040.0,105870.0,134630.0,167770.0,"        Education administrators, kindergarten through secondary",333.3,328.1,-5.1,-1.5,1.2,20.8,104070.0,Master's degree,5 years or more,,Master's degree,11-9032.00,"Education Administrators, Kindergarten through Secondary","Plan, direct, or coordinate the academic, administrative, or auxiliary activities of kindergarten, elementary, or secondary schools.",5.0,08/2025,"education administrators, kindergarten through secondary",BLS OEWS May 2025 + BLS projections 2024–2034 + O*NET 30.3
11-9033,"Education Administrators, Postsecondary",180470,0.4,60.84,126540.0,0.3,31.04,38.88,50.29,69.41,103.66,64560.0,80870.0,104590.0,144370.0,215620.0,"        Education administrators, postsecondary",226.6,230.5,4.0,1.7,2.2,15.1,103960.0,Master's degree,Less than 5 years,,Master's degree,11-9033.00,"Education Administrators, Postsecondary","Plan, direct, or coordinate student instruction, administration, and services, as well as other research and educational activities, at postsecondary institutions, including universities, colleges, and junior and community colleges.",5.0,08/2018,"education administrators, postsecondary",BLS OEWS May 2025 + BLS projections 2024–2034 + O*NET 30.3
11-9039,"Education Administrators, All Other",55130,2.0,48.99,101900.0,0.6,24.96,33.16,45.77,60.86,77.41,51910.0,68980.0,95200.0,126590.0,161010.0,"        Education administrators, all other",60.2,61.7,1.5,2.5,3.5,4.1,89040.0,Bachelor's degree,Less than 5 years,,Bachelor's degree,11-9039.00,"Education Administrators, All Other",All education administrators not listed separately.,,,"education administrators, all other",BLS OEWS May 2025 + BLS projections 2024–2034 + O*NET 30.3
11-9041,Architectural and Engineering Managers,220260,0.8,87.28,181540.0,0.3,58.08,67.0,82.34,102.16,126.33,120810.0,139360.0,171270.0,212500.0,262760.0,      Architectural and engineering managers,212.5,220.5,8.0,3.8,0.2,14.5,167740.0,Bachelor's degree,5 years or more,,Bachelor's degree,11-9041.00,Architectural and Engineering Managers,"Plan, direct, or coordinate activities in such fields as architecture and engineering or research and development in these fields.",5.0,08/2020,architectural and engineering managers,BLS OEWS May 2025 + BLS projections 2024–2034 + O*NET 30.3
11-9051,Food Service Managers,238430,1.7,36.0,74880.0,0.6,22.09,27.34,33.36,41.73,51.75,45960.0,56870.0,69390.0,86800.0,107640.0,      Food service managers,352.8,375.3,22.6,6.4,30.3,42.0,65310.0,High school diploma or equivalent,Less than 5 years,Short-term on-the-job training,High school diploma or equivalent,11-9051.00,Food Service Managers,"Plan, direct, or coordinate activities of an organization or department that serves food and beverages.",2.0,02/2026,food service managers,BLS OEWS May 2025 + BLS projections 2024–2034 + O*NET 30.3
11-9071,Gambling Managers,5030,2.0,49.54,103050.0,0.9,26.9,34.89,44.82,59.13,79.01,55960.0,72570.0,93220.0,122990.0,164350.0,        Gambling managers,5.1,5.2,0.1,1.2,7.7,0.6,85580.0,High school diploma or equivalent,Less than 5 years,,High school diploma or equivalent,11-9071.00,Gambling Managers,"Plan, direct, or coordinate gambling operations in a casino. May formulate house rules.",2.0,02/2026,gambling managers,BLS OEWS May 2025 + BLS projections 2024–2034 + O*NET 30.3
11-9072,"Entertainment and Recreation Managers, Except Gambling",37980,1.6,43.15,89750.0,0.9,22.25,29.36,38.23,50.37,66.88,46270.0,61060.0,79520.0,104770.0,139110.0,"        Entertainment and recreation managers, except gambling",43.2,46.5,3.3,7.7,8.6,5.5,77180.0,Bachelor's degree,Less than 5 years,,Bachelor's degree,11-9072.00,"Entertainment and Recreation Managers, Except Gambling","Plan, direct, or coordinate entertainment and recreational activities and operations of a recreational facility, including cruise ships and parks.",4.0,08/2025,"entertainment and recreation managers, except gambling",BLS OEWS May 2025 + BLS projections 2024–2034 + O*NET 30.3
11-9081,Lodging Managers,42620,2.0,37.86,78740.0,1.1,19.27,23.81,33.29,45.21,61.96,40070.0,49530.0,69250.0,94030.0,128880.0,      Lodging managers,52.0,53.8,1.8,3.4,19.1,5.4,68130.0,High school diploma or equivalent,Less than 5 years,,High school diploma or equivalent,11-9081.00,Lodging Managers,"Plan, direct, or coordinate activities of an organization or department that provides lodging and other accommodations.",4.0,07/2017,lodging managers,BLS OEWS May 2025 + BLS projections 2024–2034 + O*NET 30.3
11-9111,Medical and Health Services Managers,597080,0.6,67.77,140970.0,0.3,35.29,45.53,59.55,79.85,107.86,73390.0,94700.0,123860.0,166100.0,224340.0,      Medical and health services managers,616.2,759.1,142.9,23.2,5.1,62.1,117960.0,Bachelor's degree,Less than 5 years,,Bachelor's degree,11-9111.00,Medical and Health Services Managers,"Plan, direct, or coordinate medical and health services in hospitals, clinics, managed care organizations, public health agencies, or similar organizations.",4.0,08/2022,medical and health services managers,BLS OEWS May 2025 + BLS projections 2024–2034 + O*NET 30.3
11-9121,Natural Sciences Managers,108690,1.2,86.66,180250.0,0.6,38.32,57.42,80.39,106.51,152.33,79710.0,119430.0,167220.0,221540.0,316850.0,      Natural sciences managers,104.3,108.2,3.9,3.7,,8.5,161180.0,Bachelor's degree,5 years or more,,Bachelor's degree,11-9121.00,Natural Sciences Managers,"Plan, direct, or coordinate activities in such fields as life sciences, physical sciences, mathematics, statistics, and research and development in these fields.",5.0,08/2021,natural sciences managers,BLS OEWS May 2025 + BLS projections 2024–2034 + O*NET 30.3
11-9131,Postmasters and Mail Superintendents,13810,0.0,46.81,97360.0,0.0,40.91,43.58,46.47,49.5,53.72,85090.0,90650.0,96660.0,102960.0,111740.0,      Postmasters and mail superintendents,13.1,12.7,-0.5,-3.5,,0.9,92730.0,High school diploma or equivalent,Less than 5 years,Moderate-term on-the-job training,High school diploma or equivalent,11-9131.00,Postmasters and Mail Superintendents,"Plan, direct, or coordinate operational, administrative, management, and support services of a U.S. post office; or coordinate activities of workers engaged in postal and related work in assigned post office.",2.0,02/2026,postmasters and mail superintendents,BLS OEWS May 2025 + BLS projections 2024–2034 + O*NET 30.3
11-9141,"Property, Real Estate, and Community Association Managers",311180,1.8,40.25,83710.0,1.2,19.72,24.39,33.65,47.07,67.16,41010.0,50720.0,69990.0,97910.0,139680.0,"      Property, real estate, and community association managers",466.1,483.1,17.0,3.6,34.0,39.0,66700.0,High school diploma or equivalent,Less than 5 years,Short-term on-the-job training,High school diploma or equivalent,11-9141.00,"Property, Real Estate, and Community Association Managers","Plan, direct, or coordinate the selling, buying, leasing, or governance activities of commercial, industrial, or residential real estate properties. Includes managers of homeowner and condominium associations, rented or leased housing units, buildings, or land (including rights-of-way).",4.0,08/2020,"property, real estate, and community association managers",BLS OEWS May 2025 + BLS projections 2024–2034 + O*NET 30.3
11-9151,Social and Community Service Managers,209330,0.9,42.73,88880.0,0.3,25.56,30.91,38.65,49.61,63.59,53150.0,64290.0,80390.0,103200.0,132260.0,      Social and community service managers,219.8,233.9,14.1,6.4,5.6,18.6,78240.0,Bachelor's degree,Less than 5 years,,Bachelor's degree,11-9151.00,Social and Community Service Managers,"Plan, direct, or coordinate the activities of a social service program or community outreach organization. Oversee the program or organization's budget and policies regarding participant involvement, program requirements, and benefits. Work may involve directing social workers, counselors, or probation officers.",4.0,08/2018,social and community service managers,BLS OEWS May 2025 + BLS projections 2024–2034 + O*NET 30.3
11-9161,Emergency Management Directors,13500,1.7,49.24,102420.0,0.6,26.06,32.65,44.87,60.81,80.02,54210.0,67910.0,93330.0,126490.0,166430.0,      Emergency management directors,13.2,13.6,0.4,3.0,,1.0,86130.0,Bachelor's degree,5 years or more,,Bachelor's degree,11-9161.00,Emergency Management Directors,"Plan and direct disaster response or crisis management activities, provide disaster preparedness training, and prepare emergency plans and procedures for natural (e.g., hurricanes, floods, earthquakes), wartime, or technological (e.g., nuclear power plant emergencies or hazardous materials spills) disasters or hostage situations.",4.0,08/2023,emergency management directors,BLS OEWS May 2025 + BLS projections 2024–2034 + O*NET 30.3
11-9171,Funeral Home Managers,13910,1.9,44.63,92840.0,1.2,23.9,29.75,37.88,49.97,75.19,49700.0,61890.0,78790.0,103940.0,156400.0,        Funeral home managers,32.1,33.4,1.3,4.1,56.1,2.6,76830.0,Associate's degree,Less than 5 years,,Associate's degree,11-9171.00,Funeral Home Managers,"Plan, direct, or coordinate the services or resources of funeral homes. Includes activities such as determining prices for services or merchandise and managing the facilities of funeral homes.",3.0,08/2024,funeral home managers,BLS OEWS May 2025 + BLS projections 2024–2034 + O*NET 30.3
11-9179,"Personal Service Managers, All Other",10450,4.7,37.59,78190.0,1.8,21.59,26.03,33.54,45.41,57.07,44910.0,54130.0,69770.0,94440.0,118710.0,"        Personal service managers, all other",25.1,26.7,1.6,6.5,54.3,2.1,61340.0,High school diploma or equivalent,Less than 5 years,,High school diploma or equivalent,11-9179.00,"Personal Service Managers, All Other",All personal service managers not listed separately.,4.0,08/2022,"personal service managers, all other",BLS OEWS May 2025 + BLS projections 2024–2034 + O*NET 30.3
11-9199,"Managers, All Other",622190,0.5,73.99,153890.0,0.3,35.72,49.46,68.22,89.57,114.55,74300.0,102880.0,141900.0,186300.0,238270.0,"      Managers, all other",1333.7,1393.5,59.8,4.5,48.6,106.7,136550.0,Bachelor's degree,Less than 5 years,,Bachelor's degree,11-9199.00,"Managers, All Other",All managers not listed separately.,4.0,08/2024,"managers, all other",BLS OEWS May 2025 + BLS projections 2024–2034 + O*NET 30.3
13-1011,"Agents and Business Managers of Artists, Performers, and Athletes",12620,6.4,68.07,141580.0,8.6,23.08,30.61,39.85,70.4,136.81,48010.0,63670.0,82890.0,146430.0,284570.0,"      Agents and business managers of artists, performers, and athletes",21.4,23.2,1.9,8.7,26.1,2.2,96310.0,Bachelor's degree,Less than 5 years,,Bachelor's degree,13-1011.00,"Agents and Business Managers of Artists, Performers, and Athletes","Represent and promote artists, performers, and athletes in dealings with current or prospective employers. May handle contract negotiation and other business matters for clients.",4.0,08/2020,"agents and business managers of artists, performers, and athletes",BLS OEWS May 2025 + BLS projections 2024–2034 + O*NET 30.3
13-1020,Buyers and Purchasing Agents,491430,0.7,40.27,83770.0,0.2,23.26,29.23,37.36,48.47,61.96,48380.0,60800.0,77710.0,100820.0,128870.0,      Buyers and purchasing agents,522.2,552.3,30.1,5.8,4.7,52.2,75650.0,Bachelor's degree,,Moderate-term on-the-job training,Bachelor's degree,,,,,,buyers and purchasing agents,BLS OEWS May 2025 + BLS projections 2024–2034 + O*NET 30.3
13-1031,"Claims Adjusters, Examiners, and Investigators",324230,1.2,38.69,80470.0,0.3,23.48,29.4,37.5,47.13,56.27,48850.0,61160.0,78000.0,98030.0,117040.0,"        Claims adjusters, examiners, and investigators",356.1,337.9,-18.2,-5.1,2.2,21.1,76790.0,High school diploma or equivalent,,Long-term on-the-job training,High school diploma or equivalent,13-1031.00,"Claims Adjusters, Examiners, and Investigators",Review settled claims to determine that payments and settlements are made in accordance with company practices and procedures. Confer with legal counsel on claims requiring litigation. May also settle insurance claims.,4.0,08/2022,"claims adjusters, examiners, and investigators",BLS OEWS May 2025 + BLS projections 2024–2034 + O*NET 30.3
13-1032,"Insurance Appraisers, Auto Damage",11560,5.4,37.93,78900.0,1.0,28.06,31.28,37.61,44.17,48.84,58360.0,65050.0,78240.0,91880.0,101590.0,"        Insurance appraisers, auto damage",9.2,8.4,-0.8,-8.2,2.7,0.5,76650.0,Postsecondary nondegree award,,Moderate-term on-the-job training,Postsecondary nondegree award,13-1032.00,"Insurance Appraisers, Auto Damage",Appraise automobile or other vehicle damage to determine repair costs for insurance claim settlement. Prepare insurance forms to indicate repair cost or cost estimates and recommendations. May seek agreement with automotive repair shop on repair costs.,3.0,07/2016,"insurance appraisers, auto damage",BLS OEWS May 2025 + BLS projections 2024–2034 + O*NET 30.3
13-1041,Compliance Officers,417070,0.5,42.5,88400.0,0.3,23.18,29.46,38.81,52.41,64.29,48220.0,61280.0,80730.0,109010.0,133720.0,      Compliance officers,418.0,430.3,12.3,3.0,0.4,33.3,78420.0,Bachelor's degree,,Moderate-term on-the-job training,Bachelor's degree,13-1041.00,Compliance Officers,"Examine, evaluate, and investigate eligibility for or conformity with laws and regulations governing contract compliance of licenses and permits, and perform other compliance and enforcement inspection and analysis activities not classified elsewhere.",4.0,11/2024,compliance officers,BLS OEWS May 2025 + BLS projections 2024–2034 + O*NET 30.3
13-1051,Cost Estimators,224220,1.0,41.06,85390.0,0.6,23.33,29.4,37.86,48.97,62.9,48530.0,61150.0,78740.0,101850.0,130820.0,      Cost estimators,221.4,212.1,-9.3,-4.2,0.3,16.9,77070.0,Bachelor's degree,,Moderate-term on-the-job training,Bachelor's degree,13-1051.00,Cost Estimators,"Prepare cost estimates for product manufacturing, construction projects, or services to aid management in bidding on or determining price of product or service. May specialize according to particular service performed or type of product manufactured.",4.0,08/2023,cost estimators,BLS OEWS May 2025 + BLS projections 2024–2034 + O*NET 30.3
13-1071,Human Resources Specialists,912430,0.6,39.42,81990.0,0.2,22.69,28.18,36.51,47.78,61.89,47180.0,58610.0,75940.0,99380.0,128720.0,        Human resources specialists,944.3,1002.7,58.4,6.2,0.5,81.8,72910.0,Bachelor's degree,,,Bachelor's degree,13-1071.00,Human Resources Specialists,"Recruit, screen, interview, or place individuals within an organization. May perform other activities in multiple human resources areas.",4.0,08/2019,human resources specialists,BLS OEWS May 2025 + BLS projections 2024–2034 + O*NET 30.3
13-1074,Farm Labor Contractors,310,28.4,28.11,58470.0,9.8,14.87,17.17,28.11,38.27,40.41,30930.0,35720.0,58460.0,79590.0,84050.0,        Farm labor contractors,3.9,4.2,0.2,6.0,,0.3,48690.0,No formal educational credential,Less than 5 years,Short-term on-the-job training,No formal educational credential,13-1074.00,Farm Labor Contractors,"Recruit and hire seasonal or temporary agricultural laborers. May transport, house, and provide meals for workers.",2.0,02/2026,farm labor contractors,BLS OEWS May 2025 + BLS projections 2024–2034 + O*NET 30.3
13-1075,Labor Relations Specialists,64810,1.4,47.46,98720.0,1.0,24.27,34.58,45.87,59.34,75.09,50490.0,71920.0,95420.0,123420.0,156180.0,        Labor relations specialists,65.4,65.4,-0.1,-0.1,0.5,5.1,93500.0,Bachelor's degree,Less than 5 years,,Bachelor's degree,13-1075.00,Labor Relations Specialists,"Resolve disputes between workers and managers, negotiate collective bargaining agreements, or coordinate grievance procedures to handle employee complaints.",4.0,08/2023,labor relations specialists,BLS OEWS May 2025 + BLS projections 2024–2034 + O*NET 30.3
13-1081,Logisticians,251040,1.0,43.14,89730.0,0.4,24.47,30.98,39.58,51.05,64.02,50890.0,64440.0,82320.0,106190.0,133160.0,        Logisticians,241.0,281.3,40.3,16.7,0.3,26.4,80880.0,Bachelor's degree,,,Bachelor's degree,13-1081.00,Logisticians,"Analyze and coordinate the ongoing logistical functions of a firm or organization. Responsible for the entire life cycle of a product, including acquisition, distribution, internal allocation, delivery, and final disposal of resources.",4.0,07/2016,logisticians,BLS OEWS May 2025 + BLS projections 2024–2034 + O*NET 30.3
13-1082,Project Management Specialists,1066670,0.6,53.24,110740.0,0.2,29.61,37.71,49.19,63.99,80.76,61580.0,78440.0,102320.0,133100.0,167970.0,        Project management specialists,1046.3,1105.0,58.7,5.6,1.8,78.2,100750.0,Bachelor's degree,,,Bachelor's degree,13-1082.00,Project Management Specialists,"Analyze and coordinate the schedule, timeline, procurement, staffing, and budget of a product or service on a per project basis. Lead and guide the work of technical staff. May serve as a point of contact for the client or customer.",4.0,11/2021,project management specialists,BLS OEWS May 2025 + BLS projections 2024–2034 + O*NET 30.3
13-1111,Management Analysts,898280,0.7,54.71,113790.0,1.1,29.15,37.48,48.97,64.12,82.52,60640.0,77950.0,101860.0,133370.0,171640.0,      Management analysts,1075.1,1169.7,94.5,8.8,13.7,98.1,101190.0,Bachelor's degree,Less than 5 years,,Bachelor's degree,13-1111.00,Management Analysts,"Conduct organizational studies and evaluations, design systems and procedures, conduct work simplification and measurement studies, and prepare operations and procedures manuals to assist management in operating more efficiently and effectively. Includes program analysts and management consultants.",4.0,08/2022,management analysts,BLS OEWS May 2025 + BLS projections 2024–2034 + O*NET 30.3
13-1121,"Meeting, Convention, and Event Planners",142860,1.4,31.98,66520.0,0.9,17.71,22.58,29.41,37.88,48.9,36830.0,46970.0,61160.0,78790.0,101700.0,"      Meeting, convention, and event planners",155.8,163.3,7.5,4.8,5.1,15.5,59440.0,Bachelor's degree,,,Bachelor's degree,13-1121.00,"Meeting, Convention, and Event Planners","Coordinate activities of staff, convention personnel, or clients to make arrangements for group meetings, events, or conventions.",4.0,07/2016,"meeting, convention, and event planners",BLS OEWS May 2025 + BLS projections 2024–2034 + O*NET 30.3
13-1131,Fundraisers,111040,1.2,37.12,77200.0,0.5,22.42,27.63,34.88,44.32,55.68,46630.0,57480.0,72550.0,92180.0,115820.0,      Fundraisers,134.4,140.2,5.8,4.3,1.9,10.2,66490.0,Bachelor's degree,,,Bachelor's degree,13-1131.00,Fundraisers,"Organize activities to raise funds or otherwise solicit and gather monetary donations or other gifts for an organization. May design and produce promotional materials. May also raise awareness of the organization's work, goals, and financial needs.",4.0,08/2021,fundraisers,BLS OEWS May 2025 + BLS projections 2024–2034 + O*NET 30.3
13-1141,"Compensation, Benefits, and Job Analysis Specialists",112380,1.6,40.54,84330.0,0.9,23.79,29.28,37.6,48.27,61.98,49480.0,60890.0,78210.0,100400.0,128920.0,"      Compensation, benefits, and job analysis specialists",107.0,112.7,5.6,5.3,,8.5,77020.0,Bachelor's degree,Less than 5 years,,Bachelor's degree,13-1141.00,"Compensation, Benefits, and Job Analysis Specialists","Conduct programs of compensation and benefits and job analysis for employer. May specialize in specific areas, such as position classification and pension programs.",4.0,08/2024,"compensation, benefits, and job analysis specialists",BLS OEWS May 2025 + BLS projections 2024–2034 + O*NET 30.3
13-1151,Training and Development Specialists,458300,0.8,36.32,75550.0,0.4,18.64,24.09,33.31,45.7,59.26,38760.0,50110.0,69280.0,95050.0,123250.0,      Training and development specialists,452.3,501.0,48.7,10.8,0.5,43.9,65850.0,Bachelor's degree,Less than 5 years,,Bachelor's degree,13-1151.00,Training and Development Specialists,Design or conduct work-related training and development programs to improve individual skills or organizational performance. May analyze organizational training needs or evaluate training effectiveness.,4.0,08/2022,training and development specialists,BLS OEWS May 2025 + BLS projections 2024–2034 + O*NET 30.3
13-1161,Market Research Analysts and Marketing Specialists,899580,0.8,43.03,89490.0,0.5,20.86,28.05,37.87,52.07,74.75,43390.0,58350.0,78760.0,108310.0,155480.0,      Market research analysts and marketing specialists,941.7,1004.7,63.0,6.7,5.9,87.2,76950.0,Bachelor's degree,,,Bachelor's degree,13-1161.00,Market Research Analysts and Marketing Specialists,"Research conditions in local, regional, national, or online markets. Gather information to determine potential sales of a product or service, or plan a marketing or advertising campaign. May gather information on competitors, prices, sales, and methods of marketing and distribution. May employ search marketing tactics, analyze web metrics, and develop recommendations to increase search engine ranking and visibility to target markets.",4.0,08/2018,market research analysts and marketing specialists,BLS OEWS May 2025 + BLS projections 2024–2034 + O*NET 30.3
13-1199,"Business Operations Specialists, All Other",1087090,0.6,45.18,93970.0,0.3,23.02,30.12,39.93,54.81,72.12,47880.0,62640.0,83050.0,114010.0,150010.0,"      Business operations specialists, all other",1205.7,1242.0,36.3,3.0,1.4,108.2,81270.0,Bachelor's degree,,,Bachelor's degree,13-1199.00,"Business Operations Specialists, All Other",All business operations specialists not listed separately.,4.0,08/2025,"business operations specialists, all other",BLS OEWS May 2025 + BLS projections 2024–2034 + O*NET 30.3
13-2011,Accountants and Auditors,1449500,0.5,45.56,94750.0,0.3,26.93,32.22,40.23,52.8,69.27,56020.0,67020.0,83680.0,109810.0,144090.0,      Accountants and auditors,1579.8,1652.6,72.8,4.6,4.6,124.2,81680.0,Bachelor's degree,,,Bachelor's degree,13-2011.00,Accountants and Auditors,"Examine, analyze, and interpret accounting records to prepare financial statements, give advice, or audit and evaluate statements prepared by others. Install or advise on systems of recording costs or other financial and budgetary data.",4.0,11/2024,accountants and auditors,BLS OEWS May 2025 + BLS projections 2024–2034 + O*NET 30.3
13-2020,Property Appraisers and Assessors,57070,2.9,36.43,75770.0,1.1,19.25,24.51,32.67,44.6,58.97,40030.0,50970.0,67960.0,92760.0,122660.0,      Property appraisers and assessors,77.3,80.2,2.9,3.8,21.1,6.3,65420.0,Bachelor's degree,,Long-term on-the-job training,Bachelor's degree,,,,,,property appraisers and assessors,BLS OEWS May 2025 + BLS projections 2024–2034 + O*NET 30.3
13-2031,Budget Analysts,47160,1.4,46.33,96370.0,0.6,29.93,36.21,44.06,54.91,65.7,62250.0,75320.0,91640.0,114220.0,136660.0,      Budget analysts,50.4,51.0,0.5,1.0,,3.1,87930.0,Bachelor's degree,,,Bachelor's degree,13-2031.00,Budget Analysts,"Examine budget estimates for completeness, accuracy, and conformance with procedures and regulations. Analyze budgeting and accounting reports.",4.0,08/2024,budget analysts,BLS OEWS May 2025 + BLS projections 2024–2034 + O*NET 30.3
13-2041,Credit Analysts,64390,1.3,48.49,100850.0,0.7,27.04,31.35,40.15,58.88,81.36,56250.0,65210.0,83510.0,122460.0,169230.0,      Credit analysts,67.8,64.8,-3.0,-4.4,,3.7,80970.0,Bachelor's degree,,,Bachelor's degree,13-2041.00,Credit Analysts,Analyze credit data and financial statements of individuals or firms to determine the degree of risk involved in extending credit or lending money. Prepare reports with credit information for use in decisionmaking.,4.0,08/2020,credit analysts,BLS OEWS May 2025 + BLS projections 2024–2034 + O*NET 30.3
13-2051,Financial and Investment Analysts,361980,2.3,56.15,116800.0,0.7,30.64,38.12,49.4,64.11,86.95,63720.0,79290.0,102740.0,133340.0,180860.0,        Financial and investment analysts,368.5,389.6,21.1,5.7,5.0,25.1,101350.0,Bachelor's degree,,,Bachelor's degree,13-2051.00,Financial and Investment Analysts,"Conduct quantitative analyses of information involving investment programs or financial data of public or private institutions, including valuation of businesses.",4.0,11/2021,financial and investment analysts,BLS OEWS May 2025 + BLS projections 2024–2034 + O*NET 30.3
13-2052,Personal Financial Advisors,266800,2.0,75.32,156670.0,1.6,24.13,34.83,50.51,84.99,171.65,50190.0,72440.0,105070.0,176790.0,357020.0,        Personal financial advisors,326.0,357.2,31.2,9.6,15.8,24.1,102140.0,Bachelor's degree,,Long-term on-the-job training,Bachelor's degree,13-2052.00,Personal Financial Advisors,"Advise clients on financial plans using knowledge of tax and investment strategies, securities, insurance, pension plans, and real estate. Duties include assessing clients' assets, liabilities, cash flow, insurance coverage, tax status, and financial objectives. May also buy and sell financial assets for clients.",4.0,08/2024,personal financial advisors,BLS OEWS May 2025 + BLS projections 2024–2034 + O*NET 30.3
13-2053,Insurance Underwriters,105420,2.0,45.05,93700.0,0.7,26.7,31.07,39.12,53.07,69.79,55530.0,64620.0,81370.0,110390.0,145160.0,        Insurance underwriters,127.0,123.7,-3.3,-2.6,,8.2,79880.0,Bachelor's degree,,Moderate-term on-the-job training,Bachelor's degree,13-2053.00,Insurance Underwriters,Review individual applications for insurance to evaluate degree of risk involved and determine acceptance of applications.,4.0,08/2018,insurance underwriters,BLS OEWS May 2025 + BLS projections 2024–2034 + O*NET 30.3
13-2054,Financial Risk Specialists,63850,1.9,59.82,124420.0,0.6,31.17,40.37,56.41,76.08,94.29,64820.0,83980.0,117330.0,158250.0,196110.0,        Financial risk specialists,60.5,64.4,3.9,6.5,4.0,4.8,106000.0,Bachelor's degree,,,Bachelor's degree,13-2054.00,Financial Risk Specialists,"Analyze and measure exposure to credit and market risk threatening the assets, earning capacity, or economic state of an organization. May make recommendations to limit risk.",4.0,11/2021,financial risk specialists,BLS OEWS May 2025 + BLS projections 2024–2034 + O*NET 30.3
13-2061,Financial Examiners,67830,1.5,51.08,106240.0,0.6,27.04,33.97,45.27,62.31,83.75,56230.0,70660.0,94160.0,129600.0,174200.0,      Financial examiners,65.1,77.2,12.1,18.5,0.4,5.7,90400.0,Bachelor's degree,,Long-term on-the-job training,Bachelor's degree,13-2061.00,Financial Examiners,"Enforce or ensure compliance with laws and regulations governing financial and securities institutions and financial and real estate transactions. May examine, verify, or authenticate records.",4.0,08/2020,financial examiners,BLS OEWS May 2025 + BLS projections 2024–2034 + O*NET 30.3
13-2071,Credit Counselors,27770,2.5,27.51,57210.0,0.8,18.44,21.98,25.11,30.81,38.67,38350.0,45720.0,52230.0,64080.0,80440.0,        Credit counselors,31.8,32.9,1.1,3.3,1.4,2.2,50480.0,Bachelor's degree,,Moderate-term on-the-job training,Bachelor's degree,13-2071.00,Credit Counselors,"Advise and educate individuals or organizations on acquiring and managing debt. May provide guidance in determining the best type of loan and explain loan requirements or restrictions. May help develop debt management plans or student financial aid packages. May advise on credit issues, or provide budget, mortgage, bankruptcy, or student financial aid counseling.",4.0,08/2020,credit counselors,BLS OEWS May 2025 + BLS projections 2024–2034 + O*NET 30.3
13-2072,Loan Officers,274330,1.1,42.21,87790.0,0.6,18.96,25.35,36.87,50.04,73.65,39430.0,52730.0,76690.0,104080.0,153180.0,        Loan officers,301.4,306.5,5.0,1.7,2.1,20.3,74180.0,Bachelor's degree,Less than 5 years,Moderate-term on-the-job training,Bachelor's degree,13-2072.00,Loan Officers,"Evaluate, authorize, or recommend approval of commercial, real estate, or credit loans. Advise borrowers on financial status and payment methods. Includes mortgage loan officers and agents, collection analysts, loan servicing officers, loan underwriters, and payday loan officers.",4.0,08/2020,loan officers,BLS OEWS May 2025 + BLS projections 2024–2034 + O*NET 30.3
13-2081,"Tax Examiners and Collectors, and Revenue Agents",56610,0.9,33.91,70520.0,0.3,20.19,23.77,29.98,40.09,55.07,42000.0,49450.0,62370.0,83390.0,114550.0,"        Tax examiners and collectors, and revenue agents",57.6,56.5,-1.0,-1.8,,4.3,59740.0,Bachelor's degree,,Moderate-term on-the-job training,Bachelor's degree,13-2081.00,"Tax Examiners and Collectors, and Revenue Agents",Determine tax liability or collect taxes from individuals or business firms according to prescribed laws and regulations.,3.0,08/2022,"tax examiners and collectors, and revenue agents",BLS OEWS May 2025 + BLS projections 2024–2034 + O*NET 30.3
13-2082,Tax Preparers,76480,4.3,29.3,60930.0,1.4,16.23,18.71,26.4,36.68,47.72,33760.0,38910.0,54920.0,76300.0,99270.0,        Tax preparers,90.6,94.7,4.1,4.5,15.5,10.4,50560.0,High school diploma or equivalent,,Moderate-term on-the-job training,High school diploma or equivalent,13-2082.00,Tax Preparers,Prepare tax returns for individuals or small businesses.,3.0,08/2025,tax preparers,BLS OEWS May 2025 + BLS projections 2024–2034 + O*NET 30.3
13-2099,"Financial Specialists, All Other",132130,1.8,45.1,93810.0,0.7,23.3,29.47,38.99,53.08,72.83,48460.0,61290.0,81100.0,110410.0,151490.0,"      Financial specialists, all other",137.1,141.4,4.3,3.1,2.9,10.3,80190.0,Bachelor's degree,,,Bachelor's degree,13-2099.00,"Financial Specialists, All Other",All financial specialists not listed separately.,5.0,08/2023,"financial specialists, all other",BLS OEWS May 2025 + BLS projections 2024–2034 + O*NET 30.3
15-1211,Computer Systems Analysts,519530,1.0,55.1,114610.0,0.4,32.37,39.84,50.89,64.48,80.63,67340.0,82860.0,105850.0,134110.0,167710.0,        Computer systems analysts,521.1,566.5,45.5,8.7,2.2,34.2,103790.0,Bachelor's degree,,,Bachelor's degree,15-1211.00,Computer Systems Analysts,"Analyze science, engineering, business, and other data processing problems to develop and implement solutions to complex applications problems, system administration issues, or network concerns. Perform systems management and integration functions, improve existing computer systems, and review computer system capabilities, workflow, and schedule limitations. May analyze or recommend commercially available software.",4.0,05/2026,computer systems analysts,BLS OEWS May 2025 + BLS projections 2024–2034 + O*NET 30.3
15-1212,Information Security Analysts,190650,2.0,63.71,132510.0,0.6,36.1,47.03,62.11,78.61,96.08,75090.0,97810.0,129180.0,163500.0,199850.0,        Information security analysts,182.8,234.9,52.1,28.5,0.6,16.0,124910.0,Bachelor's degree,Less than 5 years,,Bachelor's degree,15-1212.00,Information Security Analysts,"Plan, implement, upgrade, or monitor security measures for the protection of computer networks and information. Assess system vulnerabilities for security risks and propose and implement risk mitigation strategies. May ensure appropriate security controls are in place that will safeguard digital files and vital electronic infrastructure. May respond to computer security breaches and viruses.",4.0,08/2018,information security analysts,BLS OEWS May 2025 + BLS projections 2024–2034 + O*NET 30.3
15-1221,Computer and Information Research Scientists,37200,2.6,74.0,153930.0,1.0,39.52,49.79,67.45,90.72,110.88,82200.0,103570.0,140300.0,188700.0,230630.0,      Computer and information research scientists,40.3,48.3,7.9,19.7,0.9,3.2,140910.0,Master's degree,,,Master's degree,15-1221.00,Computer and Information Research Scientists,"Conduct research into fundamental computer and information science as theorists, designers, or inventors. Develop solutions to problems in the field of computer hardware and software.",5.0,08/2019,computer and information research scientists,BLS OEWS May 2025 + BLS projections 2024–2034 + O*NET 30.3
15-1231,Computer Network Support Specialists,146190,2.0,39.36,81870.0,1.2,22.65,28.0,36.64,47.48,61.43,47120.0,58240.0,76220.0,98750.0,127780.0,        Computer network support specialists,152.7,155.5,2.8,1.8,2.0,9.6,73340.0,Associate's degree,,Moderate-term on-the-job training,Associate's degree,15-1231.00,Computer Network Support Specialists,"Analyze, test, troubleshoot, and evaluate existing network systems, such as local area networks (LAN), wide area networks (WAN), cloud networks, servers, and other data communications networks. Perform network maintenance to ensure networks operate correctly with minimal interruption.",4.0,07/2014,computer network support specialists,BLS OEWS May 2025 + BLS projections 2024–2034 + O*NET 30.3
15-1232,Computer User Support Specialists,717190,0.8,32.37,67330.0,0.3,19.7,23.56,29.74,38.0,48.34,40980.0,49000.0,61860.0,79040.0,100540.0,        Computer user support specialists,729.5,702.5,-27.0,-3.7,2.0,40.8,60340.0,"Some college, no degree",,Moderate-term on-the-job training,"Some college, no degree",15-1232.00,Computer User Support Specialists,"Provide technical assistance to computer users. Answer questions or resolve computer problems for clients in person, via telephone, or electronically. May provide assistance concerning the use of computer hardware and software, including printing, installation, word processing, electronic mail, and operating systems.",3.0,08/2023,computer user support specialists,BLS OEWS May 2025 + BLS projections 2024–2034 + O*NET 30.3
15-1241,Computer Network Architects,179740,1.7,67.11,139580.0,0.6,38.42,50.3,64.45,80.86,97.44,79900.0,104620.0,134050.0,168200.0,202680.0,        Computer network architects,179.2,200.6,21.4,11.9,0.4,11.2,130390.0,Bachelor's degree,5 years or more,,Bachelor's degree,15-1241.00,Computer Network Architects,"Design and implement computer and information networks, such as local area networks (LAN), wide area networks (WAN), intranets, extranets, and other data communications networks. Perform network modeling, analysis, and planning, including analysis of capacity needs for network infrastructures. May also design network and computer security measures. May research and recommend network and data communications hardware and software.",4.0,08/2024,computer network architects,BLS OEWS May 2025 + BLS projections 2024–2034 + O*NET 30.3
15-1242,Database Administrators,69990,1.7,52.93,110090.0,0.5,28.96,38.28,50.3,65.13,78.52,60230.0,79610.0,104620.0,135460.0,163320.0,        Database administrators,78.0,77.5,-0.5,-0.7,1.2,3.8,104620.0,Bachelor's degree,,,Bachelor's degree,15-1242.00,Database Administrators,"Administer, test, and implement computer databases, applying knowledge of database management systems. Coordinate changes to computer databases. Identify, investigate, and resolve database performance issues, database capacity, and database scalability. May plan, coordinate, and implement security measures to safeguard computer databases.",4.0,08/2023,database administrators,BLS OEWS May 2025 + BLS projections 2024–2034 + O*NET 30.3
15-1243,Database Architects,67140,2.9,69.44,144440.0,1.0,41.46,52.58,67.07,81.39,98.08,86240.0,109370.0,139500.0,169290.0,204000.0,        Database architects,66.9,72.7,5.8,8.7,1.4,4.0,135980.0,Bachelor's degree,Less than 5 years,,Bachelor's degree,15-1243.00,Database Architects,"Design strategies for enterprise databases, data warehouse systems, and multidimensional networks. Set standards for database operations, programming, query processes, and security. Model, design, and construct large relational databases or data warehouses. Create and optimize data models for warehouse infrastructure and workflow. Integrate new systems with existing warehouse structure and refine system performance and functionality.",4.0,08/2023,database architects,BLS OEWS May 2025 + BLS projections 2024–2034 + O*NET 30.3
15-1244,Network and Computer Systems Administrators,314340,1.0,49.85,103680.0,0.6,30.11,37.51,47.66,60.89,74.55,62640.0,78010.0,99130.0,126640.0,155050.0,        Network and computer systems administrators,331.5,317.7,-13.8,-4.2,0.3,14.3,96800.0,Bachelor's degree,,,Bachelor's degree,15-1244.00,Network and Computer Systems Administrators,"Install, configure, and maintain an organization's local area network (LAN), wide area network (WAN), data communications network, operating systems, and physical and virtual servers. Perform system monitoring and verify the integrity and availability of hardware, network, and server resources and systems. Review system and application logs and verify completion of scheduled jobs, including system backups. Analyze network and server resource consumption and control user access. Install and upgrade software and maintain software licenses. May assist in network modeling, analysis, planning, and coordination between network and data communications hardware and software.",4.0,07/2017,network and computer systems administrators,BLS OEWS May 2025 + BLS projections 2024–2034 + O*NET 30.3
15-1251,Computer Programmers,92230,2.5,50.56,105170.0,1.0,27.74,36.47,48.26,62.83,77.15,57710.0,75850.0,100390.0,130680.0,160460.0,        Computer programmers,121.2,113.9,-7.2,-6.0,6.2,5.5,98670.0,Bachelor's degree,,,Bachelor's degree,15-1251.00,Computer Programmers,"Create, modify, and test the code and scripts that allow computer applications to run. Work from specifications drawn up by software and web developers or other individuals. May develop and write computer programs to store, locate, and retrieve specific documents, data, and information.",4.0,08/2018,computer programmers,BLS OEWS May 2025 + BLS projections 2024–2034 + O*NET 30.3
15-1252,Software Developers,1687890,0.6,71.2,148100.0,0.4,39.64,50.58,65.38,82.68,103.21,82460.0,105210.0,135980.0,171980.0,214670.0,        Software developers,1693.8,1961.4,267.7,15.8,1.6,115.2,133080.0,Bachelor's degree,,,Bachelor's degree,15-1252.00,Software Developers,"Research, design, and develop computer and network software or specialized utility programs. Analyze user needs and develop software solutions, applying principles and techniques of computer science, engineering, and mathematical analysis. Update software or enhance existing software capabilities. May work with computer hardware engineers to integrate hardware and software systems, and develop specifications and performance requirements. May maintain databases within an application area, working individually or coordinating database development as part of a team.",4.0,08/2025,software developers,BLS OEWS May 2025 + BLS projections 2024–2034 + O*NET 30.3
15-1253,Software Quality Assurance Analysts and Testers,186740,2.3,53.6,111490.0,0.7,29.54,38.61,50.14,64.03,80.29,61440.0,80310.0,104300.0,133180.0,167010.0,        Software quality assurance analysts and testers,201.7,221.9,20.2,10.0,0.1,14.0,102610.0,Bachelor's degree,,,Bachelor's degree,15-1253.00,Software Quality Assurance Analysts and Testers,"Develop and execute software tests to identify software problems and their causes. Test system modifications to prepare for implementation. Document software and application defects using a bug tracking system and report defects to software or web developers. Create and maintain databases of known defects. May participate in software design reviews to provide input on functional requirements, operational characteristics, product designs, and schedules.",4.0,08/2022,software quality assurance analysts and testers,BLS OEWS May 2025 + BLS projections 2024–2034 + O*NET 30.3
15-1254,Web Developers,70190,6.7,47.49,98770.0,1.5,23.12,30.88,44.54,60.69,78.03,48100.0,64230.0,92650.0,126230.0,162290.0,        Web developers,86.0,92.5,6.5,7.5,5.3,5.4,90930.0,Bachelor's degree,,,Bachelor's degree,15-1254.00,Web Developers,"Develop and implement websites, web applications, application databases, and interactive web interfaces. Evaluate code to ensure that it is properly structured, meets industry standards, and is compatible with browsers and devices. Optimize website performance, scalability, and server-side code and processes. May develop website infrastructure and integrate websites with other computer applications.",3.0,07/2017,web developers,BLS OEWS May 2025 + BLS projections 2024–2034 + O*NET 30.3
15-1255,Web and Digital Interface Designers,113330,1.6,56.49,117490.0,0.8,25.84,35.24,50.0,76.36,96.9,53750.0,73290.0,104000.0,158820.0,201550.0,        Web and digital interface designers,128.9,137.9,9.0,7.0,10.1,9.1,98090.0,Bachelor's degree,,,Bachelor's degree,15-1255.00,Web and Digital Interface Designers,"Design digital user interfaces or websites. Develop and test layouts, interfaces, functionality, and navigation menus to ensure compatibility and usability across browsers or devices. May use web framework applications as well as client-side code and processes. May evaluate web design following web and accessibility standards, and may analyze web use metrics and optimize websites for marketability and search engine ranking. May design and test interfaces that facilitate the human-computer interaction and maximize the usability of digital devices, websites, and software with a focus on aesthetics and design. May create graphics used in websites and manage website content and links.",4.0,11/2021,web and digital interface designers,BLS OEWS May 2025 + BLS projections 2024–2034 + O*NET 30.3
15-1299,"Computer Occupations, All Other",435370,1.0,58.77,122230.0,0.6,26.89,38.16,56.05,75.72,90.61,55940.0,79370.0,116580.0,157500.0,188470.0,"      Computer occupations, all other",472.0,510.5,38.5,8.2,3.9,31.3,108970.0,Bachelor's degree,,,Bachelor's degree,15-1299.00,"Computer Occupations, All Other",All computer occupations not listed separately.,4.0,08/2018,"computer occupations, all other",BLS OEWS May 2025 + BLS projections 2024–2034 + O*NET 30.3
15-2011,Actuaries,26670,3.2,68.02,141480.0,2.3,37.77,46.96,62.5,82.04,103.41,78570.0,97680.0,130000.0,170650.0,215100.0,      Actuaries,33.6,40.9,7.3,21.8,,2.4,125770.0,Bachelor's degree,,Long-term on-the-job training,Bachelor's degree,15-2011.00,Actuaries,"Analyze statistical data, such as mortality, accident, sickness, disability, and retirement rates and construct probability tables to forecast risk and liability for payment of future benefits. May ascertain insurance rates required and cash reserves necessary to ensure payment of future benefits.",4.0,08/2023,actuaries,BLS OEWS May 2025 + BLS projections 2024–2034 + O*NET 30.3
15-2021,Mathematicians,2030,2.5,62.15,129260.0,1.0,33.29,42.58,60.92,75.49,93.84,69240.0,88570.0,126710.0,157020.0,195190.0,      Mathematicians,2.4,2.4,0.0,-0.7,,0.1,121680.0,Master's degree,,,Master's degree,15-2021.00,Mathematicians,"Conduct research in fundamental mathematics or in application of mathematical techniques to science, management, and other fields. Solve problems in various fields using mathematical methods.",5.0,08/2025,mathematicians,BLS OEWS May 2025 + BLS projections 2024–2034 + O*NET 30.3
15-2031,Operations Research Analysts,108510,1.4,47.95,99730.0,0.6,27.43,32.86,42.76,60.57,76.88,57060.0,68360.0,88940.0,125990.0,159910.0,      Operations research analysts,112.1,136.2,24.1,21.5,,9.6,91290.0,Bachelor's degree,,,Bachelor's degree,15-2031.00,Operations Research Analysts,"Formulate and apply mathematical modeling and other optimizing methods to develop and interpret information that assists management with decisionmaking, policy formulation, or other managerial functions. May collect and analyze data and develop decision support software, services, or products. May develop and supply optimal time, cost, or logistics networks for program evaluation, review, or implementation.",5.0,08/2024,operations research analysts,BLS OEWS May 2025 + BLS projections 2024–2034 + O*NET 30.3
15-2041,Statisticians,29030,2.7,55.63,115700.0,1.2,30.77,39.53,50.79,68.03,83.68,64000.0,82220.0,105650.0,141490.0,174050.0,      Statisticians,32.2,34.9,2.7,8.5,1.3,2.0,103300.0,Master's degree,,,Master's degree,15-2041.00,Statisticians,"Develop or apply mathematical or statistical theory and methods to collect, organize, interpret, and summarize numerical data to provide usable information. May specialize in fields such as biostatistics, agricultural statistics, business statistics, or economic statistics. Includes mathematical and survey statisticians.",5.0,08/2024,statisticians,BLS OEWS May 2025 + BLS projections 2024–2034 + O*NET 30.3
15-2051,Data Scientists,262440,1.1,60.96,126800.0,0.7,32.33,41.18,57.8,76.39,95.74,67240.0,85660.0,120230.0,158880.0,199130.0,      Data scientists,245.9,328.3,82.5,33.5,1.8,23.4,112590.0,Bachelor's degree,,,Bachelor's degree,15-2051.00,Data Scientists,"Develop and implement a set of techniques or analytics applications to transform raw data into meaningful information using data-oriented programming languages and visualization software. Apply data mining, data modeling, natural language processing, and machine learning to extract and analyze information from large structured and unstructured datasets. Visualize, interpret, and report data findings. May create dynamic data reports.",4.0,11/2021,data scientists,BLS OEWS May 2025 + BLS projections 2024–2034 + O*NET 30.3
15-2099,"Mathematical Science Occupations, All Other",3720,12.6,44.02,91550.0,3.5,23.07,29.21,39.18,51.53,74.32,47980.0,60750.0,81490.0,107180.0,154580.0,"      Mathematical science occupations, all other",5.0,5.2,0.2,4.0,1.4,0.3,71490.0,Bachelor's degree,,,Bachelor's degree,15-2099.00,"Mathematical Science Occupations, All Other",All mathematical scientists not listed separately.,4.0,07/2014,"mathematical science occupations, all other",BLS OEWS May 2025 + BLS projections 2024–2034 + O*NET 30.3
17-1011,"Architects, Except Landscape and Naval",106770,2.0,51.09,106260.0,0.8,29.95,37.48,47.73,60.84,77.61,62300.0,77960.0,99280.0,126550.0,161420.0,"        Architects, except landscape and naval",123.6,128.4,4.8,3.9,10.5,7.8,96690.0,Bachelor's degree,,Internship/residency,Bachelor's degree,17-1011.00,"Architects, Except Landscape and Naval","Plan and design structures, such as private residences, office buildings, theaters, factories, and other structural property.",5.0,08/2021,"architects, except landscape and naval",BLS OEWS May 2025 + BLS projections 2024–2034 + O*NET 30.3
17-1012,Landscape Architects,19600,4.4,42.68,88780.0,1.1,26.33,30.85,38.4,50.04,62.59,54770.0,64170.0,79870.0,104090.0,130190.0,        Landscape architects,21.8,22.6,0.8,3.5,10.4,1.7,79660.0,Bachelor's degree,,Internship/residency,Bachelor's degree,17-1012.00,Landscape Architects,"Plan and design land areas for projects such as parks and other recreational facilities, airports, highways, hospitals, schools, land subdivisions, and commercial, industrial, and residential sites.",4.0,08/2025,landscape architects,BLS OEWS May 2025 + BLS projections 2024–2034 + O*NET 30.3
17-1021,Cartographers and Photogrammetrists,14260,3.0,41.68,86690.0,0.9,25.84,31.57,39.13,49.02,61.03,53740.0,65670.0,81390.0,101960.0,126950.0,        Cartographers and photogrammetrists,13.4,14.3,0.9,6.4,2.3,1.0,78380.0,Bachelor's degree,,,Bachelor's degree,17-1021.00,Cartographers and Photogrammetrists,"Research, study, and prepare maps and other spatial data in digital or graphic form for one or more purposes, such as legal, social, political, educational, and design purposes. May work with Geographic Information Systems (GIS). May design and evaluate algorithms, data structures, and user interfaces for GIS and mapping systems. May collect, analyze, and interpret geographic information provided by geodetic surveys, aerial photographs, and satellite data.",4.0,08/2018,cartographers and photogrammetrists,BLS OEWS May 2025 + BLS projections 2024–2034 + O*NET 30.3
17-1022,Surveyors,50830,1.7,38.73,80570.0,0.7,22.54,27.97,36.27,47.18,60.38,46880.0,58170.0,75440.0,98130.0,125590.0,        Surveyors,56.1,58.6,2.5,4.4,4.3,3.9,72740.0,Bachelor's degree,,Internship/residency,Bachelor's degree,17-1022.00,Surveyors,"Make exact measurements and determine property boundaries. Provide data relevant to the shape, contour, gravitation, location, elevation, or dimension of land or land features on or near the earth's surface for engineering, mapmaking, mining, land evaluation, construction, and other purposes.",4.0,08/2023,surveyors,BLS OEWS May 2025 + BLS projections 2024–2034 + O*NET 30.3
17-2011,Aerospace Engineers,67710,2.0,68.3,142060.0,0.6,41.68,51.02,64.89,81.58,98.98,86700.0,106110.0,134960.0,169690.0,205890.0,      Aerospace engineers,71.6,75.9,4.4,6.1,2.6,4.5,134830.0,Bachelor's degree,,,Bachelor's degree,17-2011.00,Aerospace Engineers,"Perform engineering duties in designing, constructing, and testing aircraft, missiles, and spacecraft. May conduct basic and applied research to evaluate adaptability of materials and equipment to aircraft design and manufacture. May recommend improvements in testing equipment and techniques.",4.0,07/2015,aerospace engineers,BLS OEWS May 2025 + BLS projections 2024–2034 + O*NET 30.3
17-2021,Agricultural Engineers,1480,11.8,52.04,108230.0,4.3,32.72,39.55,47.4,60.04,80.03,68060.0,82260.0,98590.0,124880.0,166460.0,      Agricultural engineers,1.7,1.8,0.1,5.9,,0.1,84630.0,Bachelor's degree,,,Bachelor's degree,17-2021.00,Agricultural Engineers,"Apply knowledge of engineering technology and biological science to agricultural problems concerned with power and machinery, electrification, structures, soil and water conservation, and processing of agricultural products.",4.0,08/2024,agricultural engineers,BLS OEWS May 2025 + BLS projections 2024–2034 + O*NET 30.3
17-2031,Bioengineers and Biomedical Engineers,23480,4.6,56.2,116890.0,2.1,34.55,41.82,52.58,65.68,80.86,71850.0,86980.0,109370.0,136600.0,168180.0,      Bioengineers and biomedical engineers,22.2,23.3,1.1,5.2,0.2,1.3,106950.0,Bachelor's degree,,,Bachelor's degree,17-2031.00,Bioengineers and Biomedical Engineers,"Apply knowledge of engineering, biology, chemistry, computer science, and biomechanical principles to the design, development, and evaluation of biological, agricultural, and health systems and products, such as artificial organs, prostheses, instrumentation, medical information systems, and health management and care delivery systems.",4.0,08/2024,bioengineers and biomedical engineers,BLS OEWS May 2025 + BLS projections 2024–2034 + O*NET 30.3
17-2041,Chemical Engineers,21070,3.6,62.49,129980.0,2.2,38.19,47.03,60.12,75.57,87.92,79420.0,97820.0,125040.0,157190.0,182880.0,      Chemical engineers,21.6,22.1,0.6,2.6,5.1,1.1,121860.0,Bachelor's degree,,,Bachelor's degree,17-2041.00,Chemical Engineers,"Design chemical plant equipment and devise processes for manufacturing chemicals and products, such as gasoline, synthetic rubber, plastics, detergents, cement, paper, and pulp, by applying principles and technology of chemistry, physics, and engineering.",4.0,08/2025,chemical engineers,BLS OEWS May 2025 + BLS projections 2024–2034 + O*NET 30.3
17-2051,Civil Engineers,367840,1.0,52.24,108670.0,0.9,32.81,38.43,48.48,62.34,78.47,68240.0,79930.0,100840.0,129680.0,163220.0,      Civil engineers,368.9,387.5,18.5,5.0,1.3,23.6,99590.0,Bachelor's degree,,,Bachelor's degree,17-2051.00,Civil Engineers,"Perform engineering duties in planning, designing, and overseeing construction and maintenance of building structures and facilities, such as roads, railroads, airports, bridges, harbors, channels, dams, irrigation projects, pipelines, power plants, and water and sewage systems.",4.0,08/2021,civil engineers,BLS OEWS May 2025 + BLS projections 2024–2034 + O*NET 30.3
17-2061,Computer Hardware Engineers,76660,1.9,78.21,162670.0,0.6,44.68,60.62,77.76,97.59,108.33,92940.0,126090.0,161740.0,202990.0,225330.0,      Computer hardware engineers,76.8,82.4,5.6,7.3,1.1,4.7,155020.0,Bachelor's degree,,,Bachelor's degree,17-2061.00,Computer Hardware Engineers,"Research, design, develop, or test computer or computer-related equipment for commercial, industrial, military, or scientific use. May supervise the manufacturing and installation of computer or computer-related equipment and components.",4.0,08/2021,computer hardware engineers,BLS OEWS May 2025 + BLS projections 2024–2034 + O*NET 30.3
17-2071,Electrical Engineers,198750,1.7,60.15,125100.0,0.8,36.8,44.63,58.0,73.53,88.61,76550.0,92830.0,120630.0,152950.0,184300.0,        Electrical engineers,192.0,205.7,13.8,7.2,1.0,11.7,111910.0,Bachelor's degree,,,Bachelor's degree,17-2071.00,Electrical Engineers,"Research, design, develop, test, or supervise the manufacturing and installation of electrical equipment, components, or systems for commercial, industrial, military, or scientific use.",4.0,08/2023,electrical engineers,BLS OEWS May 2025 + BLS projections 2024–2034 + O*NET 30.3
17-2072,"Electronics Engineers, Except Computer",96900,2.0,66.0,137280.0,0.7,39.35,48.88,62.6,80.61,99.5,81840.0,101680.0,130220.0,167670.0,206960.0,"        Electronics engineers, except computer",95.9,101.8,6.0,6.2,0.9,5.7,127590.0,Bachelor's degree,,,Bachelor's degree,17-2072.00,"Electronics Engineers, Except Computer","Research, design, develop, or test electronic components and systems for commercial, industrial, military, or scientific use employing knowledge of electronic theory and materials properties. Design electronic circuits and components for use in fields such as telecommunications, aerospace guidance and propulsion control, acoustics, or instruments and controls.",4.0,08/2022,"electronics engineers, except computer",BLS OEWS May 2025 + BLS projections 2024–2034 + O*NET 30.3
17-2081,Environmental Engineers,38340,3.1,54.29,112910.0,0.8,33.65,40.18,51.5,64.63,77.99,69990.0,83570.0,107110.0,134420.0,162220.0,      Environmental engineers,39.4,41.0,1.5,3.9,1.0,3.0,104170.0,Bachelor's degree,,,Bachelor's degree,17-2081.00,Environmental Engineers,"Research, design, plan, or perform engineering duties in the prevention, control, and remediation of environmental hazards using various engineering disciplines. Work may include waste treatment, site remediation, or pollution control technology.",4.0,08/2024,environmental engineers,BLS OEWS May 2025 + BLS projections 2024–2034 + O*NET 30.3
17-2111,"Health and Safety Engineers, Except Mining Safety Engineers and Inspectors",21450,6.5,57.58,119770.0,1.8,32.89,43.72,55.36,68.74,82.33,68420.0,90930.0,115160.0,142980.0,171250.0,"        Health and safety engineers, except mining safety engineers and inspectors",23.8,24.9,1.1,4.4,,1.5,109660.0,Bachelor's degree,,,Bachelor's degree,17-2111.00,"Health and Safety Engineers, Except Mining Safety Engineers and Inspectors","Promote worksite or product safety by applying knowledge of industrial processes, mechanics, chemistry, psychology, and industrial health and safety laws. Includes industrial product safety engineers.",4.0,11/2024,"health and safety engineers, except mining safety engineers and inspectors",BLS OEWS May 2025 + BLS projections 2024–2034 + O*NET 30.3
17-2112,Industrial Engineers,365740,0.7,52.84,109900.0,0.3,35.76,40.19,49.25,62.14,76.85,74370.0,83600.0,102440.0,129250.0,159860.0,        Industrial engineers,351.1,389.6,38.5,11.0,0.2,25.2,101140.0,Bachelor's degree,,,Bachelor's degree,17-2112.00,Industrial Engineers,"Design, develop, test, and evaluate integrated systems for managing industrial production processes, including human work factors, quality control, inventory control, logistics and material flow, cost analysis, and production coordination.",4.0,08/2020,industrial engineers,BLS OEWS May 2025 + BLS projections 2024–2034 + O*NET 30.3
17-2121,Marine Engineers and Naval Architects,8250,5.5,59.7,124180.0,1.0,39.91,47.71,53.96,66.2,83.33,83010.0,99250.0,112230.0,137690.0,173330.0,      Marine engineers and naval architects,8.5,9.0,0.5,5.8,,0.6,105670.0,Bachelor's degree,,,Bachelor's degree,17-2121.00,Marine Engineers and Naval Architects,"Design, develop, and evaluate the operation of marine vessels, ship machinery, and related equipment, such as power supply and propulsion systems.",4.0,08/2025,marine engineers and naval architects,BLS OEWS May 2025 + BLS projections 2024–2034 + O*NET 30.3
17-2131,Materials Engineers,22770,2.0,57.81,120250.0,0.6,34.76,42.35,54.26,68.61,84.48,72300.0,88080.0,112860.0,142720.0,175720.0,      Materials engineers,23.0,24.3,1.3,5.7,,1.5,108310.0,Bachelor's degree,,,Bachelor's degree,17-2131.00,Materials Engineers,"Evaluate materials and develop machinery and processes to manufacture materials for use in products that must meet specialized design and performance specifications. Develop new uses for known materials. Includes those engineers working with composite materials or specializing in one type of material, such as graphite, metal and metal alloys, ceramics and glass, plastics and polymers, and naturally occurring materials. Includes metallurgists and metallurgical engineers, ceramic engineers, and welding engineers.",4.0,08/2020,materials engineers,BLS OEWS May 2025 + BLS projections 2024–2034 + O*NET 30.3
17-2141,Mechanical Engineers,296810,1.3,54.62,113610.0,0.4,35.57,40.45,50.05,63.75,79.01,73990.0,84130.0,104110.0,132590.0,164340.0,      Mechanical engineers,293.1,319.6,26.5,9.1,1.2,18.1,102320.0,Bachelor's degree,,,Bachelor's degree,17-2141.00,Mechanical Engineers,"Perform engineering duties in planning and designing tools, engines, machines, and other mechanically functioning equipment. Oversee installation, operation, maintenance, and repair of equipment such as centralized heat, gas, water, and steam systems.",4.0,08/2024,mechanical engineers,BLS OEWS May 2025 + BLS projections 2024–2034 + O*NET 30.3
17-2151,"Mining and Geological Engineers, Including Mining Safety Engineers",6080,6.4,55.49,115410.0,1.9,32.45,41.0,51.07,65.67,81.73,67490.0,85280.0,106220.0,136590.0,169990.0,"      Mining and geological engineers, including mining safety engineers",7.0,7.0,0.0,0.7,1.7,0.4,101020.0,Bachelor's degree,,,Bachelor's degree,17-2151.00,"Mining and Geological Engineers, Including Mining Safety Engineers","Conduct subsurface surveys to identify the characteristics of potential land or mining development sites. May specify the ground support systems, processes, and equipment for safe, economical, and environmentally sound extraction or underground construction activities. May inspect areas for unsafe geological conditions, equipment, and working conditions. May design, implement, and coordinate mine safety programs.",4.0,08/2018,"mining and geological engineers, including mining safety engineers",BLS OEWS May 2025 + BLS projections 2024–2034 + O*NET 30.3
17-2161,Nuclear Engineers,15280,3.4,67.51,140420.0,1.2,44.69,52.26,64.41,78.67,94.37,92960.0,108690.0,133970.0,163630.0,196290.0,      Nuclear engineers,15.4,15.3,-0.2,-1.1,2.4,0.8,127520.0,Bachelor's degree,,,Bachelor's degree,17-2161.00,Nuclear Engineers,"Conduct research on nuclear engineering projects or apply principles and theory of nuclear science to problems concerned with release, control, and use of nuclear energy and nuclear waste disposal.",4.0,08/2024,nuclear engineers,BLS OEWS May 2025 + BLS projections 2024–2034 + O*NET 30.3
17-2171,Petroleum Engineers,18060,5.7,75.55,157150.0,2.3,39.16,51.09,69.67,95.16,121.73,81440.0,106270.0,144910.0,197920.0,253200.0,      Petroleum engineers,19.6,19.8,0.2,1.3,1.7,1.2,141280.0,Bachelor's degree,,,Bachelor's degree,17-2171.00,Petroleum Engineers,Devise methods to improve oil and gas extraction and production and determine the need for new or modified tool designs. Oversee drilling and offer technical advice.,4.0,08/2020,petroleum engineers,BLS OEWS May 2025 + BLS projections 2024–2034 + O*NET 30.3
17-2199,"Engineers, All Other",154070,1.1,60.26,125330.0,0.4,32.12,43.73,59.1,76.01,91.32,66810.0,90970.0,122930.0,158090.0,189950.0,"      Engineers, all other",158.8,162.1,3.3,2.1,2.1,9.3,117750.0,Bachelor's degree,,,Bachelor's degree,17-2199.00,"Engineers, All Other",All engineers not listed separately.,4.0,07/2016,"engineers, all other",BLS OEWS May 2025 + BLS projections 2024–2034 + O*NET 30.3
17-3011,Architectural and Civil Drafters,103700,2.3,34.01,70740.0,0.6,22.24,26.76,31.8,38.88,47.94,46260.0,55650.0,66150.0,80870.0,99710.0,        Architectural and civil drafters,110.5,115.1,4.6,4.1,0.7,10.0,64280.0,Associate's degree,,,Associate's degree,17-3011.00,Architectural and Civil Drafters,"Prepare detailed drawings of architectural and structural features of buildings or drawings and topographical relief maps used in civil engineering projects, such as highways, bridges, and public works. Use knowledge of building materials, engineering practices, and mathematics to complete drawings.",3.0,11/2024,architectural and civil drafters,BLS OEWS May 2025 + BLS projections 2024–2034 + O*NET 30.3
17-3012,Electrical and Electronics Drafters,17920,3.3,39.08,81280.0,0.8,24.06,29.53,36.96,46.5,57.83,50040.0,61430.0,76870.0,96730.0,120290.0,        Electrical and electronics drafters,21.6,20.4,-1.2,-5.6,6.6,1.7,73720.0,Associate's degree,,,Associate's degree,17-3012.00,Electrical and Electronics Drafters,"Prepare wiring diagrams, circuit board assembly diagrams, and layout drawings used for the manufacture, installation, or repair of electrical equipment.",3.0,08/2022,electrical and electronics drafters,BLS OEWS May 2025 + BLS projections 2024–2034 + O*NET 30.3
17-3013,Mechanical Drafters,39960,3.0,36.09,75060.0,0.8,23.25,27.93,34.4,41.41,51.24,48360.0,58080.0,71550.0,86120.0,106580.0,        Mechanical drafters,42.9,40.1,-2.8,-6.5,6.6,3.3,68510.0,Associate's degree,,,Associate's degree,17-3013.00,Mechanical Drafters,"Prepare detailed working diagrams of machinery and mechanical devices, including dimensions, fastening methods, and other engineering information.",3.0,07/2017,mechanical drafters,BLS OEWS May 2025 + BLS projections 2024–2034 + O*NET 30.3
17-3019,"Drafters, All Other",14470,3.6,32.81,68250.0,1.1,20.88,24.83,30.54,38.32,47.78,43420.0,51650.0,63520.0,79700.0,99380.0,"        Drafters, all other",17.1,15.9,-1.2,-6.9,6.5,1.3,62010.0,Associate's degree,,,Associate's degree,17-3019.00,"Drafters, All Other",All drafters not listed separately.,,,"drafters, all other",BLS OEWS May 2025 + BLS projections 2024–2034 + O*NET 30.3
17-3021,Aerospace Engineering and Operations Technologists and Technicians,11280,3.7,43.9,91310.0,0.8,28.39,32.54,39.85,53.5,60.18,59050.0,67680.0,82890.0,111280.0,125160.0,        Aerospace engineering and operations technologists and technicians,9.3,10.1,0.8,8.1,1.4,0.9,79830.0,Associate's degree,,,Associate's degree,17-3021.00,Aerospace Engineering and Operations Technologists and Technicians,"Operate, install, adjust, and maintain integrated computer/communications systems, consoles, simulators, and other data acquisition, test, and measurement instruments and equipment, which are used to launch, track, position, and evaluate air and space vehicles. May record and interpret test data.",3.0,08/2019,aerospace engineering and operations technologists and technicians,BLS OEWS May 2025 + BLS projections 2024–2034 + O*NET 30.3
17-3022,Civil Engineering Technologists and Technicians,68520,2.1,33.17,68990.0,0.7,21.26,24.76,31.23,38.78,47.59,44220.0,51490.0,64950.0,80650.0,98980.0,        Civil engineering technologists and technicians,64.9,66.2,1.4,2.1,0.8,5.5,64200.0,Associate's degree,,,Associate's degree,17-3022.00,Civil Engineering Technologists and Technicians,"Apply theory and principles of civil engineering in planning, designing, and overseeing construction and maintenance of structures and facilities under the direction of engineering staff or physical scientists.",3.0,07/2017,civil engineering technologists and technicians,BLS OEWS May 2025 + BLS projections 2024–2034 + O*NET 30.3
17-3023,Electrical and Electronic Engineering Technologists and Technicians,95130,1.4,38.79,80680.0,0.5,23.8,29.62,37.59,46.95,55.62,49510.0,61610.0,78190.0,97650.0,115700.0,        Electrical and electronic engineering technologists and technicians,93.7,94.3,0.6,0.6,0.1,8.4,77180.0,Associate's degree,,,Associate's degree,17-3023.00,Electrical and Electronic Engineering Technologists and Technicians,"Apply electrical and electronic theory and related knowledge, usually under the direction of engineering staff, to design, build, repair, adjust, and modify electrical components, circuitry, controls, and machinery for subsequent evaluation and use by engineering staff in making engineering design decisions.",3.0,11/2024,electrical and electronic engineering technologists and technicians,BLS OEWS May 2025 + BLS projections 2024–2034 + O*NET 30.3
17-3024,Electro-Mechanical and Mechatronics Technologists and Technicians,15520,4.1,36.74,76420.0,1.5,23.0,28.74,35.53,42.57,52.83,47840.0,59780.0,73900.0,88540.0,109890.0,        Electro-mechanical and mechatronics technologists and technicians,15.0,15.1,0.2,1.1,1.5,1.3,70760.0,Associate's degree,,,Associate's degree,17-3024.00,Electro-Mechanical and Mechatronics Technologists and Technicians,"Operate, test, maintain, or adjust unmanned, automated, servomechanical, or electromechanical equipment. May operate unmanned submarines, aircraft, or other equipment to observe or record visual information at sites such as oil rigs, crop fields, buildings, or for similar infrastructure, deep ocean exploration, or hazardous waste removal. May assist engineers in testing and designing robotics equipment.",3.0,08/2022,electro-mechanical and mechatronics technologists and technicians,BLS OEWS May 2025 + BLS projections 2024–2034 + O*NET 30.3
17-3025,Environmental Engineering Technologists and Technicians,12190,5.4,31.19,64870.0,1.2,19.19,23.18,28.81,36.52,46.47,39910.0,48200.0,59920.0,75960.0,96660.0,        Environmental engineering technologists and technicians,12.9,13.0,0.1,1.2,1.2,1.1,58890.0,Associate's degree,,,Associate's degree,17-3025.00,Environmental Engineering Technologists and Technicians,"Apply theory and principles of environmental engineering to modify, test, and operate equipment and devices used in the prevention, control, and remediation of environmental problems, including waste treatment and site remediation, under the direction of engineering staff or scientists. May assist in the development of environmental remediation devices.",4.0,07/2014,environmental engineering technologists and technicians,BLS OEWS May 2025 + BLS projections 2024–2034 + O*NET 30.3
17-3026,Industrial Engineering Technologists and Technicians,75570,1.1,33.99,70700.0,0.4,22.74,26.81,31.79,38.59,47.67,47300.0,55760.0,66120.0,80280.0,99150.0,        Industrial engineering technologists and technicians,74.6,75.9,1.3,1.7,1.5,6.3,64790.0,Associate's degree,,,Associate's degree,17-3026.00,Industrial Engineering Technologists and Technicians,"Apply engineering theory and principles to problems of industrial layout or manufacturing production, usually under the direction of engineering staff. May perform time and motion studies on worker operations in a variety of industries for purposes such as establishing standard production rates or improving efficiency.",3.0,07/2014,industrial engineering technologists and technicians,BLS OEWS May 2025 + BLS projections 2024–2034 + O*NET 30.3
17-3027,Mechanical Engineering Technologists and Technicians,36190,2.2,36.72,76380.0,1.0,23.27,28.61,35.82,42.36,50.99,48400.0,59510.0,74510.0,88110.0,106050.0,        Mechanical engineering technologists and technicians,38.3,38.3,0.0,0.0,1.5,3.2,68730.0,Associate's degree,,,Associate's degree,17-3027.00,Mechanical Engineering Technologists and Technicians,"Apply theory and principles of mechanical engineering to modify, develop, test, or adjust machinery and equipment under direction of engineering staff or physical scientists.",3.0,08/2022,mechanical engineering technologists and technicians,BLS OEWS May 2025 + BLS projections 2024–2034 + O*NET 30.3
17-3028,Calibration Technologists and Technicians,16540,5.0,35.66,74170.0,1.6,22.44,27.11,32.61,44.27,51.23,46680.0,56380.0,67820.0,92080.0,106550.0,        Calibration technologists and technicians,15.8,16.5,0.7,4.7,1.5,1.4,65040.0,Associate's degree,,,Associate's degree,17-3028.00,Calibration Technologists and Technicians,"Execute or adapt procedures and techniques for calibrating measurement devices, by applying knowledge of measurement science, mathematics, physics, chemistry, and electronics, sometimes under the direction of engineering staff. Determine measurement standard suitability for calibrating measurement devices. May perform preventive maintenance on equipment. May perform corrective actions to address identified calibration problems.",3.0,11/2021,calibration technologists and technicians,BLS OEWS May 2025 + BLS projections 2024–2034 + O*NET 30.3
17-3029,"Engineering Technologists and Technicians, Except Drafters, All Other",59930,1.8,38.93,80960.0,0.6,22.61,29.03,37.67,47.75,56.89,47030.0,60390.0,78350.0,99310.0,118330.0,"        Engineering technologists and technicians, except drafters, all other",67.3,68.3,1.0,1.5,1.0,5.7,77390.0,Associate's degree,,,Associate's degree,17-3029.00,"Engineering Technologists and Technicians, Except Drafters, All Other","All engineering technologists and technicians, except drafters, not listed separately.",2.0,02/2026,"engineering technologists and technicians, except drafters, all other",BLS OEWS May 2025 + BLS projections 2024–2034 + O*NET 30.3
17-3031,Surveying and Mapping Technicians,58010,2.8,27.89,58000.0,0.8,18.04,21.84,26.08,32.07,39.24,37520.0,45430.0,54240.0,66700.0,81630.0,      Surveying and mapping technicians,59.4,62.1,2.7,4.5,3.6,7.6,51940.0,High school diploma or equivalent,,Moderate-term on-the-job training,High school diploma or equivalent,17-3031.00,Surveying and Mapping Technicians,"Perform surveying and mapping duties, usually under the direction of an engineer, surveyor, cartographer, or photogrammetrist, to obtain data used for construction, mapmaking, boundary location, mining, or other purposes. May calculate mapmaking information and create maps from source data, such as surveying notes, aerial photography, satellite data, or other maps to show topographical features, political boundaries, and other features. May verify accuracy and completeness of maps.",3.0,11/2024,surveying and mapping technicians,BLS OEWS May 2025 + BLS projections 2024–2034 + O*NET 30.3
19-1011,Animal Scientists,3100,15.6,42.48,88350.0,9.1,21.32,23.93,33.14,49.67,79.81,44350.0,49770.0,68940.0,103300.0,166000.0,        Animal scientists,2.8,2.9,0.2,5.8,2.3,0.2,79120.0,Bachelor's degree,,,Bachelor's degree,19-1011.00,Animal Scientists,"Conduct research in the genetics, nutrition, reproduction, growth, and development of domestic farm animals.",5.0,08/2022,animal scientists,BLS OEWS May 2025 + BLS projections 2024–2034 + O*NET 30.3
19-1012,Food Scientists and Technologists,13060,3.6,45.85,95360.0,1.0,25.44,33.08,42.65,56.08,69.85,52920.0,68810.0,88720.0,116650.0,145280.0,        Food scientists and technologists,15.2,16.2,1.0,6.5,3.3,1.2,85310.0,Bachelor's degree,,,Bachelor's degree,19-1012.00,Food Scientists and Technologists,"Use chemistry, microbiology, engineering, and other sciences to study the principles underlying the processing and deterioration of foods; analyze food content to determine levels of vitamins, fat, sugar, and protein; discover new food sources; research ways to make processed foods safe, palatable, and healthful; and apply food science knowledge to determine best ways to process, package, preserve, store, and distribute food.",4.0,08/2025,food scientists and technologists,BLS OEWS May 2025 + BLS projections 2024–2034 + O*NET 30.3
19-1013,Soil and Plant Scientists,15730,4.0,42.17,87720.0,1.3,23.41,29.65,37.91,49.88,66.4,48680.0,61660.0,78850.0,103740.0,138120.0,        Soil and plant scientists,20.7,21.8,1.1,5.4,2.0,1.7,71410.0,Bachelor's degree,,,Bachelor's degree,19-1013.00,Soil and Plant Scientists,"Conduct research in breeding, physiology, production, yield, and management of crops and agricultural plants or trees, shrubs, and nursery stock, their growth in soils, and control of pests; or study the chemical, physical, biological, and mineralogical composition of soils as they relate to plant or crop growth. May classify and map soils and investigate effects of alternative practices on soil and crop productivity.",5.0,08/2021,soil and plant scientists,BLS OEWS May 2025 + BLS projections 2024–2034 + O*NET 30.3
19-1021,Biochemists and Biophysicists,33830,4.2,62.43,129840.0,1.3,35.71,45.67,61.26,78.59,96.69,74290.0,95000.0,127410.0,163460.0,201110.0,        Biochemists and biophysicists,35.6,37.6,2.1,5.8,1.7,2.9,103650.0,Doctoral or professional degree,,,Doctoral or professional degree,19-1021.00,Biochemists and Biophysicists,"Study the chemical composition or physical principles of living cells and organisms, their electrical and mechanical energy, and related phenomena. May conduct research to further understanding of the complex chemical combinations and reactions involved in metabolism, reproduction, growth, and heredity. May determine the effects of foods, drugs, serums, hormones, and other substances on tissues and vital processes of living organisms.",5.0,08/2020,biochemists and biophysicists,BLS OEWS May 2025 + BLS projections 2024–2034 + O*NET 30.3
19-1022,Microbiologists,18940,4.3,46.92,97600.0,0.9,26.28,32.26,42.3,58.82,72.12,54670.0,67100.0,87990.0,122350.0,150000.0,        Microbiologists,20.7,21.6,0.8,4.1,1.3,1.7,87330.0,Bachelor's degree,,,Bachelor's degree,19-1022.00,Microbiologists,"Investigate the growth, structure, development, and other characteristics of microscopic organisms, such as bacteria, algae, or fungi. Includes medical microbiologists who study the relationship between organisms and disease or the effects of antibiotics on microorganisms.",4.0,08/2024,microbiologists,BLS OEWS May 2025 + BLS projections 2024–2034 + O*NET 30.3
19-1023,Zoologists and Wildlife Biologists,18120,3.0,39.91,83020.0,2.4,23.61,29.41,36.91,46.2,60.79,49100.0,61180.0,76780.0,96100.0,126440.0,        Zoologists and wildlife biologists,18.2,18.5,0.3,1.6,0.5,1.4,72860.0,Bachelor's degree,,,Bachelor's degree,19-1023.00,Zoologists and Wildlife Biologists,"Study the origins, behavior, diseases, genetics, and life processes of animals and wildlife. May specialize in wildlife research and management. May collect and analyze biological data to determine the environmental effects of present and potential use of land and water habitats.",4.0,08/2023,zoologists and wildlife biologists,BLS OEWS May 2025 + BLS projections 2024–2034 + O*NET 30.3
19-1029,"Biological Scientists, All Other",55850,1.9,51.12,106330.0,0.8,29.05,36.92,47.56,61.38,80.77,60430.0,76800.0,98920.0,127670.0,168010.0,"        Biological scientists, all other",63.7,64.5,0.8,1.2,1.0,4.8,93330.0,Bachelor's degree,,,Bachelor's degree,19-1029.00,"Biological Scientists, All Other",All biological scientists not listed separately.,5.0,07/2012,"biological scientists, all other",BLS OEWS May 2025 + BLS projections 2024–2034 + O*NET 30.3
19-1031,Conservation Scientists,25950,2.4,37.08,77130.0,0.7,22.86,27.74,35.1,44.02,53.08,47550.0,57700.0,73010.0,91560.0,110410.0,        Conservation scientists,28.5,29.5,1.0,3.4,3.5,2.5,67950.0,Bachelor's degree,,,Bachelor's degree,19-1031.00,Conservation Scientists,"Manage, improve, and protect natural resources to maximize their use without damaging the environment. May conduct soil surveys and develop plans to eliminate soil erosion or to protect rangelands. May instruct farmers, agricultural production managers, or ranchers in best ways to use crop rotation, contour plowing, or terracing to conserve soil and water; in the number and kind of livestock and forage plants best suited to particular ranges; and in range and farm improvements, such as fencing and reservoirs for stock watering.",4.0,08/2022,conservation scientists,BLS OEWS May 2025 + BLS projections 2024–2034 + O*NET 30.3
19-1032,Foresters,10430,3.2,38.06,79170.0,0.9,24.42,30.15,36.73,44.06,52.74,50790.0,62710.0,76400.0,91640.0,109700.0,        Foresters,13.8,14.0,0.2,1.2,3.4,1.1,70660.0,Bachelor's degree,,,Bachelor's degree,19-1032.00,Foresters,"Manage public and private forested lands for economic, recreational, and conservation purposes. May inventory the type, amount, and location of standing timber, appraise the timber's worth, negotiate the purchase, and draw up contracts for procurement. May determine how to conserve wildlife habitats, creek beds, water quality, and soil stability, and how best to comply with environmental regulations. May devise plans for planting and growing new trees, monitor trees for healthy growth, and determine optimal harvesting schedules.",4.0,08/2023,foresters,BLS OEWS May 2025 + BLS projections 2024–2034 + O*NET 30.3
19-1041,Epidemiologists,12090,3.2,47.06,97890.0,1.0,29.46,34.18,41.93,54.15,66.73,61270.0,71090.0,87220.0,112640.0,138800.0,        Epidemiologists,12.3,14.3,2.0,16.2,,0.8,83980.0,Master's degree,,,Master's degree,19-1041.00,Epidemiologists,"Investigate and describe the determinants and distribution of disease, disability, or health outcomes. May develop the means for prevention and control.",5.0,08/2023,epidemiologists,BLS OEWS May 2025 + BLS projections 2024–2034 + O*NET 30.3
19-1042,"Medical Scientists, Except Epidemiologists",172340,1.1,56.18,116840.0,0.7,31.15,38.39,49.72,67.01,85.47,64800.0,79840.0,103410.0,139380.0,177780.0,"        Medical scientists, except epidemiologists",165.3,179.6,14.3,8.7,0.6,9.6,100590.0,Doctoral or professional degree,,,Doctoral or professional degree,19-1042.00,"Medical Scientists, Except Epidemiologists","Conduct research dealing with the understanding of human diseases and the improvement of human health. Engage in clinical investigation, research and development, or other related activities.",5.0,08/2021,"medical scientists, except epidemiologists",BLS OEWS May 2025 + BLS projections 2024–2034 + O*NET 30.3
19-1099,"Life Scientists, All Other",7460,6.6,51.86,107860.0,5.8,28.21,33.17,45.07,63.42,89.55,58670.0,68990.0,93750.0,131910.0,186260.0,"      Life scientists, all other",7.8,8.1,0.3,3.7,,0.4,87800.0,Bachelor's degree,,,Bachelor's degree,19-1099.00,"Life Scientists, All Other",All life scientists not listed separately.,,,"life scientists, all other",BLS OEWS May 2025 + BLS projections 2024–2034 + O*NET 30.3
19-2011,Astronomers,2120,7.3,63.91,132920.0,0.7,37.5,48.04,61.94,79.81,93.84,78010.0,99920.0,128820.0,166000.0,195190.0,        Astronomers,1.8,1.8,0.0,2.2,5.4,0.1,132170.0,Doctoral or professional degree,,,Doctoral or professional degree,19-2011.00,Astronomers,"Observe, research, and interpret astronomical phenomena to increase basic knowledge or apply such information to practical problems.",5.0,08/2024,astronomers,BLS OEWS May 2025 + BLS projections 2024–2034 + O*NET 30.3
19-2012,Physicists,20430,3.1,82.3,171180.0,1.0,39.48,53.71,82.81,107.1,131.79,82110.0,111720.0,172250.0,222760.0,274110.0,        Physicists,24.6,25.6,1.0,4.0,8.7,1.7,166290.0,Doctoral or professional degree,,,Doctoral or professional degree,19-2012.00,Physicists,"Conduct research into physical phenomena, develop theories on the basis of observation and experiments, and devise methods to apply physical laws and theories.",5.0,08/2020,physicists,BLS OEWS May 2025 + BLS projections 2024–2034 + O*NET 30.3
19-2021,Atmospheric and Space Scientists,10000,4.4,51.01,106110.0,1.8,25.51,35.26,47.63,62.48,77.83,53060.0,73350.0,99070.0,129960.0,161890.0,      Atmospheric and space scientists,9.4,9.5,0.1,0.7,,0.7,97450.0,Bachelor's degree,,,Bachelor's degree,19-2021.00,Atmospheric and Space Scientists,"Investigate atmospheric phenomena and interpret meteorological data, gathered by surface and air stations, satellites, and radar to prepare reports and forecasts for public and other uses. Includes weather analysts and forecasters whose functions require the detailed knowledge of meteorology.",4.0,08/2024,atmospheric and space scientists,BLS OEWS May 2025 + BLS projections 2024–2034 + O*NET 30.3
19-2031,Chemists,82770,1.8,48.29,100450.0,0.7,28.11,33.39,43.87,60.36,77.32,58460.0,69460.0,91240.0,125550.0,160830.0,        Chemists,86.8,91.0,4.3,4.9,1.0,6.3,84150.0,Bachelor's degree,,,Bachelor's degree,19-2031.00,Chemists,Conduct qualitative and quantitative chemical analyses or experiments in laboratories for quality or process control or to develop new products or knowledge.,4.0,08/2023,chemists,BLS OEWS May 2025 + BLS projections 2024–2034 + O*NET 30.3
19-2032,Materials Scientists,8470,6.4,60.67,126180.0,1.2,32.13,43.26,56.63,72.38,94.85,66820.0,89990.0,117790.0,150550.0,197290.0,        Materials scientists,8.7,9.1,0.4,4.9,1.1,0.6,104160.0,Bachelor's degree,,,Bachelor's degree,19-2032.00,Materials Scientists,"Research and study the structures and chemical properties of various natural and synthetic or composite materials, including metals, alloys, rubber, ceramics, semiconductors, polymers, and glass. Determine ways to strengthen or combine materials or develop new materials with new or specific properties for use in a variety of products and applications. Includes glass scientists, ceramic scientists, metallurgical scientists, and polymer scientists.",4.0,08/2024,materials scientists,BLS OEWS May 2025 + BLS projections 2024–2034 + O*NET 30.3
19-2041,"Environmental Scientists and Specialists, Including Health",89250,1.7,44.08,91680.0,0.8,25.25,31.01,39.53,51.91,67.31,52520.0,64490.0,82220.0,107970.0,140010.0,"        Environmental scientists and specialists, including health",90.3,94.3,4.0,4.4,1.5,8.5,80060.0,Bachelor's degree,,,Bachelor's degree,19-2041.00,"Environmental Scientists and Specialists, Including Health","Conduct research or perform investigation for the purpose of identifying, abating, or eliminating sources of pollutants or hazards that affect either the environment or public health. Using knowledge of various scientific disciplines, may collect, synthesize, study, report, and recommend action based on data derived from measurements or observations of air, food, soil, water, and other sources.",4.0,08/2023,"environmental scientists and specialists, including health",BLS OEWS May 2025 + BLS projections 2024–2034 + O*NET 30.3
19-2042,"Geoscientists, Except Hydrologists and Geographers",23470,3.1,55.84,116150.0,1.9,28.52,36.11,49.0,67.01,96.26,59330.0,75110.0,101920.0,139380.0,200230.0,"        Geoscientists, except hydrologists and geographers",25.1,26.0,0.8,3.2,7.0,2.0,99240.0,Bachelor's degree,,,Bachelor's degree,19-2042.00,"Geoscientists, Except Hydrologists and Geographers","Study the composition, structure, and other physical aspects of the Earth. May use geological, physics, and mathematics knowledge in exploration for oil, gas, minerals, or underground water; or in waste disposal, land reclamation, or other environmental problems. May study the Earth's internal composition, atmospheres, and oceans, and its magnetic, electrical, and gravitational forces. Includes mineralogists, paleontologists, stratigraphers, geodesists, and seismologists.",5.0,08/2020,"geoscientists, except hydrologists and geographers",BLS OEWS May 2025 + BLS projections 2024–2034 + O*NET 30.3
19-2043,Hydrologists,5850,4.3,49.81,103600.0,1.6,30.78,37.12,46.44,59.06,73.62,64020.0,77210.0,96600.0,122830.0,153130.0,        Hydrologists,6.3,6.3,0.0,-0.1,3.1,0.5,92060.0,Bachelor's degree,,,Bachelor's degree,19-2043.00,Hydrologists,"Research the distribution, circulation, and physical properties of underground and surface waters; and study the form and intensity of precipitation and its rate of infiltration into the soil, movement through the earth, and return to the ocean and atmosphere.",5.0,08/2018,hydrologists,BLS OEWS May 2025 + BLS projections 2024–2034 + O*NET 30.3
19-2099,"Physical Scientists, All Other",22300,1.9,62.13,129230.0,1.2,32.21,41.64,58.93,77.83,93.84,67000.0,86620.0,122570.0,161890.0,195190.0,"      Physical scientists, all other",31.9,32.1,0.2,0.6,17.5,2.0,117960.0,Bachelor's degree,,,Bachelor's degree,19-2099.00,"Physical Scientists, All Other",All physical scientists not listed separately.,4.0,08/2023,"physical scientists, all other",BLS OEWS May 2025 + BLS projections 2024–2034 + O*NET 30.3
19-3011,Economists,17790,8.9,68.33,142130.0,4.3,32.38,42.95,59.96,84.0,114.45,67360.0,89330.0,124720.0,174720.0,238060.0,      Economists,17.6,17.8,0.2,1.2,3.7,0.9,115440.0,Master's degree,,,Master's degree,19-3011.00,Economists,"Conduct research, prepare reports, or formulate plans to address economic problems related to the production and distribution of goods and services or monetary and fiscal policy. May collect and process economic and statistical data using sampling techniques and econometric methods.",5.0,08/2024,economists,BLS OEWS May 2025 + BLS projections 2024–2034 + O*NET 30.3
19-3022,Survey Researchers,8290,5.3,38.26,79580.0,2.7,18.87,24.65,33.4,47.96,62.91,39260.0,51270.0,69460.0,99760.0,130860.0,      Survey researchers,8.8,8.3,-0.5,-5.2,4.0,0.7,63380.0,Master's degree,,,Master's degree,19-3022.00,Survey Researchers,"Plan, develop, or conduct surveys. May analyze and interpret the meaning of survey data, determine survey objectives, or suggest or test question wording. Includes social scientists who primarily design questionnaires or supervise survey teams.",5.0,08/2025,survey researchers,BLS OEWS May 2025 + BLS projections 2024–2034 + O*NET 30.3
19-3032,Industrial-Organizational Psychologists,790,16.9,81.84,170230.0,8.1,37.99,51.59,93.24,106.86,118.86,79010.0,107310.0,193950.0,222280.0,247220.0,        Industrial-organizational psychologists,5.6,5.9,0.3,6.3,80.5,0.4,109840.0,Master's degree,,Internship/residency,Master's degree,19-3032.00,Industrial-Organizational Psychologists,"Apply principles of psychology to human resources, administration, management, sales, and marketing problems. Activities may include policy planning; employee testing and selection, training, and development; and organizational development and analysis. May work with management to organize the work setting to improve worker productivity.",5.0,08/2023,industrial-organizational psychologists,BLS OEWS May 2025 + BLS projections 2024–2034 + O*NET 30.3
19-3033,Clinical and Counseling Psychologists,75990,2.4,54.21,112750.0,1.5,26.53,35.2,48.36,65.0,87.0,55170.0,73210.0,100580.0,135200.0,180960.0,        Clinical and counseling psychologists,76.3,84.8,8.5,11.2,2.4,4.8,95830.0,Doctoral or professional degree,,Internship/residency,Doctoral or professional degree,19-3033.00,Clinical and Counseling Psychologists,"Assess, diagnose, and treat mental and emotional disorders of individuals through observation, interview, and psychological tests. Help individuals with distress or maladjustment understand their problems through their knowledge of case history, interviews with patients, and theory. Provide individual or group counseling services to assist individuals in achieving more effective personal, social, educational, and vocational development and adjustment. May design behavior modification programs and consult with medical personnel regarding the best treatment for patients.",5.0,08/2024,clinical and counseling psychologists,BLS OEWS May 2025 + BLS projections 2024–2034 + O*NET 30.3
19-3034,School Psychologists,63940,2.9,47.67,99160.0,1.5,30.32,37.25,46.15,57.84,68.43,63070.0,77470.0,95990.0,120310.0,142330.0,        School psychologists,67.2,67.7,0.5,0.7,5.3,3.8,86930.0,Master's degree,,Internship/residency,Master's degree,19-3034.00,School Psychologists,"Diagnose and implement individual or schoolwide interventions or strategies to address educational, behavioral, or developmental issues that adversely impact educational functioning in a school. May address student learning and behavioral problems and counsel students or families. May design and implement performance plans, and evaluate performance. May consult with other school-based personnel.",5.0,08/2019,school psychologists,BLS OEWS May 2025 + BLS projections 2024–2034 + O*NET 30.3
19-3039,"Psychologists, All Other",18820,3.4,53.47,111210.0,2.0,26.44,33.1,53.29,70.79,81.02,54990.0,68850.0,110840.0,147240.0,168520.0,"        Psychologists, all other",55.3,57.7,2.4,4.3,65.9,3.9,117580.0,Master's degree,,Internship/residency,Master's degree,19-3039.00,"Psychologists, All Other",All psychologists not listed separately.,5.0,08/2024,"psychologists, all other",BLS OEWS May 2025 + BLS projections 2024–2034 + O*NET 30.3
19-3041,Sociologists,2260,7.9,55.25,114920.0,2.4,31.33,39.57,50.98,66.07,82.96,65160.0,82300.0,106030.0,137420.0,172550.0,      Sociologists,3.4,3.6,0.1,3.6,3.0,0.3,101690.0,Master's degree,,,Master's degree,19-3041.00,Sociologists,"Study human society and social behavior by examining the groups and social institutions that people form, as well as various social, religious, political, and business organizations. May study the behavior and interaction of groups, trace their origin and growth, and analyze the influence of group activities on individual members.",5.0,08/2023,sociologists,BLS OEWS May 2025 + BLS projections 2024–2034 + O*NET 30.3
19-3051,Urban and Regional Planners,44230,1.3,45.55,94750.0,0.6,28.85,34.63,42.94,52.9,64.66,60010.0,72020.0,89320.0,110030.0,134490.0,      Urban and regional planners,44.7,46.2,1.5,3.4,,3.4,83720.0,Master's degree,,,Master's degree,19-3051.00,Urban and Regional Planners,"Develop comprehensive plans and programs for use of land and physical facilities of jurisdictions, such as towns, cities, counties, and metropolitan areas.",5.0,08/2021,urban and regional planners,BLS OEWS May 2025 + BLS projections 2024–2034 + O*NET 30.3
19-3091,Anthropologists and Archeologists,8990,6.6,36.35,75620.0,1.1,23.58,28.56,34.02,43.11,51.95,49050.0,59400.0,70770.0,89670.0,108060.0,        Anthropologists and archeologists,8.8,9.2,0.3,3.7,3.6,0.8,64910.0,Master's degree,,,Master's degree,19-3091.00,Anthropologists and Archeologists,"Study the origin, development, and behavior of human beings. May study the way of life, language, or physical characteristics of people in various parts of the world. May engage in systematic recovery and examination of material evidence, such as tools or pottery remaining from past human cultures, in order to determine the history, customs, and living habits of earlier civilizations.",5.0,08/2024,anthropologists and archeologists,BLS OEWS May 2025 + BLS projections 2024–2034 + O*NET 30.3
19-3092,Geographers,1400,4.1,49.21,102350.0,0.9,32.1,38.6,49.06,58.59,65.7,66770.0,80290.0,102040.0,121870.0,136660.0,        Geographers,1.5,1.5,0.0,-3.1,,0.1,97200.0,Bachelor's degree,,,Bachelor's degree,19-3092.00,Geographers,"Study the nature and use of areas of the Earth's surface, relating and interpreting interactions of physical and cultural phenomena. Conduct research on physical aspects of a region, including land forms, climates, soils, plants, and animals, and conduct research on the spatial implications of human activities within a given area, including social characteristics, economic activities, and political organization, as well as researching interdependence between regions at scales ranging from local to global.",4.0,08/2023,geographers,BLS OEWS May 2025 + BLS projections 2024–2034 + O*NET 30.3
19-3093,Historians,3450,6.2,39.06,81240.0,1.2,20.55,27.54,36.9,48.07,63.37,42730.0,57290.0,76750.0,99990.0,131810.0,        Historians,3.4,3.5,0.1,2.2,2.0,0.3,74050.0,Master's degree,,,Master's degree,19-3093.00,Historians,"Research, analyze, record, and interpret the past as recorded in sources, such as government and institutional records, newspapers and other periodicals, photographs, interviews, films, electronic media, and unpublished manuscripts, such as personal diaries and letters.",5.0,08/2025,historians,BLS OEWS May 2025 + BLS projections 2024–2034 + O*NET 30.3
19-3094,Political Scientists,5540,4.6,68.51,142510.0,1.2,40.07,54.82,68.31,83.74,93.84,83350.0,114030.0,142080.0,174180.0,195190.0,        Political scientists,6.5,6.3,-0.2,-3.1,1.1,0.5,139380.0,Master's degree,,,Master's degree,19-3094.00,Political Scientists,"Study the origin, development, and operation of political systems. May study topics, such as public opinion, political decisionmaking, and ideology. May analyze the structure and operation of governments, as well as various political entities. May conduct public opinion surveys, analyze election results, or analyze public documents.",5.0,08/2022,political scientists,BLS OEWS May 2025 + BLS projections 2024–2034 + O*NET 30.3
19-3099,"Social Scientists and Related Workers, All Other",37100,1.8,51.78,107690.0,0.5,31.79,38.87,48.61,62.48,77.07,66120.0,80860.0,101110.0,129960.0,160300.0,"        Social scientists and related workers, all other",40.8,40.1,-0.7,-1.7,1.3,3.2,100340.0,Bachelor's degree,,,Bachelor's degree,19-3099.00,"Social Scientists and Related Workers, All Other",All social scientists and related workers not listed separately.,4.0,08/2023,"social scientists and related workers, all other",BLS OEWS May 2025 + BLS projections 2024–2034 + O*NET 30.3
19-4012,Agricultural Technicians,15130,4.9,25.89,53840.0,1.3,17.3,19.69,23.86,30.59,36.77,35980.0,40950.0,49630.0,63630.0,76480.0,        Agricultural technicians,18.6,19.4,0.8,4.3,5.2,2.9,46790.0,Associate's degree,,Moderate-term on-the-job training,Associate's degree,19-4012.00,Agricultural Technicians,"Work with agricultural scientists in plant, fiber, and animal research, or assist with animal breeding and nutrition. Set up or maintain laboratory equipment and collect samples from crops or animals. Prepare specimens or record data to assist scientists in biology or related life science experiments. Conduct tests and experiments to improve yield and quality of crops or to increase the resistance of plants and animals to disease or insects.",3.0,08/2024,agricultural technicians,BLS OEWS May 2025 + BLS projections 2024–2034 + O*NET 30.3
19-4013,Food Science Technicians,14600,2.5,27.24,56660.0,0.9,19.14,22.12,25.06,30.42,37.89,39820.0,46020.0,52130.0,63270.0,78820.0,        Food science technicians,20.4,21.3,1.0,4.8,6.7,3.2,49430.0,Associate's degree,,Moderate-term on-the-job training,Associate's degree,19-4013.00,Food Science Technicians,"Work with food scientists or technologists to perform standardized qualitative and quantitative tests to determine physical or chemical properties of food or beverage products. Includes technicians who assist in research and development of production technology, quality control, packaging, processing, and use of foods.",3.0,08/2023,food science technicians,BLS OEWS May 2025 + BLS projections 2024–2034 + O*NET 30.3
19-4021,Biological Technicians,69620,1.7,29.51,61380.0,0.6,19.39,23.14,27.65,34.39,40.84,40330.0,48130.0,57510.0,71520.0,84940.0,      Biological technicians,82.7,85.6,2.9,3.5,,9.1,52000.0,Bachelor's degree,,,Bachelor's degree,19-4021.00,Biological Technicians,"Assist biological and medical scientists. Set up, operate, and maintain laboratory instruments and equipment, monitor experiments, collect data and samples, make observations, and calculate and record results. May analyze organic substances, such as blood, food, and drugs.",4.0,07/2017,biological technicians,BLS OEWS May 2025 + BLS projections 2024–2034 + O*NET 30.3
19-4031,Chemical Technicians,57540,2.0,30.72,63900.0,0.7,20.07,23.33,29.03,36.49,44.25,41740.0,48530.0,60390.0,75900.0,92040.0,      Chemical technicians,57.0,59.0,2.1,3.7,0.7,6.7,57790.0,Associate's degree,,Moderate-term on-the-job training,Associate's degree,19-4031.00,Chemical Technicians,"Conduct chemical and physical laboratory tests to assist scientists in making qualitative and quantitative analyses of solids, liquids, and gaseous materials for research and development of new products or processes, quality control, maintenance of environmental standards, and other work involving experimental, theoretical, or practical application of chemistry and related sciences.",3.0,08/2021,chemical technicians,BLS OEWS May 2025 + BLS projections 2024–2034 + O*NET 30.3
19-4042,"Environmental Science and Protection Technicians, Including Health",34670,4.0,29.23,60800.0,0.9,18.35,22.03,26.49,33.61,45.27,38170.0,45820.0,55090.0,69910.0,94160.0,"        Environmental science and protection technicians, including health",40.4,42.1,1.6,4.0,,5.6,49490.0,Associate's degree,,,Associate's degree,19-4042.00,"Environmental Science and Protection Technicians, Including Health","Perform laboratory and field tests to monitor the environment and investigate sources of pollution, including those that affect health, under the direction of an environmental scientist, engineer, or other specialist. May collect samples of gases, soil, water, and other materials for testing.",4.0,08/2023,"environmental science and protection technicians, including health",BLS OEWS May 2025 + BLS projections 2024–2034 + O*NET 30.3
19-4043,"Geological Technicians, Except Hydrologic Technicians",6980,8.3,29.75,61870.0,3.5,17.2,21.56,25.65,34.67,47.86,35770.0,44850.0,53350.0,72110.0,99560.0,"        Geological technicians, except hydrologic technicians",9.8,10.0,0.1,1.5,,1.3,48390.0,Associate's degree,,Moderate-term on-the-job training,Associate's degree,19-4043.00,"Geological Technicians, Except Hydrologic Technicians","Assist scientists or engineers in the use of electronic, sonic, or nuclear measuring instruments in laboratory, exploration, and production activities to obtain data indicating resources such as metallic ore, minerals, gas, coal, or petroleum. Analyze mud and drill cuttings. Chart pressure, temperature, and other characteristics of wells or bore holes.",4.0,11/2024,"geological technicians, except hydrologic technicians",BLS OEWS May 2025 + BLS projections 2024–2034 + O*NET 30.3
19-4044,Hydrologic Technicians,2840,6.3,33.43,69530.0,2.5,21.61,25.02,31.15,40.71,48.31,44950.0,52040.0,64790.0,84680.0,100480.0,        Hydrologic technicians,3.1,3.0,-0.1,-2.1,,0.4,58570.0,Associate's degree,,Moderate-term on-the-job training,Associate's degree,19-4044.00,Hydrologic Technicians,"Collect and organize data concerning the distribution and circulation of ground and surface water, and data on its physical, chemical, and biological properties. Measure and report on flow rates and ground water levels, maintain field equipment, collect water samples, install and collect sampling equipment, and process samples for shipment to testing laboratories. May collect data on behalf of hydrologists, engineers, developers, government agencies, or agriculture.",3.0,11/2021,hydrologic technicians,BLS OEWS May 2025 + BLS projections 2024–2034 + O*NET 30.3
19-4051,Nuclear Technicians,6470,7.7,52.37,108940.0,1.1,35.17,47.65,53.0,59.61,64.23,73150.0,99110.0,110240.0,123990.0,133600.0,      Nuclear technicians,6.0,5.5,-0.5,-7.7,,0.7,104240.0,Associate's degree,,Moderate-term on-the-job training,Associate's degree,19-4051.00,Nuclear Technicians,"Assist nuclear physicists, nuclear engineers, or other scientists in laboratory, power generation, or electricity production activities. May operate, maintain, or provide quality control for nuclear testing and research equipment. May monitor radiation.",3.0,11/2024,nuclear technicians,BLS OEWS May 2025 + BLS projections 2024–2034 + O*NET 30.3
19-4061,Social Science Research Assistants,30640,1.8,31.8,66140.0,1.1,18.31,23.38,29.81,37.38,49.07,38090.0,48620.0,61990.0,77760.0,102070.0,      Social science research assistants,40.6,42.3,1.8,4.4,4.9,5.2,58040.0,Bachelor's degree,,,Bachelor's degree,19-4061.00,Social Science Research Assistants,"Assist social scientists in laboratory, survey, and other social science research. May help prepare findings for publication and assist in laboratory analysis, quality control, or data management.",4.0,08/2019,social science research assistants,BLS OEWS May 2025 + BLS projections 2024–2034 + O*NET 30.3
19-4071,Forest and Conservation Technicians,30410,1.0,28.39,59060.0,0.2,19.39,22.77,26.23,32.98,40.21,40330.0,47360.0,54560.0,68600.0,83630.0,      Forest and conservation technicians,33.8,32.7,-1.1,-3.2,0.7,3.9,54310.0,Associate's degree,,,Associate's degree,19-4071.00,Forest and Conservation Technicians,"Provide technical assistance regarding the conservation of soil, water, forests, or related natural resources. May compile data pertaining to size, content, condition, and other characteristics of forest tracts under the direction of foresters, or train and lead forest workers in forest propagation and fire prevention and suppression. May assist conservation scientists in managing, improving, and protecting rangelands and wildlife habitats.",3.0,08/2018,forest and conservation technicians,BLS OEWS May 2025 + BLS projections 2024–2034 + O*NET 30.3
19-4092,Forensic Science Technicians,19120,1.0,38.08,79200.0,0.8,23.2,27.81,34.65,45.44,56.37,48250.0,57830.0,72060.0,94520.0,117250.0,        Forensic science technicians,20.7,23.3,2.6,12.8,0.9,2.9,67440.0,Bachelor's degree,,Moderate-term on-the-job training,Bachelor's degree,19-4092.00,Forensic Science Technicians,"Collect, identify, classify, and analyze physical evidence related to criminal investigations. Perform tests on weapons or substances, such as fiber, hair, and tissue to determine significance to investigation. May testify as expert witnesses on evidence or crime laboratory techniques. May serve as specialists in area of expertise, such as ballistics, fingerprinting, handwriting, or biochemistry.",3.0,08/2023,forensic science technicians,BLS OEWS May 2025 + BLS projections 2024–2034 + O*NET 30.3
19-4099,"Life, Physical, and Social Science Technicians, All Other",73910,1.5,31.86,66280.0,0.7,18.75,23.09,29.94,38.36,49.37,39000.0,48030.0,62280.0,79780.0,102690.0,"        Life, physical, and social science technicians, all other",83.2,86.2,2.9,3.5,4.9,10.6,60130.0,Associate's degree,,,Associate's degree,19-4099.00,"Life, Physical, and Social Science Technicians, All Other","All life, physical, and social science technicians not listed separately.",3.0,08/2020,"life, physical, and social science technicians, all other",BLS OEWS May 2025 + BLS projections 2024–2034 + O*NET 30.3
19-5011,Occupational Health and Safety Specialists,140610,1.1,45.12,93860.0,0.6,26.44,33.44,43.34,53.7,64.88,55000.0,69560.0,90150.0,111690.0,134950.0,      Occupational health and safety specialists,131.9,148.4,16.5,12.5,0.1,14.9,83910.0,Bachelor's degree,,,Bachelor's degree,19-5011.00,Occupational Health and Safety Specialists,"Review, evaluate, and analyze work environments and design programs and procedures to control, eliminate, and prevent disease or injury caused by chemical, physical, and biological agents or ergonomic factors. May conduct inspections and enforce adherence to laws and regulations governing the health and safety of individuals. May be employed in the public or private sector.",4.0,08/2024,occupational health and safety specialists,BLS OEWS May 2025 + BLS projections 2024–2034 + O*NET 30.3
19-5012,Occupational Health and Safety Technicians,30590,2.5,32.75,68120.0,0.9,22.25,25.22,29.59,37.91,48.15,46280.0,52470.0,61560.0,78850.0,100160.0,      Occupational health and safety technicians,31.9,34.6,2.7,8.5,,3.4,58440.0,High school diploma or equivalent,,Moderate-term on-the-job training,High school diploma or equivalent,19-5012.00,Occupational Health and Safety Technicians,"Collect data on work environments for analysis by occupational health and safety specialists. Implement and conduct evaluation of programs designed to limit chemical, physical, biological, and ergonomic risks to workers.",3.0,08/2024,occupational health and safety technicians,BLS OEWS May 2025 + BLS projections 2024–2034 + O*NET 30.3
21-1012,"Educational, Guidance, and Career Counselors and Advisors",353310,0.6,34.34,71430.0,0.5,21.65,24.65,30.93,39.84,50.37,45020.0,51270.0,64330.0,82870.0,104770.0,"        Educational, guidance, and career counselors and advisors",376.3,389.6,13.3,3.5,0.6,31.0,65140.0,Master's degree,,,Master's degree,21-1012.00,"Educational, Guidance, and Career Counselors and Advisors",Advise and assist students and provide educational and vocational guidance services.,5.0,08/2024,"educational, guidance, and career counselors and advisors",BLS OEWS May 2025 + BLS projections 2024–2034 + O*NET 30.3
21-1013,Marriage and Family Therapists,66740,4.8,37.0,76960.0,1.5,21.47,24.07,32.18,45.12,59.49,44650.0,50070.0,66940.0,93840.0,123730.0,        Marriage and family therapists,77.8,87.7,9.8,12.6,12.8,7.7,63780.0,Master's degree,,Internship/residency,Master's degree,21-1013.00,Marriage and Family Therapists,"Diagnose and treat mental and emotional disorders, whether cognitive, affective, or behavioral, within the context of marriage and family systems. Apply psychotherapeutic and family systems theories and techniques in the delivery of services to individuals, couples, and families for the purpose of treating such diagnosed nervous and mental disorders.",5.0,08/2020,marriage and family therapists,BLS OEWS May 2025 + BLS projections 2024–2034 + O*NET 30.3
21-1015,Rehabilitation Counselors,94740,2.0,24.91,51820.0,0.7,16.85,18.64,22.52,28.49,37.1,35060.0,38770.0,46850.0,59260.0,77170.0,        Rehabilitation counselors,91.9,93.2,1.3,1.4,,10.0,46110.0,Master's degree,,,Master's degree,21-1015.00,Rehabilitation Counselors,"Counsel individuals to maximize the independence and employability of persons coping with personal, social, and vocational difficulties that result from birth defects, illness, disease, accidents, aging, or the stress of daily life. Coordinate activities for residents of care and treatment facilities. Assess client needs and design and implement rehabilitation programs that may include personal and vocational counseling, training, and job placement.",4.0,08/2020,rehabilitation counselors,BLS OEWS May 2025 + BLS projections 2024–2034 + O*NET 30.3
21-1018,"Substance Abuse, Behavioral Disorder, and Mental Health Counselors",491930,1.0,30.98,64440.0,0.6,18.72,22.65,28.53,36.8,46.92,38940.0,47100.0,59350.0,76530.0,97590.0,"        Substance abuse, behavioral disorder, and mental health counselors",483.5,564.6,81.0,16.8,5.9,48.3,59190.0,Master's degree,,Internship/residency,Master's degree,,,,,,"substance abuse, behavioral disorder, and mental health counselors",BLS OEWS May 2025 + BLS projections 2024–2034 + O*NET 30.3
21-1019,"Counselors, All Other",28580,5.2,27.99,58210.0,1.8,17.42,21.0,24.45,31.98,44.2,36240.0,43680.0,50860.0,66520.0,91940.0,"        Counselors, all other",69.1,77.8,8.7,12.6,48.2,7.4,49830.0,Master's degree,,,Master's degree,21-1019.00,"Counselors, All Other",All counselors not listed separately.,,,"counselors, all other",BLS OEWS May 2025 + BLS projections 2024–2034 + O*NET 30.3
21-1021,"Child, Family, and School Social Workers",392550,0.7,30.77,64000.0,0.4,20.33,23.21,28.63,36.57,45.93,42280.0,48270.0,59550.0,76070.0,95530.0,"        Child, family, and school social workers",399.9,413.3,13.4,3.4,0.2,35.1,58570.0,Bachelor's degree,,,Bachelor's degree,21-1021.00,"Child, Family, and School Social Workers","Provide social services and assistance to improve the social and psychological functioning of children and their families and to maximize the family well-being and the academic functioning of children. May assist parents, arrange adoptions, and find foster homes for abandoned or abused children. In schools, they address such problems as teenage pregnancy, misbehavior, and truancy. May also advise teachers.",4.0,08/2018,"child, family, and school social workers",BLS OEWS May 2025 + BLS projections 2024–2034 + O*NET 30.3
21-1022,Healthcare Social Workers,187630,1.1,34.51,71790.0,0.5,22.22,27.27,32.63,39.54,48.25,46220.0,56710.0,67880.0,82240.0,100360.0,        Healthcare social workers,193.2,208.1,14.8,7.7,0.3,18.4,68090.0,Master's degree,,Internship/residency,Master's degree,21-1022.00,Healthcare Social Workers,"Provide individuals, families, and groups with the psychosocial support needed to cope with chronic, acute, or terminal illnesses. Services include advising family caregivers. Provide patients with information and counseling, and make referrals for other services. May also provide case and care management or interventions designed to promote health, prevent disease, and address barriers to access to healthcare.",5.0,08/2021,healthcare social workers,BLS OEWS May 2025 + BLS projections 2024–2034 + O*NET 30.3
21-1023,Mental Health and Substance Abuse Social Workers,132810,1.8,32.71,68030.0,1.4,19.11,22.63,28.98,38.33,50.08,39740.0,47070.0,60280.0,79730.0,104170.0,        Mental health and substance abuse social workers,136.8,150.1,13.3,9.7,4.8,13.5,60060.0,Master's degree,,Internship/residency,Master's degree,21-1023.00,Mental Health and Substance Abuse Social Workers,"Assess and treat individuals with mental, emotional, or substance abuse problems, including abuse of alcohol, tobacco, and/or other drugs. Activities may include individual and group therapy, crisis intervention, case management, client advocacy, prevention, and education.",5.0,08/2021,mental health and substance abuse social workers,BLS OEWS May 2025 + BLS projections 2024–2034 + O*NET 30.3
21-1029,"Social Workers, All Other",62930,1.7,36.5,75910.0,0.5,20.97,24.95,34.57,46.65,55.58,43620.0,51900.0,71900.0,97040.0,115610.0,"        Social workers, all other",81.0,84.1,3.1,3.9,14.5,7.0,69480.0,Bachelor's degree,,,Bachelor's degree,21-1029.00,"Social Workers, All Other",All social workers not listed separately.,,,"social workers, all other",BLS OEWS May 2025 + BLS projections 2024–2034 + O*NET 30.3
21-1091,Health Education Specialists,65690,1.7,35.23,73280.0,0.8,20.67,24.34,30.8,41.89,56.83,42990.0,50620.0,64070.0,87130.0,118200.0,        Health education specialists,71.8,75.0,3.2,4.5,0.6,7.9,63000.0,Bachelor's degree,,,Bachelor's degree,21-1091.00,Health Education Specialists,"Provide and manage health education programs that help individuals, families, and their communities maximize and maintain healthy lifestyles. Use data to identify community needs prior to planning, implementing, monitoring, and evaluating programs designed to encourage healthy lifestyles, policies, and environments. May link health systems, health providers, insurers, and patients to address individual and population health needs. May serve as resource to assist individuals, other health professionals, or the community, and may administer fiscal resources for health education programs.",4.0,08/2019,health education specialists,BLS OEWS May 2025 + BLS projections 2024–2034 + O*NET 30.3
21-1092,Probation Officers and Correctional Treatment Specialists,89390,0.3,35.16,73130.0,0.3,22.52,26.08,31.86,40.76,51.82,46840.0,54250.0,66270.0,84780.0,107790.0,        Probation officers and correctional treatment specialists,92.3,94.8,2.4,2.6,,7.9,64520.0,Bachelor's degree,,Moderate-term on-the-job training,Bachelor's degree,21-1092.00,Probation Officers and Correctional Treatment Specialists,"Provide social services to assist in rehabilitation of law offenders in custody or on probation or parole. Make recommendations for actions involving formulation of rehabilitation plan and treatment of offender, including conditional release and education and employment stipulations.",4.0,08/2020,probation officers and correctional treatment specialists,BLS OEWS May 2025 + BLS projections 2024–2034 + O*NET 30.3
21-1093,Social and Human Service Assistants,437860,0.9,22.93,47690.0,0.4,16.44,18.34,22.08,26.13,30.43,34200.0,38150.0,45930.0,54350.0,63290.0,        Social and human service assistants,449.6,478.5,28.9,6.4,0.3,50.6,45120.0,High school diploma or equivalent,,Short-term on-the-job training,High school diploma or equivalent,21-1093.00,Social and Human Service Assistants,"Assist other social and human service providers in providing client services in a wide variety of fields, such as psychology, rehabilitation, or social work, including support for families. May assist clients in identifying and obtaining available benefits and social and community services. May assist social workers with developing, organizing, and conducting programs to prevent and resolve problems relevant to substance abuse, human relationships, rehabilitation, or dependent care.",4.0,08/2020,social and human service assistants,BLS OEWS May 2025 + BLS projections 2024–2034 + O*NET 30.3
21-1094,Community Health Workers,61660,1.9,27.01,56180.0,0.5,18.66,21.94,24.93,30.07,37.11,38810.0,45640.0,51850.0,62540.0,77180.0,        Community health workers,65.1,72.5,7.4,11.3,0.8,7.8,51030.0,High school diploma or equivalent,,Short-term on-the-job training,High school diploma or equivalent,21-1094.00,Community Health Workers,"Promote health within a community by assisting individuals to adopt healthy behaviors. Serve as an advocate for the health needs of individuals by assisting community residents in effectively communicating with healthcare providers or social service agencies. Act as liaison or advocate and implement programs that promote, maintain, and improve individual and overall community health. May deliver health-related preventive services such as blood pressure, glaucoma, and hearing screenings. May collect data to help identify community health needs.",4.0,07/2013,community health workers,BLS OEWS May 2025 + BLS projections 2024–2034 + O*NET 30.3
21-1099,"Community and Social Service Specialists, All Other",107730,1.4,28.65,59590.0,0.6,17.94,22.08,27.28,33.61,40.49,37310.0,45920.0,56730.0,69910.0,84210.0,"        Community and social service specialists, all other",119.2,124.7,5.5,4.6,0.6,13.1,54940.0,Bachelor's degree,,,Bachelor's degree,21-1099.00,"Community and Social Service Specialists, All Other",All community and social service specialists not listed separately.,,,"community and social service specialists, all other",BLS OEWS May 2025 + BLS projections 2024–2034 + O*NET 30.3
21-2011,Clergy,57200,2.3,32.15,66860.0,1.5,18.2,23.2,29.24,36.85,47.54,37860.0,48260.0,60810.0,76640.0,98890.0,      Clergy,262.0,264.6,2.6,1.0,5.7,23.0,60820.0,Bachelor's degree,,Moderate-term on-the-job training,Bachelor's degree,21-2011.00,Clergy,Conduct religious worship and perform other spiritual functions associated with beliefs and practices of religious faith or denomination. Provide spiritual and moral guidance and assistance to members.,5.0,08/2023,clergy,BLS OEWS May 2025 + BLS projections 2024–2034 + O*NET 30.3
21-2021,"Directors, Religious Activities and Education",22160,4.1,29.86,62100.0,1.5,16.67,21.16,25.05,35.45,47.26,34670.0,44010.0,52100.0,73730.0,98310.0,"      Directors, religious activities and education",138.9,141.8,2.9,2.1,0.2,13.8,54840.0,Bachelor's degree,Less than 5 years,,Bachelor's degree,21-2021.00,"Directors, Religious Activities and Education","Coordinate or design programs and conduct outreach to promote the religious education or activities of a denominational group. May provide counseling, guidance, and leadership relative to marital, health, financial, and religious problems.",4.0,08/2023,"directors, religious activities and education",BLS OEWS May 2025 + BLS projections 2024–2034 + O*NET 30.3
21-2099,"Religious Workers, All Other",15760,9.6,25.9,53870.0,4.4,15.0,16.98,21.77,29.04,45.14,31200.0,35310.0,45280.0,60390.0,93900.0,"      Religious workers, all other",88.4,89.0,0.6,0.6,6.5,11.1,45120.0,Bachelor's degree,,,Bachelor's degree,21-2099.00,"Religious Workers, All Other",All religious workers not listed separately.,,,"religious workers, all other",BLS OEWS May 2025 + BLS projections 2024–2034 + O*NET 30.3
23-1011,Lawyers,754500,1.1,89.35,185840.0,1.6,37.67,49.51,76.76,106.43,169.04,78360.0,102990.0,159670.0,221370.0,351600.0,        Lawyers,864.8,900.7,35.9,4.1,11.9,31.5,151160.0,Doctoral or professional degree,,,Doctoral or professional degree,23-1011.00,Lawyers,"Represent clients in criminal and civil litigation and other legal proceedings, draw up legal documents, or manage or advise clients on legal transactions. May specialize in a single area or may practice broadly in many areas of law.",5.0,08/2024,lawyers,BLS OEWS May 2025 + BLS projections 2024–2034 + O*NET 30.3
23-1012,Judicial Law Clerks,13290,1.0,35.07,72950.0,0.4,22.2,25.42,31.21,38.67,54.4,46180.0,52870.0,64920.0,80420.0,113140.0,        Judicial law clerks,14.5,14.9,0.4,2.5,2.7,1.0,60400.0,Doctoral or professional degree,,,Doctoral or professional degree,23-1012.00,Judicial Law Clerks,Assist judges in court or by conducting research or preparing legal documents.,5.0,08/2021,judicial law clerks,BLS OEWS May 2025 + BLS projections 2024–2034 + O*NET 30.3
23-1021,"Administrative Law Judges, Adjudicators, and Hearing Officers",16370,0.4,60.57,125990.0,0.3,29.38,39.01,56.67,76.77,99.75,61110.0,81140.0,117860.0,159680.0,207480.0,"        Administrative law judges, adjudicators, and hearing officers",17.5,17.4,-0.1,-0.7,,0.5,115230.0,Doctoral or professional degree,5 years or more,Short-term on-the-job training,Doctoral or professional degree,23-1021.00,"Administrative Law Judges, Adjudicators, and Hearing Officers","Conduct hearings to recommend or make decisions on claims concerning government programs or other government-related matters. Determine liability, sanctions, or penalties, or recommend the acceptance or rejection of claims or settlements.",5.0,08/2020,"administrative law judges, adjudicators, and hearing officers",BLS OEWS May 2025 + BLS projections 2024–2034 + O*NET 30.3
23-1022,"Arbitrators, Mediators, and Conciliators",9210,10.7,43.76,91010.0,5.7,22.7,27.58,36.31,51.92,74.73,47220.0,57360.0,75530.0,108000.0,155440.0,"        Arbitrators, mediators, and conciliators",9.1,9.5,0.4,4.3,9.1,0.3,67710.0,Bachelor's degree,Less than 5 years,Moderate-term on-the-job training,Bachelor's degree,23-1022.00,"Arbitrators, Mediators, and Conciliators",Facilitate negotiation and conflict resolution through dialogue. Resolve conflicts outside of the court system by mutual consent of parties involved.,5.0,08/2024,"arbitrators, mediators, and conciliators",BLS OEWS May 2025 + BLS projections 2024–2034 + O*NET 30.3
23-1023,"Judges, Magistrate Judges, and Magistrates",24030,0.6,69.15,143830.0,0.7,22.57,41.21,74.03,93.73,106.59,46950.0,85710.0,153990.0,194950.0,221710.0,"        Judges, magistrate judges, and magistrates",27.3,28.0,0.7,2.5,,0.9,156210.0,Doctoral or professional degree,5 years or more,Short-term on-the-job training,Doctoral or professional degree,23-1023.00,"Judges, Magistrate Judges, and Magistrates","Arbitrate, advise, adjudicate, or administer justice in a court of law. May sentence defendant in criminal cases according to government statutes or sentencing guidelines. May determine liability of defendant in civil cases. May perform wedding ceremonies.",5.0,08/2020,"judges, magistrate judges, and magistrates",BLS OEWS May 2025 + BLS projections 2024–2034 + O*NET 30.3
23-2011,Paralegals and Legal Assistants,392880,1.6,33.51,69700.0,1.3,21.51,24.2,30.24,38.5,48.8,44740.0,50340.0,62890.0,80080.0,101500.0,      Paralegals and legal assistants,376.2,376.8,0.6,0.2,1.4,39.3,61010.0,Associate's degree,,,Associate's degree,23-2011.00,Paralegals and Legal Assistants,"Assist lawyers by investigating facts, preparing legal documents, or researching legal precedent. Conduct research to support a legal proceeding, to formulate a defense, or to initiate legal action.",3.0,08/2024,paralegals and legal assistants,BLS OEWS May 2025 + BLS projections 2024–2034 + O*NET 30.3
23-2093,"Title Examiners, Abstractors, and Searchers",48580,3.0,29.97,62350.0,1.6,18.35,22.8,28.2,35.97,43.67,38170.0,47420.0,58650.0,74810.0,90830.0,"        Title examiners, abstractors, and searchers",57.4,58.5,1.1,2.0,8.9,5.4,54980.0,High school diploma or equivalent,,Moderate-term on-the-job training,High school diploma or equivalent,23-2093.00,"Title Examiners, Abstractors, and Searchers","Search real estate records, examine titles, or summarize pertinent legal or insurance documents or details for a variety of purposes. May compile lists of mortgages, contracts, and other instruments pertaining to titles by searching public and private records for law firms, real estate agencies, or title insurance companies.",2.0,02/2026,"title examiners, abstractors, and searchers",BLS OEWS May 2025 + BLS projections 2024–2034 + O*NET 30.3
23-2099,"Legal Support Workers, All Other",46760,2.2,43.1,89660.0,1.0,21.06,26.41,34.67,52.58,86.52,43800.0,54940.0,72110.0,109360.0,179960.0,"        Legal support workers, all other",51.3,50.7,-0.6,-1.2,2.8,4.7,68760.0,Associate's degree,,,Associate's degree,23-2099.00,"Legal Support Workers, All Other",All legal support workers not listed separately.,,,"legal support workers, all other",BLS OEWS May 2025 + BLS projections 2024–2034 + O*NET 30.3
25-1011,"Business Teachers, Postsecondary",82150,0.7,,114720.0,0.4,,,,,,47180.0,64150.0,99080.0,141710.0,209470.0,"      Business teachers, postsecondary",103.1,109.0,5.8,5.7,0.3,8.1,97270.0,Doctoral or professional degree,,,Doctoral or professional degree,25-1011.00,"Business Teachers, Postsecondary","Teach courses in business administration and management, such as accounting, finance, human resources, labor and industrial relations, marketing, and operations research. Includes both teachers primarily engaged in teaching and those who do a combination of teaching and research.",5.0,08/2019,"business teachers, postsecondary",BLS OEWS May 2025 + BLS projections 2024–2034 + O*NET 30.3
25-1021,"Computer Science Teachers, Postsecondary",35480,0.7,,104420.0,0.3,,,,,,49460.0,66600.0,96980.0,131320.0,170200.0,"        Computer science teachers, postsecondary",44.8,47.2,2.4,5.3,0.2,3.5,96690.0,Doctoral or professional degree,,,Doctoral or professional degree,25-1021.00,"Computer Science Teachers, Postsecondary","Teach courses in computer science. May specialize in a field of computer science, such as the design and function of computers or operations and research analysis. Includes both teachers primarily engaged in teaching and those who do a combination of teaching and research.",5.0,08/2019,"computer science teachers, postsecondary",BLS OEWS May 2025 + BLS projections 2024–2034 + O*NET 30.3
25-1022,"Mathematical Science Teachers, Postsecondary",47670,0.3,,91550.0,0.3,,,,,,49180.0,61690.0,79940.0,105000.0,139340.0,"        Mathematical science teachers, postsecondary",58.9,60.2,1.3,2.3,0.2,4.4,79350.0,Doctoral or professional degree,,,Doctoral or professional degree,25-1022.00,"Mathematical Science Teachers, Postsecondary","Teach courses pertaining to mathematical concepts, statistics, and actuarial science and to the application of original and standardized mathematical techniques in solving specific problems and situations. Includes both teachers primarily engaged in teaching and those who do a combination of teaching and research.",5.0,08/2019,"mathematical science teachers, postsecondary",BLS OEWS May 2025 + BLS projections 2024–2034 + O*NET 30.3
25-1031,"Architecture Teachers, Postsecondary",7700,0.8,,101250.0,0.4,,,,,,58430.0,74970.0,96870.0,128510.0,159030.0,"        Architecture teachers, postsecondary",11.6,11.9,0.2,2.0,,0.9,101480.0,Doctoral or professional degree,,,Doctoral or professional degree,25-1031.00,"Architecture Teachers, Postsecondary","Teach courses in architecture and architectural design, such as architectural environmental design, interior architecture/design, and landscape architecture. Includes both teachers primarily engaged in teaching and those who do a combination of teaching and research.",5.0,08/2019,"architecture teachers, postsecondary",BLS OEWS May 2025 + BLS projections 2024–2034 + O*NET 30.3
25-1032,"Engineering Teachers, Postsecondary",40270,0.5,,124520.0,0.3,,,,,,61550.0,81570.0,109270.0,150860.0,210370.0,"        Engineering teachers, postsecondary",50.3,54.4,4.1,8.1,0.2,4.1,106120.0,Doctoral or professional degree,,,Doctoral or professional degree,25-1032.00,"Engineering Teachers, Postsecondary","Teach courses pertaining to the application of physical laws and principles of engineering for the development of machines, materials, instruments, processes, and services. Includes teachers of subjects such as chemical, civil, electrical, industrial, mechanical, mineral, and petroleum engineering. Includes both teachers primarily engaged in teaching and those who do a combination of teaching and research.",5.0,08/2019,"engineering teachers, postsecondary",BLS OEWS May 2025 + BLS projections 2024–2034 + O*NET 30.3
25-1041,"Agricultural Sciences Teachers, Postsecondary",8920,2.3,,102050.0,0.7,,,,,,50870.0,66410.0,98700.0,126850.0,163150.0,"        Agricultural sciences teachers, postsecondary",10.7,11.2,0.4,4.1,,0.8,86350.0,Doctoral or professional degree,,,Doctoral or professional degree,25-1041.00,"Agricultural Sciences Teachers, Postsecondary","Teach courses in the agricultural sciences. Includes teachers of agronomy, dairy sciences, fisheries management, horticultural sciences, poultry sciences, range management, and agricultural soil conservation. Includes both teachers primarily engaged in teaching and those who do a combination of teaching and research.",5.0,08/2019,"agricultural sciences teachers, postsecondary",BLS OEWS May 2025 + BLS projections 2024–2034 + O*NET 30.3
25-1042,"Biological Science Teachers, Postsecondary",50190,0.4,,102840.0,0.3,,,,,,52150.0,64350.0,84620.0,126770.0,169900.0,"        Biological science teachers, postsecondary",66.0,70.8,4.8,7.3,0.2,5.4,83460.0,Doctoral or professional degree,,,Doctoral or professional degree,25-1042.00,"Biological Science Teachers, Postsecondary",Teach courses in biological sciences. Includes both teachers primarily engaged in teaching and those who do a combination of teaching and research.,5.0,08/2019,"biological science teachers, postsecondary",BLS OEWS May 2025 + BLS projections 2024–2034 + O*NET 30.3
25-1043,"Forestry and Conservation Science Teachers, Postsecondary",1520,6.5,,102450.0,1.5,,,,,,50100.0,77440.0,101420.0,126930.0,148920.0,"        Forestry and conservation science teachers, postsecondary",1.6,1.7,0.1,4.0,,0.1,100830.0,Doctoral or professional degree,,,Doctoral or professional degree,25-1043.00,"Forestry and Conservation Science Teachers, Postsecondary",Teach courses in forestry and conservation science. Includes both teachers primarily engaged in teaching and those who do a combination of teaching and research.,5.0,08/2020,"forestry and conservation science teachers, postsecondary",BLS OEWS May 2025 + BLS projections 2024–2034 + O*NET 30.3
25-1051,"Atmospheric, Earth, Marine, and Space Sciences Teachers, Postsecondary",9900,0.9,,116020.0,0.3,,,,,,59700.0,77260.0,103170.0,135510.0,203190.0,"        Atmospheric, earth, marine, and space sciences teachers, postsecondary",14.0,14.4,0.4,2.6,,1.0,101390.0,Doctoral or professional degree,,,Doctoral or professional degree,25-1051.00,"Atmospheric, Earth, Marine, and Space Sciences Teachers, Postsecondary","Teach courses in the physical sciences, except chemistry and physics. Includes both teachers primarily engaged in teaching, and those who do a combination of teaching and research.",5.0,08/2019,"atmospheric, earth, marine, and space sciences teachers, postsecondary",BLS OEWS May 2025 + BLS projections 2024–2034 + O*NET 30.3
25-1052,"Chemistry Teachers, Postsecondary",19980,0.3,,105210.0,0.3,,,,,,57870.0,68530.0,93250.0,127280.0,172110.0,"        Chemistry teachers, postsecondary",25.4,26.0,0.6,2.2,0.2,1.9,86220.0,Doctoral or professional degree,,,Doctoral or professional degree,25-1052.00,"Chemistry Teachers, Postsecondary","Teach courses pertaining to the chemical and physical properties and compositional changes of substances. Work may include providing instruction in the methods of qualitative and quantitative chemical analysis. Includes both teachers primarily engaged in teaching, and those who do a combination of teaching and research.",5.0,08/2019,"chemistry teachers, postsecondary",BLS OEWS May 2025 + BLS projections 2024–2034 + O*NET 30.3
25-1053,"Environmental Science Teachers, Postsecondary",6690,1.1,,103610.0,0.3,,,,,,57780.0,69880.0,94980.0,126900.0,164190.0,"        Environmental science teachers, postsecondary",9.0,9.3,0.3,2.9,,0.7,87710.0,Doctoral or professional degree,,,Doctoral or professional degree,25-1053.00,"Environmental Science Teachers, Postsecondary",Teach courses in environmental science. Includes both teachers primarily engaged in teaching and those who do a combination of teaching and research.,5.0,08/2019,"environmental science teachers, postsecondary",BLS OEWS May 2025 + BLS projections 2024–2034 + O*NET 30.3
25-1054,"Physics Teachers, Postsecondary",13090,0.4,,111460.0,0.3,,,,,,60200.0,74050.0,100310.0,132650.0,177850.0,"        Physics teachers, postsecondary",17.1,17.5,0.4,2.5,,1.3,97360.0,Doctoral or professional degree,,,Doctoral or professional degree,25-1054.00,"Physics Teachers, Postsecondary",Teach courses pertaining to the laws of matter and energy. Includes both teachers primarily engaged in teaching and those who do a combination of teaching and research.,5.0,08/2019,"physics teachers, postsecondary",BLS OEWS May 2025 + BLS projections 2024–2034 + O*NET 30.3
25-1061,"Anthropology and Archeology Teachers, Postsecondary",5240,0.4,,106880.0,0.3,,,,,,57840.0,75200.0,99650.0,128750.0,171310.0,"        Anthropology and archeology teachers, postsecondary",6.5,6.7,0.2,2.7,,0.5,95770.0,Doctoral or professional degree,,,Doctoral or professional degree,25-1061.00,"Anthropology and Archeology Teachers, Postsecondary",Teach courses in anthropology or archeology. Includes both teachers primarily engaged in teaching and those who do a combination of teaching and research.,5.0,08/2025,"anthropology and archeology teachers, postsecondary",BLS OEWS May 2025 + BLS projections 2024–2034 + O*NET 30.3
25-1062,"Area, Ethnic, and Cultural Studies Teachers, Postsecondary",11300,0.6,,98330.0,0.3,,,,,,52070.0,65660.0,85020.0,110710.0,160420.0,"        Area, ethnic, and cultural studies teachers, postsecondary",14.5,14.8,0.3,2.4,,1.1,84290.0,Doctoral or professional degree,,,Doctoral or professional degree,25-1062.00,"Area, Ethnic, and Cultural Studies Teachers, Postsecondary","Teach courses pertaining to the culture and development of an area, an ethnic group, or any other group, such as Latin American studies, women's studies, or urban affairs. Includes both teachers primarily engaged in teaching and those who do a combination of teaching and research.",5.0,08/2019,"area, ethnic, and cultural studies teachers, postsecondary",BLS OEWS May 2025 + BLS projections 2024–2034 + O*NET 30.3
25-1063,"Economics Teachers, Postsecondary",11560,0.4,,138850.0,0.3,,,,,,64060.0,86840.0,123920.0,168770.0,224200.0,"        Economics teachers, postsecondary",15.8,16.1,0.3,2.1,,1.2,119980.0,Doctoral or professional degree,,,Doctoral or professional degree,25-1063.00,"Economics Teachers, Postsecondary",Teach courses in economics. Includes both teachers primarily engaged in teaching and those who do a combination of teaching and research.,5.0,08/2019,"economics teachers, postsecondary",BLS OEWS May 2025 + BLS projections 2024–2034 + O*NET 30.3
25-1064,"Geography Teachers, Postsecondary",3330,0.4,,102350.0,0.3,,,,,,52550.0,74690.0,97590.0,123900.0,165460.0,"        Geography teachers, postsecondary",4.0,4.2,0.1,3.3,,0.3,86730.0,Doctoral or professional degree,,,Doctoral or professional degree,25-1064.00,"Geography Teachers, Postsecondary",Teach courses in geography. Includes both teachers primarily engaged in teaching and those who do a combination of teaching and research.,5.0,08/2019,"geography teachers, postsecondary",BLS OEWS May 2025 + BLS projections 2024–2034 + O*NET 30.3
25-1065,"Political Science Teachers, Postsecondary",16970,0.9,,108100.0,0.5,,,,,,56450.0,73260.0,98070.0,129130.0,174660.0,"        Political science teachers, postsecondary",21.8,22.2,0.4,2.0,0.3,1.6,94680.0,Doctoral or professional degree,,,Doctoral or professional degree,25-1065.00,"Political Science Teachers, Postsecondary","Teach courses in political science, international affairs, and international relations. Includes both teachers primarily engaged in teaching and those who do a combination of teaching and research.",5.0,08/2019,"political science teachers, postsecondary",BLS OEWS May 2025 + BLS projections 2024–2034 + O*NET 30.3
25-1066,"Psychology Teachers, Postsecondary",41530,1.3,,93860.0,0.4,,,,,,49050.0,63400.0,80340.0,105920.0,153600.0,"        Psychology teachers, postsecondary",52.5,54.4,1.9,3.6,0.3,4.0,80330.0,Doctoral or professional degree,,,Doctoral or professional degree,25-1066.00,"Psychology Teachers, Postsecondary","Teach courses in psychology, such as child, clinical, and developmental psychology, and psychological counseling. Includes both teachers primarily engaged in teaching and those who do a combination of teaching and research.",5.0,08/2019,"psychology teachers, postsecondary",BLS OEWS May 2025 + BLS projections 2024–2034 + O*NET 30.3
25-1067,"Sociology Teachers, Postsecondary",11850,0.9,,96980.0,0.4,,,,,,49930.0,64990.0,84290.0,110650.0,160140.0,"        Sociology teachers, postsecondary",15.4,15.7,0.3,2.1,,1.1,82540.0,Doctoral or professional degree,,,Doctoral or professional degree,25-1067.00,"Sociology Teachers, Postsecondary",Teach courses in sociology. Includes both teachers primarily engaged in teaching and those who do a combination of teaching and research.,5.0,08/2019,"sociology teachers, postsecondary",BLS OEWS May 2025 + BLS projections 2024–2034 + O*NET 30.3
25-1069,"Social Sciences Teachers, Postsecondary, All Other",16580,1.0,,88390.0,0.4,,,,,,40670.0,55910.0,72990.0,102990.0,164420.0,"        Social sciences teachers, postsecondary, all other",20.7,21.1,0.4,1.7,,1.5,75040.0,Doctoral or professional degree,,,Doctoral or professional degree,25-1069.00,"Social Sciences Teachers, Postsecondary, All Other",All postsecondary social sciences teachers not listed separately.,,,"social sciences teachers, postsecondary, all other",BLS OEWS May 2025 + BLS projections 2024–2034 + O*NET 30.3
25-1071,"Health Specialties Teachers, Postsecondary",221270,0.6,,147570.0,0.4,,,,,,59270.0,75690.0,107310.0,210370.0,322020.0,"        Health specialties teachers, postsecondary",289.6,339.7,50.1,17.3,0.3,27.4,105620.0,Doctoral or professional degree,Less than 5 years,,Doctoral or professional degree,25-1071.00,"Health Specialties Teachers, Postsecondary","Teach courses in health specialties, in fields such as dentistry, laboratory technology, medicine, pharmacy, public health, therapy, and veterinary medicine.",5.0,08/2019,"health specialties teachers, postsecondary",BLS OEWS May 2025 + BLS projections 2024–2034 + O*NET 30.3
25-1072,"Nursing Instructors and Teachers, Postsecondary",77960,1.3,,86410.0,0.4,,,,,,48800.0,63510.0,80250.0,101090.0,129500.0,"        Nursing instructors and teachers, postsecondary",91.6,106.9,15.3,16.8,0.4,8.6,79940.0,Doctoral or professional degree,Less than 5 years,,Doctoral or professional degree,25-1072.00,"Nursing Instructors and Teachers, Postsecondary",Demonstrate and teach patient care in classroom and clinical units to nursing students. Includes both teachers primarily engaged in teaching and those who do a combination of teaching and research.,5.0,08/2019,"nursing instructors and teachers, postsecondary",BLS OEWS May 2025 + BLS projections 2024–2034 + O*NET 30.3
25-1081,"Education Teachers, Postsecondary",60830,0.7,,79350.0,0.4,,,,,,39530.0,53770.0,75350.0,97590.0,126860.0,"        Education teachers, postsecondary",74.9,76.5,1.6,2.1,0.3,5.6,72090.0,Doctoral or professional degree,Less than 5 years,,Doctoral or professional degree,25-1081.00,"Education Teachers, Postsecondary","Teach courses pertaining to education, such as counseling, curriculum, guidance, instruction, teacher education, and teaching English as a second language. Includes both teachers primarily engaged in teaching and those who do a combination of teaching and research.",5.0,08/2019,"education teachers, postsecondary",BLS OEWS May 2025 + BLS projections 2024–2034 + O*NET 30.3
25-1082,"Library Science Teachers, Postsecondary",3630,1.0,,88110.0,0.4,,,,,,57200.0,64080.0,80340.0,100910.0,129120.0,"        Library science teachers, postsecondary",5.1,5.3,0.2,3.0,,0.4,78630.0,Doctoral or professional degree,,,Doctoral or professional degree,25-1082.00,"Library Science Teachers, Postsecondary",Teach courses in library science. Includes both teachers primarily engaged in teaching and those who do a combination of teaching and research.,5.0,08/2019,"library science teachers, postsecondary",BLS OEWS May 2025 + BLS projections 2024–2034 + O*NET 30.3
25-1111,"Criminal Justice and Law Enforcement Teachers, Postsecondary",13150,1.1,,87550.0,0.6,,,,,,45000.0,60020.0,76590.0,100870.0,140240.0,"        Criminal justice and law enforcement teachers, postsecondary",16.2,16.5,0.3,2.0,,1.2,71470.0,Doctoral or professional degree,,,Doctoral or professional degree,25-1111.00,"Criminal Justice and Law Enforcement Teachers, Postsecondary","Teach courses in criminal justice, corrections, and law enforcement administration. Includes both teachers primarily engaged in teaching and those who do a combination of teaching and research.",5.0,08/2019,"criminal justice and law enforcement teachers, postsecondary",BLS OEWS May 2025 + BLS projections 2024–2034 + O*NET 30.3
25-1112,"Law Teachers, Postsecondary",20060,1.9,,144770.0,0.7,,,,,,64250.0,88700.0,128500.0,176490.0,287900.0,"        Law teachers, postsecondary",29.5,30.2,0.6,2.2,0.3,2.2,126650.0,Doctoral or professional degree,Less than 5 years,,Doctoral or professional degree,25-1112.00,"Law Teachers, Postsecondary",Teach courses in law. Includes both teachers primarily engaged in teaching and those who do a combination of teaching and research.,5.0,08/2019,"law teachers, postsecondary",BLS OEWS May 2025 + BLS projections 2024–2034 + O*NET 30.3
25-1113,"Social Work Teachers, Postsecondary",12610,1.0,,83940.0,0.6,,,,,,48200.0,61170.0,77570.0,100400.0,126790.0,"        Social work teachers, postsecondary",17.1,17.5,0.4,2.3,,1.3,76210.0,Doctoral or professional degree,,,Doctoral or professional degree,25-1113.00,"Social Work Teachers, Postsecondary",Teach courses in social work. Includes both teachers primarily engaged in teaching and those who do a combination of teaching and research.,5.0,08/2021,"social work teachers, postsecondary",BLS OEWS May 2025 + BLS projections 2024–2034 + O*NET 30.3
25-1121,"Art, Drama, and Music Teachers, Postsecondary",93560,0.6,,94700.0,0.4,,,,,,47570.0,61620.0,78620.0,103850.0,163350.0,"        Art, drama, and music teachers, postsecondary",122.8,124.8,2.1,1.7,0.4,9.0,80190.0,Master's degree,,,Master's degree,25-1121.00,"Art, Drama, and Music Teachers, Postsecondary","Teach courses in drama, music, and the arts including fine and applied art, such as painting and sculpture, or design and crafts. Includes both teachers primarily engaged in teaching and those who do a combination of teaching and research.",5.0,08/2019,"art, drama, and music teachers, postsecondary",BLS OEWS May 2025 + BLS projections 2024–2034 + O*NET 30.3
25-1122,"Communications Teachers, Postsecondary",29420,0.5,,90010.0,0.4,,,,,,47590.0,61250.0,78580.0,102450.0,143720.0,"        Communications teachers, postsecondary",35.8,36.6,0.8,2.1,0.2,2.7,77800.0,Doctoral or professional degree,,,Doctoral or professional degree,25-1122.00,"Communications Teachers, Postsecondary","Teach courses in communications, such as organizational communications, public relations, radio/television broadcasting, and journalism. Includes both teachers primarily engaged in teaching and those who do a combination of teaching and research.",5.0,08/2019,"communications teachers, postsecondary",BLS OEWS May 2025 + BLS projections 2024–2034 + O*NET 30.3
25-1123,"English Language and Literature Teachers, Postsecondary",57720,0.4,,89580.0,0.3,,,,,,48270.0,60900.0,78760.0,103130.0,137250.0,"        English language and literature teachers, postsecondary",72.2,72.2,0.0,0.0,0.2,5.1,78270.0,Doctoral or professional degree,,,Doctoral or professional degree,25-1123.00,"English Language and Literature Teachers, Postsecondary","Teach courses in English language and literature, including linguistics and comparative literature. Includes both teachers primarily engaged in teaching and those who do a combination of teaching and research.",5.0,08/2019,"english language and literature teachers, postsecondary",BLS OEWS May 2025 + BLS projections 2024–2034 + O*NET 30.3
25-1124,"Foreign Language and Literature Teachers, Postsecondary",19830,0.5,,89990.0,0.4,,,,,,49060.0,62510.0,79350.0,102730.0,136050.0,"        Foreign language and literature teachers, postsecondary",26.4,26.4,0.0,-0.2,0.3,1.9,77010.0,Doctoral or professional degree,,,Doctoral or professional degree,25-1124.00,"Foreign Language and Literature Teachers, Postsecondary",Teach languages and literature courses in languages other than English. Includes teachers of American Sign Language (ASL). Includes both teachers primarily engaged in teaching and those who do a combination of teaching and research.,5.0,08/2019,"foreign language and literature teachers, postsecondary",BLS OEWS May 2025 + BLS projections 2024–2034 + O*NET 30.3
25-1125,"History Teachers, Postsecondary",18790,0.4,,96580.0,0.3,,,,,,48410.0,63920.0,83820.0,112090.0,162160.0,"        History teachers, postsecondary",24.6,24.6,-0.1,-0.2,0.2,1.7,81500.0,Doctoral or professional degree,,,Doctoral or professional degree,25-1125.00,"History Teachers, Postsecondary",Teach courses in human history and historiography. Includes both teachers primarily engaged in teaching and those who do a combination of teaching and research.,5.0,08/2019,"history teachers, postsecondary",BLS OEWS May 2025 + BLS projections 2024–2034 + O*NET 30.3
25-1126,"Philosophy and Religion Teachers, Postsecondary",20460,2.1,,92040.0,0.9,,,,,,49140.0,62600.0,80260.0,104770.0,139580.0,"        Philosophy and religion teachers, postsecondary",27.3,27.5,0.2,0.7,0.5,2.0,78050.0,Doctoral or professional degree,,,Doctoral or professional degree,25-1126.00,"Philosophy and Religion Teachers, Postsecondary","Teach courses in philosophy, religion, and theology. Includes both teachers primarily engaged in teaching and those who do a combination of teaching and research.",5.0,08/2019,"philosophy and religion teachers, postsecondary",BLS OEWS May 2025 + BLS projections 2024–2034 + O*NET 30.3
25-1192,"Family and Consumer Sciences Teachers, Postsecondary",2770,1.4,,81940.0,0.7,,,,,,47830.0,57410.0,75870.0,99320.0,130790.0,"        Family and consumer sciences teachers, postsecondary",3.2,3.3,0.1,3.4,,0.2,77280.0,Doctoral or professional degree,,,Doctoral or professional degree,25-1192.00,"Family and Consumer Sciences Teachers, Postsecondary","Teach courses in childcare, family relations, finance, nutrition, and related subjects pertaining to home management. Includes both teachers primarily engaged in teaching and those who do a combination of teaching and research.",5.0,08/2019,"family and consumer sciences teachers, postsecondary",BLS OEWS May 2025 + BLS projections 2024–2034 + O*NET 30.3
25-1193,"Recreation and Fitness Studies Teachers, Postsecondary",12630,0.7,,86620.0,0.3,,,,,,44900.0,59990.0,77270.0,101450.0,134890.0,"        Recreation and fitness studies teachers, postsecondary",15.4,15.7,0.4,2.4,,1.1,75890.0,Doctoral or professional degree,,,Doctoral or professional degree,25-1193.00,"Recreation and Fitness Studies Teachers, Postsecondary","Teach courses pertaining to recreation, leisure, and fitness studies, including exercise physiology and facilities management. Includes both teachers primarily engaged in teaching and those who do a combination of teaching and research.",5.0,08/2019,"recreation and fitness studies teachers, postsecondary",BLS OEWS May 2025 + BLS projections 2024–2034 + O*NET 30.3
25-1194,"Career/Technical Education Teachers, Postsecondary",114110,1.2,34.64,72060.0,0.6,20.17,24.19,30.68,39.6,52.22,41960.0,50320.0,63820.0,82360.0,108620.0,"        Career/technical education teachers, postsecondary",122.2,123.0,0.8,0.7,0.4,8.8,61490.0,Bachelor's degree,Less than 5 years,,Bachelor's degree,25-1194.00,"Career/Technical Education Teachers, Postsecondary","Teach vocational courses intended to provide occupational training below the baccalaureate level in subjects such as construction, mechanics/repair, manufacturing, transportation, or cosmetology, primarily to students who have graduated from or left high school. Teaching takes place in public or private schools whose primary business is academic or vocational education.",3.0,08/2019,"career/technical education teachers, postsecondary",BLS OEWS May 2025 + BLS projections 2024–2034 + O*NET 30.3
25-1199,"Postsecondary Teachers, All Other",149840,0.7,,90630.0,0.3,,,,,,44300.0,59290.0,77640.0,106770.0,160700.0,"        Postsecondary teachers, all other",183.4,186.8,3.4,1.8,0.3,13.5,78490.0,Doctoral or professional degree,,,Doctoral or professional degree,25-1199.00,"Postsecondary Teachers, All Other",All postsecondary teachers not listed separately.,,,"postsecondary teachers, all other",BLS OEWS May 2025 + BLS projections 2024–2034 + O*NET 30.3
25-2011,"Preschool Teachers, Except Special Education",478780,1.5,20.69,43030.0,0.5,13.94,16.6,18.34,22.86,29.52,28990.0,34530.0,38140.0,47550.0,61390.0,"        Preschool teachers, except special education",555.1,578.1,22.9,4.1,0.6,65.5,37120.0,Associate's degree,,,Associate's degree,25-2011.00,"Preschool Teachers, Except Special Education","Instruct preschool-aged students, following curricula or lesson plans, in activities designed to promote social, physical, and intellectual growth.",3.0,08/2019,"preschool teachers, except special education",BLS OEWS May 2025 + BLS projections 2024–2034 + O*NET 30.3
25-2012,"Kindergarten Teachers, Except Special Education",108870,1.5,,69370.0,0.6,,,,,,46990.0,52180.0,62680.0,79910.0,101830.0,"        Kindergarten teachers, except special education",117.2,115.2,-1.9,-1.6,0.1,12.8,61430.0,Bachelor's degree,,,Bachelor's degree,25-2012.00,"Kindergarten Teachers, Except Special Education",Teach academic and social skills to kindergarten students.,4.0,08/2018,"kindergarten teachers, except special education",BLS OEWS May 2025 + BLS projections 2024–2034 + O*NET 30.3
25-2021,"Elementary School Teachers, Except Special Education",1388390,0.8,,72650.0,0.4,,,,,,47960.0,57710.0,63970.0,81450.0,104340.0,"        Elementary school teachers, except special education",1422.7,1394.8,-27.9,-2.0,0.6,91.0,62340.0,Bachelor's degree,,,Bachelor's degree,25-2021.00,"Elementary School Teachers, Except Special Education",Teach academic and social skills to students at the elementary school level.,4.0,08/2024,"elementary school teachers, except special education",BLS OEWS May 2025 + BLS projections 2024–2034 + O*NET 30.3
25-2022,"Middle School Teachers, Except Special and Career/Technical Education",620090,1.7,,72030.0,0.6,,,,,,48080.0,58530.0,64370.0,80490.0,102540.0,"        Middle school teachers, except special and career/technical education",633.7,621.3,-12.4,-2.0,0.6,40.5,62970.0,Bachelor's degree,,,Bachelor's degree,25-2022.00,"Middle School Teachers, Except Special and Career/Technical Education","Teach one or more subjects to students at the middle, intermediate, or junior high school level.",4.0,08/2024,"middle school teachers, except special and career/technical education",BLS OEWS May 2025 + BLS projections 2024–2034 + O*NET 30.3
25-2023,"Career/Technical Education Teachers, Middle School",16870,3.2,,71590.0,1.0,,,,,,49200.0,58690.0,65030.0,79990.0,101890.0,"        Career/technical education teachers, middle school",14.0,13.8,-0.3,-2.0,,0.9,63620.0,Bachelor's degree,Less than 5 years,,Bachelor's degree,25-2023.00,"Career/Technical Education Teachers, Middle School","Teach occupational, vocational, career, or technical subjects to students at the middle, intermediate, or junior high school level.",4.0,08/2018,"career/technical education teachers, middle school",BLS OEWS May 2025 + BLS projections 2024–2034 + O*NET 30.3
25-2031,"Secondary School Teachers, Except Special and Career/Technical Education",1065210,1.0,,76320.0,0.4,,,,,,48780.0,59980.0,72040.0,92570.0,107600.0,"        Secondary school teachers, except special and career/technical education",1094.5,1076.7,-17.8,-1.6,0.0,66.2,64580.0,Bachelor's degree,,,Bachelor's degree,25-2031.00,"Secondary School Teachers, Except Special and Career/Technical Education",Teach one or more subjects to students at the secondary school level.,4.0,08/2025,"secondary school teachers, except special and career/technical education",BLS OEWS May 2025 + BLS projections 2024–2034 + O*NET 30.3
25-2032,"Career/Technical Education Teachers, Secondary School",111420,1.9,,72680.0,0.5,,,,,,50040.0,60590.0,66270.0,80060.0,101340.0,"        Career/technical education teachers, secondary school",103.4,101.5,-1.9,-1.8,,6.2,63910.0,Bachelor's degree,Less than 5 years,,Bachelor's degree,25-2032.00,"Career/Technical Education Teachers, Secondary School","Teach occupational, vocational, career, or technical subjects to students at the secondary school level.",4.0,08/2025,"career/technical education teachers, secondary school",BLS OEWS May 2025 + BLS projections 2024–2034 + O*NET 30.3
25-2051,"Special Education Teachers, Preschool",29510,5.9,,76380.0,2.6,,,,,,45620.0,52210.0,64830.0,91660.0,130040.0,"        Special education teachers, preschool",29.3,29.7,0.4,1.4,1.8,2.1,62190.0,Bachelor's degree,,,Bachelor's degree,25-2051.00,"Special Education Teachers, Preschool","Teach academic, social, and life skills to preschool-aged students with learning, emotional, or physical disabilities. Includes teachers who specialize and work with students who are blind or have visual impairments; students who are deaf or have hearing impairments; and students with intellectual disabilities.",5.0,08/2019,"special education teachers, preschool",BLS OEWS May 2025 + BLS projections 2024–2034 + O*NET 30.3
25-2052,"Special Education Teachers, Kindergarten and Elementary School",260870,1.2,,72650.0,0.5,,,,,,49350.0,59710.0,65120.0,80280.0,103010.0,"        Special education teachers, kindergarten and elementary school",230.2,226.1,-4.1,-1.8,0.3,15.4,63000.0,Bachelor's degree,,,Bachelor's degree,,,,,,"special education teachers, kindergarten and elementary school",BLS OEWS May 2025 + BLS projections 2024–2034 + O*NET 30.3
25-2057,"Special Education Teachers, Middle School",95200,2.2,,73780.0,0.7,,,,,,49420.0,60000.0,66810.0,82800.0,102510.0,"        Special education teachers, middle school",94.8,93.0,-1.8,-1.9,0.3,6.3,64880.0,Bachelor's degree,,,Bachelor's degree,25-2057.00,"Special Education Teachers, Middle School","Teach academic, social, and life skills to middle school students with learning, emotional, or physical disabilities. Includes teachers who specialize and work with students who are blind or have visual impairments; students who are deaf or have hearing impairments; and students with intellectual disabilities.",4.0,08/2025,"special education teachers, middle school",BLS OEWS May 2025 + BLS projections 2024–2034 + O*NET 30.3
25-2058,"Special Education Teachers, Secondary School",163930,1.4,,77260.0,0.5,,,,,,49800.0,60180.0,74260.0,93730.0,109100.0,"        Special education teachers, secondary school",164.2,161.5,-2.6,-1.6,0.5,11.1,69590.0,Bachelor's degree,,,Bachelor's degree,25-2058.00,"Special Education Teachers, Secondary School","Teach academic, social, and life skills to secondary school students with learning, emotional, or physical disabilities. Includes teachers who specialize and work with students who are blind or have visual impairments; students who are deaf or have hearing impairments; and students with intellectual disabilities.",4.0,08/2025,"special education teachers, secondary school",BLS OEWS May 2025 + BLS projections 2024–2034 + O*NET 30.3
25-2059,"Special Education Teachers, All Other",33930,7.8,,79750.0,3.3,,,,,,48440.0,60930.0,76580.0,99690.0,120080.0,"        Special education teachers, all other",41.0,41.5,0.4,1.1,1.6,2.9,67430.0,Bachelor's degree,,,Bachelor's degree,25-2059.00,"Special Education Teachers, All Other",All special education teachers not listed separately.,5.0,08/2020,"special education teachers, all other",BLS OEWS May 2025 + BLS projections 2024–2034 + O*NET 30.3
25-3011,"Adult Basic Education, Adult Secondary Education, and English as a Second Language Instructors",37310,2.5,31.66,65860.0,0.6,20.1,23.61,29.59,37.35,47.13,41810.0,49100.0,61540.0,77690.0,98030.0,"      Adult basic education, adult secondary education, and english as a second language instructors",40.9,35.3,-5.6,-13.7,5.6,3.9,59950.0,Bachelor's degree,,,Bachelor's degree,25-3011.00,"Adult Basic Education, Adult Secondary Education, and English as a Second Language Instructors","Teach or instruct out-of-school youths and adults in basic education, literacy, or English as a Second Language classes, or in classes for earning a high school equivalency credential.",4.0,08/2018,"adult basic education, adult secondary education, and english as a second language instructors",BLS OEWS May 2025 + BLS projections 2024–2034 + O*NET 30.3
25-3021,Self-Enrichment Teachers,332110,1.3,26.32,54740.0,0.8,14.45,17.49,22.5,30.39,44.63,30050.0,36380.0,46800.0,63210.0,92840.0,      Self-enrichment teachers,417.5,433.0,15.5,3.7,16.8,51.4,45590.0,High school diploma or equivalent,Less than 5 years,,High school diploma or equivalent,25-3021.00,Self-Enrichment Teachers,"Teach or instruct individuals or groups for the primary purpose of self-enrichment or recreation, rather than for an occupational objective, educational attainment, competition, or fitness.",3.0,08/2019,self-enrichment teachers,BLS OEWS May 2025 + BLS projections 2024–2034 + O*NET 30.3
25-3031,"Substitute Teachers, Short-Term",524770,1.5,22.32,46420.0,0.8,13.73,16.43,20.03,26.39,31.63,28560.0,34170.0,41670.0,54890.0,65790.0,"      Substitute teachers, short-term",510.1,518.5,8.4,1.6,5.0,61.1,38470.0,Bachelor's degree,,,Bachelor's degree,25-3031.00,"Substitute Teachers, Short-Term","Teach students on a short-term basis as a temporary replacement for a regular classroom teacher, typically using the regular teacher's lesson plan.",4.0,08/2025,"substitute teachers, short-term",BLS OEWS May 2025 + BLS projections 2024–2034 + O*NET 30.3
25-3041,Tutors,175070,1.8,23.1,48050.0,0.8,14.15,16.83,20.84,26.38,36.53,29430.0,35000.0,43350.0,54860.0,75990.0,      Tutors,215.5,216.8,1.3,0.6,13.7,37.1,40090.0,"Some college, no degree",,,"Some college, no degree",25-3041.00,Tutors,Instruct individual students or small groups of students in academic subjects to support formal class instruction or to prepare students for standardized or admissions tests.,3.0,08/2022,tutors,BLS OEWS May 2025 + BLS projections 2024–2034 + O*NET 30.3
25-3099,"Teachers and Instructors, All Other",113790,2.8,,73880.0,1.1,,,,,,37010.0,48490.0,66140.0,95890.0,118020.0,"      Teachers and instructors, all other",153.8,153.5,-0.2,-0.1,8.6,18.0,64690.0,Bachelor's degree,,,Bachelor's degree,25-3099.00,"Teachers and Instructors, All Other",All teachers and instructors not listed separately.,,,"teachers and instructors, all other",BLS OEWS May 2025 + BLS projections 2024–2034 + O*NET 30.3
25-4011,Archivists,7970,3.5,33.96,70640.0,1.1,19.22,24.37,31.03,39.92,53.15,39970.0,50680.0,64550.0,83020.0,110550.0,        Archivists,9.3,9.7,0.4,3.8,10.4,1.1,61570.0,Master's degree,,,Master's degree,25-4011.00,Archivists,"Appraise, edit, and direct safekeeping of permanent records and historically valuable documents. Participate in research activities based on archival materials.",5.0,08/2024,archivists,BLS OEWS May 2025 + BLS projections 2024–2034 + O*NET 30.3
25-4012,Curators,12150,2.4,34.4,71560.0,0.7,19.46,23.49,30.49,39.94,51.51,40470.0,48870.0,63420.0,83080.0,107140.0,        Curators,15.1,16.2,1.1,7.0,13.1,1.8,61770.0,Master's degree,,,Master's degree,25-4012.00,Curators,"Administer collections, such as artwork, collectibles, historic items, or scientific specimens of museums or other institutions. May conduct instructional, research, or public service activities of institution.",5.0,08/2018,curators,BLS OEWS May 2025 + BLS projections 2024–2034 + O*NET 30.3
25-4013,Museum Technicians and Conservators,12310,4.7,27.6,57410.0,0.9,16.24,19.73,24.73,32.52,42.08,33780.0,41050.0,51440.0,67640.0,87530.0,        Museum technicians and conservators,15.7,16.5,0.8,5.4,12.0,1.9,47460.0,Bachelor's degree,,,Bachelor's degree,25-4013.00,Museum Technicians and Conservators,"Restore, maintain, or prepare objects in museum collections for storage, research, or exhibit. May work with specimens such as fossils, skeletal parts, or botanicals; or artifacts, textiles, or art. May identify and record objects or install and arrange them in exhibits. Includes book or document conservators.",4.0,08/2018,museum technicians and conservators,BLS OEWS May 2025 + BLS projections 2024–2034 + O*NET 30.3
25-4022,Librarians and Media Collections Specialists,133790,0.9,35.02,72840.0,0.4,20.99,27.07,32.82,40.62,50.0,43660.0,56310.0,68270.0,84480.0,103990.0,      Librarians and media collections specialists,142.1,144.5,2.4,1.7,0.9,13.5,64320.0,Master's degree,,,Master's degree,25-4022.00,Librarians and Media Collections Specialists,"Administer and maintain libraries or collections of information, for public or private access through reference or borrowing. Work in a variety of settings, such as educational institutions, museums, and corporations, and with various types of informational materials, such as books, periodicals, recordings, films, and databases. Tasks may include acquiring, cataloging, and circulating library materials, and user services such as locating and organizing information, providing instruction on how to access information, and setting up and operating a library's media equipment.",5.0,08/2022,librarians and media collections specialists,BLS OEWS May 2025 + BLS projections 2024–2034 + O*NET 30.3
25-4031,Library Technicians,68690,1.3,21.88,45500.0,0.5,14.09,17.18,21.43,25.21,30.33,29300.0,35740.0,44580.0,52430.0,63080.0,      Library technicians,78.6,73.2,-5.4,-6.8,,13.0,39970.0,Postsecondary nondegree award,,,Postsecondary nondegree award,25-4031.00,Library Technicians,"Assist librarians by helping readers in the use of library catalogs, databases, and indexes to locate books and other materials; and by answering questions that require only brief consultation of standard reference. Compile records; sort and shelve books or other media; remove or repair damaged books or other media; register patrons; and check materials in and out of the circulation process. Replace materials in shelving area (stacks) or files. Includes bookmobile drivers who assist with providing services in mobile libraries.",3.0,07/2017,library technicians,BLS OEWS May 2025 + BLS projections 2024–2034 + O*NET 30.3
25-9021,Farm and Home Management Educators,8220,5.9,29.35,61060.0,1.2,18.1,22.59,28.95,35.16,40.89,37650.0,46990.0,60220.0,73130.0,85060.0,      Farm and home management educators,12.4,12.1,-0.3,-2.5,0.7,1.1,58120.0,Master's degree,,,Master's degree,25-9021.00,Farm and Home Management Educators,"Instruct and advise individuals and families engaged in agriculture, agricultural-related processes, or home management activities. Demonstrate procedures and apply research findings to advance agricultural and home management activities. May develop educational outreach programs. May instruct on either agricultural issues such as agricultural processes and techniques, pest management, and food safety, or on home management issues such as budgeting, nutrition, and child development.",5.0,08/2022,farm and home management educators,BLS OEWS May 2025 + BLS projections 2024–2034 + O*NET 30.3
25-9031,Instructional Coordinators,227760,0.8,38.9,80920.0,0.3,23.07,29.22,37.23,47.51,58.49,47980.0,60780.0,77440.0,98820.0,121670.0,      Instructional coordinators,232.6,235.5,2.9,1.3,3.3,21.9,74720.0,Master's degree,5 years or more,,Master's degree,25-9031.00,Instructional Coordinators,"Develop instructional material, coordinate educational content, and incorporate current technology into instruction in order to provide guidelines to educators and instructors for developing curricula and conducting courses. May train and coach teachers. Includes educational consultants and specialists, and instructional material directors.",5.0,08/2018,instructional coordinators,BLS OEWS May 2025 + BLS projections 2024–2034 + O*NET 30.3
25-9044,"Teaching Assistants, Postsecondary",164090,0.3,,47670.0,0.4,,,,,,28600.0,35270.0,42910.0,60510.0,76420.0,"        Teaching assistants, postsecondary",193.6,199.6,6.0,3.1,0.1,24.6,44930.0,Bachelor's degree,,,Bachelor's degree,25-9044.00,"Teaching Assistants, Postsecondary","Assist faculty or other instructional staff in postsecondary institutions by performing instructional support activities, such as developing teaching materials, leading discussion groups, preparing and giving examinations, and grading examinations or papers.",5.0,07/2016,"teaching assistants, postsecondary",BLS OEWS May 2025 + BLS projections 2024–2034 + O*NET 30.3
25-9045,"Teaching Assistants, Except Postsecondary",1420350,0.6,,38290.0,0.3,,,,,,27150.0,31060.0,36780.0,45360.0,50040.0,"        Teaching assistants, except postsecondary",1422.8,1401.7,-21.1,-1.5,0.1,170.4,35240.0,"Some college, no degree",,,"Some college, no degree",,,,,,"teaching assistants, except postsecondary",BLS OEWS May 2025 + BLS projections 2024–2034 + O*NET 30.3
25-9099,"Educational Instruction and Library Workers, All Other",118590,1.4,28.39,59060.0,1.4,12.11,17.33,24.47,35.54,47.47,25180.0,36050.0,50890.0,73920.0,98740.0,"      Educational instruction and library workers, all other",132.0,134.0,2.0,1.5,2.4,12.5,48400.0,Bachelor's degree,,,Bachelor's degree,25-9099.00,"Educational Instruction and Library Workers, All Other",All educational instruction and library workers not listed separately.,,,"educational instruction and library workers, all other",BLS OEWS May 2025 + BLS projections 2024–2034 + O*NET 30.3
27-1011,Art Directors,53070,4.2,62.23,129440.0,2.0,31.2,39.65,55.22,78.19,102.43,64900.0,82480.0,114850.0,162640.0,213050.0,        Art directors,135.0,140.7,5.7,4.2,61.9,12.3,111040.0,Bachelor's degree,5 years or more,,Bachelor's degree,27-1011.00,Art Directors,"Formulate design concepts and presentation approaches for visual productions and media, such as print, broadcasting, video, and film. Direct workers engaged in artwork or layout design.",4.0,08/2023,art directors,BLS OEWS May 2025 + BLS projections 2024–2034 + O*NET 30.3
27-1012,Craft Artists,4580,8.3,23.91,49740.0,2.1,12.48,16.84,22.15,28.0,34.61,25960.0,35020.0,46080.0,58240.0,71990.0,        Craft artists,11.6,11.9,0.2,2.1,62.6,1.0,38480.0,No formal educational credential,,Long-term on-the-job training,No formal educational credential,27-1012.00,Craft Artists,"Create or reproduce handmade objects for sale and exhibition using a variety of techniques, such as welding, weaving, pottery, and needlecraft.",3.0,08/2025,craft artists,BLS OEWS May 2025 + BLS projections 2024–2034 + O*NET 30.3
27-1013,"Fine Artists, Including Painters, Sculptors, and Illustrators",11220,7.4,35.17,73150.0,3.8,15.21,18.06,26.68,40.0,69.33,31630.0,37560.0,55490.0,83200.0,144210.0,"        Fine artists, including painters, sculptors, and illustrators",26.5,26.2,-0.3,-1.2,61.6,2.2,60560.0,Bachelor's degree,,Long-term on-the-job training,Bachelor's degree,27-1013.00,"Fine Artists, Including Painters, Sculptors, and Illustrators",Create original artwork using any of a wide variety of media and techniques.,3.0,07/2017,"fine artists, including painters, sculptors, and illustrators",BLS OEWS May 2025 + BLS projections 2024–2034 + O*NET 30.3
27-1014,Special Effects Artists and Animators,19970,5.9,54.27,112870.0,1.7,28.17,36.29,49.06,66.89,85.15,58600.0,75490.0,102030.0,139130.0,177110.0,        Special effects artists and animators,57.1,58.0,0.9,1.6,61.5,5.0,99800.0,Bachelor's degree,,,Bachelor's degree,27-1014.00,Special Effects Artists and Animators,"Create special effects or animations using film, video, computers, or other electronic tools and media for use in products, such as computer games, movies, music videos, and commercials.",4.0,08/2019,special effects artists and animators,BLS OEWS May 2025 + BLS projections 2024–2034 + O*NET 30.3
27-1019,"Artists and Related Workers, All Other",6930,8.3,38.72,80530.0,3.9,17.59,20.2,34.25,55.36,65.7,36580.0,42010.0,71240.0,115150.0,136660.0,"        Artists and related workers, all other",13.9,14.0,0.1,0.8,44.0,1.2,72760.0,No formal educational credential,,Long-term on-the-job training,No formal educational credential,27-1019.00,"Artists and Related Workers, All Other",All artists and related workers not listed separately.,,,"artists and related workers, all other",BLS OEWS May 2025 + BLS projections 2024–2034 + O*NET 30.3
27-1021,Commercial and Industrial Designers,33490,3.3,44.84,93260.0,1.8,25.7,31.95,40.34,52.43,67.2,53460.0,66450.0,83910.0,109050.0,139770.0,        Commercial and industrial designers,30.6,31.6,1.0,3.2,2.0,2.5,79450.0,Bachelor's degree,,,Bachelor's degree,27-1021.00,Commercial and Industrial Designers,"Design and develop manufactured products, such as cars, home appliances, and children's toys. Combine artistic talent with research on product use, marketing, and materials to create the most functional and appealing product design.",4.0,08/2019,commercial and industrial designers,BLS OEWS May 2025 + BLS projections 2024–2034 + O*NET 30.3
27-1022,Fashion Designers,21450,7.5,43.86,91230.0,12.4,18.99,24.97,38.92,51.19,70.61,39490.0,51940.0,80960.0,106470.0,146870.0,        Fashion designers,25.7,26.2,0.5,2.0,20.0,2.3,80690.0,Bachelor's degree,,,Bachelor's degree,27-1022.00,Fashion Designers,Design clothing and accessories. Create original designs or adapt fashion trends.,3.0,08/2024,fashion designers,BLS OEWS May 2025 + BLS projections 2024–2034 + O*NET 30.3
27-1023,Floral Designers,40590,1.7,19.0,39520.0,1.1,13.75,15.78,17.96,21.97,24.52,28600.0,32810.0,37360.0,45700.0,51000.0,        Floral designers,43.8,41.2,-2.6,-5.9,10.7,5.1,36120.0,High school diploma or equivalent,,Moderate-term on-the-job training,High school diploma or equivalent,27-1023.00,Floral Designers,"Design, cut, and arrange live, dried, or artificial flowers and foliage.",2.0,02/2026,floral designers,BLS OEWS May 2025 + BLS projections 2024–2034 + O*NET 30.3
27-1024,Graphic Designers,197830,2.4,33.92,70560.0,1.3,19.0,23.58,30.27,39.34,50.44,39520.0,49040.0,62960.0,81830.0,104910.0,        Graphic designers,265.9,271.5,5.7,2.1,17.7,20.0,61300.0,Bachelor's degree,,,Bachelor's degree,27-1024.00,Graphic Designers,"Design or create graphics to meet specific commercial or promotional needs, such as packaging, displays, or logos. May use a variety of mediums to achieve artistic or decorative effects.",4.0,08/2023,graphic designers,BLS OEWS May 2025 + BLS projections 2024–2034 + O*NET 30.3
27-1025,Interior Designers,71500,2.0,35.84,74540.0,1.5,19.91,24.92,32.31,41.22,54.87,41420.0,51840.0,67190.0,85740.0,114140.0,        Interior designers,87.1,89.9,2.8,3.2,21.2,7.8,63490.0,Bachelor's degree,,,Bachelor's degree,27-1025.00,Interior Designers,"Plan, design, and furnish the internal space of rooms or buildings. Design interior environments or create physical layouts that are practical, aesthetic, and conducive to the intended purposes. May specialize in a particular field, style, or phase of interior design.",4.0,08/2024,interior designers,BLS OEWS May 2025 + BLS projections 2024–2034 + O*NET 30.3
27-1026,Merchandise Displayers and Window Trimmers,165220,1.9,20.59,42830.0,0.9,14.79,16.89,18.94,22.7,28.06,30760.0,35130.0,39390.0,47220.0,58370.0,        Merchandise displayers and window trimmers,193.0,199.3,6.2,3.2,0.1,20.8,37350.0,High school diploma or equivalent,,Short-term on-the-job training,High school diploma or equivalent,27-1026.00,Merchandise Displayers and Window Trimmers,"Plan and erect commercial displays, such as those in windows and interiors of retail stores and at trade exhibitions.",3.0,07/2015,merchandise displayers and window trimmers,BLS OEWS May 2025 + BLS projections 2024–2034 + O*NET 30.3
27-1027,Set and Exhibit Designers,10630,6.5,39.98,83160.0,2.8,20.07,25.4,36.17,50.01,65.1,41750.0,52830.0,75240.0,104030.0,135410.0,        Set and exhibit designers,31.3,32.0,0.7,2.3,63.5,2.5,66280.0,Bachelor's degree,,,Bachelor's degree,27-1027.00,Set and Exhibit Designers,"Design special exhibits and sets for film, video, television, and theater productions. May study scripts, confer with directors, and conduct research to determine appropriate architectural styles.",5.0,08/2021,set and exhibit designers,BLS OEWS May 2025 + BLS projections 2024–2034 + O*NET 30.3
27-1029,"Designers, All Other",9480,7.9,38.02,79090.0,2.5,20.69,24.53,31.23,46.09,62.07,43030.0,51020.0,64950.0,95860.0,129110.0,"        Designers, all other",28.6,29.2,0.6,2.0,66.1,2.2,66220.0,Bachelor's degree,,,Bachelor's degree,27-1029.00,"Designers, All Other",All designers not listed separately.,,,"designers, all other",BLS OEWS May 2025 + BLS projections 2024–2034 + O*NET 30.3
27-2011,Actors,55000,17.7,58.29,,8.4,16.5,20.34,29.05,97.95,143.68,,,,,,        Actors,57.0,57.1,0.2,0.3,27.9,6.3,,"Some college, no degree",,Long-term on-the-job training,"Some college, no degree",27-2011.00,Actors,"Play parts in stage, television, radio, video, or film productions, or other settings for entertainment, information, or instruction. Interpret serious or comic role by speech, gesture, and body movement to entertain or inform audience. May dance and sing.",2.0,02/2026,actors,BLS OEWS May 2025 + BLS projections 2024–2034 + O*NET 30.3
27-2012,Producers and Directors,143120,2.9,54.47,113300.0,1.8,22.01,30.13,43.44,64.81,95.45,45780.0,62670.0,90360.0,134800.0,198540.0,        Producers and directors,167.0,175.2,8.3,4.9,8.2,12.8,83480.0,Bachelor's degree,Less than 5 years,,Bachelor's degree,27-2012.00,Producers and Directors,"Produce or direct stage, television, radio, video, or film productions for entertainment, information, or instruction. Responsible for creative decisions, such as interpretation of script, choice of actors or guests, set design, sound, special effects, and choreography.",4.0,08/2022,producers and directors,BLS OEWS May 2025 + BLS projections 2024–2034 + O*NET 30.3
27-2021,Athletes and Sports Competitors,15070,7.1,,206180.0,10.1,,,,,,26500.0,36790.0,66710.0,109880.0,742310.0,        Athletes and sports competitors,19.1,20.2,1.0,5.5,20.7,2.1,62360.0,No formal educational credential,,Long-term on-the-job training,No formal educational credential,27-2021.00,Athletes and Sports Competitors,Compete in athletic events.,2.0,02/2026,athletes and sports competitors,BLS OEWS May 2025 + BLS projections 2024–2034 + O*NET 30.3
27-2022,Coaches and Scouts,248950,1.5,,60160.0,1.1,,,,,,28790.0,35330.0,47320.0,64710.0,98860.0,        Coaches and scouts,306.5,326.0,19.5,6.4,10.2,41.8,45920.0,Bachelor's degree,,,Bachelor's degree,27-2022.00,Coaches and Scouts,Instruct or coach groups or individuals in the fundamentals of sports for the primary purpose of competition. Demonstrate techniques and methods of participation. May evaluate athletes' strengths and weaknesses as possible recruits or to improve the athletes' technique to prepare them for competition. Those required to hold teaching certifications should be reported in the appropriate teaching category.,4.0,08/2019,coaches and scouts,BLS OEWS May 2025 + BLS projections 2024–2034 + O*NET 30.3
27-2023,"Umpires, Referees, and Other Sports Officials",15780,5.0,,53010.0,8.4,,,,,,26540.0,32260.0,40710.0,57160.0,82960.0,"        Umpires, referees, and other sports officials",19.3,20.4,1.1,5.7,18.2,4.6,38820.0,High school diploma or equivalent,,Moderate-term on-the-job training,High school diploma or equivalent,27-2023.00,"Umpires, Referees, and Other Sports Officials","Officiate at competitive athletic or sporting events. Detect infractions of rules and decide penalties according to established regulations. Includes all sporting officials, referees, and competition judges.",2.0,02/2026,"umpires, referees, and other sports officials",BLS OEWS May 2025 + BLS projections 2024–2034 + O*NET 30.3
27-2031,Dancers,8130,7.3,30.83,,3.6,14.88,17.23,24.8,38.36,52.3,,,,,,        Dancers,12.3,12.9,0.6,4.5,25.4,1.8,,No formal educational credential,,Long-term on-the-job training,No formal educational credential,27-2031.00,Dancers,"Perform dances. May perform on stage, for broadcasting, or for video recording.",3.0,08/2019,dancers,BLS OEWS May 2025 + BLS projections 2024–2034 + O*NET 30.3
27-2032,Choreographers,2860,8.9,35.14,73100.0,4.5,16.39,20.0,26.59,36.4,66.65,34090.0,41600.0,55310.0,75710.0,138630.0,        Choreographers,4.6,4.9,0.3,6.1,24.3,0.7,55600.0,High school diploma or equivalent,5 years or more,Long-term on-the-job training,High school diploma or equivalent,27-2032.00,Choreographers,Create new dance routines. Rehearse performance of routines. May direct and stage presentations.,3.0,08/2024,choreographers,BLS OEWS May 2025 + BLS projections 2024–2034 + O*NET 30.3
27-2041,Music Directors and Composers,12540,6.3,43.5,90470.0,4.3,19.17,25.53,35.44,50.04,79.69,39880.0,53110.0,73710.0,104090.0,165760.0,        Music directors and composers,47.3,47.2,-0.1,-0.3,25.6,4.3,63670.0,Bachelor's degree,Less than 5 years,,Bachelor's degree,27-2041.00,Music Directors and Composers,"Conduct, direct, plan, and lead instrumental or vocal performances by musical artists or groups, such as orchestras, bands, choirs, and glee clubs; or create original works of music.",4.0,08/2022,music directors and composers,BLS OEWS May 2025 + BLS projections 2024–2034 + O*NET 30.3
27-2042,Musicians and Singers,36180,3.1,60.46,,2.6,20.35,27.57,47.8,75.33,132.56,,,,,,        Musicians and singers,169.8,171.6,1.8,1.1,46.8,19.4,,No formal educational credential,,Long-term on-the-job training,No formal educational credential,27-2042.00,Musicians and Singers,"Play one or more musical instruments or sing. May perform on stage, for broadcasting, or for sound or video recording.",4.0,08/2022,musicians and singers,BLS OEWS May 2025 + BLS projections 2024–2034 + O*NET 30.3
27-2091,"Disc Jockeys, Except Radio",7920,9.3,32.57,,8.1,13.5,16.91,21.61,37.5,60.17,,,,,,"        Disc jockeys, except radio",15.4,16.0,0.6,3.8,46.9,1.5,,High school diploma or equivalent,,Short-term on-the-job training,High school diploma or equivalent,27-2091.00,"Disc Jockeys, Except Radio","Play prerecorded music for live audiences at venues or events such as clubs, parties, or wedding receptions. May use techniques such as mixing, cutting, or sampling to manipulate recordings. May also perform as emcee (master of ceremonies).",2.0,02/2026,"disc jockeys, except radio",BLS OEWS May 2025 + BLS projections 2024–2034 + O*NET 30.3
27-2099,"Entertainers and Performers, Sports and Related Workers, All Other",16550,8.7,30.7,,5.8,14.48,17.17,18.82,29.83,56.12,,,,,,"        Entertainers and performers, sports and related workers, all other",35.8,38.0,2.1,6.0,56.2,4.4,,No formal educational credential,,Short-term on-the-job training,No formal educational credential,27-2099.00,"Entertainers and Performers, Sports and Related Workers, All Other","All entertainers and performers, sports and related workers not listed separately.",,,"entertainers and performers, sports and related workers, all other",BLS OEWS May 2025 + BLS projections 2024–2034 + O*NET 30.3
27-3011,Broadcast Announcers and Radio Disc Jockeys,21240,2.3,37.85,78720.0,2.3,13.55,17.0,22.76,36.29,66.56,28190.0,35360.0,47340.0,75480.0,138440.0,      Broadcast announcers and radio disc jockeys,24.1,22.8,-1.3,-5.5,,2.3,45680.0,Bachelor's degree,,,Bachelor's degree,27-3011.00,Broadcast Announcers and Radio Disc Jockeys,"Speak or read from scripted materials, such as news reports or commercial messages, on radio, television, or other communications media. May play and queue music, announce artist or title of performance, identify station, or interview guests.",4.0,08/2025,broadcast announcers and radio disc jockeys,BLS OEWS May 2025 + BLS projections 2024–2034 + O*NET 30.3
27-3023,"News Analysts, Reporters, and Journalists",39250,1.9,49.26,102460.0,1.7,17.42,21.81,29.91,47.33,69.3,36240.0,45370.0,62200.0,98450.0,144140.0,"      News analysts, reporters, and journalists",49.3,47.4,-1.9,-3.9,15.6,4.1,60280.0,Bachelor's degree,,,Bachelor's degree,27-3023.00,"News Analysts, Reporters, and Journalists","Narrate or write news stories, reviews, or commentary for print, broadcast, or other communications media such as newspapers, magazines, radio, or television. May collect and analyze information through interview, investigation, or observation.",4.0,11/2024,"news analysts, reporters, and journalists",BLS OEWS May 2025 + BLS projections 2024–2034 + O*NET 30.3
27-3031,Public Relations Specialists,283380,1.1,40.44,84120.0,1.1,21.21,27.05,35.94,48.25,64.98,44110.0,56260.0,74750.0,100370.0,135150.0,      Public relations specialists,315.9,331.0,15.0,4.8,1.9,27.6,69780.0,Bachelor's degree,,,Bachelor's degree,27-3031.00,Public Relations Specialists,"Promote or create an intended public image for individuals, groups, or organizations. May write or select material for release to various communications media. May specialize in using social media.",4.0,08/2022,public relations specialists,BLS OEWS May 2025 + BLS projections 2024–2034 + O*NET 30.3
27-3041,Editors,91690,1.7,43.3,90060.0,1.3,19.83,27.55,37.46,51.01,73.9,41250.0,57300.0,77920.0,106100.0,153700.0,        Editors,115.8,116.5,0.7,0.6,13.2,9.8,75260.0,Bachelor's degree,Less than 5 years,,Bachelor's degree,27-3041.00,Editors,"Plan, coordinate, revise, or edit written material. May review proposals and drafts for possible publication.",4.0,07/2017,editors,BLS OEWS May 2025 + BLS projections 2024–2034 + O*NET 30.3
27-3042,Technical Writers,45500,2.1,46.62,96970.0,0.9,27.62,34.08,43.46,55.53,69.84,57440.0,70880.0,90390.0,115510.0,145270.0,        Technical writers,56.4,56.9,0.5,0.9,,4.5,91670.0,Bachelor's degree,Less than 5 years,Short-term on-the-job training,Bachelor's degree,27-3042.00,Technical Writers,"Write technical materials, such as equipment manuals, appendices, or operating and maintenance instructions. May assist in layout work.",4.0,07/2012,technical writers,BLS OEWS May 2025 + BLS projections 2024–2034 + O*NET 30.3
27-3043,Writers and Authors,47940,5.2,41.39,86090.0,2.9,21.31,28.0,36.98,49.01,67.25,44310.0,58230.0,76910.0,101950.0,139870.0,        Writers and authors,135.4,140.3,4.9,3.6,62.9,13.4,72270.0,Bachelor's degree,,Long-term on-the-job training,Bachelor's degree,27-3043.00,Writers and Authors,"Originate and prepare written material, such as scripts, stories, advertisements, and other material.",4.0,08/2022,writers and authors,BLS OEWS May 2025 + BLS projections 2024–2034 + O*NET 30.3
27-3091,Interpreters and Translators,52060,2.7,31.9,66360.0,1.3,17.82,22.37,28.93,38.86,49.84,37070.0,46530.0,60170.0,80830.0,103660.0,        Interpreters and translators,75.3,76.6,1.3,1.7,27.0,6.9,59440.0,Bachelor's degree,,,Bachelor's degree,27-3091.00,Interpreters and Translators,"Interpret oral or sign language, or translate written text from one language into another.",4.0,08/2021,interpreters and translators,BLS OEWS May 2025 + BLS projections 2024–2034 + O*NET 30.3
27-3092,Court Reporters and Simultaneous Captioners,12870,2.7,37.86,78760.0,1.6,20.26,25.85,34.82,48.45,62.77,42130.0,53760.0,72420.0,100780.0,130560.0,        Court reporters and simultaneous captioners,17.7,17.7,0.0,-0.3,25.6,1.7,67310.0,Postsecondary nondegree award,,Short-term on-the-job training,Postsecondary nondegree award,27-3092.00,Court Reporters and Simultaneous Captioners,"Use verbatim methods and equipment to capture, store, retrieve, and transcribe pretrial and trial proceedings or other information. Includes stenocaptioners who operate computerized stenographic captioning equipment to provide captions of live or prerecorded broadcasts for hearing-impaired viewers.",3.0,08/2020,court reporters and simultaneous captioners,BLS OEWS May 2025 + BLS projections 2024–2034 + O*NET 30.3
27-3099,"Media and Communication Workers, All Other",19590,3.7,40.32,83860.0,1.7,18.81,23.94,35.39,49.91,64.55,39120.0,49790.0,73620.0,103820.0,134270.0,"        Media and communication workers, all other",34.3,35.3,0.9,2.7,26.7,3.0,71770.0,High school diploma or equivalent,,Short-term on-the-job training,High school diploma or equivalent,27-3099.00,"Media and Communication Workers, All Other",All media and communication workers not listed separately.,,,"media and communication workers, all other",BLS OEWS May 2025 + BLS projections 2024–2034 + O*NET 30.3
27-4011,Audio and Video Technicians,70230,2.4,31.07,64630.0,1.1,18.26,22.3,27.93,37.29,48.39,37990.0,46390.0,58100.0,77560.0,100650.0,        Audio and video technicians,92.3,95.4,3.1,3.3,11.0,7.3,54830.0,Postsecondary nondegree award,,Short-term on-the-job training,Postsecondary nondegree award,27-4011.00,Audio and Video Technicians,"Set up, maintain, and dismantle audio and video equipment, such as microphones, sound speakers, connecting wires and cables, sound and mixing boards, video cameras, video monitors and servers, and related electronic equipment for live or recorded events, such as concerts, meetings, conventions, presentations, podcasts, news conferences, and sporting events.",3.0,08/2018,audio and video technicians,BLS OEWS May 2025 + BLS projections 2024–2034 + O*NET 30.3
27-4012,Broadcast Technicians,21110,3.1,32.68,67960.0,2.1,15.09,19.38,28.64,40.16,59.46,31390.0,40320.0,59570.0,83520.0,123670.0,        Broadcast technicians,24.8,24.2,-0.7,-2.8,12.6,1.8,53920.0,Associate's degree,,Short-term on-the-job training,Associate's degree,27-4012.00,Broadcast Technicians,"Set up, operate, and maintain the electronic equipment used to acquire, edit, and transmit audio and video for radio or television programs. Control and adjust incoming and outgoing broadcast signals to regulate sound volume, signal strength, and signal clarity. Operate satellite, microwave, or other transmitter equipment to broadcast radio or television programs.",3.0,08/2019,broadcast technicians,BLS OEWS May 2025 + BLS projections 2024–2034 + O*NET 30.3
27-4014,Sound Engineering Technicians,13080,11.2,39.13,81390.0,3.5,18.06,23.99,35.16,48.21,66.04,37570.0,49910.0,73130.0,100280.0,137370.0,        Sound engineering technicians,16.9,16.6,-0.3,-1.7,12.0,1.2,66430.0,Postsecondary nondegree award,,Short-term on-the-job training,Postsecondary nondegree award,27-4014.00,Sound Engineering Technicians,"Assemble and operate equipment to record, synchronize, mix, edit, or reproduce sound, including music, voices, or sound effects, for theater, video, film, television, podcasts, sporting events, and other productions.",3.0,08/2025,sound engineering technicians,BLS OEWS May 2025 + BLS projections 2024–2034 + O*NET 30.3
27-4015,Lighting Technicians,8900,6.2,37.68,78380.0,1.9,20.34,25.37,32.72,45.98,62.87,42310.0,52770.0,68060.0,95640.0,130760.0,        Lighting technicians,12.1,11.5,-0.6,-4.6,13.1,0.8,60560.0,Postsecondary nondegree award,,Short-term on-the-job training,Postsecondary nondegree award,27-4015.00,Lighting Technicians,"Set up, maintain, and dismantle light fixtures, lighting control devices, and the associated lighting electrical and rigging equipment used for photography, television, film, video, and live productions. May focus or operate light fixtures, or attach color filters or other lighting accessories.",3.0,11/2021,lighting technicians,BLS OEWS May 2025 + BLS projections 2024–2034 + O*NET 30.3
27-4021,Photographers,51760,4.0,26.64,55410.0,2.2,14.82,17.33,21.47,30.16,44.14,30820.0,36050.0,44660.0,62740.0,91810.0,      Photographers,151.2,154.0,2.8,1.8,66.3,12.7,42520.0,High school diploma or equivalent,,Moderate-term on-the-job training,High school diploma or equivalent,27-4021.00,Photographers,"Photograph people, landscapes, merchandise, or other subjects. May use lighting equipment to enhance a subject's appearance. May use editing software to produce finished images and prints. Includes commercial and industrial photographers, scientific photographers, and photojournalists.",3.0,08/2021,photographers,BLS OEWS May 2025 + BLS projections 2024–2034 + O*NET 30.3
27-4031,"Camera Operators, Television, Video, and Film",21550,4.1,40.01,83210.0,2.1,18.52,24.48,36.05,51.28,64.99,38520.0,50920.0,74990.0,106660.0,135180.0,"        Camera operators, television, video, and film",36.4,36.9,0.4,1.2,28.8,2.9,68810.0,Bachelor's degree,,,Bachelor's degree,27-4031.00,"Camera Operators, Television, Video, and Film","Operate television, video, or film camera to record images or scenes for television, video, or film productions.",3.0,08/2019,"camera operators, television, video, and film",BLS OEWS May 2025 + BLS projections 2024–2034 + O*NET 30.3
27-4032,Film and Video Editors,25610,4.7,41.41,86130.0,2.5,19.37,25.35,36.26,50.63,71.42,40280.0,52720.0,75420.0,105310.0,148550.0,        Film and video editors,43.5,45.2,1.7,4.0,29.3,3.6,70980.0,Bachelor's degree,,,Bachelor's degree,27-4032.00,Film and Video Editors,"Edit moving images on film, video, or other media. May work with a producer or director to organize images for final production. May edit or synchronize soundtracks with images.",4.0,08/2020,film and video editors,BLS OEWS May 2025 + BLS projections 2024–2034 + O*NET 30.3
27-4099,"Media and Communication Equipment Workers, All Other",12450,6.3,38.96,81040.0,1.6,18.69,23.72,34.0,51.34,65.13,38870.0,49340.0,70720.0,106780.0,135470.0,"      Media and communication equipment workers, all other",15.1,15.2,0.1,0.6,8.5,1.1,67190.0,High school diploma or equivalent,,Short-term on-the-job training,High school diploma or equivalent,27-4099.00,"Media and Communication Equipment Workers, All Other",All media and communication equipment workers not listed separately.,,,"media and communication equipment workers, all other",BLS OEWS May 2025 + BLS projections 2024–2034 + O*NET 30.3
29-1011,Chiropractors,39630,2.8,43.52,90520.0,1.5,20.9,28.88,38.08,50.51,70.23,43460.0,60070.0,79200.0,105050.0,146080.0,      Chiropractors,57.2,62.6,5.4,9.5,34.7,2.8,79000.0,Doctoral or professional degree,,,Doctoral or professional degree,29-1011.00,Chiropractors,"Assess, treat, and care for patients by manipulation of spine and musculoskeletal system. May provide spinal adjustment or address sacral or pelvic misalignment.",5.0,07/2013,chiropractors,BLS OEWS May 2025 + BLS projections 2024–2034 + O*NET 30.3
29-1021,"Dentists, General",124390,2.8,91.99,191350.0,1.3,41.47,60.44,82.19,107.71,153.67,86250.0,125710.0,170950.0,224040.0,319630.0,"        Dentists, general",129.8,135.2,5.4,4.1,11.8,3.9,172790.0,Doctoral or professional degree,,,Doctoral or professional degree,29-1021.00,"Dentists, General","Examine, diagnose, and treat diseases, injuries, and malformations of teeth and gums. May treat diseases of nerve, pulp, and other dental tissues affecting oral hygiene and retention of teeth. May fit dental appliances or provide preventive care.",5.0,07/2014,"dentists, general",BLS OEWS May 2025 + BLS projections 2024–2034 + O*NET 30.3
29-1022,Oral and Maxillofacial Surgeons,4910,13.8,166.58,346490.0,10.9,41.47,98.37,169.34,206.11,299.35,86250.0,204610.0,352220.0,428710.0,622640.0,        Oral and maxillofacial surgeons,6.1,6.4,0.3,4.1,11.9,0.2,,Doctoral or professional degree,,Internship/residency,Doctoral or professional degree,29-1022.00,Oral and Maxillofacial Surgeons,"Perform surgery and related procedures on the hard and soft tissues of the oral and maxillofacial regions to treat diseases, injuries, or defects. May diagnose problems of the oral and maxillofacial regions. May perform surgery to improve function or appearance.",5.0,07/2012,oral and maxillofacial surgeons,BLS OEWS May 2025 + BLS projections 2024–2034 + O*NET 30.3
29-1023,Orthodontists,6210,13.5,124.71,259400.0,5.4,48.01,70.47,139.01,164.57,200.0,99850.0,146580.0,289140.0,342300.0,416000.0,        Orthodontists,5.9,6.2,0.3,4.4,12.0,0.2,,Doctoral or professional degree,,Internship/residency,Doctoral or professional degree,29-1023.00,Orthodontists,"Examine, diagnose, and treat dental malocclusions and oral cavity anomalies. Design and fabricate appliances to realign teeth and jaws to produce and maintain normal function and to improve appearance.",5.0,08/2023,orthodontists,BLS OEWS May 2025 + BLS projections 2024–2034 + O*NET 30.3
29-1024,Prosthodontists,870,27.6,129.15,268630.0,8.5,49.77,121.18,149.61,160.33,165.75,103510.0,252050.0,311180.0,333480.0,344750.0,        Prosthodontists,0.9,0.9,0.0,4.5,12.0,0.0,,Doctoral or professional degree,,Internship/residency,Doctoral or professional degree,29-1024.00,Prosthodontists,"Diagnose, treat, rehabilitate, design, and fit prostheses that maintain oral function, health, and appearance for patients with clinical conditions associated with teeth, oral and maxillofacial tissues, or the jaw.",5.0,08/2024,prosthodontists,BLS OEWS May 2025 + BLS projections 2024–2034 + O*NET 30.3
29-1029,"Dentists, All Other Specialists",5230,16.0,119.2,247930.0,7.5,50.06,79.87,108.17,134.9,193.61,104120.0,166130.0,224990.0,280590.0,402700.0,"        Dentists, all other specialists",6.6,6.6,0.0,0.3,7.4,0.2,225770.0,Doctoral or professional degree,,Internship/residency,Doctoral or professional degree,29-1029.00,"Dentists, All Other Specialists",All dentists not listed separately.,,,"dentists, all other specialists",BLS OEWS May 2025 + BLS projections 2024–2034 + O*NET 30.3
29-1031,Dietitians and Nutritionists,77570,2.1,37.08,77130.0,0.4,23.6,30.33,36.73,42.95,49.87,49090.0,63080.0,76400.0,89340.0,103720.0,      Dietitians and nutritionists,90.9,95.9,5.0,5.5,12.2,6.2,73850.0,Bachelor's degree,,Internship/residency,Bachelor's degree,29-1031.00,Dietitians and Nutritionists,"Plan and conduct food service or nutritional programs to assist in the promotion of health and control of disease. May supervise activities of a department providing quantity food services, counsel individuals, or conduct nutritional research.",5.0,08/2021,dietitians and nutritionists,BLS OEWS May 2025 + BLS projections 2024–2034 + O*NET 30.3
29-1041,Optometrists,42790,2.8,68.05,141550.0,0.9,35.99,52.59,65.66,79.39,97.2,74870.0,109400.0,136570.0,165120.0,202180.0,      Optometrists,47.8,51.6,3.8,8.0,11.5,2.4,134830.0,Doctoral or professional degree,,,Doctoral or professional degree,29-1041.00,Optometrists,"Diagnose, manage, and treat conditions and diseases of the human eye and visual system. Examine eyes and visual system, diagnose problems or impairments, prescribe corrective lenses, and provide treatment. May prescribe therapeutic drugs to treat specific eye conditions.",5.0,08/2021,optometrists,BLS OEWS May 2025 + BLS projections 2024–2034 + O*NET 30.3
29-1051,Pharmacists,321970,0.9,67.75,140920.0,0.3,47.73,62.2,67.75,77.81,83.77,99290.0,129380.0,140910.0,161840.0,174230.0,      Pharmacists,335.1,350.5,15.4,4.6,0.6,14.2,137480.0,Doctoral or professional degree,,,Doctoral or professional degree,29-1051.00,Pharmacists,"Dispense drugs prescribed by physicians and other health practitioners and provide information to patients about medications and their use. May advise physicians and other health practitioners on the selection, dosage, interactions, and side effects of medications.",5.0,08/2022,pharmacists,BLS OEWS May 2025 + BLS projections 2024–2034 + O*NET 30.3
29-1071,Physician Assistants,162150,1.4,67.92,141280.0,0.7,47.78,58.02,65.33,78.84,91.48,99380.0,120670.0,135880.0,163980.0,190280.0,      Physician assistants,162.7,195.8,33.2,20.4,1.5,12.0,133260.0,Master's degree,,,Master's degree,29-1071.00,Physician Assistants,"Provide healthcare services typically performed by a physician, under the supervision of a physician. Conduct complete physicals, provide treatment, and counsel patients. May, in some cases, prescribe medication. Must graduate from an accredited educational program for physician assistants.",5.0,08/2021,physician assistants,BLS OEWS May 2025 + BLS projections 2024–2034 + O*NET 30.3
29-1081,Podiatrists,9680,3.8,84.37,175480.0,2.2,31.74,49.87,77.07,108.61,148.88,66010.0,103730.0,160300.0,225910.0,309670.0,      Podiatrists,9.7,9.9,0.2,1.8,,0.3,152800.0,Doctoral or professional degree,,Internship/residency,Doctoral or professional degree,29-1081.00,Podiatrists,Diagnose and treat diseases and deformities of the human foot.,5.0,08/2022,podiatrists,BLS OEWS May 2025 + BLS projections 2024–2034 + O*NET 30.3
29-1122,Occupational Therapists,162450,1.2,48.69,101280.0,0.4,34.47,39.67,48.24,56.09,63.44,71690.0,82510.0,100330.0,116670.0,131950.0,        Occupational therapists,160.0,182.1,22.1,13.8,2.2,10.2,98340.0,Master's degree,,,Master's degree,29-1122.00,Occupational Therapists,"Assess, plan, and organize rehabilitative programs that help build or restore vocational, homemaking, and daily living skills, as well as general independence, to persons with disabilities or developmental delays. Use therapeutic techniques, adapt the individual's environment, teach skills, and modify specific tasks that present barriers to the individual.",5.0,08/2021,occupational therapists,BLS OEWS May 2025 + BLS projections 2024–2034 + O*NET 30.3
29-1123,Physical Therapists,267330,1.0,50.62,105280.0,0.3,37.09,41.42,49.4,58.25,64.97,77140.0,86160.0,102760.0,121160.0,135140.0,        Physical therapists,267.2,296.4,29.3,10.9,4.5,13.2,101020.0,Doctoral or professional degree,,,Doctoral or professional degree,29-1123.00,Physical Therapists,"Assess, plan, organize, and participate in rehabilitative programs that improve mobility, relieve pain, increase strength, and improve or correct disabling conditions resulting from disease or injury.",5.0,08/2020,physical therapists,BLS OEWS May 2025 + BLS projections 2024–2034 + O*NET 30.3
29-1124,Radiation Therapists,17070,7.1,55.28,114990.0,1.1,38.73,44.26,50.63,60.74,75.34,80560.0,92060.0,105310.0,126340.0,156710.0,        Radiation therapists,19.2,19.6,0.4,1.9,,0.9,101990.0,Associate's degree,,,Associate's degree,29-1124.00,Radiation Therapists,"Provide radiation therapy to patients as prescribed by a radiation oncologist according to established practices and standards. Duties may include reviewing prescription and diagnosis; acting as liaison with physician and supportive care personnel; preparing equipment, such as immobilization, treatment, and protection devices; and maintaining records, reports, and files. May assist in dosimetry procedures and tumor localization.",3.0,07/2013,radiation therapists,BLS OEWS May 2025 + BLS projections 2024–2034 + O*NET 30.3
29-1125,Recreational Therapists,14930,2.6,32.52,67630.0,2.1,19.71,24.16,29.79,38.43,48.28,40990.0,50240.0,61960.0,79930.0,100420.0,        Recreational therapists,16.1,16.6,0.5,3.3,,1.3,60280.0,Bachelor's degree,,,Bachelor's degree,29-1125.00,Recreational Therapists,"Plan, direct, or coordinate medically-approved recreation programs for patients in hospitals, nursing homes, or other institutions. Activities include sports, trips, dramatics, social activities, and crafts. May assess a patient condition and recommend appropriate recreational activity.",4.0,08/2022,recreational therapists,BLS OEWS May 2025 + BLS projections 2024–2034 + O*NET 30.3
29-1126,Respiratory Therapists,139790,1.0,41.97,87300.0,0.2,30.61,35.83,39.56,47.47,56.75,63660.0,74520.0,82280.0,98730.0,118050.0,        Respiratory therapists,139.6,156.4,16.8,12.1,,8.8,80450.0,Associate's degree,,,Associate's degree,29-1126.00,Respiratory Therapists,"Assess, treat, and care for patients with breathing disorders. Assume primary responsibility for all respiratory care modalities, including the supervision of respiratory therapy technicians. Initiate and conduct therapeutic procedures; maintain patient records; and select, assemble, check, and operate equipment.",3.0,07/2013,respiratory therapists,BLS OEWS May 2025 + BLS projections 2024–2034 + O*NET 30.3
29-1127,Speech-Language Pathologists,183390,1.2,47.2,98170.0,0.4,30.24,37.37,47.05,55.08,64.5,62900.0,77730.0,97870.0,114570.0,134160.0,        Speech-language pathologists,187.4,215.5,28.2,15.0,3.3,13.3,95410.0,Master's degree,,Internship/residency,Master's degree,29-1127.00,Speech-Language Pathologists,"Assess and treat persons with speech, language, voice, and fluency disorders. May select alternative communication systems and teach their use. May perform research related to speech and language problems.",5.0,08/2022,speech-language pathologists,BLS OEWS May 2025 + BLS projections 2024–2034 + O*NET 30.3
29-1128,Exercise Physiologists,8560,5.4,29.3,60940.0,1.3,20.56,23.86,28.59,32.32,38.73,42760.0,49620.0,59460.0,67230.0,80560.0,        Exercise physiologists,23.9,26.1,2.3,9.5,64.0,1.7,58160.0,Bachelor's degree,,,Bachelor's degree,29-1128.00,Exercise Physiologists,"Assess, plan, or implement fitness programs that include exercise or physical activities such as those designed to improve cardiorespiratory function, body composition, muscular strength, muscular endurance, or flexibility.",4.0,08/2020,exercise physiologists,BLS OEWS May 2025 + BLS projections 2024–2034 + O*NET 30.3
29-1129,"Therapists, All Other",22640,5.5,43.47,90420.0,3.4,22.37,28.29,37.47,50.85,73.33,46540.0,58850.0,77930.0,105760.0,152530.0,"        Therapists, all other",56.1,62.5,6.4,11.5,63.3,4.1,65010.0,Bachelor's degree,,,Bachelor's degree,29-1129.00,"Therapists, All Other",All therapists not listed separately.,5.0,08/2021,"therapists, all other",BLS OEWS May 2025 + BLS projections 2024–2034 + O*NET 30.3
29-1131,Veterinarians,83900,1.3,68.6,142680.0,0.9,35.54,48.78,62.55,79.87,103.7,73920.0,101460.0,130100.0,166120.0,215700.0,      Veterinarians,86.4,94.7,8.3,9.6,6.1,3.0,125510.0,Doctoral or professional degree,,,Doctoral or professional degree,29-1131.00,Veterinarians,"Diagnose, treat, or research diseases and injuries of animals. Includes veterinarians who conduct research and development, inspect livestock, or care for pets and companion animals.",5.0,08/2020,veterinarians,BLS OEWS May 2025 + BLS projections 2024–2034 + O*NET 30.3
29-1141,Registered Nurses,3379720,0.3,48.76,101420.0,0.2,33.14,38.62,46.9,54.02,66.09,68940.0,80330.0,97550.0,112350.0,137470.0,      Registered nurses,3391.0,3557.1,166.1,4.9,0.5,189.1,93600.0,Bachelor's degree,,,Bachelor's degree,29-1141.00,Registered Nurses,"Assess patient health problems and needs, develop and implement nursing care plans, and maintain medical records. Administer nursing care to ill, injured, convalescent, or disabled patients. May advise patients on health maintenance and disease prevention or provide case management. Licensing or registration required.",4.0,08/2021,registered nurses,BLS OEWS May 2025 + BLS projections 2024–2034 + O*NET 30.3
29-1151,Nurse Anesthetists,51840,4.5,119.38,248320.0,1.6,74.64,99.39,113.75,141.51,163.22,155250.0,206730.0,236590.0,294350.0,339500.0,      Nurse anesthetists,53.8,58.5,4.6,8.6,3.9,2.7,223210.0,Master's degree,,,Master's degree,29-1151.00,Nurse Anesthetists,"Administer anesthesia, monitor patient's vital signs, and oversee patient recovery from anesthesia. May assist anesthesiologists, surgeons, other physicians, or dentists. Must be registered nurses who have specialized graduate education.",5.0,08/2021,nurse anesthetists,BLS OEWS May 2025 + BLS projections 2024–2034 + O*NET 30.3
29-1161,Nurse Midwives,7920,5.5,65.86,136980.0,1.0,45.01,56.01,64.44,75.67,90.54,93620.0,116510.0,134040.0,157400.0,188320.0,      Nurse midwives,8.6,9.5,0.9,11.1,1.0,0.5,128790.0,Master's degree,,,Master's degree,29-1161.00,Nurse Midwives,"Diagnose and coordinate all aspects of the birthing process, either independently or as part of a healthcare team. May provide well-woman gynecological care. Must have specialized, graduate nursing education.",5.0,08/2021,nurse midwives,BLS OEWS May 2025 + BLS projections 2024–2034 + O*NET 30.3
29-1171,Nurse Practitioners,323040,1.2,66.01,137300.0,0.3,48.72,56.73,63.61,75.34,83.86,101340.0,117990.0,132300.0,156700.0,174420.0,      Nurse practitioners,320.4,448.8,128.4,40.1,1.0,29.5,129210.0,Master's degree,,,Master's degree,29-1171.00,Nurse Practitioners,"Diagnose and treat acute, episodic, or chronic illness, independently or as part of a healthcare team. May focus on health promotion and disease prevention. May order, perform, or interpret diagnostic tests such as lab work and x rays. May prescribe medication. Must be registered nurses who have specialized graduate education.",5.0,08/2021,nurse practitioners,BLS OEWS May 2025 + BLS projections 2024–2034 + O*NET 30.3
29-1181,Audiologists,13660,4.8,46.99,97740.0,2.0,31.06,38.14,46.05,53.51,64.0,64610.0,79340.0,95780.0,111300.0,133120.0,      Audiologists,15.8,17.3,1.5,9.5,4.4,0.7,92120.0,Doctoral or professional degree,,,Doctoral or professional degree,29-1181.00,Audiologists,Assess and treat persons with hearing and related disorders. May fit hearing aids and provide auditory training. May perform research related to hearing problems.,5.0,08/2021,audiologists,BLS OEWS May 2025 + BLS projections 2024–2034 + O*NET 30.3
29-1211,Anesthesiologists,38760,11.0,173.35,360570.0,2.8,48.78,99.52,188.22,235.83,267.85,101460.0,207000.0,391490.0,490530.0,557130.0,        Anesthesiologists,45.3,46.7,1.4,3.2,4.7,1.3,,Doctoral or professional degree,,Internship/residency,Doctoral or professional degree,29-1211.00,Anesthesiologists,"Administer anesthetics and analgesics for pain management prior to, during, or after surgery.",5.0,07/2012,anesthesiologists,BLS OEWS May 2025 + BLS projections 2024–2034 + O*NET 30.3
29-1212,Cardiologists,17290,5.4,218.72,454940.0,2.2,51.53,131.87,238.47,293.3,342.37,107190.0,274280.0,496010.0,610060.0,712130.0,        Cardiologists,19.4,20.2,0.8,4.1,4.7,0.6,,Doctoral or professional degree,,Internship/residency,Doctoral or professional degree,29-1212.00,Cardiologists,"Diagnose, treat, manage, and prevent diseases or conditions of the cardiovascular system. May further subspecialize in interventional procedures (e.g., balloon angioplasty and stent placement), echocardiography, or electrophysiology.",5.0,11/2021,cardiologists,BLS OEWS May 2025 + BLS projections 2024–2034 + O*NET 30.3
29-1213,Dermatologists,11370,9.4,155.55,323530.0,4.2,49.43,67.3,158.04,217.52,278.15,102810.0,139990.0,328730.0,452450.0,578560.0,        Dermatologists,10.9,11.6,0.7,6.4,4.8,0.4,,Doctoral or professional degree,,Internship/residency,Doctoral or professional degree,29-1213.00,Dermatologists,"Diagnose and treat diseases relating to the skin, hair, and nails. May perform both medical and dermatological surgery functions.",5.0,08/2021,dermatologists,BLS OEWS May 2025 + BLS projections 2024–2034 + O*NET 30.3
29-1214,Emergency Medicine Physicians,32880,4.3,152.64,317480.0,3.0,49.81,88.86,161.32,201.39,238.42,103610.0,184830.0,335550.0,418890.0,495910.0,        Emergency medicine physicians,36.1,37.1,1.0,2.7,4.6,1.0,,Doctoral or professional degree,,Internship/residency,Doctoral or professional degree,29-1214.00,Emergency Medicine Physicians,"Make immediate medical decisions and act to prevent death or further disability. Provide immediate recognition, evaluation, care, stabilization, and disposition of patients. May direct emergency medical staff in an emergency department.",5.0,08/2025,emergency medicine physicians,BLS OEWS May 2025 + BLS projections 2024–2034 + O*NET 30.3
29-1215,Family Medicine Physicians,107510,5.1,122.99,255820.0,2.4,36.94,78.09,117.39,160.71,206.03,76830.0,162420.0,244180.0,334270.0,428550.0,        Family medicine physicians,116.0,119.1,3.1,2.7,4.5,3.3,238380.0,Doctoral or professional degree,,Internship/residency,Doctoral or professional degree,29-1215.00,Family Medicine Physicians,"Diagnose, treat, and provide preventive care to individuals and families across the lifespan. May refer patients to specialists when needed for further diagnosis or treatment.",5.0,08/2020,family medicine physicians,BLS OEWS May 2025 + BLS projections 2024–2034 + O*NET 30.3
29-1216,General Internal Medicine Physicians,67150,4.3,128.46,267200.0,2.5,35.37,59.84,123.35,180.22,228.57,73570.0,124470.0,256560.0,374850.0,475430.0,        General internal medicine physicians,73.2,75.6,2.4,3.3,4.3,2.1,236350.0,Doctoral or professional degree,,Internship/residency,Doctoral or professional degree,29-1216.00,General Internal Medicine Physicians,"Diagnose and provide nonsurgical treatment for a wide range of diseases and injuries of internal organ systems. Provide care mainly for adults and adolescents, and are based primarily in an outpatient care setting.",5.0,08/2021,general internal medicine physicians,BLS OEWS May 2025 + BLS projections 2024–2034 + O*NET 30.3
29-1217,Neurologists,10590,9.9,128.67,267630.0,6.6,40.08,75.0,119.5,172.11,216.72,83370.0,155990.0,248560.0,357990.0,450780.0,        Neurologists,8.3,8.8,0.5,5.4,4.6,0.3,,Doctoral or professional degree,,Internship/residency,Doctoral or professional degree,29-1217.00,Neurologists,"Diagnose, manage, and treat disorders and diseases of the brain, spinal cord, and peripheral nerves, with a primarily nonsurgical focus.",5.0,07/2012,neurologists,BLS OEWS May 2025 + BLS projections 2024–2034 + O*NET 30.3
29-1218,Obstetricians and Gynecologists,21260,5.7,134.16,279040.0,2.3,45.52,86.45,140.82,177.59,210.24,94680.0,179810.0,292910.0,369390.0,437300.0,        Obstetricians and gynecologists,21.5,21.7,0.3,1.2,4.7,0.6,,Doctoral or professional degree,,Internship/residency,Doctoral or professional degree,29-1218.00,Obstetricians and Gynecologists,"Provide medical care related to pregnancy or childbirth. Diagnose, treat, and help prevent diseases of women, particularly those affecting the reproductive system. May also provide general care to women. May perform both medical and gynecological surgery functions.",5.0,08/2023,obstetricians and gynecologists,BLS OEWS May 2025 + BLS projections 2024–2034 + O*NET 30.3
29-1221,"Pediatricians, General",39390,4.9,101.98,212110.0,2.6,43.98,66.49,100.98,131.59,162.74,91470.0,138290.0,210040.0,273700.0,338500.0,"        Pediatricians, general",46.4,46.8,0.4,0.8,4.6,1.2,210130.0,Doctoral or professional degree,,Internship/residency,Doctoral or professional degree,29-1221.00,"Pediatricians, General","Diagnose, treat, and help prevent diseases and injuries in children. May refer patients to specialists for further diagnosis or treatment, as needed.",5.0,08/2020,"pediatricians, general",BLS OEWS May 2025 + BLS projections 2024–2034 + O*NET 30.3
29-1222,"Physicians, Pathologists",11110,7.1,137.22,285420.0,3.5,44.49,89.57,150.19,179.22,216.33,92540.0,186300.0,312400.0,372780.0,449970.0,"        Physicians, pathologists",12.6,13.1,0.5,4.2,4.5,0.4,,Doctoral or professional degree,,Internship/residency,Doctoral or professional degree,29-1222.00,"Physicians, Pathologists","Diagnose diseases and conduct lab tests using organs, body tissues, and fluids. Includes medical examiners.",5.0,08/2020,"physicians, pathologists",BLS OEWS May 2025 + BLS projections 2024–2034 + O*NET 30.3
29-1223,Psychiatrists,27980,3.5,129.78,269940.0,2.4,40.41,74.11,135.51,174.39,214.67,84060.0,154150.0,281870.0,362740.0,446520.0,        Psychiatrists,27.1,28.8,1.7,6.1,3.7,0.9,,Doctoral or professional degree,,Internship/residency,Doctoral or professional degree,29-1223.00,Psychiatrists,"Diagnose, treat, and help prevent mental disorders.",5.0,07/2014,psychiatrists,BLS OEWS May 2025 + BLS projections 2024–2034 + O*NET 30.3
29-1224,Radiologists,26770,7.3,183.43,381530.0,2.6,42.79,104.23,202.34,243.27,285.78,89010.0,216800.0,420860.0,506010.0,594410.0,        Radiologists,28.2,29.0,0.8,2.7,4.7,0.8,,Doctoral or professional degree,,Internship/residency,Doctoral or professional degree,29-1224.00,Radiologists,"Diagnose and treat diseases and injuries using medical imaging techniques, such as x rays, magnetic resonance imaging (MRI), nuclear medicine, and ultrasounds. May perform minimally invasive medical procedures and tests.",5.0,08/2023,radiologists,BLS OEWS May 2025 + BLS projections 2024–2034 + O*NET 30.3
29-1229,"Physicians, All Other",342720,1.4,125.98,262040.0,1.0,33.26,49.48,127.85,182.1,217.48,69170.0,102930.0,265930.0,378770.0,452360.0,"        Physicians, all other",340.7,349.3,8.6,2.5,3.9,9.6,,Doctoral or professional degree,,Internship/residency,Doctoral or professional degree,29-1229.00,"Physicians, All Other",All physicians not listed separately.,5.0,08/2022,"physicians, all other",BLS OEWS May 2025 + BLS projections 2024–2034 + O*NET 30.3
29-1241,"Ophthalmologists, Except Pediatric",8950,13.0,146.47,304650.0,5.4,48.16,83.49,144.27,202.66,235.44,100180.0,173650.0,300080.0,421530.0,489710.0,"        Ophthalmologists, except pediatric",12.5,13.1,0.5,4.3,0.7,0.3,,Doctoral or professional degree,,Internship/residency,Doctoral or professional degree,29-1241.00,"Ophthalmologists, Except Pediatric",Diagnose and perform surgery to treat and help prevent disorders and diseases of the eye. May also provide vision services for treatment including glasses and contacts.,5.0,08/2022,"ophthalmologists, except pediatric",BLS OEWS May 2025 + BLS projections 2024–2034 + O*NET 30.3
29-1242,"Orthopedic Surgeons, Except Pediatric",14100,10.9,179.6,373570.0,3.6,40.46,86.83,172.38,255.15,316.97,84170.0,180610.0,358550.0,530700.0,659290.0,"        Orthopedic surgeons, except pediatric",14.7,15.3,0.6,4.1,0.7,0.4,,Doctoral or professional degree,,Internship/residency,Doctoral or professional degree,29-1242.00,"Orthopedic Surgeons, Except Pediatric",Diagnose and perform surgery to treat and prevent rheumatic and other diseases in the musculoskeletal system.,5.0,11/2021,"orthopedic surgeons, except pediatric",BLS OEWS May 2025 + BLS projections 2024–2034 + O*NET 30.3
29-1243,Pediatric Surgeons,1190,33.7,241.37,502050.0,5.1,103.56,161.72,268.76,280.38,349.35,215410.0,336380.0,559030.0,583200.0,726660.0,        Pediatric surgeons,1.1,1.1,0.0,1.5,,0.0,,Doctoral or professional degree,,Internship/residency,Doctoral or professional degree,29-1243.00,Pediatric Surgeons,"Diagnose and perform surgery to treat fetal abnormalities and birth defects, diseases, and injuries in fetuses, premature and newborn infants, children, and adolescents. Includes all pediatric surgical specialties and subspecialties.",5.0,11/2021,pediatric surgeons,BLS OEWS May 2025 + BLS projections 2024–2034 + O*NET 30.3
29-1249,"Surgeons, All Other",25140,9.6,179.78,373930.0,5.3,38.62,64.83,199.04,245.87,315.06,80320.0,134850.0,414010.0,511420.0,655320.0,"        Surgeons, all other",25.1,26.0,1.0,3.9,0.7,0.6,,Doctoral or professional degree,,Internship/residency,Doctoral or professional degree,29-1249.00,"Surgeons, All Other",All surgeons not listed separately.,,,"surgeons, all other",BLS OEWS May 2025 + BLS projections 2024–2034 + O*NET 30.3
29-1291,Acupuncturists,7830,12.9,41.84,87020.0,5.6,18.67,26.63,36.56,49.17,77.63,38830.0,55380.0,76040.0,102280.0,161470.0,        Acupuncturists,15.3,16.4,1.0,6.8,44.1,0.9,78140.0,Master's degree,,,Master's degree,29-1291.00,Acupuncturists,"Diagnose, treat, and prevent disorders by stimulating specific acupuncture points within the body using acupuncture needles. May also use cups, nutritional supplements, therapeutic massage, acupressure, and other alternative health therapies.",5.0,08/2025,acupuncturists,BLS OEWS May 2025 + BLS projections 2024–2034 + O*NET 30.3
29-1292,Dental Hygienists,222740,1.6,47.59,98990.0,1.0,36.0,40.18,47.16,52.16,60.6,74880.0,83570.0,98100.0,108480.0,126050.0,        Dental hygienists,221.6,237.2,15.5,7.0,0.5,15.3,94260.0,Associate's degree,,,Associate's degree,29-1292.00,Dental Hygienists,Administer oral hygiene care to patients. Assess patient oral hygiene problems or needs and maintain health records. Advise patients on oral health maintenance and disease prevention. May provide advanced care such as providing fluoride treatment or administering topical anesthesia.,3.0,08/2021,dental hygienists,BLS OEWS May 2025 + BLS projections 2024–2034 + O*NET 30.3
29-1299,"Healthcare Diagnosing or Treating Practitioners, All Other",28630,1.9,61.38,127660.0,5.5,31.35,40.28,55.39,77.63,93.84,65210.0,83780.0,115210.0,161470.0,195190.0,"        Healthcare diagnosing or treating practitioners, all other",41.3,42.2,0.8,2.0,20.3,2.4,113730.0,Master's degree,,,Master's degree,29-1299.00,"Healthcare Diagnosing or Treating Practitioners, All Other",All healthcare diagnosing or treating practitioners not listed separately.,5.0,08/2021,"healthcare diagnosing or treating practitioners, all other",BLS OEWS May 2025 + BLS projections 2024–2034 + O*NET 30.3
29-2010,Clinical Laboratory Technologists and Technicians,332940,0.9,32.38,67350.0,0.3,18.71,22.91,30.26,39.16,48.55,38910.0,47650.0,62930.0,81450.0,100990.0,      Clinical laboratory technologists and technicians,351.2,357.2,6.0,1.7,0.5,22.6,61890.0,Bachelor's degree,,,Bachelor's degree,,,,,,clinical laboratory technologists and technicians,BLS OEWS May 2025 + BLS projections 2024–2034 + O*NET 30.3
29-2031,Cardiovascular Technologists and Technicians,62960,2.1,36.99,76940.0,0.5,18.75,23.02,35.73,47.17,58.34,39000.0,47890.0,74310.0,98110.0,121350.0,        Cardiovascular technologists and technicians,64.7,66.6,1.9,3.0,3.7,3.8,67260.0,Associate's degree,,,Associate's degree,29-2031.00,Cardiovascular Technologists and Technicians,"Conduct tests on pulmonary or cardiovascular systems of patients for diagnostic, therapeutic, or research purposes. May conduct or assist in electrocardiograms, cardiac catheterizations, pulmonary functions, lung capacity, and similar tests.",3.0,07/2014,cardiovascular technologists and technicians,BLS OEWS May 2025 + BLS projections 2024–2034 + O*NET 30.3
29-2032,Diagnostic Medical Sonographers,90160,1.4,46.75,97240.0,0.3,32.6,38.67,46.44,51.41,62.2,67820.0,80430.0,96590.0,106930.0,129370.0,        Diagnostic medical sonographers,90.0,101.7,11.7,13.0,2.5,5.8,89340.0,Associate's degree,,,Associate's degree,29-2032.00,Diagnostic Medical Sonographers,Produce ultrasonic recordings of internal organs for use by physicians. Includes vascular technologists.,3.0,07/2013,diagnostic medical sonographers,BLS OEWS May 2025 + BLS projections 2024–2034 + O*NET 30.3
29-2033,Nuclear Medicine Technologists,17080,1.8,50.56,105160.0,0.8,37.54,41.69,48.74,56.31,64.66,78080.0,86720.0,101370.0,117120.0,134500.0,        Nuclear medicine technologists,20.0,20.6,0.6,3.0,13.7,0.9,97020.0,Associate's degree,,,Associate's degree,29-2033.00,Nuclear Medicine Technologists,"Prepare, administer, and measure radioactive isotopes in therapeutic, diagnostic, and tracer studies using a variety of radioisotope equipment. Prepare stock solutions of radioactive materials and calculate doses to be administered by radiologists. Subject patients to radiation. Execute blood volume, red cell survival, and fat absorption studies following standard laboratory techniques.",3.0,07/2013,nuclear medicine technologists,BLS OEWS May 2025 + BLS projections 2024–2034 + O*NET 30.3
29-2034,Radiologic Technologists and Technicians,230490,0.9,40.31,83840.0,0.2,26.91,31.16,38.52,47.47,57.05,55980.0,64810.0,80110.0,98750.0,118660.0,        Radiologic technologists and technicians,228.0,237.8,9.8,4.3,0.4,12.9,77660.0,Associate's degree,,,Associate's degree,29-2034.00,Radiologic Technologists and Technicians,Take x-rays and CAT scans or administer nonradioactive materials into patient's bloodstream for diagnostic or research purposes. Includes radiologic technologists and technicians who specialize in other scanning modalities.,3.0,08/2022,radiologic technologists and technicians,BLS OEWS May 2025 + BLS projections 2024–2034 + O*NET 30.3
29-2035,Magnetic Resonance Imaging Technologists,43390,1.7,46.21,96120.0,0.4,33.12,38.96,45.91,51.12,61.38,68890.0,81040.0,95480.0,106340.0,127670.0,        Magnetic resonance imaging technologists,44.1,47.2,3.1,7.1,4.6,2.6,88180.0,Associate's degree,Less than 5 years,,Associate's degree,29-2035.00,Magnetic Resonance Imaging Technologists,"Operate Magnetic Resonance Imaging (MRI) scanners. Monitor patient safety and comfort, and view images of area being scanned to ensure quality of pictures. May administer gadolinium contrast dosage intravenously. May interview patient, explain MRI procedures, and position patient on examining table. May enter into the computer data such as patient history, anatomical area to be scanned, orientation specified, and position of entry.",3.0,08/2023,magnetic resonance imaging technologists,BLS OEWS May 2025 + BLS projections 2024–2034 + O*NET 30.3
29-2036,Medical Dosimetrists,3410,6.2,71.4,148500.0,1.2,53.69,63.5,70.9,80.31,89.16,111670.0,132080.0,147470.0,167030.0,185450.0,        Medical dosimetrists,4.8,4.9,0.2,3.5,13.8,0.2,138110.0,Bachelor's degree,,,Bachelor's degree,29-2036.00,Medical Dosimetrists,"Generate radiation treatment plans, develop radiation dose calculations, communicate and supervise the treatment plan implementation, and consult with members of radiation oncology team.",4.0,08/2024,medical dosimetrists,BLS OEWS May 2025 + BLS projections 2024–2034 + O*NET 30.3
29-2042,Emergency Medical Technicians,180510,0.9,22.52,46830.0,0.3,16.41,18.25,21.38,24.09,30.05,34130.0,37960.0,44470.0,50100.0,62500.0,        Emergency medical technicians,181.0,190.2,9.2,5.1,,14.1,41340.0,Postsecondary nondegree award,,,Postsecondary nondegree award,29-2042.00,Emergency Medical Technicians,Assess injuries and illnesses and administer basic emergency medical care. May transport injured or sick persons to medical facilities.,3.0,11/2021,emergency medical technicians,BLS OEWS May 2025 + BLS projections 2024–2034 + O*NET 30.3
29-2043,Paramedics,100610,1.2,30.46,63360.0,0.3,21.27,23.88,29.13,35.32,40.8,44230.0,49660.0,60600.0,73470.0,84850.0,        Paramedics,101.9,107.0,5.1,5.0,,4.9,58410.0,Postsecondary nondegree award,Less than 5 years,,Postsecondary nondegree award,29-2043.00,Paramedics,"Administer basic or advanced emergency medical care and assess injuries and illnesses. May administer medication intravenously, use equipment such as EKGs, or administer advanced life support to sick or injured individuals.",3.0,11/2021,paramedics,BLS OEWS May 2025 + BLS projections 2024–2034 + O*NET 30.3
29-2051,Dietetic Technicians,31560,2.5,19.54,40630.0,0.6,14.29,16.29,18.09,22.0,25.97,29720.0,33880.0,37640.0,45750.0,54020.0,        Dietetic technicians,30.9,31.7,0.8,2.5,0.7,4.0,37040.0,Associate's degree,,,Associate's degree,29-2051.00,Dietetic Technicians,"Assist in the provision of food service and nutritional programs, under the supervision of a dietitian. May plan and produce meals based on established guidelines, teach principles of food and nutrition, or counsel individuals.",3.0,08/2021,dietetic technicians,BLS OEWS May 2025 + BLS projections 2024–2034 + O*NET 30.3
29-2052,Pharmacy Technicians,471680,0.6,22.41,46620.0,0.2,17.32,18.2,22.0,24.04,29.35,36020.0,37850.0,45750.0,49990.0,61040.0,        Pharmacy technicians,490.4,521.8,31.5,6.4,,49.0,43460.0,High school diploma or equivalent,,Moderate-term on-the-job training,High school diploma or equivalent,29-2052.00,Pharmacy Technicians,"Prepare medications under the direction of a pharmacist. May measure, mix, count out, label, and record amounts and dosages of medications according to prescription orders.",3.0,08/2021,pharmacy technicians,BLS OEWS May 2025 + BLS projections 2024–2034 + O*NET 30.3
29-2053,Psychiatric Technicians,156960,1.8,22.41,46610.0,0.4,16.87,18.48,21.7,24.12,29.21,35090.0,38430.0,45130.0,50160.0,60750.0,        Psychiatric technicians,144.5,173.3,28.9,20.0,,15.9,42590.0,Postsecondary nondegree award,Less than 5 years,Short-term on-the-job training,Postsecondary nondegree award,29-2053.00,Psychiatric Technicians,"Care for individuals with mental or emotional conditions or disabilities, following the instructions of physicians or other health practitioners. Monitor patients' physical and emotional well-being and report to medical staff. May participate in rehabilitation and treatment programs, help with personal hygiene, and administer oral or injectable medications.",3.0,08/2023,psychiatric technicians,BLS OEWS May 2025 + BLS projections 2024–2034 + O*NET 30.3
29-2055,Surgical Technologists,117460,1.2,33.03,68710.0,0.3,22.09,26.29,31.08,38.34,46.61,45940.0,54690.0,64650.0,79750.0,96940.0,        Surgical technologists,115.6,120.8,5.2,4.5,0.1,7.0,62830.0,Postsecondary nondegree award,,,Postsecondary nondegree award,29-2055.00,Surgical Technologists,"Assist in operations, under the supervision of surgeons, registered nurses, or other surgical personnel. May help set up operating room, prepare and transport patients for surgery, adjust lights and equipment, pass instruments and other supplies to surgeons and surgeons' assistants, hold retractors, cut sutures, and help count sponges, needles, supplies, and instruments.",3.0,07/2013,surgical technologists,BLS OEWS May 2025 + BLS projections 2024–2034 + O*NET 30.3
29-2056,Veterinary Technologists and Technicians,129140,1.5,23.61,49120.0,0.5,17.17,18.71,22.78,27.72,30.38,35710.0,38910.0,47380.0,57650.0,63180.0,        Veterinary technologists and technicians,134.2,146.4,12.2,9.1,1.2,14.3,45980.0,Associate's degree,,,Associate's degree,29-2056.00,Veterinary Technologists and Technicians,"Perform medical tests in a laboratory environment for use in the treatment and diagnosis of diseases in animals. Prepare vaccines and serums for prevention of diseases. Prepare tissue samples, take blood samples, and execute laboratory tests, such as urinalysis and blood counts. Clean and sterilize instruments and materials and maintain equipment and machines. May assist a veterinarian during surgery.",3.0,08/2020,veterinary technologists and technicians,BLS OEWS May 2025 + BLS projections 2024–2034 + O*NET 30.3
29-2057,Ophthalmic Medical Technicians,71010,4.0,22.63,47060.0,0.6,17.17,18.35,21.91,24.71,29.78,35700.0,38170.0,45570.0,51390.0,61940.0,        Ophthalmic medical technicians,78.8,94.4,15.6,19.8,0.7,12.5,44080.0,Postsecondary nondegree award,,,Postsecondary nondegree award,29-2057.00,Ophthalmic Medical Technicians,"Assist ophthalmologists by performing ophthalmic clinical functions. May administer eye exams, administer eye medications, and instruct the patient in care and use of corrective lenses.",3.0,08/2020,ophthalmic medical technicians,BLS OEWS May 2025 + BLS projections 2024–2034 + O*NET 30.3
29-2061,Licensed Practical and Licensed Vocational Nurses,648410,0.6,32.24,67050.0,0.3,23.91,28.37,30.96,36.55,40.12,49740.0,59000.0,64400.0,76030.0,83440.0,      Licensed practical and licensed vocational nurses,651.4,668.5,17.1,2.6,0.3,54.4,62340.0,Postsecondary nondegree award,,,Postsecondary nondegree award,29-2061.00,Licensed Practical and Licensed Vocational Nurses,"Care for ill, injured, or convalescing patients or persons with disabilities in hospitals, nursing homes, clinics, private homes, group homes, and similar institutions. May work under the supervision of a registered nurse. Licensing required.",3.0,08/2021,licensed practical and licensed vocational nurses,BLS OEWS May 2025 + BLS projections 2024–2034 + O*NET 30.3
29-2072,Medical Records Specialists,194720,1.1,27.3,56790.0,0.4,17.79,20.91,24.59,31.17,39.01,37000.0,43490.0,51140.0,64820.0,81150.0,      Medical records specialists,194.8,208.6,13.8,7.1,0.8,14.2,50250.0,Postsecondary nondegree award,,,Postsecondary nondegree award,29-2072.00,Medical Records Specialists,"Compile, process, and maintain medical records of hospital and clinic patients in a manner consistent with medical, administrative, ethical, legal, and regulatory requirements of the healthcare system. Classify medical and healthcare concepts, including diagnosis, procedures, medical services, and equipment, into the healthcare industry's numerical coding system. Includes medical coders.",3.0,11/2021,medical records specialists,BLS OEWS May 2025 + BLS projections 2024–2034 + O*NET 30.3
29-2081,"Opticians, Dispensing",73530,2.2,24.89,51770.0,0.6,17.12,18.66,22.72,29.66,36.9,35610.0,38820.0,47260.0,61700.0,76750.0,"      Opticians, dispensing",79.9,82.2,2.3,2.9,,6.8,46560.0,High school diploma or equivalent,,Long-term on-the-job training,High school diploma or equivalent,29-2081.00,"Opticians, Dispensing","Design, measure, fit, and adapt lenses and frames for client according to written optical prescription or specification. Assist client with inserting, removing, and caring for contact lenses. Assist client with selecting frames. Measure customer for size of eyeglasses and coordinate frames with facial and eye measurements and optical prescription. Prepare work order for optical laboratory containing instructions for grinding and mounting lenses in frames. Verify exactness of finished lens spectacles. Adjust frame and lens position to fit client. May shape or reshape frames. Includes contact lens opticians.",3.0,08/2022,"opticians, dispensing",BLS OEWS May 2025 + BLS projections 2024–2034 + O*NET 30.3
29-2091,Orthotists and Prosthetists,9390,9.7,40.26,83740.0,1.6,22.28,29.47,38.99,48.07,57.6,46350.0,61290.0,81110.0,99990.0,119810.0,        Orthotists and prosthetists,10.1,11.5,1.3,13.3,,0.9,78310.0,Master's degree,,Internship/residency,Master's degree,29-2091.00,Orthotists and Prosthetists,"Design, measure, fit, and adapt orthopedic braces, appliances or prostheses, such as limbs or facial parts for patients with disabling conditions.",5.0,08/2024,orthotists and prosthetists,BLS OEWS May 2025 + BLS projections 2024–2034 + O*NET 30.3
29-2092,Hearing Aid Specialists,11270,5.6,31.91,66370.0,1.4,18.46,23.27,31.33,38.47,45.2,38400.0,48390.0,65160.0,80010.0,94020.0,        Hearing aid specialists,10.7,12.6,2.0,18.4,0.5,1.0,61560.0,High school diploma or equivalent,,Moderate-term on-the-job training,High school diploma or equivalent,29-2092.00,Hearing Aid Specialists,"Select and fit hearing aids for customers. Administer and interpret tests of hearing. Assess hearing instrument efficacy. Take ear impressions and prepare, design, and modify ear molds.",3.0,08/2020,hearing aid specialists,BLS OEWS May 2025 + BLS projections 2024–2034 + O*NET 30.3
29-2099,"Health Technologists and Technicians, All Other",182610,1.3,28.23,58710.0,0.6,18.36,21.24,24.18,30.93,40.99,38180.0,44170.0,50290.0,64340.0,85270.0,"        Health technologists and technicians, all other",178.8,188.1,9.3,5.2,0.5,13.6,48790.0,Postsecondary nondegree award,,,Postsecondary nondegree award,29-2099.00,"Health Technologists and Technicians, All Other",All health technologists and technicians not listed separately.,3.0,08/2022,"health technologists and technicians, all other",BLS OEWS May 2025 + BLS projections 2024–2034 + O*NET 30.3
29-9021,Health Information Technologists and Medical Registrars,38100,1.9,36.04,74970.0,0.7,19.15,23.53,32.7,45.98,56.45,39830.0,48940.0,68020.0,95630.0,117420.0,      Health information technologists and medical registrars,41.9,48.1,6.2,14.7,7.8,3.2,67310.0,Associate's degree,,,Associate's degree,29-9021.00,Health Information Technologists and Medical Registrars,"Apply knowledge of healthcare and information systems to assist in the design, development, and continued modification and analysis of computerized healthcare systems. Abstract, collect, and analyze treatment and followup information of patients. May educate staff and assist in problem solving to promote the implementation of the healthcare information system. May design, develop, test, and implement databases with complete history, diagnosis, treatment, and health status to help monitor diseases.",3.0,11/2021,health information technologists and medical registrars,BLS OEWS May 2025 + BLS projections 2024–2034 + O*NET 30.3
29-9091,Athletic Trainers,30500,2.4,,66620.0,0.4,,,,,,48180.0,55130.0,62520.0,74630.0,88760.0,        Athletic trainers,33.9,37.6,3.8,11.1,6.2,2.4,60250.0,Master's degree,,,Master's degree,29-9091.00,Athletic Trainers,"Evaluate and treat musculoskeletal injuries or illnesses. Provide preventive, therapeutic, emergency, and rehabilitative care.",5.0,08/2021,athletic trainers,BLS OEWS May 2025 + BLS projections 2024–2034 + O*NET 30.3
29-9092,Genetic Counselors,3740,5.7,50.3,104620.0,1.2,37.63,42.74,48.09,55.84,66.71,78270.0,88900.0,100040.0,116140.0,138760.0,        Genetic counselors,4.0,4.3,0.4,9.3,8.1,0.3,98910.0,Master's degree,,,Master's degree,29-9092.00,Genetic Counselors,"Assess individual or family risk for a variety of inherited conditions, such as genetic disorders and birth defects. Provide information to other healthcare providers or to individuals and families concerned with the risk of inherited conditions. Advise individuals and families to support informed decisionmaking and coping methods for those at risk. May help conduct research related to genetic conditions or genetic counseling.",5.0,07/2014,genetic counselors,BLS OEWS May 2025 + BLS projections 2024–2034 + O*NET 30.3
29-9093,Surgical Assistants,22270,6.4,34.96,72710.0,2.3,19.08,24.12,32.11,42.31,51.74,39690.0,50170.0,66800.0,88010.0,107610.0,        Surgical assistants,25.3,26.6,1.3,5.1,8.6,1.6,60290.0,Postsecondary nondegree award,,,Postsecondary nondegree award,29-9093.00,Surgical Assistants,"Assist in operations, under the supervision of surgeons. May, in accordance with state laws, help surgeons to make incisions and close surgical sites, manipulate or remove tissues, implant surgical devices or drains, suction the surgical site, place catheters, clamp or cauterize vessels or tissue, and apply dressings to surgical site.",3.0,07/2015,surgical assistants,BLS OEWS May 2025 + BLS projections 2024–2034 + O*NET 30.3
29-9099,"Healthcare Practitioners and Technical Workers, All Other",35010,1.6,36.89,76720.0,0.8,18.59,22.96,31.63,46.64,62.42,38660.0,47750.0,65790.0,97000.0,129830.0,"        Healthcare practitioners and technical workers, all other",41.7,43.1,1.5,3.6,6.8,2.6,64030.0,Postsecondary nondegree award,,,Postsecondary nondegree award,29-9099.00,"Healthcare Practitioners and Technical Workers, All Other",All healthcare practitioners and technical workers not listed separately.,5.0,08/2021,"healthcare practitioners and technical workers, all other",BLS OEWS May 2025 + BLS projections 2024–2034 + O*NET 30.3
31-1120,Home Health and Personal Care Aides,4305810,0.3,17.36,36120.0,0.3,13.0,15.35,17.21,18.98,21.65,27040.0,31920.0,35800.0,39470.0,45040.0,      Home health and personal care aides,4347.7,5087.5,739.8,17.0,2.8,765.8,34900.0,High school diploma or equivalent,,Short-term on-the-job training,High school diploma or equivalent,,,,,,home health and personal care aides,BLS OEWS May 2025 + BLS projections 2024–2034 + O*NET 30.3
31-1131,Nursing Assistants,1448910,0.4,20.53,42700.0,0.2,16.32,17.91,20.32,22.7,24.99,33940.0,37260.0,42260.0,47220.0,51980.0,        Nursing assistants,1441.5,1474.0,32.6,2.3,1.3,204.1,39530.0,Postsecondary nondegree award,,,Postsecondary nondegree award,31-1131.00,Nursing Assistants,"Provide or assist with basic care or support under the direction of onsite licensed nursing staff. Perform duties such as monitoring of health status, feeding, bathing, dressing, grooming, toileting, or ambulation of patients in a health or nursing facility. May include medication administration and other health-related tasks. Includes nursing care attendants, nursing aides, and nursing attendants.",3.0,08/2020,nursing assistants,BLS OEWS May 2025 + BLS projections 2024–2034 + O*NET 30.3
31-1132,Orderlies,52440,0.9,19.55,40660.0,0.3,15.5,17.1,18.41,21.42,24.33,32240.0,35570.0,38290.0,44560.0,50600.0,        Orderlies,54.0,55.8,1.8,3.3,,7.8,37700.0,High school diploma or equivalent,,Short-term on-the-job training,High school diploma or equivalent,31-1132.00,Orderlies,"Transport patients to areas such as operating rooms or x-ray rooms using wheelchairs, stretchers, or moveable beds. May maintain stocks of supplies or clean and transport equipment. Psychiatric orderlies are included in Psychiatric Aides.",2.0,02/2026,orderlies,BLS OEWS May 2025 + BLS projections 2024–2034 + O*NET 30.3
31-1133,Psychiatric Aides,35520,2.3,21.97,45690.0,0.6,15.43,18.15,21.59,24.01,29.06,32090.0,37750.0,44910.0,49950.0,60440.0,        Psychiatric aides,38.5,38.3,-0.1,-0.4,1.8,5.3,41590.0,High school diploma or equivalent,,Short-term on-the-job training,High school diploma or equivalent,31-1133.00,Psychiatric Aides,"Assist mentally impaired or emotionally disturbed patients, working under direction of nursing and medical staff. May assist with daily living activities, lead patients in educational and recreational activities, or accompany patients to and from examinations and treatments. May restrain violent patients. Includes psychiatric orderlies.",2.0,02/2026,psychiatric aides,BLS OEWS May 2025 + BLS projections 2024–2034 + O*NET 30.3
31-2011,Occupational Therapy Assistants,51290,2.4,33.99,70710.0,0.5,24.76,29.67,34.76,38.06,43.16,51490.0,61710.0,72300.0,79160.0,89780.0,        Occupational therapy assistants,49.2,58.7,9.5,19.2,,7.2,68340.0,Associate's degree,,,Associate's degree,31-2011.00,Occupational Therapy Assistants,"Assist occupational therapists in providing occupational therapy treatments and procedures. May, in accordance with state laws, assist in development of treatment plans, carry out routine functions, direct activity programs, and document the progress of treatments. Generally requires formal training.",3.0,08/2022,occupational therapy assistants,BLS OEWS May 2025 + BLS projections 2024–2034 + O*NET 30.3
31-2012,Occupational Therapy Aides,4310,7.8,21.21,44110.0,2.2,14.15,17.27,18.83,22.49,33.75,29430.0,35920.0,39160.0,46780.0,70200.0,        Occupational therapy aides,5.2,5.3,0.1,2.5,,0.6,37370.0,High school diploma or equivalent,,Short-term on-the-job training,High school diploma or equivalent,31-2012.00,Occupational Therapy Aides,"Under close supervision of an occupational therapist or occupational therapy assistant, perform only delegated, selected, or routine tasks in specific situations. These duties include preparing patient and treatment room.",3.0,08/2020,occupational therapy aides,BLS OEWS May 2025 + BLS projections 2024–2034 + O*NET 30.3
31-2021,Physical Therapist Assistants,112430,1.4,33.04,68730.0,0.4,22.96,28.76,32.88,37.83,43.04,47750.0,59820.0,68380.0,78680.0,89510.0,        Physical therapist assistants,111.5,136.0,24.5,22.0,0.7,19.8,65510.0,Associate's degree,,,Associate's degree,31-2021.00,Physical Therapist Assistants,"Assist physical therapists in providing physical therapy treatments and procedures. May, in accordance with state laws, assist in the development of treatment plans, carry out routine functions, document the progress of treatment, and modify specific treatments in accordance with patient status and within the scope of treatment plans established by a physical therapist. Generally requires formal training.",3.0,08/2020,physical therapist assistants,BLS OEWS May 2025 + BLS projections 2024–2034 + O*NET 30.3
31-2022,Physical Therapist Aides,48150,3.5,17.52,36430.0,1.2,12.19,14.62,16.94,18.66,22.97,25360.0,30410.0,35240.0,38810.0,47780.0,        Physical therapist aides,45.6,46.9,1.3,2.8,0.7,6.6,34520.0,High school diploma or equivalent,,Short-term on-the-job training,High school diploma or equivalent,31-2022.00,Physical Therapist Aides,"Under close supervision of a physical therapist or physical therapy assistant, perform only delegated, selected, or routine tasks in specific situations. These duties include preparing the patient and the treatment area.",2.0,02/2026,physical therapist aides,BLS OEWS May 2025 + BLS projections 2024–2034 + O*NET 30.3
31-9011,Massage Therapists,98790,2.6,30.69,63830.0,1.3,16.17,20.91,28.1,37.66,48.17,33640.0,43480.0,58450.0,78320.0,100200.0,      Massage therapists,168.0,193.9,25.9,15.4,41.9,24.7,57950.0,Postsecondary nondegree award,,,Postsecondary nondegree award,31-9011.00,Massage Therapists,"Perform therapeutic massages of soft tissues and joints. May assist in the assessment of range of motion and muscle strength, or propose client therapy plans.",3.0,08/2021,massage therapists,BLS OEWS May 2025 + BLS projections 2024–2034 + O*NET 30.3
31-9091,Dental Assistants,387790,0.9,24.13,50200.0,0.4,17.85,21.32,23.11,27.93,29.93,37130.0,44340.0,48070.0,58090.0,62250.0,        Dental assistants,381.9,406.3,24.4,6.4,0.7,52.9,47300.0,Postsecondary nondegree award,,,Postsecondary nondegree award,31-9091.00,Dental Assistants,"Perform limited clinical duties under the direction of a dentist. Clinical duties may include equipment preparation and sterilization, preparing patients for treatment, assisting the dentist during treatment, and providing patients with instructions for oral healthcare procedures. May perform administrative duties such as scheduling appointments, maintaining medical records, billing, and coding information for insurance purposes.",3.0,08/2021,dental assistants,BLS OEWS May 2025 + BLS projections 2024–2034 + O*NET 30.3
31-9092,Medical Assistants,817870,1.2,22.17,46120.0,0.3,17.33,18.5,21.97,23.65,28.52,36050.0,38470.0,45690.0,49180.0,59310.0,        Medical assistants,811.0,912.2,101.2,12.5,,112.3,44200.0,Postsecondary nondegree award,,,Postsecondary nondegree award,31-9092.00,Medical Assistants,"Perform administrative and certain clinical duties under the direction of a physician. Administrative duties may include scheduling appointments, maintaining medical records, billing, and coding information for insurance purposes. Clinical duties may include taking and recording vital signs and medical histories, preparing patients for examination, drawing blood, and administering medications as directed by physician.",3.0,08/2021,medical assistants,BLS OEWS May 2025 + BLS projections 2024–2034 + O*NET 30.3
31-9093,Medical Equipment Preparers,77420,1.1,24.28,50510.0,0.4,17.5,19.13,22.93,28.16,33.63,36410.0,39800.0,47700.0,58570.0,69950.0,        Medical equipment preparers,76.5,84.2,7.6,10.0,3.4,10.9,46490.0,High school diploma or equivalent,,Moderate-term on-the-job training,High school diploma or equivalent,31-9093.00,Medical Equipment Preparers,"Prepare, sterilize, install, or clean laboratory or healthcare equipment. May perform routine laboratory tasks and operate or inspect equipment.",2.0,02/2026,medical equipment preparers,BLS OEWS May 2025 + BLS projections 2024–2034 + O*NET 30.3
31-9094,Medical Transcriptionists,41550,3.7,20.05,41710.0,0.9,13.58,16.42,19.43,23.08,26.9,28250.0,34150.0,40410.0,48000.0,55950.0,        Medical transcriptionists,43.9,41.8,-2.2,-4.9,0.8,7.4,37550.0,Postsecondary nondegree award,,,Postsecondary nondegree award,31-9094.00,Medical Transcriptionists,"Transcribe medical reports recorded by physicians and other healthcare practitioners using various electronic devices, covering office visits, emergency room visits, diagnostic imaging studies, operations, chart reviews, and final summaries. Transcribe dictated reports and translate abbreviations into fully understandable form. Edit as necessary and return reports in either printed or electronic form for review and signature, or correction.",3.0,08/2021,medical transcriptionists,BLS OEWS May 2025 + BLS projections 2024–2034 + O*NET 30.3
31-9095,Pharmacy Aides,39530,3.4,19.45,40450.0,0.9,14.34,16.82,18.12,20.98,26.93,29820.0,34980.0,37680.0,43640.0,56010.0,        Pharmacy aides,41.1,41.1,-0.1,-0.1,,6.1,37000.0,High school diploma or equivalent,,Short-term on-the-job training,High school diploma or equivalent,31-9095.00,Pharmacy Aides,"Record drugs delivered to the pharmacy, store incoming merchandise, and inform the supervisor of stock needs. May operate cash register and accept prescriptions for filling.",2.0,02/2026,pharmacy aides,BLS OEWS May 2025 + BLS projections 2024–2034 + O*NET 30.3
31-9096,Veterinary Assistants and Laboratory Animal Caretakers,126580,1.5,19.39,40340.0,0.3,14.48,17.15,18.34,21.98,23.63,30120.0,35660.0,38150.0,45710.0,49150.0,        Veterinary assistants and laboratory animal caretakers,117.8,128.1,10.3,8.7,0.2,22.2,37320.0,High school diploma or equivalent,,Short-term on-the-job training,High school diploma or equivalent,31-9096.00,Veterinary Assistants and Laboratory Animal Caretakers,"Feed, water, and examine pets and other nonfarm animals for signs of illness, disease, or injury in laboratories and animal hospitals and clinics. Clean and disinfect cages and work areas, and sterilize laboratory and surgical equipment. May provide routine postoperative care, administer medication orally or topically, or prepare samples for laboratory examination under the supervision of veterinary or laboratory animal technologists or technicians, veterinarians, or scientists.",2.0,02/2026,veterinary assistants and laboratory animal caretakers,BLS OEWS May 2025 + BLS projections 2024–2034 + O*NET 30.3
31-9097,Phlebotomists,143540,1.2,21.88,45520.0,0.3,17.2,18.36,21.75,23.53,28.26,35780.0,38190.0,45230.0,48930.0,58780.0,        Phlebotomists,139.7,147.5,7.9,5.6,,18.4,43660.0,Postsecondary nondegree award,,,Postsecondary nondegree award,31-9097.00,Phlebotomists,"Draw blood for tests, transfusions, donations, or research. May explain the procedure to patients and assist in the recovery of patients with adverse reactions.",3.0,08/2019,phlebotomists,BLS OEWS May 2025 + BLS projections 2024–2034 + O*NET 30.3
31-9099,"Healthcare Support Workers, All Other",109740,1.4,24.43,50810.0,0.4,16.71,18.98,23.28,28.71,34.36,34770.0,39470.0,48430.0,59710.0,71470.0,"        Healthcare support workers, all other",109.7,113.5,3.8,3.5,2.5,14.4,46050.0,High school diploma or equivalent,,,High school diploma or equivalent,31-9099.00,"Healthcare Support Workers, All Other",All healthcare support workers not listed separately.,3.0,08/2022,"healthcare support workers, all other",BLS OEWS May 2025 + BLS projections 2024–2034 + O*NET 30.3
33-1011,First-Line Supervisors of Correctional Officers,53380,0.4,40.57,84380.0,0.2,25.16,28.8,37.49,49.68,61.43,52330.0,59890.0,77970.0,103320.0,127780.0,        First-line supervisors of correctional officers,57.1,55.5,-1.6,-2.8,,4.3,76310.0,High school diploma or equivalent,Less than 5 years,,High school diploma or equivalent,33-1011.00,First-Line Supervisors of Correctional Officers,Directly supervise and coordinate activities of correctional officers and jailers.,3.0,08/2020,first-line supervisors of correctional officers,BLS OEWS May 2025 + BLS projections 2024–2034 + O*NET 30.3
33-1012,First-Line Supervisors of Police and Detectives,154610,0.4,53.94,112190.0,0.3,30.46,39.35,50.98,63.76,79.38,63350.0,81860.0,106040.0,132620.0,165110.0,        First-line supervisors of police and detectives,160.8,165.4,4.6,2.9,,10.9,105980.0,High school diploma or equivalent,Less than 5 years,Moderate-term on-the-job training,High school diploma or equivalent,33-1012.00,First-Line Supervisors of Police and Detectives,Directly supervise and coordinate activities of members of police force.,2.0,02/2026,first-line supervisors of police and detectives,BLS OEWS May 2025 + BLS projections 2024–2034 + O*NET 30.3
33-1021,First-Line Supervisors of Firefighting and Prevention Workers,99140,1.1,46.6,96930.0,0.5,25.69,34.68,44.96,57.45,67.31,53430.0,72140.0,93530.0,119500.0,140010.0,      First-line supervisors of firefighting and prevention workers,97.2,100.5,3.4,3.4,,6.5,92430.0,Postsecondary nondegree award,Less than 5 years,Moderate-term on-the-job training,Postsecondary nondegree award,33-1021.00,First-Line Supervisors of Firefighting and Prevention Workers,Directly supervise and coordinate activities of workers engaged in firefighting and fire prevention and control.,3.0,08/2022,first-line supervisors of firefighting and prevention workers,BLS OEWS May 2025 + BLS projections 2024–2034 + O*NET 30.3
33-1091,First-Line Supervisors of Security Workers,81480,1.3,28.8,59900.0,0.7,17.93,21.65,26.9,34.59,44.35,37300.0,45030.0,55940.0,71950.0,92260.0,        First-line supervisors of security workers,71.9,73.8,1.9,2.7,0.7,7.0,58610.0,High school diploma or equivalent,Less than 5 years,,High school diploma or equivalent,33-1091.00,First-Line Supervisors of Security Workers,Directly supervise and coordinate activities of security workers and security guards.,2.0,02/2026,first-line supervisors of security workers,BLS OEWS May 2025 + BLS projections 2024–2034 + O*NET 30.3
33-1099,"First-Line Supervisors of Protective Service Workers, All Other",20690,1.9,35.76,74390.0,0.7,19.77,25.19,36.73,44.66,49.72,41110.0,52400.0,76400.0,92890.0,103420.0,"        First-line supervisors of protective service workers, all other",21.5,21.8,0.3,1.6,0.3,2.1,74960.0,High school diploma or equivalent,Less than 5 years,,High school diploma or equivalent,33-1099.00,"First-Line Supervisors of Protective Service Workers, All Other",All protective service supervisors not listed separately above.,,,"first-line supervisors of protective service workers, all other",BLS OEWS May 2025 + BLS projections 2024–2034 + O*NET 30.3
33-2011,Firefighters,345990,1.1,30.59,63630.0,0.6,16.79,21.39,28.5,37.14,48.58,34910.0,44490.0,59280.0,77250.0,101040.0,      Firefighters,344.9,356.7,11.8,3.4,0.0,27.1,59530.0,Postsecondary nondegree award,,Long-term on-the-job training,Postsecondary nondegree award,33-2011.00,Firefighters,"Control and extinguish fires or respond to emergency situations where life, property, or the environment is at risk. Duties may include fire prevention, emergency medical service, hazardous material response, search and rescue, and disaster assistance.",3.0,08/2022,firefighters,BLS OEWS May 2025 + BLS projections 2024–2034 + O*NET 30.3
33-2021,Fire Inspectors and Investigators,13800,4.1,37.82,78670.0,1.2,22.37,28.22,36.5,45.73,57.09,46530.0,58690.0,75920.0,95120.0,118750.0,        Fire inspectors and investigators,14.7,15.2,0.6,3.8,,1.5,78060.0,Postsecondary nondegree award,5 years or more,Moderate-term on-the-job training,Postsecondary nondegree award,33-2021.00,Fire Inspectors and Investigators,"Inspect buildings to detect fire hazards and enforce local ordinances and state laws, or investigate and gather facts to determine cause of fires and explosions.",3.0,08/2022,fire inspectors and investigators,BLS OEWS May 2025 + BLS projections 2024–2034 + O*NET 30.3
33-2022,Forest Fire Inspectors and Prevention Specialists,2780,7.5,32.04,66640.0,3.7,17.03,21.04,27.34,39.18,50.7,35420.0,43760.0,56870.0,81500.0,105460.0,        Forest fire inspectors and prevention specialists,2.9,3.3,0.4,14.6,,0.3,52380.0,High school diploma or equivalent,Less than 5 years,Moderate-term on-the-job training,High school diploma or equivalent,33-2022.00,Forest Fire Inspectors and Prevention Specialists,"Enforce fire regulations, inspect forest for fire hazards, and recommend forest fire prevention or control measures. May report forest fires and weather conditions.",3.0,08/2019,forest fire inspectors and prevention specialists,BLS OEWS May 2025 + BLS projections 2024–2034 + O*NET 30.3
33-3011,Bailiffs,17310,1.3,29.65,61660.0,0.6,15.45,21.02,27.21,35.88,46.53,32140.0,43720.0,56600.0,74630.0,96770.0,        Bailiffs,19.0,18.6,-0.4,-2.2,6.3,1.8,57050.0,High school diploma or equivalent,,Moderate-term on-the-job training,High school diploma or equivalent,33-3011.00,Bailiffs,Maintain order in courts of law.,3.0,08/2020,bailiffs,BLS OEWS May 2025 + BLS projections 2024–2034 + O*NET 30.3
33-3012,Correctional Officers and Jailers,380500,0.4,30.59,63630.0,0.2,20.56,23.38,28.34,36.47,44.82,42760.0,48640.0,58940.0,75850.0,93220.0,        Correctional officers and jailers,387.5,357.4,-30.1,-7.8,,30.1,57970.0,High school diploma or equivalent,,Moderate-term on-the-job training,High school diploma or equivalent,33-3012.00,Correctional Officers and Jailers,"Guard inmates in penal or rehabilitative institutions in accordance with established regulations and procedures. May guard prisoners in transit between jail, courtroom, prison, or other point. Includes deputy sheriffs and police who spend the majority of their time guarding prisoners in correctional institutions.",2.0,02/2026,correctional officers and jailers,BLS OEWS May 2025 + BLS projections 2024–2034 + O*NET 30.3
33-3021,Detectives and Criminal Investigators,114430,0.3,47.8,99430.0,0.1,26.63,33.33,45.09,57.94,77.18,55390.0,69330.0,93790.0,120520.0,160540.0,      Detectives and criminal investigators,117.9,117.1,-0.8,-0.7,,7.8,93580.0,High school diploma or equivalent,Less than 5 years,Moderate-term on-the-job training,High school diploma or equivalent,33-3021.00,Detectives and Criminal Investigators,"Conduct investigations related to suspected violations of federal, state, or local laws to prevent or solve crimes.",3.0,08/2022,detectives and criminal investigators,BLS OEWS May 2025 + BLS projections 2024–2034 + O*NET 30.3
33-3031,Fish and Game Wardens,5770,0.5,36.03,74950.0,0.1,24.51,29.53,35.6,42.84,48.55,50990.0,61430.0,74060.0,89110.0,100980.0,      Fish and game wardens,7.0,6.6,-0.4,-6.0,,0.5,68180.0,Bachelor's degree,,Moderate-term on-the-job training,Bachelor's degree,33-3031.00,Fish and Game Wardens,Patrol assigned area to prevent fish and game law violations. Investigate reports of damage to crops or property by wildlife. Compile biological data.,4.0,07/2014,fish and game wardens,BLS OEWS May 2025 + BLS projections 2024–2034 + O*NET 30.3
33-3041,Parking Enforcement Workers,9050,4.8,24.61,51190.0,0.9,16.89,19.17,22.47,29.08,36.22,35130.0,39870.0,46730.0,60490.0,75340.0,      Parking enforcement workers,8.4,8.2,-0.1,-1.5,,0.7,47150.0,High school diploma or equivalent,,Short-term on-the-job training,High school diploma or equivalent,33-3041.00,Parking Enforcement Workers,"Patrol assigned area, such as public parking lot or city streets to issue tickets to overtime parking violators and illegally parked vehicles.",2.0,02/2026,parking enforcement workers,BLS OEWS May 2025 + BLS projections 2024–2034 + O*NET 30.3
33-3051,Police and Sheriff's Patrol Officers,670520,0.3,38.08,79200.0,0.3,22.84,28.5,36.64,46.93,55.35,47510.0,59290.0,76210.0,97600.0,115120.0,        Police and sheriff's patrol officers,698.8,720.8,22.0,3.1,0.1,53.7,76290.0,High school diploma or equivalent,,Moderate-term on-the-job training,High school diploma or equivalent,33-3051.00,Police and Sheriff's Patrol Officers,"Maintain order and protect life and property by enforcing local, tribal, state, or federal laws and ordinances. Perform a combination of the following duties: patrol a specific area; direct traffic; issue traffic summonses; investigate accidents; apprehend and arrest suspects, or serve legal processes of courts. Includes police officers working at educational institutions.",3.0,08/2022,police and sheriff's patrol officers,BLS OEWS May 2025 + BLS projections 2024–2034 + O*NET 30.3
33-3052,Transit and Railroad Police,4390,2.6,44.14,91810.0,1.0,27.73,33.17,43.38,57.35,60.53,57690.0,68990.0,90230.0,119290.0,125910.0,        Transit and railroad police,3.1,3.2,0.1,3.0,1.8,0.2,82320.0,High school diploma or equivalent,,Moderate-term on-the-job training,High school diploma or equivalent,33-3052.00,Transit and Railroad Police,"Protect and police railroad and transit property, employees, or passengers.",3.0,07/2017,transit and railroad police,BLS OEWS May 2025 + BLS projections 2024–2034 + O*NET 30.3
33-9011,Animal Control Workers,12070,2.1,23.29,48440.0,0.5,15.91,18.15,21.95,27.44,32.72,33090.0,37750.0,45660.0,57060.0,68070.0,      Animal control workers,12.2,12.7,0.5,3.9,,1.3,45830.0,High school diploma or equivalent,,Moderate-term on-the-job training,High school diploma or equivalent,33-9011.00,Animal Control Workers,"Handle animals for the purpose of investigations of mistreatment, or control of abandoned, dangerous, or unattended animals.",2.0,02/2026,animal control workers,BLS OEWS May 2025 + BLS projections 2024–2034 + O*NET 30.3
33-9021,Private Detectives and Investigators,35580,2.5,28.92,60150.0,1.0,17.66,19.57,24.62,35.57,46.94,36740.0,40700.0,51220.0,73990.0,97630.0,      Private detectives and investigators,43.6,46.2,2.6,6.0,10.8,3.9,52370.0,High school diploma or equivalent,Less than 5 years,Moderate-term on-the-job training,High school diploma or equivalent,33-9021.00,Private Detectives and Investigators,"Gather, analyze, compile, and report information regarding individuals or organizations to clients, or detect occurrences of unlawful acts or infractions of rules in private establishment.",3.0,07/2015,private detectives and investigators,BLS OEWS May 2025 + BLS projections 2024–2034 + O*NET 30.3
33-9031,Gambling Surveillance Officers and Gambling Investigators,9520,1.4,21.94,45630.0,0.4,15.74,17.44,20.85,23.66,29.79,32730.0,36270.0,43370.0,49210.0,61970.0,        Gambling surveillance officers and gambling investigators,10.3,10.3,0.0,0.3,,1.3,43900.0,High school diploma or equivalent,Less than 5 years,Moderate-term on-the-job training,High school diploma or equivalent,33-9031.00,Gambling Surveillance Officers and Gambling Investigators,"Observe gambling operation for irregular activities such as cheating or theft by either employees or patrons. Investigate potential threats to gambling assets such as money, chips, and gambling equipment. Act as oversight and security agent for management and customers.",2.0,02/2026,gambling surveillance officers and gambling investigators,BLS OEWS May 2025 + BLS projections 2024–2034 + O*NET 30.3
33-9032,Security Guards,1283470,0.4,20.42,42470.0,0.4,14.52,16.93,18.28,22.21,28.29,30210.0,35210.0,38020.0,46200.0,58840.0,        Security guards,1262.1,1267.1,5.1,0.4,0.5,161.0,38370.0,High school diploma or equivalent,,Short-term on-the-job training,High school diploma or equivalent,33-9032.00,Security Guards,"Guard, patrol, or monitor premises to prevent theft, violence, or infractions of rules. May operate x-ray and metal detector equipment.",2.0,02/2026,security guards,BLS OEWS May 2025 + BLS projections 2024–2034 + O*NET 30.3
33-9091,Crossing Guards and Flaggers,94360,2.5,20.84,43350.0,1.0,14.83,16.55,18.32,22.86,29.66,30840.0,34430.0,38100.0,47540.0,61690.0,        Crossing guards and flaggers,91.4,94.7,3.3,3.6,,18.0,37700.0,No formal educational credential,,Short-term on-the-job training,No formal educational credential,33-9091.00,Crossing Guards and Flaggers,"Guide or control vehicular or pedestrian traffic at such places as streets, schools, railroad crossings, or construction sites.",2.0,02/2026,crossing guards and flaggers,BLS OEWS May 2025 + BLS projections 2024–2034 + O*NET 30.3
33-9092,"Lifeguards, Ski Patrol, and Other Recreational Protective Service Workers",157550,1.8,16.57,34470.0,0.4,12.4,13.89,16.14,18.04,21.14,25780.0,28880.0,33580.0,37520.0,43970.0,"        Lifeguards, ski patrol, and other recreational protective service workers",149.7,158.4,8.7,5.8,,42.7,33720.0,No formal educational credential,,Short-term on-the-job training,No formal educational credential,33-9092.00,"Lifeguards, Ski Patrol, and Other Recreational Protective Service Workers","Monitor recreational areas, such as pools, beaches, or ski slopes, to provide assistance and protection to participants.",2.0,02/2026,"lifeguards, ski patrol, and other recreational protective service workers",BLS OEWS May 2025 + BLS projections 2024–2034 + O*NET 30.3
33-9093,Transportation Security Screeners,50290,1.2,30.92,64310.0,0.3,21.49,27.43,32.1,35.01,37.67,44700.0,57050.0,66770.0,72820.0,78350.0,        Transportation security screeners,50.1,47.1,-3.0,-6.0,0.3,4.7,63360.0,High school diploma or equivalent,,Short-term on-the-job training,High school diploma or equivalent,33-9093.00,Transportation Security Screeners,"Conduct screening of passengers, baggage, or cargo to ensure compliance with Transportation Security Administration (TSA) regulations. May operate basic security equipment such as x-ray machines and hand wands at screening checkpoints.",2.0,02/2026,transportation security screeners,BLS OEWS May 2025 + BLS projections 2024–2034 + O*NET 30.3
33-9094,School Bus Monitors,78420,2.0,16.9,35150.0,0.4,13.52,15.27,16.88,18.15,20.79,28130.0,31760.0,35100.0,37760.0,43250.0,        School bus monitors,71.4,69.5,-2.0,-2.7,,12.6,34980.0,High school diploma or equivalent,,Short-term on-the-job training,High school diploma or equivalent,33-9094.00,School Bus Monitors,Maintain order among students on a school bus. Duties include helping students safely board and exit and communicating behavioral problems. May perform pretrip and posttrip inspections and prepare for and assist in emergency evacuations.,2.0,02/2026,school bus monitors,BLS OEWS May 2025 + BLS projections 2024–2034 + O*NET 30.3
33-9099,"Protective Service Workers, All Other",81500,2.5,23.11,48070.0,0.9,15.61,17.03,20.45,26.4,35.86,32470.0,35420.0,42540.0,54910.0,74590.0,"        Protective service workers, all other",84.0,86.1,2.1,2.5,,23.3,41600.0,High school diploma or equivalent,,Short-term on-the-job training,High school diploma or equivalent,33-9099.00,"Protective Service Workers, All Other",All protective service workers not listed separately.,2.0,02/2026,"protective service workers, all other",BLS OEWS May 2025 + BLS projections 2024–2034 + O*NET 30.3
35-1011,Chefs and Head Cooks,200040,3.1,32.07,66700.0,1.1,18.22,23.29,30.03,37.86,47.39,37900.0,48440.0,62470.0,78750.0,98560.0,      Chefs and head cooks,197.3,211.3,14.0,7.1,6.3,24.4,60990.0,High school diploma or equivalent,5 years or more,,High school diploma or equivalent,35-1011.00,Chefs and Head Cooks,"Direct and may participate in the preparation, seasoning, and cooking of salads, soups, fish, meats, vegetables, desserts, or other foods. May plan and price menu items, order supplies, and keep records and accounts.",3.0,08/2025,chefs and head cooks,BLS OEWS May 2025 + BLS projections 2024–2034 + O*NET 30.3
35-1012,First-Line Supervisors of Food Preparation and Serving Workers,1223240,0.9,22.2,46180.0,0.4,14.4,17.3,21.19,26.24,31.52,29940.0,35980.0,44080.0,54570.0,65570.0,      First-line supervisors of food preparation and serving workers,1215.0,1288.0,73.0,6.0,1.6,183.9,42010.0,High school diploma or equivalent,Less than 5 years,,High school diploma or equivalent,35-1012.00,First-Line Supervisors of Food Preparation and Serving Workers,Directly supervise and coordinate activities of workers engaged in preparing and serving food.,2.0,02/2026,first-line supervisors of food preparation and serving workers,BLS OEWS May 2025 + BLS projections 2024–2034 + O*NET 30.3
35-2011,"Cooks, Fast Food",641070,2.7,15.57,32390.0,0.6,10.86,13.11,14.85,17.92,20.63,22580.0,27260.0,30890.0,37260.0,42910.0,"        Cooks, fast food",669.5,579.2,-90.3,-13.5,,82.1,30160.0,No formal educational credential,,Short-term on-the-job training,No formal educational credential,35-2011.00,"Cooks, Fast Food",Prepare and cook food in a fast food restaurant with a limited menu. Duties of these cooks are limited to preparation of a few basic items and normally involve operating large-volume single-purpose cooking equipment.,2.0,02/2026,"cooks, fast food",BLS OEWS May 2025 + BLS projections 2024–2034 + O*NET 30.3
35-2012,"Cooks, Institution and Cafeteria",441050,0.7,18.66,38810.0,0.4,13.69,15.6,18.01,21.54,23.88,28480.0,32440.0,37450.0,44800.0,49670.0,"        Cooks, institution and cafeteria",466.1,475.4,9.3,2.0,,69.7,36450.0,No formal educational credential,,Short-term on-the-job training,No formal educational credential,35-2012.00,"Cooks, Institution and Cafeteria","Prepare and cook large quantities of food for institutions, such as schools, hospitals, or cafeterias.",2.0,02/2026,"cooks, institution and cafeteria",BLS OEWS May 2025 + BLS projections 2024–2034 + O*NET 30.3
35-2013,"Cooks, Private Household",1100,24.4,25.81,53680.0,7.0,17.35,19.54,23.05,26.66,43.81,36090.0,40630.0,47940.0,55450.0,91130.0,"        Cooks, private household",34.2,36.0,1.7,5.1,86.9,5.3,44530.0,Postsecondary nondegree award,Less than 5 years,,Postsecondary nondegree award,35-2013.00,"Cooks, Private Household",Prepare meals in private homes. Includes personal chefs.,3.0,08/2023,"cooks, private household",BLS OEWS May 2025 + BLS projections 2024–2034 + O*NET 30.3
35-2014,"Cooks, Restaurant",1409890,1.0,18.62,38730.0,0.4,13.8,16.35,17.98,21.45,23.03,28700.0,34010.0,37390.0,44620.0,47900.0,"        Cooks, restaurant",1460.2,1677.2,217.0,14.9,,250.7,36830.0,No formal educational credential,Less than 5 years,Moderate-term on-the-job training,No formal educational credential,35-2014.00,"Cooks, Restaurant","Prepare, season, and cook dishes such as soups, meats, vegetables, or desserts in restaurants. May order supplies, keep records and accounts, price items on menu, or plan menu.",2.0,02/2026,"cooks, restaurant",BLS OEWS May 2025 + BLS projections 2024–2034 + O*NET 30.3
35-2015,"Cooks, Short Order",138650,5.2,17.37,36120.0,1.4,11.27,14.71,17.25,20.41,22.34,23440.0,30610.0,35880.0,42450.0,46460.0,"        Cooks, short order",151.1,142.7,-8.4,-5.6,,20.6,35620.0,No formal educational credential,,Short-term on-the-job training,No formal educational credential,35-2015.00,"Cooks, Short Order",Prepare and cook to order a variety of foods that require only a short preparation time. May take orders from customers and serve patrons at counters or tables.,2.0,02/2026,"cooks, short order",BLS OEWS May 2025 + BLS projections 2024–2034 + O*NET 30.3
35-2019,"Cooks, All Other",19350,8.7,18.82,39150.0,2.3,13.0,15.46,18.12,21.0,24.59,27040.0,32150.0,37690.0,43680.0,51140.0,"        Cooks, all other",24.0,25.3,1.3,5.5,,3.7,36210.0,No formal educational credential,,Moderate-term on-the-job training,No formal educational credential,35-2019.00,"Cooks, All Other",All cooks not listed separately.,,,"cooks, all other",BLS OEWS May 2025 + BLS projections 2024–2034 + O*NET 30.3
35-2021,Food Preparation Workers,893600,1.7,16.96,35290.0,0.4,12.41,14.4,16.98,18.53,21.8,25810.0,29950.0,35320.0,38550.0,45340.0,      Food preparation workers,902.7,871.8,-30.9,-3.4,0.5,148.0,34220.0,No formal educational credential,,Short-term on-the-job training,No formal educational credential,35-2021.00,Food Preparation Workers,"Perform a variety of food preparation duties other than cooking, such as preparing cold foods and shellfish, slicing meat, and brewing coffee or tea.",2.0,02/2026,food preparation workers,BLS OEWS May 2025 + BLS projections 2024–2034 + O*NET 30.3
35-3011,Bartenders,756390,1.3,19.61,40790.0,0.8,9.67,13.17,16.51,22.87,35.47,20110.0,27400.0,34340.0,47570.0,73770.0,      Bartenders,756.7,801.5,44.8,5.9,0.4,129.6,33530.0,No formal educational credential,,Short-term on-the-job training,No formal educational credential,35-3011.00,Bartenders,"Mix and serve drinks to patrons, directly or through waitstaff.",2.0,02/2026,bartenders,BLS OEWS May 2025 + BLS projections 2024–2034 + O*NET 30.3
35-3023,Fast Food and Counter Workers,3854050,0.7,15.46,32150.0,0.4,10.98,13.32,15.0,17.34,20.51,22840.0,27700.0,31200.0,36070.0,42650.0,      Fast food and counter workers,3796.0,4029.2,233.2,6.1,0.1,904.3,30480.0,No formal educational credential,,Short-term on-the-job training,No formal educational credential,35-3023.00,Fast Food and Counter Workers,Perform duties such as taking orders and serving food and beverages. Serve customers at counter or from a steam table. May take payment. May prepare food and beverages.,2.0,02/2026,fast food and counter workers,BLS OEWS May 2025 + BLS projections 2024–2034 + O*NET 30.3
35-3031,Waiters and Waitresses,2270910,0.7,19.26,40060.0,0.6,8.7,13.34,16.94,22.65,31.12,18100.0,27750.0,35230.0,47110.0,64720.0,      Waiters and waitresses,2329.7,2313.5,-16.3,-0.7,0.7,456.7,33760.0,No formal educational credential,,Short-term on-the-job training,No formal educational credential,35-3031.00,Waiters and Waitresses,Take orders and serve food and beverages to patrons at tables in dining establishment.,2.0,02/2026,waiters and waitresses,BLS OEWS May 2025 + BLS projections 2024–2034 + O*NET 30.3
35-3041,"Food Servers, Nonrestaurant",293900,1.3,17.37,36140.0,0.4,13.48,14.99,17.0,18.51,22.17,28030.0,31190.0,35360.0,38500.0,46120.0,"      Food servers, nonrestaurant",277.2,285.3,8.2,3.0,0.1,48.0,34460.0,No formal educational credential,,Short-term on-the-job training,No formal educational credential,35-3041.00,"Food Servers, Nonrestaurant","Serve food to individuals outside of a restaurant environment, such as in hotel rooms, hospital rooms, residential care facilities, or cars.",2.0,02/2026,"food servers, nonrestaurant",BLS OEWS May 2025 + BLS projections 2024–2034 + O*NET 30.3
35-9011,Dining Room and Cafeteria Attendants and Bartender Helpers,542750,1.6,16.46,34230.0,0.7,10.24,13.62,16.34,17.91,22.39,21300.0,28330.0,33980.0,37250.0,46570.0,      Dining room and cafeteria attendants and bartender helpers,527.4,560.6,33.1,6.3,0.2,99.6,32670.0,No formal educational credential,,Short-term on-the-job training,No formal educational credential,35-9011.00,Dining Room and Cafeteria Attendants and Bartender Helpers,"Facilitate food service. Clean tables; remove dirty dishes; replace soiled table linens; set tables; replenish supply of clean linens, silverware, glassware, and dishes; supply service bar with food; and serve items such as water, condiments, and coffee to patrons.",2.0,02/2026,dining room and cafeteria attendants and bartender helpers,BLS OEWS May 2025 + BLS projections 2024–2034 + O*NET 30.3
35-9021,Dishwashers,477450,1.3,16.49,34310.0,0.4,12.59,14.27,16.73,18.0,20.61,26200.0,29690.0,34810.0,37440.0,42860.0,      Dishwashers,477.7,478.6,0.9,0.2,0.6,76.8,33670.0,No formal educational credential,,Short-term on-the-job training,No formal educational credential,35-9021.00,Dishwashers,"Clean dishes, kitchen, food preparation equipment, or utensils.",2.0,02/2026,dishwashers,BLS OEWS May 2025 + BLS projections 2024–2034 + O*NET 30.3
35-9031,"Hosts and Hostesses, Restaurant, Lounge, and Coffee Shop",432690,1.7,15.72,32690.0,0.5,10.74,13.25,15.0,17.43,21.15,22340.0,27570.0,31200.0,36250.0,43990.0,"      Hosts and hostesses, restaurant, lounge, and coffee shop",429.9,423.5,-6.4,-1.5,0.1,107.7,30380.0,No formal educational credential,,Short-term on-the-job training,No formal educational credential,35-9031.00,"Hosts and Hostesses, Restaurant, Lounge, and Coffee Shop","Welcome patrons, seat them at tables or in lounge, and help ensure quality of facilities and service.",2.0,02/2026,"hosts and hostesses, restaurant, lounge, and coffee shop",BLS OEWS May 2025 + BLS projections 2024–2034 + O*NET 30.3
35-9099,"Food Preparation and Serving Related Workers, All Other",84630,4.7,17.7,36810.0,1.3,12.25,15.0,17.23,19.17,22.86,25470.0,31200.0,35840.0,39880.0,47550.0,"      Food preparation and serving related workers, all other",90.5,96.3,5.8,6.4,,14.6,34830.0,No formal educational credential,,Short-term on-the-job training,No formal educational credential,35-9099.00,"Food Preparation and Serving Related Workers, All Other",All food preparation and serving related workers not listed separately.,,,"food preparation and serving related workers, all other",BLS OEWS May 2025 + BLS projections 2024–2034 + O*NET 30.3
37-1011,First-Line Supervisors of Housekeeping and Janitorial Workers,178760,1.0,25.64,53320.0,0.4,17.08,19.28,23.61,30.1,36.75,35520.0,40100.0,49100.0,62600.0,76430.0,      First-line supervisors of housekeeping and janitorial workers,269.8,276.4,6.7,2.5,32.6,33.0,47520.0,High school diploma or equivalent,Less than 5 years,,High school diploma or equivalent,37-1011.00,First-Line Supervisors of Housekeeping and Janitorial Workers,"Directly supervise and coordinate work activities of cleaning personnel in hotels, hospitals, offices, and other establishments.",2.0,02/2026,first-line supervisors of housekeeping and janitorial workers,BLS OEWS May 2025 + BLS projections 2024–2034 + O*NET 30.3
37-1012,"First-Line Supervisors of Landscaping, Lawn Service, and Groundskeeping Workers",130760,1.8,29.31,60960.0,0.6,19.5,22.79,28.09,34.9,41.18,40560.0,47390.0,58430.0,72590.0,85650.0,"      First-line supervisors of landscaping, lawn service, and groundskeeping workers",224.7,230.0,5.2,2.3,43.9,23.2,56170.0,High school diploma or equivalent,Less than 5 years,,High school diploma or equivalent,37-1012.00,"First-Line Supervisors of Landscaping, Lawn Service, and Groundskeeping Workers","Directly supervise and coordinate activities of workers engaged in landscaping or groundskeeping activities. Work may involve reviewing contracts to ascertain service, machine, and workforce requirements; answering inquiries from potential customers regarding methods, material, and price ranges; and preparing estimates according to labor, material, and machine costs.",3.0,08/2021,"first-line supervisors of landscaping, lawn service, and groundskeeping workers",BLS OEWS May 2025 + BLS projections 2024–2034 + O*NET 30.3
37-2011,"Janitors and Cleaners, Except Maids and Housekeeping Cleaners",2209760,0.5,18.64,38760.0,0.2,13.77,15.5,17.71,21.18,24.17,28640.0,32240.0,36840.0,44060.0,50270.0,"        Janitors and cleaners, except maids and housekeeping cleaners",2447.7,2495.5,47.8,2.0,5.5,351.3,35930.0,No formal educational credential,,Short-term on-the-job training,No formal educational credential,37-2011.00,"Janitors and Cleaners, Except Maids and Housekeeping Cleaners","Keep buildings in clean and orderly condition. Perform heavy cleaning duties, such as cleaning floors, shampooing rugs, washing walls and glass, and removing rubbish. Duties may include tending furnace and boiler, performing routine maintenance activities, notifying management of need for repairs, and cleaning snow or debris from sidewalk.",3.0,08/2023,"janitors and cleaners, except maids and housekeeping cleaners",BLS OEWS May 2025 + BLS projections 2024–2034 + O*NET 30.3
37-2012,Maids and Housekeeping Cleaners,860670,0.7,17.83,37080.0,0.3,13.29,14.59,17.07,19.03,23.35,27640.0,30350.0,35510.0,39590.0,48570.0,        Maids and housekeeping cleaners,1356.8,1362.8,6.0,0.4,12.8,193.5,34660.0,No formal educational credential,,Short-term on-the-job training,No formal educational credential,37-2012.00,Maids and Housekeeping Cleaners,"Perform any combination of light cleaning duties to maintain private households or commercial establishments, such as hotels and hospitals, in a clean and orderly manner. Duties may include making beds, replenishing linens, cleaning rooms and halls, and vacuuming.",2.0,02/2026,maids and housekeeping cleaners,BLS OEWS May 2025 + BLS projections 2024–2034 + O*NET 30.3
37-2019,"Building Cleaning Workers, All Other",17210,8.8,22.32,46420.0,2.5,15.56,18.0,21.17,24.24,30.78,32370.0,37440.0,44040.0,50410.0,64030.0,"        Building cleaning workers, all other",18.1,18.5,0.5,2.5,6.8,2.6,42360.0,No formal educational credential,,Short-term on-the-job training,No formal educational credential,37-2019.00,"Building Cleaning Workers, All Other",All building cleaning workers not listed separately.,,,"building cleaning workers, all other",BLS OEWS May 2025 + BLS projections 2024–2034 + O*NET 30.3
37-2021,Pest Control Workers,102620,2.0,22.31,46400.0,0.6,16.67,18.0,21.75,23.85,29.75,34680.0,37440.0,45250.0,49600.0,61890.0,      Pest control workers,102.4,107.5,5.1,4.9,0.9,13.4,44730.0,High school diploma or equivalent,,Moderate-term on-the-job training,High school diploma or equivalent,37-2021.00,Pest Control Workers,Apply or release chemical solutions or toxic gases and set traps to kill or remove pests and vermin that infest buildings and surrounding areas.,2.0,02/2026,pest control workers,BLS OEWS May 2025 + BLS projections 2024–2034 + O*NET 30.3
37-3011,Landscaping and Groundskeeping Workers,952640,0.7,20.33,42290.0,0.3,14.98,17.4,18.82,22.52,27.28,31150.0,36190.0,39150.0,46830.0,56730.0,      Landscaping and groundskeeping workers,1192.5,1235.0,42.4,3.6,19.7,158.2,38090.0,No formal educational credential,,Short-term on-the-job training,No formal educational credential,37-3011.00,Landscaping and Groundskeeping Workers,"Landscape or maintain grounds of property using hand or power tools or equipment. Workers typically perform a variety of tasks, which may include any combination of the following: sod laying, mowing, trimming, planting, watering, fertilizing, digging, raking, sprinkler installation, and installation of mortarless segmental concrete masonry wall units.",2.0,02/2026,landscaping and groundskeeping workers,BLS OEWS May 2025 + BLS projections 2024–2034 + O*NET 30.3
37-3012,"Pesticide Handlers, Sprayers, and Applicators, Vegetation",27050,4.6,22.63,47070.0,0.9,17.1,18.83,22.28,24.63,29.53,35570.0,39160.0,46340.0,51240.0,61420.0,"      Pesticide handlers, sprayers, and applicators, vegetation",29.6,30.7,1.1,3.8,1.9,4.1,45200.0,High school diploma or equivalent,,Moderate-term on-the-job training,High school diploma or equivalent,37-3012.00,"Pesticide Handlers, Sprayers, and Applicators, Vegetation","Mix or apply pesticides, herbicides, fungicides, or insecticides through sprays, dusts, vapors, soil incorporation, or chemical application on trees, shrubs, lawns, or crops. Usually requires specific training and state or federal certification.",2.0,02/2026,"pesticide handlers, sprayers, and applicators, vegetation",BLS OEWS May 2025 + BLS projections 2024–2034 + O*NET 30.3
37-3013,Tree Trimmers and Pruners,55160,6.3,26.91,55970.0,1.3,18.24,21.56,24.5,30.72,38.61,37940.0,44840.0,50960.0,63900.0,80310.0,      Tree trimmers and pruners,60.1,62.1,2.0,3.3,16.5,7.4,50430.0,High school diploma or equivalent,,Short-term on-the-job training,High school diploma or equivalent,37-3013.00,Tree Trimmers and Pruners,"Using sophisticated climbing and rigging techniques, cut away dead or excess branches from trees or shrubs to maintain right-of-way for roads, sidewalks, or utilities, or to improve appearance, health, and value of tree. Prune or treat trees or shrubs using handsaws, hand pruners, clippers, and power pruners. Works off the ground in the tree canopy and may use truck-mounted lifts.",2.0,02/2026,tree trimmers and pruners,BLS OEWS May 2025 + BLS projections 2024–2034 + O*NET 30.3
37-3019,"Grounds Maintenance Workers, All Other",13630,5.7,23.48,48830.0,1.3,15.21,18.04,22.53,27.8,35.97,31650.0,37520.0,46860.0,57820.0,74820.0,"      Grounds maintenance workers, all other",14.1,14.5,0.3,2.4,1.4,1.9,43410.0,No formal educational credential,,Short-term on-the-job training,No formal educational credential,37-3019.00,"Grounds Maintenance Workers, All Other",All grounds maintenance workers not listed separately.,,,"grounds maintenance workers, all other",BLS OEWS May 2025 + BLS projections 2024–2034 + O*NET 30.3
39-1013,First-Line Supervisors of Gambling Services Workers,26010,0.8,31.17,64830.0,0.5,19.9,24.68,30.68,36.43,40.75,41400.0,51340.0,63820.0,75770.0,84750.0,        First-line supervisors of gambling services workers,32.5,33.1,0.6,2.0,19.1,3.3,61590.0,High school diploma or equivalent,Less than 5 years,,High school diploma or equivalent,39-1013.00,First-Line Supervisors of Gambling Services Workers,"Directly supervise and coordinate activities of workers in assigned gambling areas. May circulate among tables, observe operations, and ensure that stations and games are covered for each shift. May verify and pay off jackpots. May reset slot machines after payoffs and make repairs or adjustments to slot machines or recommend removal of slot machines for repair. May plan and organize activities and services for guests in hotels/casinos.",2.0,02/2026,first-line supervisors of gambling services workers,BLS OEWS May 2025 + BLS projections 2024–2034 + O*NET 30.3
39-1014,"First-Line Supervisors of Entertainment and Recreation Workers, Except Gambling Services",103190,1.0,25.75,53550.0,0.6,16.71,18.94,23.34,29.96,38.01,34760.0,39400.0,48560.0,62320.0,79060.0,"        First-line supervisors of entertainment and recreation workers, except gambling services",123.3,131.1,7.8,6.3,21.5,13.4,46900.0,High school diploma or equivalent,Less than 5 years,,High school diploma or equivalent,39-1014.00,"First-Line Supervisors of Entertainment and Recreation Workers, Except Gambling Services",Directly supervise and coordinate activities of entertainment and recreation related workers.,2.0,02/2026,"first-line supervisors of entertainment and recreation workers, except gambling services",BLS OEWS May 2025 + BLS projections 2024–2034 + O*NET 30.3
39-1022,First-Line Supervisors of Personal Service Workers,114110,1.6,25.17,52360.0,0.6,16.35,18.78,23.36,29.37,36.22,34010.0,39050.0,48590.0,61100.0,75330.0,      First-line supervisors of personal service workers,149.1,159.1,10.0,6.7,24.7,16.3,47080.0,High school diploma or equivalent,Less than 5 years,,High school diploma or equivalent,39-1022.00,First-Line Supervisors of Personal Service Workers,Supervise and coordinate activities of personal service workers.,3.0,08/2024,first-line supervisors of personal service workers,BLS OEWS May 2025 + BLS projections 2024–2034 + O*NET 30.3
39-2011,Animal Trainers,18770,4.9,22.61,47020.0,2.3,14.23,16.22,19.22,25.76,36.29,29600.0,33740.0,39990.0,53580.0,75490.0,      Animal trainers,47.3,49.8,2.4,5.1,38.8,7.1,38750.0,High school diploma or equivalent,,Moderate-term on-the-job training,High school diploma or equivalent,39-2011.00,Animal Trainers,"Train animals for riding, harness, security, performance, or obedience, or for assisting persons with disabilities. Accustom animals to human voice and contact, and condition animals to respond to commands. Train animals according to prescribed standards for show or competition. May train animals to carry pack loads or work as part of pack team.",2.0,02/2026,animal trainers,BLS OEWS May 2025 + BLS projections 2024–2034 + O*NET 30.3
39-2021,Animal Caretakers,266910,1.2,17.94,37300.0,0.6,13.1,14.34,17.0,19.26,24.07,27250.0,29820.0,35360.0,40050.0,50060.0,      Animal caretakers,392.1,439.6,47.6,12.1,25.2,74.6,33470.0,High school diploma or equivalent,,Short-term on-the-job training,High school diploma or equivalent,39-2021.00,Animal Caretakers,"Feed, water, groom, bathe, exercise, or otherwise provide care to promote and maintain the well-being of pets and other animals that are not raised for consumption, such as dogs, cats, race horses, ornamental fish or birds, zoo animals, and mice. Work in settings such as kennels, animal shelters, zoos, circuses, and aquariums. May keep records of feedings, treatments, and animals received or discharged. May clean, disinfect, and repair cages, pens, or fish tanks.",2.0,02/2026,animal caretakers,BLS OEWS May 2025 + BLS projections 2024–2034 + O*NET 30.3
39-3011,Gambling Dealers,83910,0.7,20.46,42550.0,0.4,11.56,12.41,16.5,23.65,37.06,24040.0,25810.0,34320.0,49180.0,77090.0,        Gambling dealers,88.7,88.1,-0.6,-0.6,3.9,14.1,33280.0,High school diploma or equivalent,,Short-term on-the-job training,High school diploma or equivalent,39-3011.00,Gambling Dealers,"Operate table games. Stand or sit behind table and operate games of chance by dispensing the appropriate number of cards or blocks to players, or operating other gambling equipment. Distribute winnings or collect players' money or chips. May compare the house's hand against players' hands.",2.0,02/2026,gambling dealers,BLS OEWS May 2025 + BLS projections 2024–2034 + O*NET 30.3
39-3012,Gambling and Sports Book Writers and Runners,8950,4.4,17.53,36450.0,1.4,10.62,13.54,16.82,21.56,23.21,22090.0,28150.0,34980.0,44840.0,48270.0,        Gambling and sports book writers and runners,8.2,7.7,-0.5,-6.1,4.4,1.2,30460.0,High school diploma or equivalent,,Short-term on-the-job training,High school diploma or equivalent,39-3012.00,Gambling and Sports Book Writers and Runners,"Post information enabling patrons to wager on various races and sporting events. Assist in the operation of games such as keno and bingo. May operate random number-generating equipment and announce the numbers for patrons. Receive, verify, and record patrons' wagers. Scan and process winning tickets presented by patrons and pay out winnings for those wagers.",2.0,02/2026,gambling and sports book writers and runners,BLS OEWS May 2025 + BLS projections 2024–2034 + O*NET 30.3
39-3019,"Gambling Service Workers, All Other",14140,4.1,19.9,41380.0,1.8,11.14,13.65,17.46,22.28,31.48,23160.0,28390.0,36310.0,46330.0,65470.0,"        Gambling service workers, all other",16.1,16.0,-0.1,-0.6,3.9,2.6,34530.0,High school diploma or equivalent,,Short-term on-the-job training,High school diploma or equivalent,39-3019.00,"Gambling Service Workers, All Other",All gambling service workers not listed separately.,,,"gambling service workers, all other",BLS OEWS May 2025 + BLS projections 2024–2034 + O*NET 30.3
39-3021,Motion Picture Projectionists,1480,9.3,24.75,51480.0,6.5,11.25,14.44,18.4,37.37,42.46,23390.0,30040.0,38270.0,77730.0,88310.0,      Motion picture projectionists,2.0,2.0,-0.1,-3.7,,0.5,38180.0,No formal educational credential,,Short-term on-the-job training,No formal educational credential,39-3021.00,Motion Picture Projectionists,Set up and operate motion picture projection and related sound reproduction equipment.,2.0,02/2026,motion picture projectionists,BLS OEWS May 2025 + BLS projections 2024–2034 + O*NET 30.3
39-3031,"Ushers, Lobby Attendants, and Ticket Takers",121770,1.7,15.91,33080.0,0.6,11.33,13.61,15.82,17.76,20.42,23560.0,28310.0,32910.0,36940.0,42470.0,"      Ushers, lobby attendants, and ticket takers",121.7,123.1,1.4,1.2,,30.8,31150.0,No formal educational credential,,Short-term on-the-job training,No formal educational credential,39-3031.00,"Ushers, Lobby Attendants, and Ticket Takers","Assist patrons at entertainment events by performing duties, such as collecting admission tickets and passes from patrons, assisting in finding seats, searching for lost articles, and helping patrons locate such facilities as restrooms and telephones.",2.0,02/2026,"ushers, lobby attendants, and ticket takers",BLS OEWS May 2025 + BLS projections 2024–2034 + O*NET 30.3
39-3091,Amusement and Recreation Attendants,397830,1.0,15.69,32640.0,0.5,10.75,13.3,15.46,17.59,20.43,22350.0,27660.0,32150.0,36590.0,42490.0,        Amusement and recreation attendants,392.3,405.5,13.2,3.4,1.1,102.4,30490.0,No formal educational credential,,Short-term on-the-job training,No formal educational credential,39-3091.00,Amusement and Recreation Attendants,"Perform a variety of attending duties at amusement or recreation facility. May schedule use of recreation facilities, maintain and provide equipment to participants of sporting events or recreational pursuits, or operate amusement concessions and rides.",2.0,02/2026,amusement and recreation attendants,BLS OEWS May 2025 + BLS projections 2024–2034 + O*NET 30.3
39-3092,Costume Attendants,6510,5.3,30.5,63440.0,2.9,15.46,18.56,24.23,37.34,52.66,32150.0,38610.0,50400.0,77680.0,109520.0,        Costume attendants,6.7,7.1,0.4,5.9,1.2,1.8,54810.0,High school diploma or equivalent,,Short-term on-the-job training,High school diploma or equivalent,39-3092.00,Costume Attendants,"Select, fit, and take care of costumes for cast members, and aid entertainers. May assist with multiple costume changes during performances.",2.0,02/2026,costume attendants,BLS OEWS May 2025 + BLS projections 2024–2034 + O*NET 30.3
39-3093,"Locker Room, Coatroom, and Dressing Room Attendants",15560,5.4,18.49,38460.0,1.6,12.79,15.0,17.45,21.1,26.09,26590.0,31200.0,36300.0,43880.0,54260.0,"        Locker room, coatroom, and dressing room attendants",15.6,16.6,1.0,6.4,1.2,4.2,34800.0,High school diploma or equivalent,,Short-term on-the-job training,High school diploma or equivalent,39-3093.00,"Locker Room, Coatroom, and Dressing Room Attendants","Provide personal items to patrons or customers in locker rooms, dressing rooms, or coatrooms.",2.0,02/2026,"locker room, coatroom, and dressing room attendants",BLS OEWS May 2025 + BLS projections 2024–2034 + O*NET 30.3
39-3099,"Entertainment Attendants and Related Workers, All Other",7060,7.8,16.82,34980.0,1.8,11.21,12.88,15.69,18.63,23.29,23310.0,26790.0,32640.0,38740.0,48440.0,"        Entertainment attendants and related workers, all other",8.5,8.8,0.3,3.6,1.1,2.2,34550.0,High school diploma or equivalent,,Short-term on-the-job training,High school diploma or equivalent,39-3099.00,"Entertainment Attendants and Related Workers, All Other",All entertainment attendants and related workers not listed separately.,,,"entertainment attendants and related workers, all other",BLS OEWS May 2025 + BLS projections 2024–2034 + O*NET 30.3
39-4011,Embalmers,3890,5.4,28.07,58390.0,1.4,18.42,23.08,28.26,31.8,37.29,38310.0,48010.0,58780.0,66130.0,77570.0,        Embalmers,3.6,3.7,0.0,1.3,4.8,0.6,56280.0,Associate's degree,,Long-term on-the-job training,Associate's degree,39-4011.00,Embalmers,Prepare bodies for interment in conformity with legal requirements.,3.0,08/2021,embalmers,BLS OEWS May 2025 + BLS projections 2024–2034 + O*NET 30.3
39-4012,Crematory Operators,2970,5.9,21.96,45670.0,1.5,16.0,17.8,20.98,24.22,30.03,33270.0,37020.0,43650.0,50380.0,62460.0,        Crematory operators,3.1,3.2,0.1,3.3,4.8,0.6,42880.0,High school diploma or equivalent,,Short-term on-the-job training,High school diploma or equivalent,39-4012.00,Crematory Operators,"Operate crematory equipment to reduce human or animal remains to bone fragments in accordance with state and local regulations. Duties may include preparing the body for cremation and performing general maintenance on crematory equipment. May use traditional flame-based cremation, calcination, or alkaline hydrolysis.",2.0,02/2026,crematory operators,BLS OEWS May 2025 + BLS projections 2024–2034 + O*NET 30.3
39-4021,Funeral Attendants,31090,1.7,17.88,37190.0,0.7,13.5,14.61,17.16,20.61,23.3,28070.0,30380.0,35680.0,42870.0,48460.0,      Funeral attendants,32.5,33.5,1.0,3.1,4.8,5.7,34610.0,High school diploma or equivalent,,Short-term on-the-job training,High school diploma or equivalent,39-4021.00,Funeral Attendants,"Perform a variety of tasks during funeral, such as placing casket in parlor or chapel prior to service, arranging floral offerings or lights around casket, directing or escorting mourners, closing casket, and issuing and storing funeral equipment.",2.0,02/2026,funeral attendants,BLS OEWS May 2025 + BLS projections 2024–2034 + O*NET 30.3
39-4031,"Morticians, Undertakers, and Funeral Arrangers",25100,2.0,27.96,58160.0,1.3,16.03,20.4,26.45,34.62,42.61,33350.0,42430.0,55010.0,72010.0,88620.0,"      Morticians, undertakers, and funeral arrangers",27.5,28.4,0.8,3.1,5.0,3.2,49800.0,Associate's degree,,Long-term on-the-job training,Associate's degree,39-4031.00,"Morticians, Undertakers, and Funeral Arrangers","Perform various tasks to arrange and direct individual funeral services, such as coordinating transportation of body to mortuary, interviewing family or other authorized person to arrange details, selecting pallbearers, aiding with the selection of officials for religious rites, and providing transportation for mourners.",3.0,08/2024,"morticians, undertakers, and funeral arrangers",BLS OEWS May 2025 + BLS projections 2024–2034 + O*NET 30.3
39-5011,Barbers,15000,7.4,22.63,47070.0,3.3,13.75,15.18,18.37,28.35,36.76,28600.0,31570.0,38210.0,58960.0,76460.0,        Barbers,76.0,79.2,3.1,4.1,75.6,8.4,38960.0,Postsecondary nondegree award,,,Postsecondary nondegree award,39-5011.00,Barbers,"Provide barbering services, such as cutting, trimming, shampooing, and styling hair; trimming beards; or giving shaves.",3.0,08/2018,barbers,BLS OEWS May 2025 + BLS projections 2024–2034 + O*NET 30.3
39-5012,"Hairdressers, Hairstylists, and Cosmetologists",305710,1.2,21.13,43960.0,1.0,13.0,14.48,17.21,23.48,34.23,27040.0,30120.0,35790.0,48830.0,71190.0,"        Hairdressers, hairstylists, and cosmetologists",575.2,607.4,32.2,5.6,47.6,75.8,35250.0,Postsecondary nondegree award,,,Postsecondary nondegree award,39-5012.00,"Hairdressers, Hairstylists, and Cosmetologists","Provide beauty services, such as cutting, coloring, and styling hair, and massaging and treating scalp. May shampoo hair, apply makeup, dress wigs, remove hair, and provide nail and skincare services.",3.0,07/2016,"hairdressers, hairstylists, and cosmetologists",BLS OEWS May 2025 + BLS projections 2024–2034 + O*NET 30.3
39-5091,"Makeup Artists, Theatrical and Performance",2340,13.9,49.16,102240.0,9.7,11.23,16.6,46.71,68.86,80.51,23360.0,34530.0,97150.0,143230.0,167470.0,"        Makeup artists, theatrical and performance",7.0,7.6,0.6,8.1,50.3,1.1,50280.0,Postsecondary nondegree award,,,Postsecondary nondegree award,39-5091.00,"Makeup Artists, Theatrical and Performance","Apply makeup to performers to reflect period, setting, and situation of their role.",3.0,08/2025,"makeup artists, theatrical and performance",BLS OEWS May 2025 + BLS projections 2024–2034 + O*NET 30.3
39-5092,Manicurists and Pedicurists,152770,1.4,18.54,38570.0,0.9,13.9,16.35,17.19,20.03,24.1,28920.0,34010.0,35760.0,41650.0,50140.0,        Manicurists and pedicurists,210.1,224.8,14.7,7.0,28.0,24.8,34660.0,Postsecondary nondegree award,,,Postsecondary nondegree award,39-5092.00,Manicurists and Pedicurists,Clean and shape customers' fingernails and toenails. May polish or decorate nails.,2.0,02/2026,manicurists and pedicurists,BLS OEWS May 2025 + BLS projections 2024–2034 + O*NET 30.3
39-5093,Shampooers,8070,11.7,15.37,31980.0,2.4,11.11,13.72,15.67,17.09,18.39,23110.0,28550.0,32600.0,35550.0,38240.0,        Shampooers,18.5,19.6,1.0,5.5,50.9,2.7,31470.0,No formal educational credential,,Short-term on-the-job training,No formal educational credential,39-5093.00,Shampooers,Shampoo and rinse customers' hair.,2.0,02/2026,shampooers,BLS OEWS May 2025 + BLS projections 2024–2034 + O*NET 30.3
39-5094,Skincare Specialists,72890,3.6,24.93,51850.0,1.5,14.22,17.33,21.79,28.7,39.45,29580.0,36040.0,45330.0,59700.0,82050.0,        Skincare specialists,97.4,103.9,6.6,6.7,26.4,14.5,41560.0,Postsecondary nondegree award,,,Postsecondary nondegree award,39-5094.00,Skincare Specialists,Provide skincare treatments to face and body to enhance an individual's appearance. Includes electrologists and laser hair removal specialists.,3.0,08/2025,skincare specialists,BLS OEWS May 2025 + BLS projections 2024–2034 + O*NET 30.3
39-6011,Baggage Porters and Bellhops,28510,3.6,18.54,38570.0,1.0,13.0,15.0,17.83,21.22,24.81,27040.0,31200.0,37080.0,44130.0,51600.0,      Baggage porters and bellhops,32.5,32.0,-0.5,-1.6,,4.6,36020.0,High school diploma or equivalent,,Short-term on-the-job training,High school diploma or equivalent,39-6011.00,Baggage Porters and Bellhops,Handle baggage for travelers at transportation terminals or for guests at hotels or similar establishments.,2.0,02/2026,baggage porters and bellhops,BLS OEWS May 2025 + BLS projections 2024–2034 + O*NET 30.3
39-6012,Concierges,49240,4.7,20.44,42510.0,1.3,15.2,17.15,18.73,22.76,27.68,31620.0,35660.0,38950.0,47350.0,57570.0,      Concierges,45.6,46.7,1.1,2.3,,6.8,37320.0,High school diploma or equivalent,,Moderate-term on-the-job training,High school diploma or equivalent,39-6012.00,Concierges,"Assist patrons at hotel, apartment, or office building with personal services. May take messages; arrange or give advice on transportation, business services, or entertainment; or monitor guest requests for housekeeping and maintenance.",2.0,02/2026,concierges,BLS OEWS May 2025 + BLS projections 2024–2034 + O*NET 30.3
39-7010,Tour and Travel Guides,53500,2.5,21.02,43720.0,2.5,13.71,15.82,18.33,22.93,29.29,28520.0,32910.0,38120.0,47700.0,60930.0,      Tour and travel guides,55.8,60.3,4.5,8.1,9.8,13.0,36660.0,High school diploma or equivalent,,Moderate-term on-the-job training,High school diploma or equivalent,,,,,,tour and travel guides,BLS OEWS May 2025 + BLS projections 2024–2034 + O*NET 30.3
39-9011,Childcare Workers,518910,1.4,16.84,35030.0,0.5,11.66,14.12,16.82,18.55,22.12,24260.0,29360.0,34980.0,38570.0,46010.0,      Childcare workers,991.6,962.4,-29.2,-2.9,21.2,160.2,32050.0,High school diploma or equivalent,,Short-term on-the-job training,High school diploma or equivalent,39-9011.00,Childcare Workers,"Attend to children at schools, businesses, private households, and childcare institutions. Perform a variety of tasks, such as dressing, feeding, bathing, and overseeing play.",2.0,02/2026,childcare workers,BLS OEWS May 2025 + BLS projections 2024–2034 + O*NET 30.3
39-9031,Exercise Trainers and Group Fitness Instructors,322930,1.3,25.2,52420.0,1.0,13.85,16.96,22.67,29.68,39.95,28800.0,35280.0,47160.0,61730.0,83100.0,        Exercise trainers and group fitness instructors,370.1,414.2,44.1,11.9,14.3,74.2,46180.0,High school diploma or equivalent,,Short-term on-the-job training,High school diploma or equivalent,39-9031.00,Exercise Trainers and Group Fitness Instructors,"Instruct or coach groups or individuals in exercise activities for the primary purpose of personal fitness. Demonstrate techniques and form, observe participants, and explain to them corrective measures necessary to improve their skills. Develop and implement individualized approaches to exercise.",3.0,08/2025,exercise trainers and group fitness instructors,BLS OEWS May 2025 + BLS projections 2024–2034 + O*NET 30.3
39-9032,Recreation Workers,331490,1.1,18.52,38520.0,0.4,13.27,15.28,17.58,20.9,24.24,27600.0,31780.0,36560.0,43470.0,50410.0,        Recreation workers,327.7,341.1,13.4,4.1,0.4,68.1,35380.0,High school diploma or equivalent,,Short-term on-the-job training,High school diploma or equivalent,39-9032.00,Recreation Workers,"Conduct recreation activities with groups in public, private, or volunteer agencies or recreation facilities. Organize and promote activities, such as arts and crafts, sports, games, music, dramatics, social recreation, camping, and hobbies, taking into account the needs and interests of individual members.",4.0,07/2017,recreation workers,BLS OEWS May 2025 + BLS projections 2024–2034 + O*NET 30.3
39-9041,Residential Advisors,84760,1.8,21.15,43990.0,0.6,14.36,17.07,20.31,24.0,29.36,29870.0,35510.0,42240.0,49920.0,61060.0,      Residential advisors,91.2,94.7,3.5,3.8,2.2,17.4,39180.0,High school diploma or equivalent,,Short-term on-the-job training,High school diploma or equivalent,39-9041.00,Residential Advisors,"Coordinate activities in resident facilities in secondary school and college dormitories, group homes, or similar establishments. Order supplies and determine need for maintenance, repairs, and furnishings. May maintain household records and assign rooms. May assist residents with problem solving or refer them to counseling resources.",3.0,08/2019,residential advisors,BLS OEWS May 2025 + BLS projections 2024–2034 + O*NET 30.3
39-9099,"Personal Care and Service Workers, All Other",60420,4.0,19.29,40120.0,1.1,13.21,16.44,20.0,20.53,23.51,27480.0,34180.0,41600.0,42710.0,48910.0,"      Personal care and service workers, all other",94.4,100.4,6.0,6.4,26.1,16.1,37900.0,High school diploma or equivalent,,Short-term on-the-job training,High school diploma or equivalent,39-9099.00,"Personal Care and Service Workers, All Other",All personal care and service workers not listed separately.,,,"personal care and service workers, all other",BLS OEWS May 2025 + BLS projections 2024–2034 + O*NET 30.3
41-1011,First-Line Supervisors of Retail Sales Workers,1121800,0.6,25.66,53380.0,0.2,15.92,18.55,23.33,29.87,37.06,33120.0,38590.0,48520.0,62130.0,77080.0,      First-line supervisors of retail sales workers,1432.6,1360.3,-72.3,-5.0,22.5,125.1,47320.0,High school diploma or equivalent,Less than 5 years,,High school diploma or equivalent,41-1011.00,First-Line Supervisors of Retail Sales Workers,"Directly supervise and coordinate activities of retail sales workers in an establishment or department. Duties may include management functions, such as purchasing, budgeting, accounting, and personnel work, in addition to supervisory duties.",2.0,02/2026,first-line supervisors of retail sales workers,BLS OEWS May 2025 + BLS projections 2024–2034 + O*NET 30.3
41-1012,First-Line Supervisors of Non-Retail Sales Workers,214390,1.0,47.77,99370.0,0.6,24.19,30.74,42.08,58.68,78.88,50320.0,63940.0,87520.0,122050.0,164070.0,      First-line supervisors of non-retail sales workers,320.0,320.0,0.0,0.0,30.0,24.8,84130.0,High school diploma or equivalent,Less than 5 years,,High school diploma or equivalent,41-1012.00,First-Line Supervisors of Non-Retail Sales Workers,"Directly supervise and coordinate activities of sales workers other than retail sales workers. May perform duties such as budgeting, accounting, and personnel work, in addition to supervisory duties.",4.0,08/2020,first-line supervisors of non-retail sales workers,BLS OEWS May 2025 + BLS projections 2024–2034 + O*NET 30.3
41-2011,Cashiers,3089410,0.6,15.95,33180.0,0.2,11.79,13.81,15.81,17.47,19.43,24530.0,28720.0,32880.0,36330.0,40410.0,        Cashiers,3157.2,2843.6,-313.6,-9.9,0.2,542.6,31190.0,No formal educational credential,,Short-term on-the-job training,No formal educational credential,41-2011.00,Cashiers,"Receive and disburse money in establishments other than financial institutions. May use electronic scanners, cash registers, or related equipment. May process credit or debit card transactions and validate checks.",2.0,02/2026,cashiers,BLS OEWS May 2025 + BLS projections 2024–2034 + O*NET 30.3
41-2012,Gambling Change Persons and Booth Cashiers,21530,2.0,18.8,39100.0,0.8,11.76,14.25,17.41,19.96,29.01,24460.0,29630.0,36220.0,41530.0,60330.0,        Gambling change persons and booth cashiers,22.6,21.1,-1.5,-6.4,,4.0,34810.0,No formal educational credential,,Short-term on-the-job training,No formal educational credential,41-2012.00,Gambling Change Persons and Booth Cashiers,"Exchange coins, tokens, and chips for patrons' money. May issue payoffs and obtain customer's signature on receipt. May operate a booth in the slot machine area and furnish change persons with money bank at the start of the shift, or count and audit money in drawers.",2.0,02/2026,gambling change persons and booth cashiers,BLS OEWS May 2025 + BLS projections 2024–2034 + O*NET 30.3
41-2021,Counter and Rental Clerks,400810,1.3,21.97,45700.0,0.4,14.33,17.13,19.86,24.13,31.43,29800.0,35630.0,41300.0,50190.0,65370.0,        Counter and rental clerks,408.2,421.3,13.1,3.2,0.9,45.9,38540.0,No formal educational credential,,Short-term on-the-job training,No formal educational credential,41-2021.00,Counter and Rental Clerks,"Receive orders, generally in person, for repairs, rentals, and services. May describe available options, compute cost, and accept payment.",2.0,02/2026,counter and rental clerks,BLS OEWS May 2025 + BLS projections 2024–2034 + O*NET 30.3
41-2022,Parts Salespersons,270070,1.0,21.07,43830.0,0.4,13.58,15.92,18.57,23.97,30.24,28240.0,33110.0,38630.0,49850.0,62890.0,        Parts salespersons,272.1,280.6,8.5,3.1,1.6,30.2,37440.0,No formal educational credential,,Moderate-term on-the-job training,No formal educational credential,41-2022.00,Parts Salespersons,Sell spare and replacement parts and equipment in repair shop or parts store.,2.0,02/2026,parts salespersons,BLS OEWS May 2025 + BLS projections 2024–2034 + O*NET 30.3
41-2031,Retail Salespersons,3897860,0.3,17.94,37310.0,0.2,13.08,14.38,17.03,18.59,23.02,27210.0,29900.0,35410.0,38670.0,47890.0,      Retail salespersons,3936.7,3917.1,-19.6,-0.5,4.0,555.8,34580.0,No formal educational credential,,Short-term on-the-job training,No formal educational credential,41-2031.00,Retail Salespersons,"Sell merchandise, such as furniture, motor vehicles, appliances, or apparel to consumers.",2.0,02/2026,retail salespersons,BLS OEWS May 2025 + BLS projections 2024–2034 + O*NET 30.3
41-3011,Advertising Sales Agents,91700,2.0,38.79,80670.0,1.4,16.94,22.61,31.16,48.07,70.2,35240.0,47020.0,64820.0,99990.0,146010.0,      Advertising sales agents,103.7,97.1,-6.6,-6.4,5.3,9.3,61460.0,High school diploma or equivalent,,Moderate-term on-the-job training,High school diploma or equivalent,41-3011.00,Advertising Sales Agents,"Sell or solicit advertising space, time, or media in publications, signage, TV, radio, or Internet establishments or public spaces.",4.0,08/2018,advertising sales agents,BLS OEWS May 2025 + BLS projections 2024–2034 + O*NET 30.3
41-3021,Insurance Sales Agents,479100,1.1,39.18,81480.0,1.1,17.95,22.53,29.94,46.61,66.41,37330.0,46870.0,62280.0,96950.0,138140.0,      Insurance sales agents,568.8,589.8,21.1,3.7,12.5,47.0,60370.0,High school diploma or equivalent,,Moderate-term on-the-job training,High school diploma or equivalent,41-3021.00,Insurance Sales Agents,"Sell life, property, casualty, health, automotive, or other types of insurance. May refer clients to independent brokers, work as an independent broker, or be employed by an insurance company.",4.0,08/2018,insurance sales agents,BLS OEWS May 2025 + BLS projections 2024–2034 + O*NET 30.3
41-3031,"Securities, Commodities, and Financial Services Sales Agents",489570,1.2,52.48,109150.0,0.9,23.1,27.18,37.82,62.48,102.35,48040.0,56540.0,78660.0,129950.0,212880.0,"      Securities, commodities, and financial services sales agents",514.5,531.6,17.1,3.3,6.6,38.1,78140.0,Bachelor's degree,,Moderate-term on-the-job training,Bachelor's degree,41-3031.00,"Securities, Commodities, and Financial Services Sales Agents","Buy and sell securities or commodities in investment and trading firms, or provide financial services to businesses and individuals. May advise customers about stocks, bonds, mutual funds, commodities, and market conditions.",4.0,08/2022,"securities, commodities, and financial services sales agents",BLS OEWS May 2025 + BLS projections 2024–2034 + O*NET 30.3
41-3041,Travel Agents,55110,2.6,26.28,54660.0,1.0,16.64,20.17,24.11,30.32,36.86,34610.0,41950.0,50160.0,63060.0,76660.0,      Travel agents,65.7,67.2,1.4,2.2,11.2,7.1,48450.0,High school diploma or equivalent,,Moderate-term on-the-job training,High school diploma or equivalent,41-3041.00,Travel Agents,"Plan and sell transportation and accommodations for customers. Determine destination, modes of transportation, travel dates, costs, and accommodations required. May also describe, plan, and arrange itineraries and sell tour packages. May assist in resolving clients' travel problems.",3.0,07/2016,travel agents,BLS OEWS May 2025 + BLS projections 2024–2034 + O*NET 30.3
41-3091,"Sales Representatives of Services, Except Advertising, Insurance, Financial Services, and Travel",1256010,0.7,39.63,82430.0,0.4,18.26,22.92,33.65,48.31,71.56,37980.0,47670.0,69990.0,100480.0,148840.0,"      Sales representatives of services, except advertising, insurance, financial services, and travel",1226.7,1264.7,37.9,3.1,2.1,123.0,66260.0,High school diploma or equivalent,,Moderate-term on-the-job training,High school diploma or equivalent,41-3091.00,"Sales Representatives of Services, Except Advertising, Insurance, Financial Services, and Travel",Sell services to individuals or businesses. May describe options or resolve client problems.,2.0,02/2026,"sales representatives of services, except advertising, insurance, financial services, and travel",BLS OEWS May 2025 + BLS projections 2024–2034 + O*NET 30.3
41-4011,"Sales Representatives, Wholesale and Manufacturing, Technical and Scientific Products",284800,1.8,57.56,119730.0,0.8,25.29,36.07,50.44,76.04,96.37,52600.0,75030.0,104920.0,158160.0,200440.0,"      Sales representatives, wholesale and manufacturing, technical and scientific products",303.2,308.9,5.7,1.9,2.1,27.2,100070.0,Bachelor's degree,,Moderate-term on-the-job training,Bachelor's degree,41-4011.00,"Sales Representatives, Wholesale and Manufacturing, Technical and Scientific Products","Sell goods for wholesalers or manufacturers where technical or scientific knowledge is required in such areas as biology, engineering, chemistry, and electronics, normally obtained from at least 2 years of postsecondary education.",4.0,07/2014,"sales representatives, wholesale and manufacturing, technical and scientific products",BLS OEWS May 2025 + BLS projections 2024–2034 + O*NET 30.3
41-4012,"Sales Representatives, Wholesale and Manufacturing, Except Technical and Scientific Products",1238190,0.6,39.68,82530.0,0.4,18.79,24.27,34.65,47.9,66.13,39090.0,50470.0,72080.0,99640.0,137550.0,"      Sales representatives, wholesale and manufacturing, except technical and scientific products",1310.5,1314.9,4.4,0.3,2.1,114.8,66780.0,High school diploma or equivalent,,Moderate-term on-the-job training,High school diploma or equivalent,41-4012.00,"Sales Representatives, Wholesale and Manufacturing, Except Technical and Scientific Products",Sell goods for wholesalers or manufacturers to businesses or groups of individuals. Work requires substantial knowledge of items sold.,4.0,08/2020,"sales representatives, wholesale and manufacturing, except technical and scientific products",BLS OEWS May 2025 + BLS projections 2024–2034 + O*NET 30.3
41-9011,Demonstrators and Product Promoters,64520,3.9,21.91,45580.0,1.4,15.0,16.9,18.91,25.79,30.7,31200.0,35160.0,39320.0,53640.0,63850.0,        Demonstrators and product promoters,79.2,79.1,-0.1,-0.1,18.2,14.0,37960.0,No formal educational credential,,Short-term on-the-job training,No formal educational credential,41-9011.00,Demonstrators and Product Promoters,Demonstrate merchandise and answer questions for the purpose of creating public interest in buying the product. May sell demonstrated merchandise.,2.0,02/2026,demonstrators and product promoters,BLS OEWS May 2025 + BLS projections 2024–2034 + O*NET 30.3
41-9012,Models,3780,13.4,35.0,72800.0,15.9,16.44,17.17,23.3,47.75,63.21,34190.0,35710.0,48470.0,99320.0,131470.0,        Models,6.7,6.7,0.0,-0.5,16.3,1.2,89990.0,No formal educational credential,,,No formal educational credential,41-9012.00,Models,"Model garments or other apparel and accessories for prospective buyers at fashion shows, private showings, or retail establishments. May pose for photos to be used in magazines or advertisements. May pose as subject for paintings, sculptures, and other types of artistic expression.",2.0,02/2026,models,BLS OEWS May 2025 + BLS projections 2024–2034 + O*NET 30.3
41-9021,Real Estate Brokers,46100,6.6,40.36,83950.0,3.6,17.84,22.35,35.2,49.69,68.89,37110.0,46480.0,73220.0,103360.0,143300.0,        Real estate brokers,111.3,115.0,3.7,3.3,54.5,9.7,72280.0,High school diploma or equivalent,Less than 5 years,,High school diploma or equivalent,41-9021.00,Real Estate Brokers,"Operate real estate office, or work for commercial real estate firm, overseeing real estate transactions. Other duties usually include selling real estate or renting properties and arranging loans.",4.0,07/2015,real estate brokers,BLS OEWS May 2025 + BLS projections 2024–2034 + O*NET 30.3
41-9022,Real Estate Sales Agents,193370,3.0,33.42,69510.0,1.9,15.85,19.25,25.4,39.43,59.42,32970.0,40040.0,52830.0,82020.0,123590.0,        Real estate sales agents,420.9,433.7,12.8,3.1,53.7,36.6,56320.0,High school diploma or equivalent,,Moderate-term on-the-job training,High school diploma or equivalent,41-9022.00,Real Estate Sales Agents,"Rent, buy, or sell property for clients. Perform duties such as study property listings, interview prospective clients, accompany clients to property site, discuss conditions of sale, and draw up real estate contracts. Includes agents who represent buyer.",3.0,08/2019,real estate sales agents,BLS OEWS May 2025 + BLS projections 2024–2034 + O*NET 30.3
41-9031,Sales Engineers,51790,2.8,62.57,130140.0,1.2,35.52,44.66,60.05,77.52,93.88,73870.0,92890.0,124900.0,161230.0,195270.0,      Sales engineers,56.8,59.9,3.1,5.5,,5.0,121520.0,Bachelor's degree,,Moderate-term on-the-job training,Bachelor's degree,41-9031.00,Sales Engineers,"Sell business goods or services, the selling of which requires a technical background equivalent to a baccalaureate degree in engineering.",4.0,08/2022,sales engineers,BLS OEWS May 2025 + BLS projections 2024–2034 + O*NET 30.3
41-9041,Telemarketers,58430,4.3,17.97,37370.0,1.3,13.0,14.25,17.04,19.34,24.21,27040.0,29640.0,35450.0,40230.0,50350.0,      Telemarketers,67.4,52.5,-14.9,-22.1,0.6,6.5,34410.0,No formal educational credential,,Short-term on-the-job training,No formal educational credential,41-9041.00,Telemarketers,Solicit donations or orders for goods or services over the telephone.,2.0,02/2026,telemarketers,BLS OEWS May 2025 + BLS projections 2024–2034 + O*NET 30.3
41-9091,"Door-to-Door Sales Workers, News and Street Vendors, and Related Workers",2760,11.9,21.08,43850.0,4.0,15.39,17.54,19.89,22.78,24.74,32010.0,36470.0,41380.0,47390.0,51470.0,"        Door-to-door sales workers, news and street vendors, and related workers",25.3,22.8,-2.5,-10.0,81.8,2.7,34530.0,No formal educational credential,,Short-term on-the-job training,No formal educational credential,41-9091.00,"Door-to-Door Sales Workers, News and Street Vendors, and Related Workers",Sell goods or services door-to-door or on the street.,2.0,02/2026,"door-to-door sales workers, news and street vendors, and related workers",BLS OEWS May 2025 + BLS projections 2024–2034 + O*NET 30.3
41-9099,"Sales and Related Workers, All Other",93180,2.8,28.13,58510.0,1.2,14.29,17.72,23.21,33.97,47.07,29720.0,36860.0,48280.0,70650.0,97910.0,"        Sales and related workers, all other",122.6,127.1,4.5,3.7,14.8,16.0,46370.0,High school diploma or equivalent,,,High school diploma or equivalent,41-9099.00,"Sales and Related Workers, All Other",All sales and related workers not listed separately.,,,"sales and related workers, all other",BLS OEWS May 2025 + BLS projections 2024–2034 + O*NET 30.3
43-1011,First-Line Supervisors of Office and Administrative Support Workers,1436680,0.5,35.33,73490.0,0.1,21.93,26.9,33.41,40.91,50.34,45610.0,55950.0,69500.0,85090.0,104710.0,      First-line supervisors of office and administrative support workers,1558.4,1554.4,-3.9,-0.3,0.7,144.5,66140.0,High school diploma or equivalent,Less than 5 years,,High school diploma or equivalent,43-1011.00,First-Line Supervisors of Office and Administrative Support Workers,Directly supervise and coordinate the activities of clerical and administrative support workers.,3.0,07/2015,first-line supervisors of office and administrative support workers,BLS OEWS May 2025 + BLS projections 2024–2034 + O*NET 30.3
43-2011,"Switchboard Operators, Including Answering Service",34280,3.0,20.34,42300.0,0.7,14.42,16.74,18.57,22.37,28.59,29990.0,34820.0,38630.0,46530.0,59470.0,"      Switchboard operators, including answering service",36.6,27.0,-9.6,-26.3,,2.8,38370.0,High school diploma or equivalent,,Short-term on-the-job training,High school diploma or equivalent,43-2011.00,"Switchboard Operators, Including Answering Service","Operate telephone business systems equipment or switchboards to relay incoming, outgoing, and interoffice calls. May supply information to callers and record messages.",2.0,02/2026,"switchboard operators, including answering service",BLS OEWS May 2025 + BLS projections 2024–2034 + O*NET 30.3
43-2021,Telephone Operators,3430,5.7,21.62,44970.0,1.2,15.15,17.75,20.07,24.76,30.27,31510.0,36920.0,41740.0,51510.0,62950.0,      Telephone operators,4.0,2.9,-1.1,-27.5,,0.3,39130.0,High school diploma or equivalent,,Short-term on-the-job training,High school diploma or equivalent,43-2021.00,Telephone Operators,"Provide information by accessing alphabetical, geographical, or other directories. Assist customers with special billing requests, such as charges to a third party and credits or refunds for incorrectly dialed numbers or bad connections. May handle emergency calls and assist children or people with physical disabilities to make telephone calls.",2.0,02/2026,telephone operators,BLS OEWS May 2025 + BLS projections 2024–2034 + O*NET 30.3
43-2099,"Communications Equipment Operators, All Other",1200,15.0,29.87,62130.0,1.8,18.7,22.34,26.29,37.73,45.5,38900.0,46460.0,54680.0,78470.0,94640.0,"      Communications equipment operators, all other",1.4,1.5,0.0,2.5,,0.1,49910.0,High school diploma or equivalent,,Short-term on-the-job training,High school diploma or equivalent,43-2099.00,"Communications Equipment Operators, All Other",All communications equipment operators not listed separately.,,,"communications equipment operators, all other",BLS OEWS May 2025 + BLS projections 2024–2034 + O*NET 30.3
43-3011,Bill and Account Collectors,158830,1.4,23.59,49060.0,0.4,16.54,18.76,22.61,27.28,31.53,34400.0,39010.0,47030.0,56740.0,65580.0,      Bill and account collectors,166.9,149.4,-17.5,-10.5,0.2,13.7,46040.0,High school diploma or equivalent,,Moderate-term on-the-job training,High school diploma or equivalent,43-3011.00,Bill and Account Collectors,"Locate and notify customers of delinquent accounts by mail, telephone, or personal visit to solicit payment. Duties include receiving payment and posting amount to customer's account, preparing statements to credit department if customer fails to respond, initiating repossession proceedings or service disconnection, and keeping records of collection and status of accounts.",2.0,02/2026,bill and account collectors,BLS OEWS May 2025 + BLS projections 2024–2034 + O*NET 30.3
43-3021,Billing and Posting Clerks,404060,0.9,24.55,51070.0,0.2,17.93,20.6,23.32,28.02,32.55,37290.0,42840.0,48500.0,58290.0,67710.0,      Billing and posting clerks,429.8,427.9,-1.9,-0.4,0.8,42.2,47170.0,High school diploma or equivalent,,Moderate-term on-the-job training,High school diploma or equivalent,43-3021.00,Billing and Posting Clerks,"Compile, compute, and record billing, accounting, statistical, and other numerical data for billing purposes. Prepare billing invoices for services rendered or for delivery or shipment of goods.",3.0,08/2022,billing and posting clerks,BLS OEWS May 2025 + BLS projections 2024–2034 + O*NET 30.3
43-3031,"Bookkeeping, Accounting, and Auditing Clerks",1373680,0.8,25.75,53560.0,0.2,17.31,20.92,24.36,29.55,35.84,36000.0,43520.0,50670.0,61470.0,74550.0,"      Bookkeeping, accounting, and auditing clerks",1613.4,1519.1,-94.3,-5.8,5.2,170.0,49210.0,"Some college, no degree",,Moderate-term on-the-job training,"Some college, no degree",43-3031.00,"Bookkeeping, Accounting, and Auditing Clerks","Compute, classify, and record numerical data to keep financial records complete. Perform any combination of routine calculating, posting, and verifying duties to obtain primary financial data for use in maintaining accounting records. May also check the accuracy of figures, calculations, and postings pertaining to business transactions recorded by other workers.",3.0,07/2017,"bookkeeping, accounting, and auditing clerks",BLS OEWS May 2025 + BLS projections 2024–2034 + O*NET 30.3
43-3041,Gambling Cage Workers,14430,0.8,19.0,39510.0,0.2,13.99,16.59,18.07,21.48,23.76,29100.0,34510.0,37580.0,44680.0,49430.0,      Gambling cage workers,14.1,13.4,-0.7,-5.0,1.6,1.3,36990.0,High school diploma or equivalent,,Short-term on-the-job training,High school diploma or equivalent,43-3041.00,Gambling Cage Workers,"In a gambling establishment, conduct financial transactions for patrons. Accept patron's credit application and verify credit references to provide check-cashing authorization or to establish house credit accounts. May reconcile daily summaries of transactions to balance books. May sell gambling chips, tokens, or tickets to patrons, or to other workers for resale to patrons. May convert gambling chips, tokens, or tickets to currency upon patron's request. May use a cash register or computer to record transaction.",2.0,02/2026,gambling cage workers,BLS OEWS May 2025 + BLS projections 2024–2034 + O*NET 30.3
43-3051,Payroll and Timekeeping Clerks,153140,1.2,28.67,59630.0,0.4,18.99,23.07,28.01,33.46,39.11,39500.0,47990.0,58260.0,69600.0,81350.0,      Payroll and timekeeping clerks,161.1,134.2,-27.0,-16.7,0.9,13.0,55290.0,High school diploma or equivalent,,Moderate-term on-the-job training,High school diploma or equivalent,43-3051.00,Payroll and Timekeeping Clerks,"Compile and record employee time and payroll data. May compute employees' time worked, production, and commission. May compute and post wages and deductions, or prepare paychecks.",3.0,08/2022,payroll and timekeeping clerks,BLS OEWS May 2025 + BLS projections 2024–2034 + O*NET 30.3
43-3061,Procurement Clerks,55810,1.4,25.18,52370.0,0.3,18.29,20.88,24.32,28.89,32.99,38040.0,43420.0,50580.0,60080.0,68620.0,      Procurement clerks,61.9,56.6,-5.4,-8.7,,4.6,48510.0,High school diploma or equivalent,,Moderate-term on-the-job training,High school diploma or equivalent,43-3061.00,Procurement Clerks,Compile information and records to draw up purchase orders for procurement of materials and services.,2.0,02/2026,procurement clerks,BLS OEWS May 2025 + BLS projections 2024–2034 + O*NET 30.3
43-3071,Tellers,329480,1.3,20.36,42350.0,0.3,16.52,17.81,20.69,22.39,23.88,34360.0,37040.0,43030.0,46580.0,49680.0,      Tellers,347.4,302.5,-44.9,-12.9,,29.8,39340.0,High school diploma or equivalent,,Short-term on-the-job training,High school diploma or equivalent,43-3071.00,Tellers,Receive and pay out money. Keep records of money and negotiable instruments involved in a financial institution's various transactions.,2.0,02/2026,tellers,BLS OEWS May 2025 + BLS projections 2024–2034 + O*NET 30.3
43-3099,"Financial Clerks, All Other",36260,3.7,27.14,56450.0,0.5,19.41,22.84,25.88,29.96,36.68,40360.0,47510.0,53830.0,62310.0,76290.0,"      Financial clerks, all other",38.9,39.4,0.5,1.4,2.7,4.0,52150.0,High school diploma or equivalent,,Short-term on-the-job training,High school diploma or equivalent,43-3099.00,"Financial Clerks, All Other",All financial clerks not listed separately.,,,"financial clerks, all other",BLS OEWS May 2025 + BLS projections 2024–2034 + O*NET 30.3
43-4011,Brokerage Clerks,35940,4.1,35.03,72850.0,1.2,24.16,28.18,31.61,38.36,49.04,50260.0,58620.0,65750.0,79800.0,102010.0,      Brokerage clerks,40.8,36.9,-3.9,-9.5,,4.1,62940.0,High school diploma or equivalent,,Moderate-term on-the-job training,High school diploma or equivalent,43-4011.00,Brokerage Clerks,"Perform duties related to the purchase, sale, or holding of securities. Duties include writing orders for stock purchases or sales, computing transfer taxes, verifying stock transactions, accepting and delivering securities, tracking stock price fluctuations, computing equity, distributing dividends, and keeping records of daily transactions and holdings.",3.0,07/2014,brokerage clerks,BLS OEWS May 2025 + BLS projections 2024–2034 + O*NET 30.3
43-4021,Correspondence Clerks,4290,8.3,23.12,48090.0,2.0,16.01,18.56,22.5,26.97,31.02,33300.0,38610.0,46800.0,56090.0,64510.0,      Correspondence clerks,6.9,6.5,-0.4,-5.6,5.1,0.7,46740.0,High school diploma or equivalent,,Short-term on-the-job training,High school diploma or equivalent,43-4021.00,Correspondence Clerks,"Compose letters or electronic correspondence in reply to requests for merchandise, damage claims, credit and other information, delinquent accounts, incorrect billings, or unsatisfactory services. Duties may include gathering data to formulate reply and preparing correspondence.",2.0,02/2026,correspondence clerks,BLS OEWS May 2025 + BLS projections 2024–2034 + O*NET 30.3
43-4031,"Court, Municipal, and License Clerks",179750,0.7,25.15,52320.0,0.2,17.45,19.62,23.41,29.25,35.49,36300.0,40810.0,48700.0,60840.0,73820.0,"      Court, municipal, and license clerks",180.4,185.9,5.5,3.0,1.0,18.5,47700.0,High school diploma or equivalent,,Long-term on-the-job training,High school diploma or equivalent,43-4031.00,"Court, Municipal, and License Clerks","Perform clerical duties for courts of law, municipalities, or governmental licensing agencies and bureaus. May prepare docket of cases to be called; secure information for judges and court; prepare draft agendas or bylaws for town or city council; answer official correspondence; keep fiscal records and accounts; issue licenses or permits; and record data, administer tests, or collect fees.",2.0,02/2026,"court, municipal, and license clerks",BLS OEWS May 2025 + BLS projections 2024–2034 + O*NET 30.3
43-4041,"Credit Authorizers, Checkers, and Clerks",12030,4.1,24.72,51420.0,1.2,14.55,19.48,24.08,29.26,34.95,30260.0,40520.0,50080.0,60860.0,72700.0,"      Credit authorizers, checkers, and clerks",12.0,11.3,-0.7,-6.2,,1.0,49130.0,High school diploma or equivalent,,Moderate-term on-the-job training,High school diploma or equivalent,43-4041.00,"Credit Authorizers, Checkers, and Clerks","Authorize credit charges against customers' accounts. Investigate history and credit standing of individuals or business establishments applying for credit. May interview applicants to obtain personal and financial data, determine credit worthiness, process applications, and notify customers of acceptance or rejection of credit.",2.0,02/2026,"credit authorizers, checkers, and clerks",BLS OEWS May 2025 + BLS projections 2024–2034 + O*NET 30.3
43-4051,Customer Service Representatives,2595750,0.4,22.4,46590.0,0.2,15.27,17.72,21.53,24.89,30.57,31750.0,36870.0,44770.0,51780.0,63590.0,      Customer service representatives,2814.0,2660.3,-153.7,-5.5,0.8,341.7,42830.0,High school diploma or equivalent,,Short-term on-the-job training,High school diploma or equivalent,43-4051.00,Customer Service Representatives,"Interact with customers to provide basic or scripted information in response to routine inquiries about products and services. May handle and resolve general complaints. Excludes individuals whose duties are primarily installation, sales, repair, and technical support.",2.0,02/2026,customer service representatives,BLS OEWS May 2025 + BLS projections 2024–2034 + O*NET 30.3
43-4061,"Eligibility Interviewers, Government Programs",154800,0.7,26.97,56090.0,0.2,18.7,22.07,26.06,30.58,35.91,38900.0,45910.0,54210.0,63610.0,74690.0,"      Eligibility interviewers, government programs",166.8,168.5,1.7,1.0,0.3,14.0,51500.0,High school diploma or equivalent,,Moderate-term on-the-job training,High school diploma or equivalent,43-4061.00,"Eligibility Interviewers, Government Programs","Determine eligibility of persons applying to receive assistance from government programs and agency resources, such as welfare, unemployment benefits, social security, and public housing.",3.0,08/2023,"eligibility interviewers, government programs",BLS OEWS May 2025 + BLS projections 2024–2034 + O*NET 30.3
43-4071,File Clerks,73440,2.8,21.92,45590.0,0.8,15.0,17.51,20.96,24.89,30.53,31200.0,36420.0,43600.0,51770.0,63490.0,      File clerks,84.3,70.9,-13.4,-15.9,2.9,7.3,41270.0,High school diploma or equivalent,,Short-term on-the-job training,High school diploma or equivalent,43-4071.00,File Clerks,"File correspondence, cards, invoices, receipts, and other records in alphabetical or numerical order or according to the filing system used. Locate and remove material from file when requested.",2.0,02/2026,file clerks,BLS OEWS May 2025 + BLS projections 2024–2034 + O*NET 30.3
43-4081,"Hotel, Motel, and Resort Desk Clerks",261420,0.7,17.09,35550.0,0.3,13.04,14.33,16.86,18.32,21.86,27120.0,29810.0,35070.0,38100.0,45470.0,"      Hotel, motel, and resort desk clerks",264.2,274.0,9.9,3.7,,43.6,34270.0,High school diploma or equivalent,,Short-term on-the-job training,High school diploma or equivalent,43-4081.00,"Hotel, Motel, and Resort Desk Clerks","Accommodate hotel, motel, and resort patrons by registering and assigning rooms to guests, issuing room keys or cards, transmitting and receiving messages, keeping records of occupied rooms and guests' accounts, making and confirming reservations, and presenting statements to and collecting payments from departing guests.",2.0,02/2026,"hotel, motel, and resort desk clerks",BLS OEWS May 2025 + BLS projections 2024–2034 + O*NET 30.3
43-4111,"Interviewers, Except Eligibility and Loan",148060,1.4,22.71,47240.0,0.4,16.3,18.43,22.08,25.53,30.2,33900.0,38330.0,45920.0,53090.0,62810.0,"      Interviewers, except eligibility and loan",164.3,145.1,-19.1,-11.6,0.6,15.8,43830.0,High school diploma or equivalent,,Short-term on-the-job training,High school diploma or equivalent,43-4111.00,"Interviewers, Except Eligibility and Loan","Interview persons by telephone, mail, in person, or by other means for the purpose of completing forms, applications, or questionnaires. Ask specific questions, record answers, and assist persons with completing form. May sort, classify, and file forms.",3.0,08/2021,"interviewers, except eligibility and loan",BLS OEWS May 2025 + BLS projections 2024–2034 + O*NET 30.3
43-4121,"Library Assistants, Clerical",85520,2.1,18.93,39370.0,0.4,13.33,15.3,17.74,21.93,26.59,27730.0,31820.0,36910.0,45620.0,55310.0,"      Library assistants, clerical",84.5,78.9,-5.6,-6.7,,12.8,36010.0,High school diploma or equivalent,,Short-term on-the-job training,High school diploma or equivalent,43-4121.00,"Library Assistants, Clerical","Compile records, and sort, shelve, issue, and receive library materials such as books, electronic media, pictures, cards, slides and microfilm. Locate library materials for loan and replace material in shelving area, stacks, or files according to identification number and title. Register patrons to permit them to borrow books, periodicals, and other library materials.",2.0,02/2026,"library assistants, clerical",BLS OEWS May 2025 + BLS projections 2024–2034 + O*NET 30.3
43-4131,Loan Interviewers and Clerks,164790,1.2,25.25,52520.0,0.3,17.95,21.69,24.05,29.14,33.55,37330.0,45120.0,50020.0,60600.0,69770.0,      Loan interviewers and clerks,177.6,173.5,-4.1,-2.3,0.9,13.3,48950.0,High school diploma or equivalent,,Short-term on-the-job training,High school diploma or equivalent,43-4131.00,Loan Interviewers and Clerks,"Interview loan applicants to elicit information; investigate applicants' backgrounds and verify references; prepare loan request papers; and forward findings, reports, and documents to appraisal department. Review loan papers to ensure completeness, and complete transactions between loan establishment, borrowers, and sellers upon approval of loan.",3.0,07/2017,loan interviewers and clerks,BLS OEWS May 2025 + BLS projections 2024–2034 + O*NET 30.3
43-4141,New Accounts Clerks,36860,2.9,23.73,49370.0,0.6,18.36,21.12,22.92,26.49,29.29,38180.0,43920.0,47670.0,55100.0,60910.0,      New accounts clerks,38.9,33.8,-5.2,-13.2,,2.3,46610.0,High school diploma or equivalent,,Moderate-term on-the-job training,High school diploma or equivalent,43-4141.00,New Accounts Clerks,Interview persons desiring to open accounts in financial institutions. Explain account services available to prospective customers and assist them in preparing applications.,3.0,08/2020,new accounts clerks,BLS OEWS May 2025 + BLS projections 2024–2034 + O*NET 30.3
43-4151,Order Clerks,75200,3.3,23.19,48220.0,0.5,17.08,19.07,22.2,26.11,30.54,35530.0,39660.0,46170.0,54310.0,63530.0,      Order clerks,89.5,74.1,-15.4,-17.2,5.5,8.0,44660.0,"Some college, no degree",,Short-term on-the-job training,"Some college, no degree",43-4151.00,Order Clerks,"Receive and process incoming orders for materials, merchandise, classified ads, or services such as repairs, installations, or rental of facilities. Generally receives orders via mail, phone, fax, or other electronic means. Duties include informing customers of receipt, prices, shipping dates, and delays; preparing contracts; and handling complaints.",2.0,02/2026,order clerks,BLS OEWS May 2025 + BLS projections 2024–2034 + O*NET 30.3
43-4161,"Human Resources Assistants, Except Payroll and Timekeeping",90220,1.4,25.12,52250.0,0.3,17.95,21.17,24.33,28.75,32.83,37340.0,44030.0,50610.0,59800.0,68280.0,"      Human resources assistants, except payroll and timekeeping",95.2,88.4,-6.8,-7.1,0.3,9.0,49440.0,Associate's degree,,,Associate's degree,43-4161.00,"Human Resources Assistants, Except Payroll and Timekeeping","Compile and keep personnel records. Record data for each employee, such as address, weekly earnings, absences, amount of sales or production, supervisory reports, and date of and reason for termination. May prepare reports for employment records, file employment records, or search employee files and furnish information to authorized persons.",3.0,07/2017,"human resources assistants, except payroll and timekeeping",BLS OEWS May 2025 + BLS projections 2024–2034 + O*NET 30.3
43-4171,Receptionists and Information Clerks,910180,0.9,18.97,39460.0,0.2,13.83,16.33,18.27,21.7,24.01,28760.0,33960.0,38010.0,45130.0,49950.0,      Receptionists and information clerks,1007.2,1007.6,0.3,0.0,0.6,128.5,37230.0,High school diploma or equivalent,,Short-term on-the-job training,High school diploma or equivalent,43-4171.00,Receptionists and Information Clerks,"Answer inquiries and provide information to the general public, customers, visitors, and other interested parties regarding activities conducted at establishment and location of departments, offices, and employees within the organization.",2.0,02/2026,receptionists and information clerks,BLS OEWS May 2025 + BLS projections 2024–2034 + O*NET 30.3
43-4181,Reservation and Transportation Ticket Agents and Travel Clerks,118710,1.4,23.86,49630.0,0.4,15.45,18.2,21.34,28.68,37.57,32140.0,37850.0,44390.0,59640.0,78150.0,      Reservation and transportation ticket agents and travel clerks,131.9,135.6,3.7,2.8,3.0,14.4,41460.0,High school diploma or equivalent,,Short-term on-the-job training,High school diploma or equivalent,43-4181.00,Reservation and Transportation Ticket Agents and Travel Clerks,"Make and confirm reservations for transportation or lodging, or sell transportation tickets. May check baggage and direct passengers to designated concourse, pier, or track; deliver tickets and contact individuals and groups to inform them of package tours; or provide tourists with travel or transportation information.",2.0,02/2026,reservation and transportation ticket agents and travel clerks,BLS OEWS May 2025 + BLS projections 2024–2034 + O*NET 30.3
43-4199,"Information and Record Clerks, All Other",134920,1.3,24.76,51490.0,0.2,16.28,19.67,23.8,28.83,34.34,33870.0,40910.0,49500.0,59970.0,71420.0,"      Information and record clerks, all other",153.3,153.0,-0.3,-0.2,,17.8,48360.0,High school diploma or equivalent,,Short-term on-the-job training,High school diploma or equivalent,43-4199.00,"Information and Record Clerks, All Other",All information and record clerks not listed separately.,,,"information and record clerks, all other",BLS OEWS May 2025 + BLS projections 2024–2034 + O*NET 30.3
43-5011,Cargo and Freight Agents,97670,2.5,27.52,57230.0,1.0,18.43,21.98,25.13,30.48,38.37,38340.0,45710.0,52260.0,63390.0,79810.0,      Cargo and freight agents,100.6,109.2,8.6,8.5,1.2,8.8,49900.0,High school diploma or equivalent,,Short-term on-the-job training,High school diploma or equivalent,43-5011.00,Cargo and Freight Agents,"Expedite and route movement of incoming and outgoing cargo and freight shipments in airline, train, and trucking terminals and shipping docks. Take orders from customers and arrange pickup of freight and cargo for delivery to loading platform. Prepare and examine bills of lading to determine shipping charges and tariffs.",2.0,02/2026,cargo and freight agents,BLS OEWS May 2025 + BLS projections 2024–2034 + O*NET 30.3
43-5021,Couriers and Messengers,68640,3.4,19.7,40970.0,0.4,15.17,17.34,18.85,21.77,24.2,31550.0,36070.0,39200.0,45280.0,50330.0,      Couriers and messengers,247.2,267.6,20.4,8.2,70.2,27.9,38340.0,High school diploma or equivalent,,Short-term on-the-job training,High school diploma or equivalent,43-5021.00,Couriers and Messengers,"Pick up and deliver messages, documents, packages, and other items between offices or departments within an establishment or directly to other business concerns, traveling by foot, bicycle, motorcycle, automobile, or public conveyance.",2.0,02/2026,couriers and messengers,BLS OEWS May 2025 + BLS projections 2024–2034 + O*NET 30.3
43-5031,Public Safety Telecommunicators,102500,1.2,27.28,56740.0,0.3,17.94,21.74,25.5,30.9,38.38,37320.0,45210.0,53040.0,64260.0,79830.0,        Public safety telecommunicators,105.2,108.9,3.6,3.5,,10.7,50730.0,High school diploma or equivalent,,Moderate-term on-the-job training,High school diploma or equivalent,43-5031.00,Public Safety Telecommunicators,"Operate telephone, radio, or other communication systems to receive and communicate requests for emergency assistance at 9-1-1 public safety answering points and emergency operations centers. Take information from the public and other sources regarding crimes, threats, disturbances, acts of terrorism, fires, medical emergencies, and other public safety matters. May coordinate and provide information to law enforcement and emergency response personnel. May access sensitive databases and other information sources as needed. May provide additional instructions to callers based on knowledge of and certification in law enforcement, fire, or emergency medical procedures.",2.0,02/2026,public safety telecommunicators,BLS OEWS May 2025 + BLS projections 2024–2034 + O*NET 30.3
43-5032,"Dispatchers, Except Police, Fire, and Ambulance",202810,2.3,26.32,54740.0,0.7,17.32,20.56,24.2,30.02,37.57,36030.0,42750.0,50340.0,62450.0,78140.0,"        Dispatchers, except police, fire, and ambulance",218.7,216.7,-2.1,-0.9,2.7,18.5,48880.0,High school diploma or equivalent,,Moderate-term on-the-job training,High school diploma or equivalent,43-5032.00,"Dispatchers, Except Police, Fire, and Ambulance","Schedule and dispatch workers, work crews, equipment, or service vehicles for conveyance of materials, freight, or passengers, or for normal installation, service, or emergency repairs rendered outside the place of business. Duties may include using radio, telephone, or computer to transmit assignments and compiling statistics and reports on work progress.",2.0,02/2026,"dispatchers, except police, fire, and ambulance",BLS OEWS May 2025 + BLS projections 2024–2034 + O*NET 30.3
43-5041,"Meter Readers, Utilities",19430,3.7,26.63,55380.0,1.1,16.69,18.95,23.15,31.61,41.31,34720.0,39410.0,48150.0,65750.0,85930.0,"      Meter readers, utilities",20.1,17.7,-2.4,-12.0,,1.3,49180.0,High school diploma or equivalent,,Short-term on-the-job training,High school diploma or equivalent,43-5041.00,"Meter Readers, Utilities","Read meter and record consumption of electricity, gas, water, or steam.",2.0,02/2026,"meter readers, utilities",BLS OEWS May 2025 + BLS projections 2024–2034 + O*NET 30.3
43-5051,Postal Service Clerks,73720,0.0,29.74,61860.0,0.0,20.48,27.28,29.87,34.08,36.07,42600.0,56740.0,62130.0,70890.0,75030.0,        Postal service clerks,74.2,71.6,-2.6,-3.5,,6.1,61630.0,No formal educational credential,,Short-term on-the-job training,No formal educational credential,43-5051.00,Postal Service Clerks,"Perform any combination of tasks in a United States Postal Service (USPS) post office, such as receive letters and parcels; sell postage and revenue stamps, postal cards, and stamped envelopes; fill out and sell money orders; place mail in pigeon holes of mail rack or in bags; and examine mail for correct postage. Includes postal service clerks employed by USPS contractors.",2.0,02/2026,postal service clerks,BLS OEWS May 2025 + BLS projections 2024–2034 + O*NET 30.3
43-5052,Postal Service Mail Carriers,328820,0.0,30.07,62540.0,0.0,20.38,23.53,29.11,38.94,38.96,42390.0,48940.0,60550.0,81000.0,81040.0,        Postal service mail carriers,319.4,308.1,-11.3,-3.5,,20.6,57490.0,No formal educational credential,,Short-term on-the-job training,No formal educational credential,43-5052.00,Postal Service Mail Carriers,Sort and deliver mail for the United States Postal Service (USPS). Deliver mail on established route by vehicle or on foot. Includes postal service mail carriers employed by USPS contractors.,2.0,02/2026,postal service mail carriers,BLS OEWS May 2025 + BLS projections 2024–2034 + O*NET 30.3
43-5053,"Postal Service Mail Sorters, Processors, and Processing Machine Operators",105200,0.0,28.57,59430.0,0.0,21.89,23.5,28.11,36.07,36.19,45530.0,48880.0,58470.0,75030.0,75280.0,"        Postal service mail sorters, processors, and processing machine operators",106.4,97.5,-8.9,-8.4,,7.8,56530.0,No formal educational credential,,Short-term on-the-job training,No formal educational credential,43-5053.00,"Postal Service Mail Sorters, Processors, and Processing Machine Operators","Prepare incoming and outgoing mail for distribution for the United States Postal Service (USPS). Examine, sort, and route mail. Load, operate, and occasionally adjust and repair mail processing, sorting, and canceling machinery. Keep records of shipments, pouches, and sacks, and perform other duties related to mail handling within the postal service. Includes postal service mail sorters and processors employed by USPS contractors.",2.0,02/2026,"postal service mail sorters, processors, and processing machine operators",BLS OEWS May 2025 + BLS projections 2024–2034 + O*NET 30.3
43-5061,"Production, Planning, and Expediting Clerks",390160,1.7,29.88,62150.0,0.4,19.27,22.99,28.68,36.06,41.34,40080.0,47820.0,59650.0,75000.0,86000.0,"      Production, planning, and expediting clerks",388.8,381.7,-7.1,-1.8,,34.1,57770.0,High school diploma or equivalent,,Moderate-term on-the-job training,High school diploma or equivalent,43-5061.00,"Production, Planning, and Expediting Clerks","Coordinate and expedite the flow of work and materials within or between departments of an establishment according to production schedule. Duties include reviewing and distributing production, work, and shipment schedules; conferring with department supervisors to determine progress of work and completion dates; and compiling reports on progress of work, inventory levels, costs, and production problems.",2.0,02/2026,"production, planning, and expediting clerks",BLS OEWS May 2025 + BLS projections 2024–2034 + O*NET 30.3
43-5071,"Shipping, Receiving, and Inventory Clerks",816870,0.6,22.5,46810.0,0.2,16.66,18.37,21.76,24.79,29.9,34650.0,38200.0,45260.0,51570.0,62190.0,"      Shipping, receiving, and inventory clerks",862.2,795.8,-66.3,-7.7,0.6,69.3,43190.0,High school diploma or equivalent,,Short-term on-the-job training,High school diploma or equivalent,43-5071.00,"Shipping, Receiving, and Inventory Clerks",Verify and maintain records on incoming and outgoing shipments involving inventory. Duties include verifying and recording incoming merchandise or material and arranging for the transportation of products. May prepare items for shipment.,2.0,02/2026,"shipping, receiving, and inventory clerks",BLS OEWS May 2025 + BLS projections 2024–2034 + O*NET 30.3
43-5111,"Weighers, Measurers, Checkers, and Samplers, Recordkeeping",53300,2.0,22.9,47630.0,0.4,16.97,18.84,22.3,26.37,29.28,35290.0,39180.0,46380.0,54850.0,60910.0,"      Weighers, measurers, checkers, and samplers, recordkeeping",49.8,47.4,-2.4,-4.8,0.4,5.3,45650.0,High school diploma or equivalent,,Short-term on-the-job training,High school diploma or equivalent,43-5111.00,"Weighers, Measurers, Checkers, and Samplers, Recordkeeping","Weigh, measure, and check materials, supplies, and equipment for the purpose of keeping relevant records. Duties are primarily clerical by nature. Includes workers who collect and keep record of samples of products or materials.",2.0,02/2026,"weighers, measurers, checkers, and samplers, recordkeeping",BLS OEWS May 2025 + BLS projections 2024–2034 + O*NET 30.3
43-6011,Executive Secretaries and Executive Administrative Assistants,459910,0.7,38.05,79140.0,0.5,24.31,29.52,36.82,45.38,52.81,50560.0,61390.0,76590.0,94390.0,109850.0,      Executive secretaries and executive administrative assistants,502.8,494.9,-7.9,-1.6,0.2,50.0,74260.0,High school diploma or equivalent,Less than 5 years,,High school diploma or equivalent,43-6011.00,Executive Secretaries and Executive Administrative Assistants,"Provide high-level administrative support by conducting research, preparing statistical reports, and handling information requests, as well as performing routine administrative functions such as preparing correspondence, receiving visitors, arranging conference calls, and scheduling meetings. May also train and supervise lower-level clerical staff.",3.0,07/2017,executive secretaries and executive administrative assistants,BLS OEWS May 2025 + BLS projections 2024–2034 + O*NET 30.3
43-6012,Legal Secretaries and Administrative Assistants,156280,3.1,29.14,60620.0,2.1,17.55,21.37,26.72,34.6,44.1,36500.0,44450.0,55570.0,71970.0,91730.0,      Legal secretaries and administrative assistants,156.3,147.3,-9.0,-5.8,0.5,19.6,54140.0,High school diploma or equivalent,,Moderate-term on-the-job training,High school diploma or equivalent,43-6012.00,Legal Secretaries and Administrative Assistants,"Perform secretarial duties using legal terminology, procedures, and documents. Prepare legal papers and correspondence, such as summonses, complaints, motions, and subpoenas. May also assist with legal research.",3.0,08/2024,legal secretaries and administrative assistants,BLS OEWS May 2025 + BLS projections 2024–2034 + O*NET 30.3
43-6013,Medical Secretaries and Administrative Assistants,961610,0.8,22.5,46800.0,0.3,17.27,18.54,22.08,24.32,29.1,35930.0,38570.0,45930.0,50580.0,60530.0,      Medical secretaries and administrative assistants,850.0,885.3,35.3,4.2,0.0,85.9,44640.0,High school diploma or equivalent,,Moderate-term on-the-job training,High school diploma or equivalent,43-6013.00,Medical Secretaries and Administrative Assistants,"Perform secretarial duties using specific knowledge of medical terminology and hospital, clinic, or laboratory procedures. Duties may include scheduling appointments, billing patients, and compiling and recording medical charts, reports, and correspondence.",2.0,02/2026,medical secretaries and administrative assistants,BLS OEWS May 2025 + BLS projections 2024–2034 + O*NET 30.3
43-6014,"Secretaries and Administrative Assistants, Except Legal, Medical, and Executive",1706790,0.4,23.73,49350.0,0.3,16.0,18.67,22.86,27.89,31.9,33280.0,38830.0,47540.0,58000.0,66350.0,"      Secretaries and administrative assistants, except legal, medical, and executive",1944.0,1913.2,-30.8,-1.6,1.9,202.8,46290.0,High school diploma or equivalent,,Short-term on-the-job training,High school diploma or equivalent,43-6014.00,"Secretaries and Administrative Assistants, Except Legal, Medical, and Executive","Perform routine administrative functions such as drafting correspondence, scheduling appointments, organizing and maintaining paper and electronic files, or providing information to callers.",2.0,02/2026,"secretaries and administrative assistants, except legal, medical, and executive",BLS OEWS May 2025 + BLS projections 2024–2034 + O*NET 30.3
43-9021,Data Entry Keyers,127080,2.1,20.82,43310.0,0.5,15.0,17.19,19.88,23.27,28.26,31200.0,35760.0,41340.0,48410.0,58790.0,        Data entry keyers,141.6,104.9,-36.7,-25.9,2.2,9.5,39850.0,High school diploma or equivalent,,Short-term on-the-job training,High school diploma or equivalent,43-9021.00,Data Entry Keyers,"Operate data entry device, such as keyboard or photo composing perforator. Duties may include verifying data and preparing materials for printing.",2.0,02/2026,data entry keyers,BLS OEWS May 2025 + BLS projections 2024–2034 + O*NET 30.3
43-9022,Word Processors and Typists,35010,2.5,24.58,51120.0,1.0,17.7,19.62,23.69,27.73,31.32,36810.0,40800.0,49280.0,57670.0,65150.0,        Word processors and typists,40.0,25.6,-14.4,-36.1,7.5,2.2,47850.0,High school diploma or equivalent,,Short-term on-the-job training,High school diploma or equivalent,43-9022.00,Word Processors and Typists,"Use word processor, computer, or typewriter to type letters, reports, forms, or other material from rough draft, corrected copy, or voice recording. May perform other clerical duties as assigned.",2.0,02/2026,word processors and typists,BLS OEWS May 2025 + BLS projections 2024–2034 + O*NET 30.3
43-9031,Desktop Publishers,3350,5.3,29.79,61970.0,2.2,17.16,21.02,26.58,35.5,46.23,35680.0,43730.0,55290.0,73840.0,96170.0,      Desktop publishers,5.0,4.4,-0.6,-12.4,16.8,0.4,53620.0,Associate's degree,,Short-term on-the-job training,Associate's degree,43-9031.00,Desktop Publishers,Format typescript and graphic elements using computer software to produce publication-ready material.,3.0,08/2021,desktop publishers,BLS OEWS May 2025 + BLS projections 2024–2034 + O*NET 30.3
43-9041,Insurance Claims and Policy Processing Clerks,214260,1.5,25.44,52920.0,0.4,18.06,21.29,23.67,29.08,35.38,37560.0,44270.0,49230.0,60490.0,73590.0,      Insurance claims and policy processing clerks,256.7,247.2,-9.5,-3.7,0.5,20.3,48450.0,High school diploma or equivalent,,Moderate-term on-the-job training,High school diploma or equivalent,43-9041.00,Insurance Claims and Policy Processing Clerks,"Process new insurance policies, modifications to existing policies, and claims forms. Obtain information from policyholders to verify the accuracy and completeness of information on claims forms, applications and related documents, and company records. Update existing policies and company records to reflect changes requested by policyholders and insurance company representatives.",2.0,02/2026,insurance claims and policy processing clerks,BLS OEWS May 2025 + BLS projections 2024–2034 + O*NET 30.3
43-9051,"Mail Clerks and Mail Machine Operators, Except Postal Service",55230,2.5,20.03,41650.0,0.6,14.8,17.05,18.89,22.33,26.36,30780.0,35470.0,39280.0,46450.0,54820.0,"      Mail clerks and mail machine operators, except postal service",67.4,62.9,-4.4,-6.6,2.1,6.9,38150.0,High school diploma or equivalent,,Short-term on-the-job training,High school diploma or equivalent,43-9051.00,"Mail Clerks and Mail Machine Operators, Except Postal Service","Prepare incoming and outgoing mail for distribution. Time-stamp, open, read, sort, and route incoming mail; and address, seal, stamp, fold, stuff, and affix postage to outgoing mail or packages. Duties may also include keeping necessary records and completed forms.",2.0,02/2026,"mail clerks and mail machine operators, except postal service",BLS OEWS May 2025 + BLS projections 2024–2034 + O*NET 30.3
43-9061,"Office Clerks, General",2464940,0.4,22.32,46420.0,0.2,14.57,17.48,21.64,26.11,31.1,30310.0,36350.0,45010.0,54300.0,64680.0,"      Office clerks, general",2646.0,2468.2,-177.8,-6.7,0.5,282.4,43630.0,High school diploma or equivalent,,Short-term on-the-job training,High school diploma or equivalent,43-9061.00,"Office Clerks, General","Perform duties too varied and diverse to be classified in any specific office clerical occupation, requiring knowledge of office systems and procedures. Clerical duties may be assigned in accordance with the office procedures of individual establishments and may include a combination of answering telephones, bookkeeping, typing or word processing, office machine operation, and filing.",2.0,02/2026,"office clerks, general",BLS OEWS May 2025 + BLS projections 2024–2034 + O*NET 30.3
43-9071,"Office Machine Operators, Except Computer",25130,4.1,20.78,43220.0,1.0,15.27,17.35,19.69,23.03,27.87,31750.0,36090.0,40960.0,47910.0,57960.0,"      Office machine operators, except computer",25.5,21.6,-3.9,-15.2,,2.8,39020.0,High school diploma or equivalent,,Short-term on-the-job training,High school diploma or equivalent,43-9071.00,"Office Machine Operators, Except Computer","Operate one or more of a variety of office machines, such as photocopying, photographic, and duplicating machines, or other office machines.",2.0,02/2026,"office machine operators, except computer",BLS OEWS May 2025 + BLS projections 2024–2034 + O*NET 30.3
43-9081,Proofreaders and Copy Markers,4580,8.0,26.35,54800.0,1.4,16.59,19.79,24.58,29.99,38.12,34510.0,41170.0,51120.0,62390.0,79290.0,      Proofreaders and copy markers,12.0,11.9,-0.1,-0.6,31.2,1.9,49210.0,Bachelor's degree,,,Bachelor's degree,43-9081.00,Proofreaders and Copy Markers,"Read transcript or proof type setup to detect and mark for correction any grammatical, typographical, or compositional errors. Excludes workers whose primary duty is editing copy. Includes proofreaders of braille.",4.0,07/2016,proofreaders and copy markers,BLS OEWS May 2025 + BLS projections 2024–2034 + O*NET 30.3
43-9111,Statistical Assistants,4710,11.9,26.75,55650.0,3.2,17.3,20.6,24.2,30.75,39.42,35990.0,42840.0,50330.0,63950.0,81990.0,      Statistical assistants,6.5,6.3,-0.2,-2.5,,0.8,51440.0,Bachelor's degree,,,Bachelor's degree,43-9111.00,Statistical Assistants,Compile and compute data according to statistical formulas for use in statistical studies. May perform actuarial computations and compile charts and graphs for use by actuaries. Includes actuarial clerks.,4.0,07/2015,statistical assistants,BLS OEWS May 2025 + BLS projections 2024–2034 + O*NET 30.3
43-9199,"Office and Administrative Support Workers, All Other",192260,1.1,23.4,48670.0,0.4,14.95,16.5,21.96,28.11,34.59,31090.0,34320.0,45670.0,58460.0,71940.0,"      Office and administrative support workers, all other",232.9,214.8,-18.1,-7.8,9.8,21.3,46040.0,High school diploma or equivalent,,Short-term on-the-job training,High school diploma or equivalent,43-9199.00,"Office and Administrative Support Workers, All Other",All office and administrative support workers not listed separately.,,,"office and administrative support workers, all other",BLS OEWS May 2025 + BLS projections 2024–2034 + O*NET 30.3
45-1011,"First-Line Supervisors of Farming, Fishing, and Forestry Workers",27960,2.1,30.16,62730.0,0.8,18.75,22.44,28.52,36.2,44.12,38990.0,46670.0,59320.0,75290.0,91770.0,"      First-line supervisors of farming, fishing, and forestry workers",65.4,67.0,1.6,2.5,11.4,8.5,59330.0,High school diploma or equivalent,Less than 5 years,,High school diploma or equivalent,45-1011.00,"First-Line Supervisors of Farming, Fishing, and Forestry Workers","Directly supervise and coordinate the activities of agricultural, forestry, aquacultural, and related workers.",3.0,08/2022,"first-line supervisors of farming, fishing, and forestry workers",BLS OEWS May 2025 + BLS projections 2024–2034 + O*NET 30.3
45-2011,Agricultural Inspectors,14410,1.9,26.4,54910.0,0.4,17.8,20.35,24.01,31.01,38.26,37020.0,42330.0,49940.0,64500.0,79580.0,      Agricultural inspectors,14.7,14.9,0.2,1.5,,2.2,50990.0,Bachelor's degree,,Moderate-term on-the-job training,Bachelor's degree,45-2011.00,Agricultural Inspectors,"Inspect agricultural commodities, processing equipment, and facilities, and fish and logging operations, to ensure compliance with regulations and laws governing health, quality, and safety.",2.0,02/2026,agricultural inspectors,BLS OEWS May 2025 + BLS projections 2024–2034 + O*NET 30.3
45-2021,Animal Breeders,1330,14.9,27.41,57010.0,4.2,18.5,21.31,24.58,29.85,43.53,38480.0,44320.0,51130.0,62080.0,90550.0,      Animal breeders,7.9,8.1,0.2,2.4,3.4,1.2,52000.0,High school diploma or equivalent,,Short-term on-the-job training,High school diploma or equivalent,45-2021.00,Animal Breeders,"Select and breed animals according to their genealogy, characteristics, and offspring. May require knowledge of artificial insemination techniques and equipment use. May involve keeping records on heats, birth intervals, or pedigree.",2.0,02/2026,animal breeders,BLS OEWS May 2025 + BLS projections 2024–2034 + O*NET 30.3
45-2041,"Graders and Sorters, Agricultural Products",25180,2.8,17.51,36430.0,0.7,14.22,16.5,17.18,18.39,21.39,29580.0,34320.0,35730.0,38260.0,44490.0,"      Graders and sorters, agricultural products",38.9,36.8,-2.1,-5.4,,5.1,35430.0,No formal educational credential,,Short-term on-the-job training,No formal educational credential,45-2041.00,"Graders and Sorters, Agricultural Products","Grade, sort, or classify unprocessed food and other agricultural products by size, weight, color, or condition.",2.0,02/2026,"graders and sorters, agricultural products",BLS OEWS May 2025 + BLS projections 2024–2034 + O*NET 30.3
45-2091,Agricultural Equipment Operators,28500,3.6,21.02,43710.0,0.8,16.11,17.7,20.06,23.12,28.2,33500.0,36810.0,41730.0,48100.0,58650.0,        Agricultural equipment operators,65.2,70.3,5.0,7.7,7.1,10.5,42580.0,No formal educational credential,,Moderate-term on-the-job training,No formal educational credential,45-2091.00,Agricultural Equipment Operators,"Drive and control equipment to support agricultural activities such as tilling soil; planting, cultivating, and harvesting crops; feeding and herding livestock; or removing animal waste. May perform tasks such as crop baling or hay bucking. May operate stationary equipment to perform post-harvest tasks such as husking, shelling, threshing, and ginning.",2.0,02/2026,agricultural equipment operators,BLS OEWS May 2025 + BLS projections 2024–2034 + O*NET 30.3
45-2092,"Farmworkers and Laborers, Crop, Nursery, and Greenhouse",265500,1.0,18.09,37630.0,0.4,15.82,16.5,17.15,18.67,21.96,32900.0,34320.0,35660.0,38840.0,45690.0,"        Farmworkers and laborers, crop, nursery, and greenhouse",504.8,488.1,-16.8,-3.3,7.9,71.7,35690.0,No formal educational credential,,Short-term on-the-job training,No formal educational credential,45-2092.00,"Farmworkers and Laborers, Crop, Nursery, and Greenhouse","Manually plant, cultivate, and harvest vegetables, fruits, nuts, horticultural specialties, and field crops. Use hand tools, such as shovels, trowels, hoes, tampers, pruning hooks, shears, and knives. Duties may include tilling soil and applying fertilizers; transplanting, weeding, thinning, or pruning crops; applying pesticides; or cleaning, grading, sorting, packing, and loading harvested products. May construct trellises, repair fences and farm buildings, or participate in irrigation activities.",2.0,02/2026,"farmworkers and laborers, crop, nursery, and greenhouse",BLS OEWS May 2025 + BLS projections 2024–2034 + O*NET 30.3
45-2093,"Farmworkers, Farm, Ranch, and Aquacultural Animals",32810,2.3,18.88,39260.0,0.7,13.15,14.91,17.63,21.97,26.0,27360.0,31020.0,36670.0,45700.0,54080.0,"        Farmworkers, farm, ranch, and aquacultural animals",224.6,213.4,-11.1,-5.0,2.3,31.2,36150.0,No formal educational credential,,Short-term on-the-job training,No formal educational credential,45-2093.00,"Farmworkers, Farm, Ranch, and Aquacultural Animals","Attend to live farm, ranch, open range or aquacultural animals that may include cattle, sheep, swine, goats, horses and other equines, poultry, rabbits, finfish, shellfish, and bees. Attend to animals produced for animal products, such as meat, fur, skins, feathers, eggs, milk, and honey. Duties may include feeding, watering, herding, grazing, milking, castrating, branding, de-beaking, weighing, catching, and loading animals. May maintain records on animals; examine animals to detect diseases and injuries; assist in birth deliveries; and administer medications, vaccinations, or insecticides as appropriate. May clean and maintain animal housing areas. Includes workers who shear wool from sheep and collect eggs in hatcheries.",2.0,02/2026,"farmworkers, farm, ranch, and aquacultural animals",BLS OEWS May 2025 + BLS projections 2024–2034 + O*NET 30.3
45-2099,"Agricultural Workers, All Other",3620,7.0,21.88,45510.0,2.2,13.35,15.93,19.16,25.62,36.99,27760.0,33140.0,39850.0,53290.0,76940.0,"        Agricultural workers, all other",10.1,10.3,0.2,2.3,5.8,1.5,40390.0,No formal educational credential,,Short-term on-the-job training,No formal educational credential,45-2099.00,"Agricultural Workers, All Other",All agricultural workers not listed separately.,,,"agricultural workers, all other",BLS OEWS May 2025 + BLS projections 2024–2034 + O*NET 30.3
45-4011,Forest and Conservation Workers,6050,6.4,21.0,43680.0,1.2,16.24,18.0,21.0,22.0,27.51,33780.0,37440.0,43680.0,45760.0,57220.0,      Forest and conservation workers,10.8,10.3,-0.5,-4.7,15.1,2.0,43680.0,High school diploma or equivalent,,Moderate-term on-the-job training,High school diploma or equivalent,45-4011.00,Forest and Conservation Workers,"Under supervision, perform manual labor necessary to develop, maintain, or protect areas such as forests, forested areas, woodlands, wetlands, and rangelands through such activities as raising and transporting seedlings; combating insects, pests, and diseases harmful to plant life; and building structures to control water, erosion, and leaching of soil. Includes forester aides, seedling pullers, tree planters, and gatherers of nontimber forestry products such as pine straw.",2.0,02/2026,forest and conservation workers,BLS OEWS May 2025 + BLS projections 2024–2034 + O*NET 30.3
45-4021,Fallers,3130,7.7,27.46,57110.0,2.9,16.91,19.89,25.05,30.48,39.6,35180.0,41360.0,52100.0,63390.0,82360.0,        Fallers,5.6,5.2,-0.4,-7.3,29.6,0.7,53900.0,High school diploma or equivalent,,Moderate-term on-the-job training,High school diploma or equivalent,45-4021.00,Fallers,Use axes or chainsaws to fell trees using knowledge of tree characteristics and cutting techniques to control direction of fall and minimize tree damage.,2.0,02/2026,fallers,BLS OEWS May 2025 + BLS projections 2024–2034 + O*NET 30.3
45-4022,Logging Equipment Operators,21060,2.1,25.57,53190.0,0.9,16.91,21.14,23.91,29.35,35.72,35170.0,43970.0,49740.0,61050.0,74300.0,        Logging equipment operators,30.9,30.5,-0.4,-1.4,29.1,4.2,49210.0,High school diploma or equivalent,,Moderate-term on-the-job training,High school diploma or equivalent,45-4022.00,Logging Equipment Operators,"Drive logging tractor or wheeled vehicle equipped with one or more accessories, such as bulldozer blade, frontal shear, grapple, logging arch, cable winches, hoisting rack, or crane boom, to fell tree; to skid, load, unload, or stack logs; or to pull stumps or clear brush. Includes operating stand-alone logging machines, such as log chippers.",2.0,02/2026,logging equipment operators,BLS OEWS May 2025 + BLS projections 2024–2034 + O*NET 30.3
45-4023,Log Graders and Scalers,3070,5.2,22.97,47770.0,1.5,16.8,18.16,22.27,27.04,30.0,34950.0,37780.0,46330.0,56250.0,62400.0,        Log graders and scalers,4.6,4.6,0.0,-0.7,28.3,0.6,46710.0,High school diploma or equivalent,,Moderate-term on-the-job training,High school diploma or equivalent,45-4023.00,Log Graders and Scalers,"Grade logs or estimate the marketable content or value of logs or pulpwood in sorting yards, millpond, log deck, or similar locations. Inspect logs for defects or measure logs to determine volume.",2.0,02/2026,log graders and scalers,BLS OEWS May 2025 + BLS projections 2024–2034 + O*NET 30.3
45-4029,"Logging Workers, All Other",1700,9.7,25.44,52910.0,2.0,17.49,20.15,24.44,29.54,33.34,36380.0,41900.0,50840.0,61450.0,69350.0,"        Logging workers, all other",3.1,3.0,-0.1,-4.7,27.6,0.4,52000.0,High school diploma or equivalent,,Moderate-term on-the-job training,High school diploma or equivalent,45-4029.00,"Logging Workers, All Other",All logging workers not listed separately.,,,"logging workers, all other",BLS OEWS May 2025 + BLS projections 2024–2034 + O*NET 30.3
47-1011,First-Line Supervisors of Construction Trades and Extraction Workers,812210,0.6,41.56,86450.0,0.3,25.62,30.48,38.42,48.78,61.66,53280.0,63400.0,79920.0,101460.0,128260.0,      First-line supervisors of construction trades and extraction workers,921.6,970.6,49.0,5.3,11.5,74.4,78690.0,High school diploma or equivalent,5 years or more,,High school diploma or equivalent,47-1011.00,First-Line Supervisors of Construction Trades and Extraction Workers,Directly supervise and coordinate activities of construction or extraction workers.,3.0,08/2020,first-line supervisors of construction trades and extraction workers,BLS OEWS May 2025 + BLS projections 2024–2034 + O*NET 30.3
47-2011,Boilermakers,10190,5.3,38.5,80090.0,1.5,24.28,31.13,36.74,45.88,53.06,50490.0,64760.0,76410.0,95430.0,110370.0,      Boilermakers,10.4,10.1,-0.2,-2.4,,0.8,73340.0,High school diploma or equivalent,,Apprenticeship,High school diploma or equivalent,47-2011.00,Boilermakers,"Construct, assemble, maintain, and repair stationary steam boilers and boiler house auxiliaries. Align structures or plate sections to assemble boiler frame tanks or vats, following blueprints. Work involves use of hand and power tools, plumb bobs, levels, wedges, dogs, or turnbuckles. Assist in testing assembled vessels. Direct cleaning of boilers and boiler furnaces. Inspect and repair boiler fittings, such as safety valves, regulators, automatic-control mechanisms, water columns, and auxiliary machines.",2.0,02/2026,boilermakers,BLS OEWS May 2025 + BLS projections 2024–2034 + O*NET 30.3
47-2021,Brickmasons and Blockmasons,52550,2.3,32.83,68280.0,1.0,21.55,24.57,29.87,38.15,48.08,44820.0,51110.0,62120.0,79350.0,100010.0,        Brickmasons and blockmasons,74.1,76.4,2.4,3.2,27.1,5.6,60800.0,High school diploma or equivalent,,Apprenticeship,High school diploma or equivalent,47-2021.00,Brickmasons and Blockmasons,"Lay and bind building materials, such as brick, structural tile, concrete block, cinder block, glass block, and terra-cotta block, with mortar and other substances, to construct or repair walls, partitions, arches, sewers, and other structures.",2.0,02/2026,brickmasons and blockmasons,BLS OEWS May 2025 + BLS projections 2024–2034 + O*NET 30.3
47-2022,Stonemasons,7820,9.8,29.19,60710.0,3.2,18.89,21.85,27.59,34.44,41.43,39300.0,45450.0,57390.0,71630.0,86180.0,        Stonemasons,12.1,11.8,-0.4,-3.0,27.3,0.8,51990.0,High school diploma or equivalent,,Apprenticeship,High school diploma or equivalent,47-2022.00,Stonemasons,"Build stone structures, such as piers, walls, and abutments. Lay walks, curbstones, or special types of masonry for vats, tanks, and floors.",2.0,02/2026,stonemasons,BLS OEWS May 2025 + BLS projections 2024–2034 + O*NET 30.3
47-2031,Carpenters,670090,0.9,31.55,65630.0,0.4,19.43,23.32,29.12,36.94,48.03,40410.0,48510.0,60580.0,76830.0,99910.0,      Carpenters,959.0,1002.1,43.1,4.5,26.8,74.1,59310.0,High school diploma or equivalent,,Apprenticeship,High school diploma or equivalent,47-2031.00,Carpenters,"Construct, erect, install, or repair structures and fixtures made of wood and comparable materials, such as concrete forms; building frameworks, including partitions, joists, studding, and rafters; and wood stairways, window and door frames, and hardwood floors. May also install cabinets, siding, drywall, and batt or roll insulation. Includes brattice builders who build doors or brattices (ventilation walls or partitions) in underground passageways.",2.0,02/2026,carpenters,BLS OEWS May 2025 + BLS projections 2024–2034 + O*NET 30.3
47-2041,Carpet Installers,13780,5.6,27.4,56990.0,2.2,17.05,20.18,24.2,31.89,39.49,35450.0,41970.0,50340.0,66320.0,82140.0,        Carpet installers,20.3,18.3,-1.9,-9.6,25.6,1.1,49850.0,No formal educational credential,,Short-term on-the-job training,No formal educational credential,47-2041.00,Carpet Installers,Lay and install carpet from rolls or blocks on floors. Install padding and trim flooring materials.,2.0,02/2026,carpet installers,BLS OEWS May 2025 + BLS projections 2024–2034 + O*NET 30.3
47-2042,"Floor Layers, Except Carpet, Wood, and Hard Tiles",23640,4.6,29.69,61760.0,1.8,18.08,21.95,27.15,35.5,46.49,37600.0,45660.0,56460.0,73840.0,96700.0,"        Floor layers, except carpet, wood, and hard tiles",33.7,36.9,3.2,9.5,25.7,2.7,54340.0,No formal educational credential,,Moderate-term on-the-job training,No formal educational credential,47-2042.00,"Floor Layers, Except Carpet, Wood, and Hard Tiles","Apply blocks, strips, or sheets of shock-absorbing, sound-deadening, or decorative coverings to floors.",2.0,02/2026,"floor layers, except carpet, wood, and hard tiles",BLS OEWS May 2025 + BLS projections 2024–2034 + O*NET 30.3
47-2043,Floor Sanders and Finishers,3720,14.2,25.22,52460.0,2.6,17.82,20.0,24.25,28.66,33.82,37070.0,41600.0,50440.0,59620.0,70340.0,        Floor sanders and finishers,5.6,5.8,0.1,2.6,25.7,0.4,49150.0,No formal educational credential,,Moderate-term on-the-job training,No formal educational credential,47-2043.00,Floor Sanders and Finishers,"Scrape and sand wooden floors to smooth surfaces using floor scraper and floor sanding machine, and apply coats of finish.",2.0,02/2026,floor sanders and finishers,BLS OEWS May 2025 + BLS projections 2024–2034 + O*NET 30.3
47-2044,Tile and Stone Setters,35850,3.9,28.49,59250.0,1.4,17.86,21.73,26.77,33.76,41.4,37140.0,45200.0,55690.0,70220.0,86110.0,        Tile and stone setters,52.6,58.0,5.3,10.1,25.7,4.2,52240.0,No formal educational credential,,Long-term on-the-job training,No formal educational credential,47-2044.00,Tile and Stone Setters,"Apply hard tile, stone, and comparable materials to walls, floors, ceilings, countertops, and roof decks.",2.0,02/2026,tile and stone setters,BLS OEWS May 2025 + BLS projections 2024–2034 + O*NET 30.3
47-2051,Cement Masons and Concrete Finishers,206170,1.7,28.87,60050.0,0.5,18.84,22.6,27.41,32.15,41.1,39190.0,47010.0,57020.0,66870.0,85480.0,        Cement masons and concrete finishers,206.7,210.4,3.8,1.8,1.0,14.3,54660.0,No formal educational credential,,Moderate-term on-the-job training,No formal educational credential,47-2051.00,Cement Masons and Concrete Finishers,"Smooth and finish surfaces of poured concrete, such as floors, walks, sidewalks, roads, or curbs using a variety of hand and power tools. Align forms for sidewalks, curbs, or gutters; patch voids; and use saws to cut expansion joints.",2.0,02/2026,cement masons and concrete finishers,BLS OEWS May 2025 + BLS projections 2024–2034 + O*NET 30.3
47-2053,Terrazzo Workers and Finishers,1180,30.0,40.83,84920.0,13.7,22.16,26.36,36.62,55.18,60.64,46090.0,54830.0,76170.0,114780.0,126130.0,        Terrazzo workers and finishers,1.5,1.3,-0.2,-11.1,,0.1,57260.0,High school diploma or equivalent,,Apprenticeship,High school diploma or equivalent,47-2053.00,Terrazzo Workers and Finishers,"Apply a mixture of cement, sand, pigment, or marble chips to floors, stairways, and cabinet fixtures to fashion durable and decorative surfaces.",2.0,02/2026,terrazzo workers and finishers,BLS OEWS May 2025 + BLS projections 2024–2034 + O*NET 30.3
47-2061,Construction Laborers,1096780,0.8,25.02,52030.0,0.3,16.87,18.57,22.66,28.72,37.54,35090.0,38620.0,47120.0,59740.0,78090.0,      Construction laborers,1457.0,1563.4,106.5,7.3,26.9,129.4,46730.0,No formal educational credential,,Short-term on-the-job training,No formal educational credential,47-2061.00,Construction Laborers,"Perform tasks involving physical labor at construction sites. May operate hand and power tools of all types: air hammers, earth tampers, cement mixers, small mechanical hoists, surveying and measuring equipment, and a variety of other equipment and instruments. May clean and prepare sites, dig trenches, set braces to support the sides of excavations, erect scaffolding, and clean up rubble, debris, and other waste materials. May assist other craft workers.",2.0,02/2026,construction laborers,BLS OEWS May 2025 + BLS projections 2024–2034 + O*NET 30.3
47-2071,"Paving, Surfacing, and Tamping Equipment Operators",41820,3.4,28.37,59000.0,0.9,18.38,21.93,25.64,31.12,44.34,38230.0,45610.0,53340.0,64720.0,92230.0,"        Paving, surfacing, and tamping equipment operators",47.0,48.6,1.5,3.2,2.7,4.0,51650.0,High school diploma or equivalent,,Moderate-term on-the-job training,High school diploma or equivalent,47-2071.00,"Paving, Surfacing, and Tamping Equipment Operators","Operate equipment used for applying concrete, asphalt, or other materials to road beds, parking lots, or airport runways and taxiways or for tamping gravel, dirt, or other materials. Includes concrete and asphalt paving machine operators, form tampers, tamping machine operators, and stone spreader operators.",2.0,02/2026,"paving, surfacing, and tamping equipment operators",BLS OEWS May 2025 + BLS projections 2024–2034 + O*NET 30.3
47-2072,Pile Driver Operators,2310,8.5,38.81,80710.0,2.8,23.46,28.13,35.24,51.17,59.91,48790.0,58510.0,73300.0,106430.0,124600.0,        Pile driver operators,3.2,3.3,0.1,4.3,3.0,0.3,70510.0,High school diploma or equivalent,,Moderate-term on-the-job training,High school diploma or equivalent,47-2072.00,Pile Driver Operators,"Operate pile drivers mounted on skids, barges, crawler treads, or locomotive cranes to drive pilings for retaining walls, bulkheads, and foundations of structures such as buildings, bridges, and piers.",2.0,02/2026,pile driver operators,BLS OEWS May 2025 + BLS projections 2024–2034 + O*NET 30.3
47-2073,Operating Engineers and Other Construction Equipment Operators,478090,0.8,31.87,66290.0,0.4,20.28,23.4,28.78,37.1,48.6,42190.0,48680.0,59850.0,77170.0,101090.0,        Operating engineers and other construction equipment operators,489.3,507.1,17.8,3.6,2.5,41.9,58710.0,High school diploma or equivalent,,Moderate-term on-the-job training,High school diploma or equivalent,47-2073.00,Operating Engineers and Other Construction Equipment Operators,"Operate one or several types of power construction equipment, such as motor graders, bulldozers, scrapers, compressors, pumps, derricks, shovels, tractors, or front-end loaders to excavate, move, and grade earth, erect structures, or pour concrete or other hard surface pavement. May repair and maintain equipment in addition to other duties.",2.0,02/2026,operating engineers and other construction equipment operators,BLS OEWS May 2025 + BLS projections 2024–2034 + O*NET 30.3
47-2081,Drywall and Ceiling Tile Installers,83080,2.5,30.58,63600.0,1.1,18.49,22.81,28.33,35.69,49.04,38460.0,47440.0,58930.0,74230.0,102010.0,        Drywall and ceiling tile installers,103.1,107.4,4.3,4.2,19.5,7.7,58140.0,No formal educational credential,,Moderate-term on-the-job training,No formal educational credential,47-2081.00,Drywall and Ceiling Tile Installers,"Apply plasterboard or other wallboard to ceilings or interior walls of buildings. Apply or mount acoustical tiles or blocks, strips, or sheets of shock-absorbing materials to ceilings and walls of buildings to reduce or reflect sound. Materials may be of decorative quality. Includes lathers who fasten wooden, metal, or rockboard lath to walls, ceilings, or partitions of buildings to provide support base for plaster, fireproofing, or acoustical material.",2.0,02/2026,drywall and ceiling tile installers,BLS OEWS May 2025 + BLS projections 2024–2034 + O*NET 30.3
47-2082,Tapers,12840,7.4,34.96,72710.0,2.0,21.0,25.35,32.82,42.57,51.5,43670.0,52730.0,68270.0,88540.0,107110.0,        Tapers,15.6,15.6,0.0,0.1,19.5,1.1,64700.0,No formal educational credential,,Moderate-term on-the-job training,No formal educational credential,47-2082.00,Tapers,Seal joints between plasterboard or other wallboard to prepare wall surface for painting or papering.,2.0,02/2026,tapers,BLS OEWS May 2025 + BLS projections 2024–2034 + O*NET 30.3
47-2111,Electricians,757220,0.8,34.37,71490.0,0.4,20.5,23.76,30.38,40.36,52.17,42640.0,49430.0,63190.0,83940.0,108510.0,      Electricians,818.7,896.1,77.4,9.5,7.8,81.0,62350.0,High school diploma or equivalent,,Apprenticeship,High school diploma or equivalent,47-2111.00,Electricians,"Install, maintain, and repair electrical wiring, equipment, and fixtures. Ensure that work is in accordance with relevant codes. May install or service street lights, intercom systems, or electrical control systems.",3.0,08/2022,electricians,BLS OEWS May 2025 + BLS projections 2024–2034 + O*NET 30.3
47-2121,Glaziers,58480,2.8,28.71,59720.0,1.2,17.93,22.27,27.44,32.03,43.17,37300.0,46320.0,57080.0,66610.0,89790.0,      Glaziers,60.5,62.5,2.0,3.3,7.1,5.1,55440.0,High school diploma or equivalent,,Apprenticeship,High school diploma or equivalent,47-2121.00,Glaziers,"Install glass in windows, skylights, store fronts, and display cases, or on surfaces, such as building fronts, interior walls, ceilings, and tabletops.",2.0,02/2026,glaziers,BLS OEWS May 2025 + BLS projections 2024–2034 + O*NET 30.3
47-2131,"Insulation Workers, Floor, Ceiling, and Wall",44440,4.4,26.32,54740.0,1.4,17.8,20.77,23.62,29.32,37.59,37030.0,43200.0,49120.0,60980.0,78190.0,"        Insulation workers, floor, ceiling, and wall",40.2,41.7,1.5,3.8,3.5,3.4,48680.0,No formal educational credential,,Short-term on-the-job training,No formal educational credential,47-2131.00,"Insulation Workers, Floor, Ceiling, and Wall","Line and cover structures with insulating materials. May work with batt, roll, or blown insulation materials.",2.0,02/2026,"insulation workers, floor, ceiling, and wall",BLS OEWS May 2025 + BLS projections 2024–2034 + O*NET 30.3
47-2132,"Insulation Workers, Mechanical",25660,5.2,31.5,65530.0,2.1,20.42,23.13,28.05,37.19,48.19,42470.0,48100.0,58340.0,77360.0,100220.0,"        Insulation workers, mechanical",27.2,28.5,1.3,4.7,3.3,2.3,57250.0,High school diploma or equivalent,,Apprenticeship,High school diploma or equivalent,47-2132.00,"Insulation Workers, Mechanical","Apply insulating materials to pipes or ductwork, or other mechanical systems in order to help control and maintain temperature.",2.0,02/2026,"insulation workers, mechanical",BLS OEWS May 2025 + BLS projections 2024–2034 + O*NET 30.3
47-2141,"Painters, Construction and Maintenance",225190,1.6,26.64,55420.0,0.6,18.0,21.46,23.75,29.65,37.89,37440.0,44640.0,49400.0,61660.0,78810.0,"        Painters, construction and maintenance",342.2,355.2,13.0,3.8,33.8,28.1,48660.0,No formal educational credential,,Moderate-term on-the-job training,No formal educational credential,47-2141.00,"Painters, Construction and Maintenance","Paint walls, equipment, buildings, bridges, and other structural surfaces, using brushes, rollers, and spray guns. May remove old paint to prepare surface prior to painting. May mix colors or oils to obtain desired color or consistency.",2.0,02/2026,"painters, construction and maintenance",BLS OEWS May 2025 + BLS projections 2024–2034 + O*NET 30.3
47-2142,Paperhangers,1570,11.3,25.83,53730.0,2.6,17.32,21.58,25.07,28.93,33.2,36020.0,44890.0,52140.0,60180.0,69050.0,        Paperhangers,2.3,2.5,0.1,5.3,34.8,0.2,48260.0,No formal educational credential,,Long-term on-the-job training,No formal educational credential,47-2142.00,Paperhangers,"Cover interior walls or ceilings of rooms with decorative wallpaper or fabric, or attach advertising posters on surfaces such as walls and billboards. May remove old materials or prepare surfaces to be papered.",2.0,02/2026,paperhangers,BLS OEWS May 2025 + BLS projections 2024–2034 + O*NET 30.3
47-2151,Pipelayers,33050,3.1,26.3,54700.0,1.1,18.14,21.15,23.56,29.52,38.55,37730.0,43980.0,49000.0,61400.0,80170.0,        Pipelayers,34.4,32.9,-1.4,-4.1,,2.4,48710.0,No formal educational credential,,Short-term on-the-job training,No formal educational credential,47-2151.00,Pipelayers,"Lay pipe for storm or sanitation sewers, drains, and water mains. Perform any combination of the following tasks: grade trenches or culverts, position pipe, or seal joints.",2.0,02/2026,pipelayers,BLS OEWS May 2025 + BLS projections 2024–2034 + O*NET 30.3
47-2152,"Plumbers, Pipefitters, and Steamfitters",465840,1.3,34.7,72170.0,0.6,21.22,24.13,30.67,40.92,52.13,44150.0,50190.0,63800.0,85110.0,108420.0,"        Plumbers, pipefitters, and steamfitters",504.5,527.2,22.7,4.5,7.8,44.0,62970.0,High school diploma or equivalent,,Apprenticeship,High school diploma or equivalent,47-2152.00,"Plumbers, Pipefitters, and Steamfitters","Assemble, install, alter, and repair pipelines or pipe systems that carry water, steam, air, or other liquids or gases. May install heating and cooling equipment and mechanical control systems. Includes sprinkler fitters.",3.0,08/2022,"plumbers, pipefitters, and steamfitters",BLS OEWS May 2025 + BLS projections 2024–2034 + O*NET 30.3
47-2161,Plasterers and Stucco Masons,19310,5.8,29.83,62050.0,2.6,19.02,23.06,27.72,34.28,46.5,39560.0,47970.0,57660.0,71310.0,96710.0,      Plasterers and stucco masons,24.2,25.2,1.0,4.1,13.4,1.9,56020.0,No formal educational credential,,Long-term on-the-job training,No formal educational credential,47-2161.00,Plasterers and Stucco Masons,"Apply interior or exterior plaster, cement, stucco, or similar materials. May also set ornamental plaster.",2.0,02/2026,plasterers and stucco masons,BLS OEWS May 2025 + BLS projections 2024–2034 + O*NET 30.3
47-2171,Reinforcing Iron and Rebar Workers,13800,7.7,31.76,66060.0,2.6,20.82,23.07,28.35,37.17,50.26,43310.0,47990.0,58970.0,77320.0,104540.0,      Reinforcing iron and rebar workers,19.4,20.3,0.9,4.6,27.7,1.5,59280.0,High school diploma or equivalent,,Apprenticeship,High school diploma or equivalent,47-2171.00,Reinforcing Iron and Rebar Workers,"Position and secure steel bars or mesh in concrete forms in order to reinforce concrete. Use a variety of fasteners, rod-bending machines, blowtorches, and hand tools. Includes rod busters.",2.0,02/2026,reinforcing iron and rebar workers,BLS OEWS May 2025 + BLS projections 2024–2034 + O*NET 30.3
47-2181,Roofers,135490,1.4,27.95,58140.0,0.6,18.01,22.24,26.65,31.44,39.29,37460.0,46260.0,55440.0,65390.0,81720.0,      Roofers,166.7,176.5,9.8,5.9,18.3,12.7,50970.0,No formal educational credential,,Moderate-term on-the-job training,No formal educational credential,47-2181.00,Roofers,"Cover roofs of structures with shingles, slate, asphalt, aluminum, wood, or related materials. May spray roofs, sidings, and walls with material to bind, seal, insulate, or soundproof sections of structures.",2.0,02/2026,roofers,BLS OEWS May 2025 + BLS projections 2024–2034 + O*NET 30.3
47-2211,Sheet Metal Workers,119770,2.4,32.62,67850.0,0.9,18.57,22.99,29.71,39.24,50.79,38630.0,47830.0,61800.0,81610.0,105650.0,      Sheet metal workers,127.0,130.1,3.1,2.4,6.5,10.6,60850.0,High school diploma or equivalent,,Apprenticeship,High school diploma or equivalent,47-2211.00,Sheet Metal Workers,"Fabricate, assemble, install, and repair sheet metal products and equipment, such as ducts, control boxes, drainpipes, and furnace casings. Work may involve any of the following: setting up and operating fabricating machines to cut, bend, and straighten sheet metal; shaping metal over anvils, blocks, or forms using hammer; operating soldering and welding equipment to join sheet metal parts; or inspecting, assembling, and smoothing seams and joints of burred surfaces. Includes sheet metal duct installers who install prefabricated sheet metal ducts used for heating, air conditioning, or other purposes.",2.0,02/2026,sheet metal workers,BLS OEWS May 2025 + BLS projections 2024–2034 + O*NET 30.3
47-2221,Structural Iron and Steel Workers,68380,3.5,33.79,70280.0,1.2,21.43,23.98,30.18,39.74,52.05,44580.0,49880.0,62780.0,82660.0,108260.0,      Structural iron and steel workers,65.7,68.6,2.9,4.4,1.9,5.5,62700.0,High school diploma or equivalent,,Apprenticeship,High school diploma or equivalent,47-2221.00,Structural Iron and Steel Workers,"Raise, place, and unite iron or steel girders, columns, and other structural members to form completed structures or structural frameworks. May erect metal storage tanks and assemble prefabricated metal buildings.",2.0,02/2026,structural iron and steel workers,BLS OEWS May 2025 + BLS projections 2024–2034 + O*NET 30.3
47-2231,Solar Photovoltaic Installers,31350,6.1,27.84,57900.0,1.2,20.0,22.45,25.55,30.23,38.45,41600.0,46700.0,53140.0,62870.0,79970.0,      Solar photovoltaic installers,28.6,40.6,12.0,42.1,,4.1,51860.0,High school diploma or equivalent,,Moderate-term on-the-job training,High school diploma or equivalent,47-2231.00,Solar Photovoltaic Installers,"Assemble, install, or maintain solar photovoltaic (PV) systems on roofs or other structures in compliance with site assessment and schematics. May include measuring, cutting, assembling, and bolting structural framing and solar modules. May perform minor electrical work such as current checks.",2.0,02/2026,solar photovoltaic installers,BLS OEWS May 2025 + BLS projections 2024–2034 + O*NET 30.3
47-3011,"Helpers--Brickmasons, Blockmasons, Stonemasons, and Tile and Marble Setters",14170,5.2,24.48,50920.0,1.3,17.42,19.28,22.86,27.88,33.69,36230.0,40100.0,47550.0,57980.0,70080.0,"      Helpers--brickmasons, blockmasons, stonemasons, and tile and marble setters",16.1,14.4,-1.7,-10.5,1.8,1.4,46480.0,No formal educational credential,,Short-term on-the-job training,No formal educational credential,47-3011.00,"Helpers--Brickmasons, Blockmasons, Stonemasons, and Tile and Marble Setters","Help brickmasons, blockmasons, stonemasons, or tile and marble setters by performing duties requiring less skill. Duties include using, supplying, or holding materials or tools, and cleaning work area and equipment.",2.0,02/2026,"helpers--brickmasons, blockmasons, stonemasons, and tile and marble setters",BLS OEWS May 2025 + BLS projections 2024–2034 + O*NET 30.3
47-3012,Helpers--Carpenters,21680,5.4,21.18,44050.0,1.0,15.22,17.66,21.05,23.75,27.73,31660.0,36730.0,43780.0,49400.0,57670.0,      Helpers--carpenters,25.2,26.4,1.1,4.5,1.8,2.7,41600.0,No formal educational credential,,Short-term on-the-job training,No formal educational credential,47-3012.00,Helpers--Carpenters,"Help carpenters by performing duties requiring less skill. Duties include using, supplying, or holding materials or tools, and cleaning work area and equipment.",2.0,02/2026,helpers--carpenters,BLS OEWS May 2025 + BLS projections 2024–2034 + O*NET 30.3
47-3013,Helpers--Electricians,63630,3.5,21.19,44080.0,0.6,15.88,17.71,20.51,23.3,28.05,33020.0,36830.0,42670.0,48470.0,58340.0,      Helpers--electricians,66.6,66.7,0.1,0.2,1.8,6.8,39890.0,High school diploma or equivalent,,Short-term on-the-job training,High school diploma or equivalent,47-3013.00,Helpers--Electricians,"Help electricians by performing duties requiring less skill. Duties include using, supplying, or holding materials or tools, and cleaning work area and equipment.",2.0,02/2026,helpers--electricians,BLS OEWS May 2025 + BLS projections 2024–2034 + O*NET 30.3
47-3014,"Helpers--Painters, Paperhangers, Plasterers, and Stucco Masons",7490,12.3,20.4,42440.0,2.3,15.0,17.71,19.46,23.6,25.0,31200.0,36830.0,40470.0,49090.0,52000.0,"      Helpers--painters, paperhangers, plasterers, and stucco masons",7.4,7.6,0.2,2.3,1.8,0.8,38140.0,No formal educational credential,,Short-term on-the-job training,No formal educational credential,47-3014.00,"Helpers--Painters, Paperhangers, Plasterers, and Stucco Masons","Help painters, paperhangers, plasterers, or stucco masons by performing duties requiring less skill. Duties include using, supplying, or holding materials or tools, and cleaning work area and equipment.",2.0,02/2026,"helpers--painters, paperhangers, plasterers, and stucco masons",BLS OEWS May 2025 + BLS projections 2024–2034 + O*NET 30.3
47-3015,"Helpers--Pipelayers, Plumbers, Pipefitters, and Steamfitters",44330,4.0,21.03,43730.0,1.4,16.15,17.76,20.36,22.94,27.78,33590.0,36940.0,42360.0,47720.0,57780.0,"      Helpers--pipelayers, plumbers, pipefitters, and steamfitters",45.3,47.5,2.2,4.9,1.8,4.9,39270.0,High school diploma or equivalent,,Short-term on-the-job training,High school diploma or equivalent,47-3015.00,"Helpers--Pipelayers, Plumbers, Pipefitters, and Steamfitters","Help plumbers, pipefitters, steamfitters, or pipelayers by performing duties requiring less skill. Duties include using, supplying, or holding materials or tools, and cleaning work area and equipment.",2.0,02/2026,"helpers--pipelayers, plumbers, pipefitters, and steamfitters",BLS OEWS May 2025 + BLS projections 2024–2034 + O*NET 30.3
47-3016,Helpers--Roofers,6030,9.5,21.71,45150.0,4.1,14.49,17.8,21.23,23.54,30.0,30140.0,37030.0,44160.0,48970.0,62400.0,      Helpers--roofers,5.2,5.5,0.3,5.7,1.9,0.6,40590.0,No formal educational credential,,Short-term on-the-job training,No formal educational credential,47-3016.00,Helpers--Roofers,"Help roofers by performing duties requiring less skill. Duties include using, supplying, or holding materials or tools, and cleaning work area and equipment.",2.0,02/2026,helpers--roofers,BLS OEWS May 2025 + BLS projections 2024–2034 + O*NET 30.3
47-3019,"Helpers, Construction Trades, All Other",24770,5.7,21.7,45140.0,1.1,15.82,17.8,20.51,23.5,28.89,32900.0,37030.0,42670.0,48880.0,60080.0,"      Helpers, construction trades, all other",26.3,27.4,1.2,4.4,1.7,2.8,40760.0,No formal educational credential,,Short-term on-the-job training,No formal educational credential,47-3019.00,"Helpers, Construction Trades, All Other",All construction trades helpers not listed separately.,,,"helpers, construction trades, all other",BLS OEWS May 2025 + BLS projections 2024–2034 + O*NET 30.3
47-4011,Construction and Building Inspectors,146720,1.7,37.37,77730.0,0.6,22.66,28.3,35.91,45.54,54.91,47140.0,58860.0,74690.0,94710.0,114200.0,      Construction and building inspectors,147.6,146.5,-1.2,-0.8,4.8,14.8,72120.0,High school diploma or equivalent,5 years or more,Moderate-term on-the-job training,High school diploma or equivalent,47-4011.00,Construction and Building Inspectors,"Inspect structures using engineering skills to determine structural soundness and compliance with specifications, building codes, and other regulations. Inspections may be general in nature or may be limited to a specific area, such as electrical systems or plumbing.",3.0,08/2024,construction and building inspectors,BLS OEWS May 2025 + BLS projections 2024–2034 + O*NET 30.3
47-4021,Elevator and Escalator Installers and Repairers,23790,5.8,52.8,109820.0,1.6,28.49,38.12,52.84,65.25,76.39,59270.0,79290.0,109910.0,135720.0,158890.0,      Elevator and escalator installers and repairers,24.2,25.4,1.2,5.0,,2.0,106580.0,High school diploma or equivalent,,Apprenticeship,High school diploma or equivalent,47-4021.00,Elevator and Escalator Installers and Repairers,"Assemble, install, repair, or maintain electric or hydraulic freight or passenger elevators, escalators, or dumbwaiters.",3.0,08/2023,elevator and escalator installers and repairers,BLS OEWS May 2025 + BLS projections 2024–2034 + O*NET 30.3
47-4031,Fence Erectors,24480,6.0,24.29,50530.0,1.3,17.22,19.43,23.07,28.18,33.66,35810.0,40400.0,47980.0,58610.0,70010.0,      Fence erectors,26.4,27.6,1.2,4.6,11.4,2.3,46940.0,No formal educational credential,,Moderate-term on-the-job training,No formal educational credential,47-4031.00,Fence Erectors,"Erect and repair fences and fence gates, using hand and power tools.",2.0,02/2026,fence erectors,BLS OEWS May 2025 + BLS projections 2024–2034 + O*NET 30.3
47-4041,Hazardous Materials Removal Workers,51710,3.1,27.13,56430.0,1.1,18.49,21.5,23.78,29.58,39.62,38460.0,44720.0,49450.0,61530.0,82410.0,      Hazardous materials removal workers,51.3,51.8,0.5,1.0,0.1,5.0,48490.0,High school diploma or equivalent,,Moderate-term on-the-job training,High school diploma or equivalent,47-4041.00,Hazardous Materials Removal Workers,"Identify, remove, pack, transport, or dispose of hazardous materials, including asbestos, lead-based paint, waste oil, fuel, transmission fluid, radioactive materials, or contaminated soil. Specialized training and certification in hazardous materials handling or a confined entry permit are generally required. May operate earth-moving equipment or trucks.",3.0,07/2015,hazardous materials removal workers,BLS OEWS May 2025 + BLS projections 2024–2034 + O*NET 30.3
47-4051,Highway Maintenance Workers,154960,1.0,25.52,53080.0,0.3,17.42,20.91,24.16,29.35,34.6,36230.0,43500.0,50260.0,61040.0,71970.0,      Highway maintenance workers,159.1,163.9,4.8,3.0,,12.3,49070.0,High school diploma or equivalent,,Moderate-term on-the-job training,High school diploma or equivalent,47-4051.00,Highway Maintenance Workers,"Maintain highways, municipal and rural roads, airport runways, and rights-of-way. Duties include patching broken or eroded pavement and repairing guard rails, highway markers, and snow fences. May also mow or clear brush from along road, or plow snow from roadway.",2.0,02/2026,highway maintenance workers,BLS OEWS May 2025 + BLS projections 2024–2034 + O*NET 30.3
47-4061,Rail-Track Laying and Maintenance Equipment Operators,19580,2.3,33.05,68740.0,0.8,21.94,24.65,33.69,39.27,42.03,45640.0,51280.0,70070.0,81670.0,87420.0,      Rail-track laying and maintenance equipment operators,15.0,15.3,0.2,1.6,,1.1,67370.0,High school diploma or equivalent,,Moderate-term on-the-job training,High school diploma or equivalent,47-4061.00,Rail-Track Laying and Maintenance Equipment Operators,"Lay, repair, and maintain track for standard or narrow-gauge railroad equipment used in regular railroad service or in plant yards, quarries, sand and gravel pits, and mines. Includes ballast cleaning machine operators and railroad bed tamping machine operators.",2.0,02/2026,rail-track laying and maintenance equipment operators,BLS OEWS May 2025 + BLS projections 2024–2034 + O*NET 30.3
47-4071,Septic Tank Servicers and Sewer Pipe Cleaners,30650,2.7,25.72,53500.0,0.7,17.81,20.93,23.98,29.36,35.33,37040.0,43530.0,49880.0,61060.0,73490.0,      Septic tank servicers and sewer pipe cleaners,30.4,32.7,2.3,7.6,2.8,2.9,49140.0,High school diploma or equivalent,,Moderate-term on-the-job training,High school diploma or equivalent,47-4071.00,Septic Tank Servicers and Sewer Pipe Cleaners,"Clean and repair septic tanks, sewer lines, or drains. May patch walls and partitions of tank, replace damaged drain tile, or repair breaks in underground piping.",2.0,02/2026,septic tank servicers and sewer pipe cleaners,BLS OEWS May 2025 + BLS projections 2024–2034 + O*NET 30.3
47-4090,Miscellaneous Construction and Related Workers,28380,5.2,26.51,55130.0,1.7,17.56,20.58,24.0,30.02,37.84,36510.0,42810.0,49910.0,62440.0,78700.0,      Miscellaneous construction and related workers,35.0,36.2,1.2,3.5,3.2,3.1,48120.0,High school diploma or equivalent,,Moderate-term on-the-job training,High school diploma or equivalent,,,,,,miscellaneous construction and related workers,BLS OEWS May 2025 + BLS projections 2024–2034 + O*NET 30.3
47-5011,"Derrick Operators, Oil and Gas",10590,7.4,28.95,60210.0,2.2,20.86,23.98,28.18,34.43,39.33,43380.0,49880.0,58620.0,71610.0,81800.0,"        Derrick operators, oil and gas",11.3,11.3,0.1,0.5,1.4,1.0,62740.0,No formal educational credential,Less than 5 years,Short-term on-the-job training,No formal educational credential,47-5011.00,"Derrick Operators, Oil and Gas",Rig derrick equipment and operate pumps to circulate mud or fluid through drill hole.,2.0,02/2026,"derrick operators, oil and gas",BLS OEWS May 2025 + BLS projections 2024–2034 + O*NET 30.3
47-5012,"Rotary Drill Operators, Oil and Gas",12600,5.8,34.68,72130.0,1.6,22.6,25.87,32.64,39.12,48.97,47010.0,53810.0,67890.0,81360.0,101860.0,"        Rotary drill operators, oil and gas",13.3,13.4,0.0,0.2,1.4,1.2,65010.0,No formal educational credential,Less than 5 years,Moderate-term on-the-job training,No formal educational credential,47-5012.00,"Rotary Drill Operators, Oil and Gas","Set up or operate a variety of drills to remove underground oil and gas, or remove core samples for testing during oil and gas exploration.",2.0,02/2026,"rotary drill operators, oil and gas",BLS OEWS May 2025 + BLS projections 2024–2034 + O*NET 30.3
47-5013,"Service Unit Operators, Oil and Gas",43140,3.6,30.04,62470.0,1.3,18.72,22.83,27.96,35.21,46.9,38940.0,47480.0,58160.0,73230.0,97560.0,"        Service unit operators, oil and gas",45.2,45.4,0.2,0.4,1.4,4.1,57980.0,No formal educational credential,Less than 5 years,Moderate-term on-the-job training,No formal educational credential,47-5013.00,"Service Unit Operators, Oil and Gas","Operate equipment to increase oil flow from producing wells or to remove stuck pipe, casing, tools, or other obstructions from drilling wells. Includes fishing-tool technicians.",2.0,02/2026,"service unit operators, oil and gas",BLS OEWS May 2025 + BLS projections 2024–2034 + O*NET 30.3
47-5022,"Excavating and Loading Machine and Dragline Operators, Surface Mining",34480,2.8,28.81,59930.0,0.9,20.0,23.03,27.61,31.6,39.61,41600.0,47890.0,57430.0,65730.0,82400.0,"        Excavating and loading machine and dragline operators, surface mining",35.8,35.6,-0.1,-0.4,3.2,3.1,52550.0,High school diploma or equivalent,Less than 5 years,Moderate-term on-the-job training,High school diploma or equivalent,47-5022.00,"Excavating and Loading Machine and Dragline Operators, Surface Mining","Operate or tend machinery at surface mining site, equipped with scoops, shovels, or buckets to excavate and load loose materials.",2.0,02/2026,"excavating and loading machine and dragline operators, surface mining",BLS OEWS May 2025 + BLS projections 2024–2034 + O*NET 30.3
47-5023,"Earth Drillers, Except Oil and Gas",19450,4.1,30.21,62830.0,1.0,21.37,23.99,28.94,34.83,40.29,44460.0,49900.0,60190.0,72450.0,83800.0,"        Earth drillers, except oil and gas",18.3,18.8,0.5,2.9,3.3,1.7,59600.0,High school diploma or equivalent,Less than 5 years,Long-term on-the-job training,High school diploma or equivalent,47-5023.00,"Earth Drillers, Except Oil and Gas","Operate a variety of drills such as rotary, churn, and pneumatic to tap subsurface water and salt deposits, to remove core samples during mineral exploration or soil testing, and to facilitate the use of explosives in mining or construction. Includes horizontal and earth boring machine operators.",2.0,02/2026,"earth drillers, except oil and gas",BLS OEWS May 2025 + BLS projections 2024–2034 + O*NET 30.3
47-5032,"Explosives Workers, Ordnance Handling Experts, and Blasters",5100,6.6,32.04,66640.0,2.2,19.46,23.86,29.51,38.64,47.77,40480.0,49630.0,61390.0,80370.0,99360.0,"      Explosives workers, ordnance handling experts, and blasters",5.8,5.8,-0.1,-0.9,,0.5,59110.0,High school diploma or equivalent,Less than 5 years,Long-term on-the-job training,High school diploma or equivalent,47-5032.00,"Explosives Workers, Ordnance Handling Experts, and Blasters","Place and detonate explosives to demolish structures or to loosen, remove, or displace earth, rock, or other materials. May perform specialized handling, storage, and accounting procedures.",2.0,02/2026,"explosives workers, ordnance handling experts, and blasters",BLS OEWS May 2025 + BLS projections 2024–2034 + O*NET 30.3
47-5041,Continuous Mining Machine Operators,14000,2.5,31.27,65050.0,1.0,22.49,24.81,29.72,37.29,41.45,46770.0,51610.0,61810.0,77570.0,86210.0,        Continuous mining machine operators,14.9,15.0,0.1,0.6,2.8,1.6,63380.0,No formal educational credential,,Moderate-term on-the-job training,No formal educational credential,47-5041.00,Continuous Mining Machine Operators,"Operate self-propelled mining machines that rip coal, metal and nonmetal ores, rock, stone, or sand from the mine face and load it onto conveyors, shuttle cars, or trucks in a continuous operation.",2.0,02/2026,continuous mining machine operators,BLS OEWS May 2025 + BLS projections 2024–2034 + O*NET 30.3
47-5043,"Roof Bolters, Mining",2160,3.3,37.55,78100.0,0.7,30.65,34.32,37.76,39.36,44.63,63750.0,71390.0,78540.0,81860.0,92830.0,"        Roof bolters, mining",2.3,1.5,-0.8,-34.2,2.8,0.1,76640.0,High school diploma or equivalent,,Moderate-term on-the-job training,High school diploma or equivalent,47-5043.00,"Roof Bolters, Mining",Operate machinery to install roof support bolts in underground mine.,2.0,02/2026,"roof bolters, mining",BLS OEWS May 2025 + BLS projections 2024–2034 + O*NET 30.3
47-5044,"Loading and Moving Machine Operators, Underground Mining",5930,8.0,34.25,71240.0,1.0,25.02,29.52,35.82,38.05,42.18,52030.0,61410.0,74500.0,79150.0,87730.0,"        Loading and moving machine operators, underground mining",6.4,5.0,-1.4,-22.3,2.8,0.5,68860.0,No formal educational credential,,Short-term on-the-job training,No formal educational credential,47-5044.00,"Loading and Moving Machine Operators, Underground Mining","Operate underground loading or moving machine to load or move coal, ore, or rock using shuttle or mine car or conveyors. Equipment may include power shovels, hoisting engines equipped with cable-drawn scraper or scoop, or machines equipped with gathering arms and conveyor.",2.0,02/2026,"loading and moving machine operators, underground mining",BLS OEWS May 2025 + BLS projections 2024–2034 + O*NET 30.3
47-5049,"Underground Mining Machine Operators, All Other",3180,11.9,33.59,69860.0,3.5,23.57,24.84,33.72,39.96,40.87,49020.0,51670.0,70130.0,83120.0,85010.0,"        Underground mining machine operators, all other",3.6,3.4,-0.2,-6.1,2.8,0.4,67220.0,No formal educational credential,,Moderate-term on-the-job training,No formal educational credential,47-5049.00,"Underground Mining Machine Operators, All Other",All underground mining machine operators not listed separately.,,,"underground mining machine operators, all other",BLS OEWS May 2025 + BLS projections 2024–2034 + O*NET 30.3
47-5051,"Rock Splitters, Quarry",3320,8.2,24.76,51500.0,2.0,17.95,20.51,23.44,28.86,32.55,37340.0,42670.0,48740.0,60030.0,67710.0,"      Rock splitters, quarry",3.2,3.4,0.1,4.4,3.3,0.4,47460.0,No formal educational credential,,Short-term on-the-job training,No formal educational credential,47-5051.00,"Rock Splitters, Quarry","Separate blocks of rough dimension stone from quarry mass using jackhammers, wedges, or chop saws.",2.0,02/2026,"rock splitters, quarry",BLS OEWS May 2025 + BLS projections 2024–2034 + O*NET 30.3
47-5071,"Roustabouts, Oil and Gas",44970,4.7,23.65,49200.0,1.0,17.51,18.68,22.58,27.94,31.03,36420.0,38850.0,46960.0,58120.0,64530.0,"      Roustabouts, oil and gas",46.0,47.1,1.1,2.5,1.4,4.3,47510.0,No formal educational credential,,Moderate-term on-the-job training,No formal educational credential,47-5071.00,"Roustabouts, Oil and Gas",Assemble or repair oil field equipment using hand and power tools. Perform other tasks as needed.,2.0,02/2026,"roustabouts, oil and gas",BLS OEWS May 2025 + BLS projections 2024–2034 + O*NET 30.3
47-5081,Helpers--Extraction Workers,6700,8.6,24.34,50620.0,1.2,17.77,19.92,22.95,27.84,32.7,36960.0,41430.0,47730.0,57920.0,68020.0,      Helpers--extraction workers,7.0,6.9,-0.1,-1.7,3.3,0.7,48400.0,High school diploma or equivalent,,Moderate-term on-the-job training,High school diploma or equivalent,47-5081.00,Helpers--Extraction Workers,"Help extraction craft workers, such as earth drillers, blasters and explosives workers, derrick operators, and mining machine operators, by performing duties requiring less skill. Duties include supplying equipment or cleaning work area.",2.0,02/2026,helpers--extraction workers,BLS OEWS May 2025 + BLS projections 2024–2034 + O*NET 30.3
47-5099,"Extraction Workers, All Other",5540,7.8,27.83,57890.0,2.2,18.05,21.33,27.41,31.44,39.5,37530.0,44370.0,57010.0,65380.0,82160.0,"      Extraction workers, all other",6.3,6.4,0.1,1.4,3.3,0.7,50110.0,High school diploma or equivalent,,Moderate-term on-the-job training,High school diploma or equivalent,47-5099.00,"Extraction Workers, All Other",All extraction workers not listed separately.,,,"extraction workers, all other",BLS OEWS May 2025 + BLS projections 2024–2034 + O*NET 30.3
49-1011,"First-Line Supervisors of Mechanics, Installers, and Repairers",617500,0.6,40.97,85220.0,0.2,23.85,30.14,38.39,48.73,60.96,49600.0,62690.0,79860.0,101360.0,126790.0,"      First-line supervisors of mechanics, installers, and repairers",617.5,636.5,19.1,3.1,0.3,52.4,78300.0,High school diploma or equivalent,Less than 5 years,,High school diploma or equivalent,49-1011.00,"First-Line Supervisors of Mechanics, Installers, and Repairers","Directly supervise and coordinate the activities of mechanics, installers, and repairers. May also advise customers on recommended services. Excludes team or work leaders.",3.0,08/2021,"first-line supervisors of mechanics, installers, and repairers",BLS OEWS May 2025 + BLS projections 2024–2034 + O*NET 30.3
49-2011,"Computer, Automated Teller, and Office Machine Repairers",65600,2.1,24.46,50880.0,0.6,17.26,18.7,22.99,28.78,34.49,35910.0,38900.0,47810.0,59870.0,71730.0,"      Computer, automated teller, and office machine repairers",79.1,78.4,-0.7,-0.9,6.2,7.6,46860.0,"Some college, no degree",,Short-term on-the-job training,"Some college, no degree",49-2011.00,"Computer, Automated Teller, and Office Machine Repairers","Repair, maintain, or install computers, word processing systems, automated teller machines, and electronic office machines, such as duplicating and fax machines.",3.0,07/2015,"computer, automated teller, and office machine repairers",BLS OEWS May 2025 + BLS projections 2024–2034 + O*NET 30.3
49-2021,"Radio, Cellular, and Tower Equipment Installers and Repairers",11140,7.1,33.59,69870.0,1.6,21.38,24.32,30.54,39.6,49.99,44460.0,50580.0,63520.0,82370.0,103990.0,"        Radio, cellular, and tower equipment installers and repairers",11.7,12.7,1.0,8.6,1.7,1.2,64190.0,Associate's degree,,Moderate-term on-the-job training,Associate's degree,49-2021.00,"Radio, Cellular, and Tower Equipment Installers and Repairers","Repair, install, or maintain mobile or stationary radio transmitting, broadcasting, and receiving equipment, and two-way radio communications systems used in cellular telecommunications, mobile broadband, ship-to-shore, aircraft-to-ground communications, and radio equipment in service and emergency vehicles. May test and analyze network coverage.",3.0,08/2022,"radio, cellular, and tower equipment installers and repairers",BLS OEWS May 2025 + BLS projections 2024–2034 + O*NET 30.3
49-2022,"Telecommunications Equipment Installers and Repairers, Except Line Installers",140920,2.1,32.93,68500.0,0.6,21.27,24.92,30.72,39.27,46.51,44240.0,51830.0,63890.0,81690.0,96730.0,"        Telecommunications equipment installers and repairers, except line installers",156.9,150.4,-6.6,-4.2,1.9,13.2,62630.0,Postsecondary nondegree award,,Moderate-term on-the-job training,Postsecondary nondegree award,49-2022.00,"Telecommunications Equipment Installers and Repairers, Except Line Installers","Install, set up, rearrange, or remove switching, distribution, routing, and dialing equipment used in central offices or headends. Service or repair telephone, cable television, Internet, and other communications equipment on customers' property. May install communications equipment or communications wiring in buildings.",3.0,07/2017,"telecommunications equipment installers and repairers, except line installers",BLS OEWS May 2025 + BLS projections 2024–2034 + O*NET 30.3
49-2091,Avionics Technicians,18830,3.5,40.09,83380.0,0.8,23.75,30.72,39.56,47.65,54.65,49410.0,63900.0,82280.0,99110.0,113680.0,        Avionics technicians,21.4,23.1,1.7,8.2,,1.8,81390.0,Postsecondary nondegree award,,,Postsecondary nondegree award,49-2091.00,Avionics Technicians,"Install, inspect, test, adjust, or repair avionics equipment, such as radar, radio, navigation, and missile control systems in aircraft or space vehicles.",3.0,07/2015,avionics technicians,BLS OEWS May 2025 + BLS projections 2024–2034 + O*NET 30.3
49-2092,"Electric Motor, Power Tool, and Related Repairers",14450,6.1,28.18,58610.0,1.6,17.84,21.73,27.02,33.22,40.96,37100.0,45190.0,56210.0,69090.0,85200.0,"        Electric motor, power tool, and related repairers",17.1,17.7,0.6,3.4,1.8,1.7,53990.0,High school diploma or equivalent,Less than 5 years,Moderate-term on-the-job training,High school diploma or equivalent,49-2092.00,"Electric Motor, Power Tool, and Related Repairers","Repair, maintain, or install electric motors, wiring, or switches.",3.0,07/2017,"electric motor, power tool, and related repairers",BLS OEWS May 2025 + BLS projections 2024–2034 + O*NET 30.3
49-2093,"Electrical and Electronics Installers and Repairers, Transportation Equipment",6940,4.6,40.05,83300.0,1.6,24.4,30.56,40.81,47.53,56.16,50750.0,63560.0,84890.0,98850.0,116810.0,"        Electrical and electronics installers and repairers, transportation equipment",7.0,7.4,0.4,6.1,,0.6,82730.0,Postsecondary nondegree award,,Long-term on-the-job training,Postsecondary nondegree award,49-2093.00,"Electrical and Electronics Installers and Repairers, Transportation Equipment","Install, adjust, or maintain mobile electronics communication equipment, including sound, sonar, security, navigation, and surveillance systems on trains, watercraft, or other mobile equipment.",3.0,08/2019,"electrical and electronics installers and repairers, transportation equipment",BLS OEWS May 2025 + BLS projections 2024–2034 + O*NET 30.3
49-2094,"Electrical and Electronics Repairers, Commercial and Industrial Equipment",65010,2.5,36.33,75570.0,0.7,22.52,28.86,35.62,42.65,50.77,46840.0,60040.0,74090.0,88710.0,105590.0,"        Electrical and electronics repairers, commercial and industrial equipment",61.1,60.7,-0.5,-0.8,,4.7,71300.0,Postsecondary nondegree award,,Long-term on-the-job training,Postsecondary nondegree award,49-2094.00,"Electrical and Electronics Repairers, Commercial and Industrial Equipment","Repair, test, adjust, or install electronic equipment, such as industrial controls, transmitters, and antennas.",3.0,08/2021,"electrical and electronics repairers, commercial and industrial equipment",BLS OEWS May 2025 + BLS projections 2024–2034 + O*NET 30.3
49-2095,"Electrical and Electronics Repairers, Powerhouse, Substation, and Relay",20720,2.5,48.44,100760.0,0.6,31.6,39.35,49.53,57.15,62.46,65730.0,81860.0,103020.0,118870.0,129920.0,"        Electrical and electronics repairers, powerhouse, substation, and relay",23.4,24.7,1.3,5.5,,2.0,100940.0,Postsecondary nondegree award,Less than 5 years,Moderate-term on-the-job training,Postsecondary nondegree award,49-2095.00,"Electrical and Electronics Repairers, Powerhouse, Substation, and Relay","Inspect, test, repair, or maintain electrical equipment in generating stations, substations, and in-service relays.",3.0,07/2017,"electrical and electronics repairers, powerhouse, substation, and relay",BLS OEWS May 2025 + BLS projections 2024–2034 + O*NET 30.3
49-2096,"Electronic Equipment Installers and Repairers, Motor Vehicles",8550,7.1,24.79,51560.0,1.9,17.11,20.82,23.28,28.12,33.74,35590.0,43310.0,48420.0,58500.0,70170.0,"        Electronic equipment installers and repairers, motor vehicles",10.3,8.9,-1.4,-13.6,,0.6,47940.0,High school diploma or equivalent,,Moderate-term on-the-job training,High school diploma or equivalent,49-2096.00,"Electronic Equipment Installers and Repairers, Motor Vehicles","Install, diagnose, or repair communications, sound, security, or navigation equipment in motor vehicles.",3.0,07/2016,"electronic equipment installers and repairers, motor vehicles",BLS OEWS May 2025 + BLS projections 2024–2034 + O*NET 30.3
49-2097,Audiovisual Equipment Installers and Repairers,19780,6.3,27.85,57930.0,2.0,17.67,21.39,25.29,32.36,40.48,36760.0,44490.0,52600.0,67300.0,84190.0,        Audiovisual equipment installers and repairers,24.6,26.3,1.6,6.6,8.4,2.6,50620.0,Postsecondary nondegree award,,Short-term on-the-job training,Postsecondary nondegree award,49-2097.00,Audiovisual Equipment Installers and Repairers,"Install, repair, or adjust audio or television receivers, stereo systems, camcorders, video systems, or other electronic entertainment equipment in homes or other venues. May perform routine maintenance.",3.0,08/2023,audiovisual equipment installers and repairers,BLS OEWS May 2025 + BLS projections 2024–2034 + O*NET 30.3
49-2098,Security and Fire Alarm Systems Installers,86340,2.8,29.31,60960.0,0.8,18.65,22.99,28.88,35.43,39.01,38800.0,47820.0,60070.0,73690.0,81150.0,        Security and fire alarm systems installers,85.9,94.9,8.9,10.4,5.5,9.4,59300.0,High school diploma or equivalent,,Moderate-term on-the-job training,High school diploma or equivalent,49-2098.00,Security and Fire Alarm Systems Installers,"Install, program, maintain, and repair security and fire alarm wiring and equipment. Ensure that work is in accordance with relevant codes.",3.0,07/2015,security and fire alarm systems installers,BLS OEWS May 2025 + BLS projections 2024–2034 + O*NET 30.3
49-3011,Aircraft Mechanics and Service Technicians,138090,1.3,40.74,84740.0,0.7,23.45,30.11,38.4,47.66,61.97,48780.0,62630.0,79870.0,99130.0,128890.0,      Aircraft mechanics and service technicians,139.4,145.0,5.6,4.0,,11.3,78680.0,Postsecondary nondegree award,,,Postsecondary nondegree award,49-3011.00,Aircraft Mechanics and Service Technicians,"Diagnose, adjust, repair, or overhaul aircraft engines and assemblies, such as hydraulic and pneumatic systems.",3.0,08/2025,aircraft mechanics and service technicians,BLS OEWS May 2025 + BLS projections 2024–2034 + O*NET 30.3
49-3021,Automotive Body and Related Repairers,149310,1.4,28.7,59690.0,0.7,17.74,21.99,26.39,33.27,42.28,36910.0,45750.0,54890.0,69200.0,87940.0,        Automotive body and related repairers,172.6,175.4,2.8,1.6,9.9,14.6,51680.0,High school diploma or equivalent,,Long-term on-the-job training,High school diploma or equivalent,49-3021.00,Automotive Body and Related Repairers,Repair and refinish automotive vehicle bodies and straighten vehicle frames.,2.0,02/2026,automotive body and related repairers,BLS OEWS May 2025 + BLS projections 2024–2034 + O*NET 30.3
49-3022,Automotive Glass Installers and Repairers,20310,3.6,24.25,50430.0,0.9,17.01,19.28,22.9,28.63,33.97,35390.0,40110.0,47630.0,59550.0,70650.0,        Automotive glass installers and repairers,20.4,21.1,0.7,3.6,7.2,1.4,47260.0,High school diploma or equivalent,,Moderate-term on-the-job training,High school diploma or equivalent,49-3022.00,Automotive Glass Installers and Repairers,Replace or repair broken windshields and window glass in motor vehicles.,2.0,02/2026,automotive glass installers and repairers,BLS OEWS May 2025 + BLS projections 2024–2034 + O*NET 30.3
49-3023,Automotive Service Technicians and Mechanics,704640,0.6,27.13,56420.0,0.3,16.66,18.7,24.34,33.86,39.32,34660.0,38900.0,50620.0,70430.0,81790.0,        Automotive service technicians and mechanics,805.6,839.2,33.6,4.2,13.8,70.0,49670.0,Postsecondary nondegree award,,Short-term on-the-job training,Postsecondary nondegree award,49-3023.00,Automotive Service Technicians and Mechanics,"Diagnose, adjust, repair, or overhaul automotive vehicles.",3.0,08/2022,automotive service technicians and mechanics,BLS OEWS May 2025 + BLS projections 2024–2034 + O*NET 30.3
49-3031,Bus and Truck Mechanics and Diesel Engine Specialists,289960,1.0,30.92,64320.0,0.3,21.41,24.3,29.7,36.29,42.66,44530.0,50540.0,61770.0,75470.0,88740.0,      Bus and truck mechanics and diesel engine specialists,319.9,327.7,7.8,2.4,6.8,26.5,60640.0,High school diploma or equivalent,,Long-term on-the-job training,High school diploma or equivalent,49-3031.00,Bus and Truck Mechanics and Diesel Engine Specialists,"Diagnose, adjust, repair, or overhaul buses and trucks, or maintain and repair any type of diesel engines. Includes mechanics working primarily with automobile or marine diesel engines.",3.0,08/2022,bus and truck mechanics and diesel engine specialists,BLS OEWS May 2025 + BLS projections 2024–2034 + O*NET 30.3
49-3041,Farm Equipment Mechanics and Service Technicians,37870,2.2,27.54,57290.0,0.6,18.01,22.33,27.19,31.53,37.86,37470.0,46450.0,56550.0,65580.0,78740.0,        Farm equipment mechanics and service technicians,39.0,43.3,4.3,11.0,3.4,3.7,52080.0,High school diploma or equivalent,,Long-term on-the-job training,High school diploma or equivalent,49-3041.00,Farm Equipment Mechanics and Service Technicians,"Diagnose, adjust, repair, or overhaul farm machinery and vehicles, such as tractors, harvesters, dairy equipment, and irrigation systems.",3.0,08/2025,farm equipment mechanics and service technicians,BLS OEWS May 2025 + BLS projections 2024–2034 + O*NET 30.3
49-3042,"Mobile Heavy Equipment Mechanics, Except Engines",176600,1.6,33.29,69240.0,0.7,22.51,27.39,31.5,38.11,45.41,46820.0,56970.0,65510.0,79270.0,94460.0,"        Mobile heavy equipment mechanics, except engines",188.7,199.6,10.9,5.8,3.2,16.5,63980.0,High school diploma or equivalent,,Long-term on-the-job training,High school diploma or equivalent,49-3042.00,"Mobile Heavy Equipment Mechanics, Except Engines","Diagnose, adjust, repair, or overhaul mobile mechanical, hydraulic, and pneumatic equipment, such as cranes, bulldozers, graders, and conveyors, used in construction, logging, and mining.",3.0,07/2017,"mobile heavy equipment mechanics, except engines",BLS OEWS May 2025 + BLS projections 2024–2034 + O*NET 30.3
49-3043,Rail Car Repairers,21350,2.5,33.98,70680.0,0.7,22.5,26.21,32.46,40.66,45.72,46800.0,54520.0,67530.0,84570.0,95100.0,        Rail car repairers,17.9,18.4,0.5,2.8,3.3,1.5,65680.0,High school diploma or equivalent,,Long-term on-the-job training,High school diploma or equivalent,49-3043.00,Rail Car Repairers,"Diagnose, adjust, repair, or overhaul railroad rolling stock, mine cars, or mass transit rail cars.",2.0,02/2026,rail car repairers,BLS OEWS May 2025 + BLS projections 2024–2034 + O*NET 30.3
49-3051,Motorboat Mechanics and Service Technicians,23220,3.1,27.92,58070.0,1.1,17.76,22.48,27.67,32.03,38.14,36950.0,46750.0,57550.0,66620.0,79330.0,        Motorboat mechanics and service technicians,26.2,27.8,1.6,6.0,7.9,2.6,54950.0,High school diploma or equivalent,,Long-term on-the-job training,High school diploma or equivalent,49-3051.00,Motorboat Mechanics and Service Technicians,Repair and adjust electrical and mechanical equipment of inboard or inboard-outboard boat engines.,3.0,07/2015,motorboat mechanics and service technicians,BLS OEWS May 2025 + BLS projections 2024–2034 + O*NET 30.3
49-3052,Motorcycle Mechanics,13510,3.0,25.18,52370.0,0.9,16.72,19.01,23.35,29.57,35.77,34770.0,39550.0,48580.0,61510.0,74400.0,        Motorcycle mechanics,14.9,15.7,0.8,5.3,8.0,1.5,47200.0,Postsecondary nondegree award,,Short-term on-the-job training,Postsecondary nondegree award,49-3052.00,Motorcycle Mechanics,"Diagnose, adjust, repair, or overhaul motorcycles, scooters, mopeds, dirt bikes, or similar motorized vehicles.",3.0,08/2021,motorcycle mechanics,BLS OEWS May 2025 + BLS projections 2024–2034 + O*NET 30.3
49-3053,Outdoor Power Equipment and Other Small Engine Mechanics,36060,2.2,24.04,49990.0,0.5,16.67,19.56,23.02,28.15,32.34,34670.0,40670.0,47880.0,58560.0,67260.0,        Outdoor power equipment and other small engine mechanics,36.9,37.8,0.9,2.5,7.6,3.5,46560.0,High school diploma or equivalent,,Moderate-term on-the-job training,High school diploma or equivalent,49-3053.00,Outdoor Power Equipment and Other Small Engine Mechanics,"Diagnose, adjust, repair, or overhaul small engines used to power lawn mowers, chain saws, recreational sporting equipment, and related equipment.",2.0,02/2026,outdoor power equipment and other small engine mechanics,BLS OEWS May 2025 + BLS projections 2024–2034 + O*NET 30.3
49-3091,Bicycle Repairers,12170,5.2,20.55,42730.0,1.0,15.01,17.48,20.57,23.09,26.44,31220.0,36360.0,42780.0,48020.0,55000.0,        Bicycle repairers,13.2,12.9,-0.3,-2.3,5.0,1.6,40360.0,High school diploma or equivalent,,Moderate-term on-the-job training,High school diploma or equivalent,49-3091.00,Bicycle Repairers,Repair and service bicycles.,2.0,02/2026,bicycle repairers,BLS OEWS May 2025 + BLS projections 2024–2034 + O*NET 30.3
49-3092,Recreational Vehicle Service Technicians,17430,4.0,27.14,56440.0,1.3,17.37,21.59,25.0,30.72,37.48,36120.0,44920.0,52000.0,63890.0,77960.0,        Recreational vehicle service technicians,19.5,21.7,2.2,11.5,5.1,2.8,50540.0,High school diploma or equivalent,,Long-term on-the-job training,High school diploma or equivalent,49-3092.00,Recreational Vehicle Service Technicians,"Diagnose, inspect, adjust, repair, or overhaul recreational vehicles including travel trailers. May specialize in maintaining gas, electrical, hydraulic, plumbing, or chassis/towing systems as well as repairing generators, appliances, and interior components. Includes workers who perform customized van conversions.",2.0,02/2026,recreational vehicle service technicians,BLS OEWS May 2025 + BLS projections 2024–2034 + O*NET 30.3
49-3093,Tire Repairers and Changers,108410,1.5,19.31,40170.0,0.4,14.43,16.68,18.13,21.78,24.15,30010.0,34690.0,37710.0,45300.0,50230.0,        Tire repairers and changers,113.4,119.9,6.5,5.7,5.0,15.3,37120.0,High school diploma or equivalent,,Short-term on-the-job training,High school diploma or equivalent,49-3093.00,Tire Repairers and Changers,Repair and replace tires.,2.0,02/2026,tire repairers and changers,BLS OEWS May 2025 + BLS projections 2024–2034 + O*NET 30.3
49-9011,Mechanical Door Repairers,27120,5.4,27.67,57540.0,1.2,18.5,22.41,26.79,31.56,37.63,38490.0,46610.0,55720.0,65630.0,78260.0,        Mechanical door repairers,28.4,31.7,3.2,11.4,,2.7,51050.0,High school diploma or equivalent,,Moderate-term on-the-job training,High school diploma or equivalent,49-9011.00,Mechanical Door Repairers,"Install, service, or repair automatic door mechanisms and hydraulic doors. Includes garage door mechanics.",2.0,02/2026,mechanical door repairers,BLS OEWS May 2025 + BLS projections 2024–2034 + O*NET 30.3
49-9012,"Control and Valve Installers and Repairers, Except Mechanical Door",48240,3.0,36.64,76210.0,0.9,22.07,26.42,35.74,46.69,54.09,45910.0,54950.0,74340.0,97120.0,112500.0,"        Control and valve installers and repairers, except mechanical door",47.7,48.3,0.6,1.3,,3.9,74690.0,High school diploma or equivalent,,Moderate-term on-the-job training,High school diploma or equivalent,49-9012.00,"Control and Valve Installers and Repairers, Except Mechanical Door","Install, repair, and maintain mechanical regulating and controlling devices, such as electric meters, gas regulators, thermostats, safety and flow valves, and other mechanical governors.",3.0,07/2017,"control and valve installers and repairers, except mechanical door",BLS OEWS May 2025 + BLS projections 2024–2034 + O*NET 30.3
49-9021,"Heating, Air Conditioning, and Refrigeration Mechanics and Installers",409670,1.3,31.14,64780.0,0.5,19.25,23.25,29.33,37.05,45.78,40050.0,48360.0,61010.0,77060.0,95210.0,"      Heating, air conditioning, and refrigeration mechanics and installers",425.2,459.7,34.5,8.1,4.8,40.1,59810.0,Postsecondary nondegree award,,Long-term on-the-job training,Postsecondary nondegree award,49-9021.00,"Heating, Air Conditioning, and Refrigeration Mechanics and Installers","Install or repair heating, central air conditioning, HVAC, or refrigeration systems, including oil burners, hot-air furnaces, and heating stoves.",3.0,08/2022,"heating, air conditioning, and refrigeration mechanics and installers",BLS OEWS May 2025 + BLS projections 2024–2034 + O*NET 30.3
49-9031,Home Appliance Repairers,32150,4.0,26.94,56040.0,1.2,17.4,21.05,24.51,30.47,38.78,36190.0,43780.0,50990.0,63390.0,80660.0,      Home appliance repairers,37.3,38.3,1.0,2.6,14.7,3.1,49410.0,High school diploma or equivalent,,Moderate-term on-the-job training,High school diploma or equivalent,49-9031.00,Home Appliance Repairers,"Repair, adjust, or install all types of electric or gas household appliances, such as refrigerators, washers, dryers, and ovens.",2.0,02/2026,home appliance repairers,BLS OEWS May 2025 + BLS projections 2024–2034 + O*NET 30.3
49-9041,Industrial Machinery Mechanics,439640,0.7,32.91,68460.0,0.3,22.17,26.45,31.02,37.88,45.76,46120.0,55010.0,64520.0,78780.0,95170.0,        Industrial machinery mechanics,439.6,510.3,70.7,16.1,1.7,45.7,63760.0,High school diploma or equivalent,,Long-term on-the-job training,High school diploma or equivalent,49-9041.00,Industrial Machinery Mechanics,"Repair, install, adjust, or maintain industrial production and processing machinery or refinery and pipeline distribution systems. May also install, dismantle, or move machinery and heavy equipment according to plans.",3.0,08/2021,industrial machinery mechanics,BLS OEWS May 2025 + BLS projections 2024–2034 + O*NET 30.3
49-9043,"Maintenance Workers, Machinery",60020,1.6,31.06,64610.0,0.6,20.19,23.52,29.25,36.16,42.57,42000.0,48920.0,60850.0,75200.0,88550.0,"        Maintenance workers, machinery",57.5,55.9,-1.6,-2.8,,4.8,60500.0,High school diploma or equivalent,,Long-term on-the-job training,High school diploma or equivalent,49-9043.00,"Maintenance Workers, Machinery","Lubricate machinery, change parts, or perform other routine machinery maintenance.",3.0,08/2024,"maintenance workers, machinery",BLS OEWS May 2025 + BLS projections 2024–2034 + O*NET 30.3
49-9044,Millwrights,40330,2.4,33.55,69780.0,0.8,22.25,27.11,31.59,39.18,45.0,46290.0,56390.0,65700.0,81500.0,93600.0,        Millwrights,41.3,41.3,0.0,0.0,,3.6,65170.0,High school diploma or equivalent,,Apprenticeship,High school diploma or equivalent,49-9044.00,Millwrights,"Install, dismantle, or move machinery and heavy equipment according to layout plans, blueprints, or other drawings.",2.0,02/2026,millwrights,BLS OEWS May 2025 + BLS projections 2024–2034 + O*NET 30.3
49-9045,"Refractory Materials Repairers, Except Brickmasons",1080,12.8,30.66,63770.0,3.5,19.52,24.06,29.47,36.06,41.59,40590.0,50050.0,61290.0,75000.0,86510.0,"        Refractory materials repairers, except brickmasons",1.1,0.9,-0.2,-16.9,,0.1,58540.0,High school diploma or equivalent,,Moderate-term on-the-job training,High school diploma or equivalent,49-9045.00,"Refractory Materials Repairers, Except Brickmasons","Build or repair equipment such as furnaces, kilns, cupolas, boilers, converters, ladles, soaking pits, and ovens, using refractory materials.",2.0,02/2026,"refractory materials repairers, except brickmasons",BLS OEWS May 2025 + BLS projections 2024–2034 + O*NET 30.3
49-9051,Electrical Power-Line Installers and Repairers,131070,1.6,44.22,91970.0,0.6,24.74,32.34,45.83,52.76,61.87,51470.0,67270.0,95320.0,109740.0,128690.0,        Electrical power-line installers and repairers,127.4,135.8,8.4,6.6,1.4,10.7,92560.0,High school diploma or equivalent,,Long-term on-the-job training,High school diploma or equivalent,49-9051.00,Electrical Power-Line Installers and Repairers,Install or repair cables or wires used in electrical power or distribution systems. May erect poles and light or heavy duty transmission towers.,2.0,02/2026,electrical power-line installers and repairers,BLS OEWS May 2025 + BLS projections 2024–2034 + O*NET 30.3
49-9052,Telecommunications Line Installers and Repairers,97720,2.3,35.55,73940.0,0.7,21.79,26.11,35.73,46.08,49.85,45310.0,54310.0,74330.0,95850.0,103680.0,        Telecommunications line installers and repairers,99.9,96.8,-3.1,-3.1,1.3,8.9,70500.0,High school diploma or equivalent,,Long-term on-the-job training,High school diploma or equivalent,49-9052.00,Telecommunications Line Installers and Repairers,"Install and repair telecommunications cable, including fiber optics.",2.0,02/2026,telecommunications line installers and repairers,BLS OEWS May 2025 + BLS projections 2024–2034 + O*NET 30.3
49-9061,Camera and Photographic Equipment Repairers,1650,17.1,26.94,56040.0,4.1,16.5,20.02,25.35,31.77,40.35,34320.0,41630.0,52720.0,66070.0,83940.0,        Camera and photographic equipment repairers,2.3,1.9,-0.3,-15.1,8.7,0.2,49300.0,High school diploma or equivalent,,Long-term on-the-job training,High school diploma or equivalent,49-9061.00,Camera and Photographic Equipment Repairers,"Repair and adjust cameras and photographic equipment, including commercial video and motion picture camera equipment.",3.0,07/2015,camera and photographic equipment repairers,BLS OEWS May 2025 + BLS projections 2024–2034 + O*NET 30.3
49-9062,Medical Equipment Repairers,65990,2.8,31.7,65930.0,0.9,18.51,22.82,29.64,37.74,47.25,38490.0,47470.0,61660.0,78500.0,98280.0,        Medical equipment repairers,68.0,76.8,8.8,12.9,9.4,7.3,62630.0,Associate's degree,,Moderate-term on-the-job training,Associate's degree,49-9062.00,Medical Equipment Repairers,"Test, adjust, or repair biomedical or electromedical equipment.",3.0,08/2023,medical equipment repairers,BLS OEWS May 2025 + BLS projections 2024–2034 + O*NET 30.3
49-9063,Musical Instrument Repairers and Tuners,5380,4.7,24.02,49960.0,1.7,15.01,18.11,22.32,28.09,34.42,31220.0,37670.0,46420.0,58430.0,71600.0,        Musical instrument repairers and tuners,6.2,6.3,0.1,1.4,9.8,0.6,45320.0,High school diploma or equivalent,,Apprenticeship,High school diploma or equivalent,49-9063.00,Musical Instrument Repairers and Tuners,"Repair percussion, stringed, reed, or wind instruments. May specialize in one area, such as piano tuning.",3.0,08/2025,musical instrument repairers and tuners,BLS OEWS May 2025 + BLS projections 2024–2034 + O*NET 30.3
49-9064,Watch and Clock Repairers,1310,20.5,34.06,70840.0,4.8,16.46,22.91,32.32,43.99,52.88,34240.0,47650.0,67230.0,91490.0,109990.0,        Watch and clock repairers,1.4,1.4,0.0,-1.1,9.8,0.1,60690.0,High school diploma or equivalent,,Long-term on-the-job training,High school diploma or equivalent,49-9064.00,Watch and Clock Repairers,"Repair, clean, and adjust mechanisms of timing instruments, such as watches and clocks. Includes watchmakers, watch technicians, and mechanical timepiece repairers.",3.0,08/2018,watch and clock repairers,BLS OEWS May 2025 + BLS projections 2024–2034 + O*NET 30.3
49-9069,"Precision Instrument and Equipment Repairers, All Other",9400,5.3,34.22,71180.0,2.0,19.3,24.56,33.17,40.57,49.52,40140.0,51070.0,68990.0,84390.0,102990.0,"        Precision instrument and equipment repairers, all other",10.8,11.0,0.2,2.0,7.7,1.0,67080.0,High school diploma or equivalent,,Long-term on-the-job training,High school diploma or equivalent,49-9069.00,"Precision Instrument and Equipment Repairers, All Other",All precision instrument and equipment repairers not listed separately.,,,"precision instrument and equipment repairers, all other",BLS OEWS May 2025 + BLS projections 2024–2034 + O*NET 30.3
49-9071,"Maintenance and Repair Workers, General",1529700,0.5,25.86,53780.0,0.2,17.0,19.64,23.84,30.1,37.11,35350.0,40840.0,49590.0,62620.0,77180.0,"      Maintenance and repair workers, general",1629.7,1692.1,62.4,3.8,1.1,159.8,48620.0,High school diploma or equivalent,,Moderate-term on-the-job training,High school diploma or equivalent,49-9071.00,"Maintenance and Repair Workers, General","Perform work involving the skills of two or more maintenance or craft occupations to keep machines, mechanical equipment, or the structure of a building in repair. Duties may involve pipe fitting; HVAC maintenance; insulating; welding; machining; carpentry; repairing electrical or mechanical equipment; installing, aligning, and balancing new equipment; and repairing buildings, floors, or stairs.",3.0,08/2021,"maintenance and repair workers, general",BLS OEWS May 2025 + BLS projections 2024–2034 + O*NET 30.3
49-9081,Wind Turbine Service Technicians,9980,6.2,33.16,68980.0,1.0,23.67,28.29,30.83,37.51,44.45,49230.0,58840.0,64120.0,78010.0,92460.0,      Wind turbine service technicians,13.6,20.5,6.8,49.9,16.7,2.3,62580.0,Postsecondary nondegree award,,Long-term on-the-job training,Postsecondary nondegree award,49-9081.00,Wind Turbine Service Technicians,"Inspect, diagnose, adjust, or repair wind turbines. Perform maintenance on wind turbine equipment including resolving electrical, mechanical, and hydraulic malfunctions.",3.0,08/2021,wind turbine service technicians,BLS OEWS May 2025 + BLS projections 2024–2034 + O*NET 30.3
49-9091,"Coin, Vending, and Amusement Machine Servicers and Repairers",26410,2.9,23.93,49770.0,0.7,16.5,19.11,22.81,27.94,31.91,34320.0,39760.0,47450.0,58110.0,66370.0,"        Coin, vending, and amusement machine servicers and repairers",32.5,31.6,-0.9,-2.9,11.5,3.5,47350.0,High school diploma or equivalent,,Short-term on-the-job training,High school diploma or equivalent,49-9091.00,"Coin, Vending, and Amusement Machine Servicers and Repairers","Install, service, adjust, or repair coin, vending, or amusement machines including video games, juke boxes, pinball machines, or slot machines.",2.0,02/2026,"coin, vending, and amusement machine servicers and repairers",BLS OEWS May 2025 + BLS projections 2024–2034 + O*NET 30.3
49-9092,Commercial Divers,3450,11.3,42.46,88320.0,7.9,20.83,26.35,35.09,48.82,75.86,43330.0,54810.0,72990.0,101550.0,157790.0,        Commercial divers,4.2,4.5,0.4,8.5,16.6,0.4,61130.0,Postsecondary nondegree award,,Moderate-term on-the-job training,Postsecondary nondegree award,49-9092.00,Commercial Divers,"Work below surface of water, using surface-supplied air or scuba equipment to inspect, repair, remove, or install equipment and structures. May use a variety of power and hand tools, such as drills, sledgehammers, torches, and welding equipment. May conduct tests or experiments, rig explosives, or photograph structures or marine life.",3.0,07/2015,commercial divers,BLS OEWS May 2025 + BLS projections 2024–2034 + O*NET 30.3
49-9094,Locksmiths and Safe Repairers,15040,2.0,26.67,55470.0,1.4,17.08,20.75,24.68,31.04,38.17,35530.0,43160.0,51320.0,64560.0,79400.0,        Locksmiths and safe repairers,18.8,17.2,-1.6,-8.3,16.2,1.7,50490.0,High school diploma or equivalent,,Long-term on-the-job training,High school diploma or equivalent,49-9094.00,Locksmiths and Safe Repairers,"Repair and open locks, make keys, change locks and safe combinations, and install and repair safes.",2.0,02/2026,locksmiths and safe repairers,BLS OEWS May 2025 + BLS projections 2024–2034 + O*NET 30.3
49-9095,Manufactured Building and Mobile Home Installers,3020,13.2,21.83,45410.0,3.8,13.04,17.21,22.11,24.99,29.24,27120.0,35800.0,45990.0,51970.0,60810.0,        Manufactured building and mobile home installers,3.1,3.3,0.2,5.9,17.0,0.3,41080.0,High school diploma or equivalent,,Short-term on-the-job training,High school diploma or equivalent,49-9095.00,Manufactured Building and Mobile Home Installers,Move or install mobile homes or prefabricated buildings.,2.0,02/2026,manufactured building and mobile home installers,BLS OEWS May 2025 + BLS projections 2024–2034 + O*NET 30.3
49-9096,Riggers,22530,4.0,32.12,66810.0,1.3,19.56,23.18,30.12,38.55,47.04,40680.0,48210.0,62640.0,80180.0,97850.0,        Riggers,24.6,25.4,0.8,3.2,,2.5,62060.0,High school diploma or equivalent,,Moderate-term on-the-job training,High school diploma or equivalent,49-9096.00,Riggers,"Set up or repair rigging for construction projects, manufacturing plants, logging yards, ships and shipyards, or for the entertainment industry.",2.0,02/2026,riggers,BLS OEWS May 2025 + BLS projections 2024–2034 + O*NET 30.3
49-9097,Signal and Track Switch Repairers,8720,2.5,43.47,90410.0,0.9,30.1,38.33,44.45,47.75,57.48,62610.0,79720.0,92460.0,99320.0,119550.0,        Signal and track switch repairers,8.7,8.8,0.1,1.7,15.3,0.8,83600.0,High school diploma or equivalent,,Moderate-term on-the-job training,High school diploma or equivalent,49-9097.00,Signal and Track Switch Repairers,"Install, inspect, test, maintain, or repair electric gate crossings, signals, signal equipment, track switches, section lines, or intercommunications systems within a railroad system.",3.0,08/2021,signal and track switch repairers,BLS OEWS May 2025 + BLS projections 2024–2034 + O*NET 30.3
49-9098,"Helpers--Installation, Maintenance, and Repair Workers",95580,2.3,19.95,41490.0,0.5,14.09,16.78,19.05,22.55,26.87,29310.0,34910.0,39630.0,46890.0,55890.0,"        Helpers--installation, maintenance, and repair workers",98.7,101.0,2.2,2.3,,11.8,38860.0,High school diploma or equivalent,,Short-term on-the-job training,High school diploma or equivalent,49-9098.00,"Helpers--Installation, Maintenance, and Repair Workers","Help installation, maintenance, and repair workers in maintenance, parts replacement, and repair of vehicles, industrial machinery, and electrical and electronic equipment. Perform duties such as furnishing tools, materials, and supplies to other workers; cleaning work area, machines, and tools; and holding materials or tools for other workers.",2.0,02/2026,"helpers--installation, maintenance, and repair workers",BLS OEWS May 2025 + BLS projections 2024–2034 + O*NET 30.3
49-9099,"Installation, Maintenance, and Repair Workers, All Other",176300,1.8,25.89,53850.0,0.5,17.35,20.28,23.67,29.76,37.04,36080.0,42170.0,49230.0,61900.0,77040.0,"        Installation, maintenance, and repair workers, all other",221.2,226.5,5.4,2.4,15.4,21.5,48640.0,High school diploma or equivalent,,Moderate-term on-the-job training,High school diploma or equivalent,49-9099.00,"Installation, Maintenance, and Repair Workers, All Other","All installation, maintenance, and repair workers not listed separately.",2.0,02/2026,"installation, maintenance, and repair workers, all other",BLS OEWS May 2025 + BLS projections 2024–2034 + O*NET 30.3
51-1011,First-Line Supervisors of Production and Operating Workers,673430,0.3,36.83,76600.0,0.2,22.66,28.19,35.79,44.08,52.28,47130.0,58630.0,74450.0,91680.0,108750.0,      First-line supervisors of production and operating workers,698.6,706.9,8.3,1.2,1.2,67.7,71190.0,High school diploma or equivalent,Less than 5 years,,High school diploma or equivalent,51-1011.00,First-Line Supervisors of Production and Operating Workers,"Directly supervise and coordinate the activities of production and operating workers, such as inspectors, precision workers, machine setters and operators, assemblers, fabricators, and plant and system operators. Excludes team or work leaders.",3.0,08/2020,first-line supervisors of production and operating workers,BLS OEWS May 2025 + BLS projections 2024–2034 + O*NET 30.3
51-2011,"Aircraft Structure, Surfaces, Rigging, and Systems Assemblers",34020,1.8,34.34,71420.0,0.5,22.74,28.17,31.43,40.1,51.68,47310.0,58600.0,65380.0,83410.0,107500.0,"      Aircraft structure, surfaces, rigging, and systems assemblers",33.6,28.7,-4.9,-14.5,0.7,2.8,61680.0,High school diploma or equivalent,,Moderate-term on-the-job training,High school diploma or equivalent,51-2011.00,"Aircraft Structure, Surfaces, Rigging, and Systems Assemblers","Assemble, fit, fasten, and install parts of airplanes, space vehicles, or missiles, such as tails, wings, fuselage, bulkheads, stabilizers, landing gear, rigging and control equipment, or heating and ventilating systems.",2.0,02/2026,"aircraft structure, surfaces, rigging, and systems assemblers",BLS OEWS May 2025 + BLS projections 2024–2034 + O*NET 30.3
51-2021,"Coil Winders, Tapers, and Finishers",12840,4.7,24.26,50470.0,0.7,18.05,20.21,23.18,28.26,30.43,37540.0,42050.0,48220.0,58770.0,63300.0,"        Coil winders, tapers, and finishers",12.2,11.5,-0.8,-6.3,,1.2,47260.0,High school diploma or equivalent,,Moderate-term on-the-job training,High school diploma or equivalent,51-2021.00,"Coil Winders, Tapers, and Finishers","Wind wire coils used in electrical components, such as resistors and transformers, and in electrical equipment and instruments, such as field cores, bobbins, armature cores, electrical motors, generators, and control equipment.",2.0,02/2026,"coil winders, tapers, and finishers",BLS OEWS May 2025 + BLS projections 2024–2034 + O*NET 30.3
51-2028,"Electrical, Electronic, and Electromechanical Assemblers, Except Coil Winders, Tapers, and Finishers",246970,1.1,22.92,47660.0,0.3,17.0,18.45,22.04,24.84,30.27,35350.0,38380.0,45850.0,51670.0,62950.0,"        Electrical, electronic, and electromechanical assemblers, except coil winders, tapers, and finishers",261.4,273.3,11.9,4.6,,29.6,44040.0,High school diploma or equivalent,,Moderate-term on-the-job training,High school diploma or equivalent,,,,,,"electrical, electronic, and electromechanical assemblers, except coil winders, tapers, and finishers",BLS OEWS May 2025 + BLS projections 2024–2034 + O*NET 30.3
51-2031,Engine and Other Machine Assemblers,34000,1.7,27.78,57790.0,0.6,18.51,21.75,25.82,36.02,37.38,38500.0,45230.0,53710.0,74920.0,77750.0,      Engine and other machine assemblers,38.4,30.3,-8.1,-21.1,,2.8,52540.0,High school diploma or equivalent,,Moderate-term on-the-job training,High school diploma or equivalent,51-2031.00,Engine and Other Machine Assemblers,"Construct, assemble, or rebuild machines, such as engines, turbines, and similar equipment used in such industries as construction, extraction, textiles, and paper manufacturing.",2.0,02/2026,engine and other machine assemblers,BLS OEWS May 2025 + BLS projections 2024–2034 + O*NET 30.3
51-2041,Structural Metal Fabricators and Fitters,52360,3.1,25.98,54030.0,0.7,18.25,21.93,24.68,29.45,34.75,37960.0,45610.0,51330.0,61250.0,72280.0,      Structural metal fabricators and fitters,53.8,45.0,-8.8,-16.3,0.8,4.1,49900.0,High school diploma or equivalent,,Moderate-term on-the-job training,High school diploma or equivalent,51-2041.00,Structural Metal Fabricators and Fitters,"Fabricate, position, align, and fit parts of structural metal products.",2.0,02/2026,structural metal fabricators and fitters,BLS OEWS May 2025 + BLS projections 2024–2034 + O*NET 30.3
51-2051,Fiberglass Laminators and Fabricators,16170,3.8,23.82,49550.0,0.9,17.75,18.96,22.54,26.2,30.65,36910.0,39430.0,46880.0,54490.0,63760.0,      Fiberglass laminators and fabricators,18.6,19.4,0.8,4.2,0.7,2.1,45760.0,High school diploma or equivalent,,Moderate-term on-the-job training,High school diploma or equivalent,51-2051.00,Fiberglass Laminators and Fabricators,"Laminate layers of fiberglass on molds to form boat decks and hulls, bodies for golf carts, automobiles, or other products.",2.0,02/2026,fiberglass laminators and fabricators,BLS OEWS May 2025 + BLS projections 2024–2034 + O*NET 30.3
51-2061,Timing Device Assemblers and Adjusters,250,35.0,27.27,56720.0,13.9,13.41,13.96,30.11,34.97,37.63,27880.0,29040.0,62620.0,72740.0,78270.0,      Timing device assemblers and adjusters,0.2,0.2,0.0,-17.5,,0.0,40790.0,High school diploma or equivalent,,Moderate-term on-the-job training,High school diploma or equivalent,51-2061.00,Timing Device Assemblers and Adjusters,"Perform precision assembling or adjusting, within narrow tolerances, of timing devices such as digital clocks or timing devices with electrical or electronic components.",2.0,02/2026,timing device assemblers and adjusters,BLS OEWS May 2025 + BLS projections 2024–2034 + O*NET 30.3
51-2090,Miscellaneous Assemblers and Fabricators,1405030,0.5,22.43,46660.0,0.2,16.0,17.97,21.47,24.61,31.19,33280.0,37380.0,44650.0,51200.0,64880.0,      Miscellaneous assemblers and fabricators,1467.1,1465.9,-1.3,-0.1,0.7,156.3,42210.0,High school diploma or equivalent,,Moderate-term on-the-job training,High school diploma or equivalent,,,,,,miscellaneous assemblers and fabricators,BLS OEWS May 2025 + BLS projections 2024–2034 + O*NET 30.3
51-3011,Bakers,236200,2.0,18.5,38480.0,0.4,13.52,15.7,17.86,21.33,23.57,28120.0,32660.0,37160.0,44360.0,49020.0,      Bakers,249.1,263.2,14.0,5.6,6.2,39.9,36650.0,No formal educational credential,,Moderate-term on-the-job training,No formal educational credential,51-3011.00,Bakers,"Mix and bake ingredients to produce breads, rolls, cookies, cakes, pies, pastries, or other baked goods.",2.0,02/2026,bakers,BLS OEWS May 2025 + BLS projections 2024–2034 + O*NET 30.3
51-3021,Butchers and Meat Cutters,136430,1.4,20.37,42380.0,0.4,14.17,17.07,19.3,23.1,27.94,29460.0,35510.0,40140.0,48050.0,58110.0,        Butchers and meat cutters,143.1,144.5,1.4,1.0,1.8,16.9,38960.0,No formal educational credential,,Long-term on-the-job training,No formal educational credential,51-3021.00,Butchers and Meat Cutters,"Cut, trim, or prepare consumer-sized portions of meat for use or sale in retail establishments.",2.0,02/2026,butchers and meat cutters,BLS OEWS May 2025 + BLS projections 2024–2034 + O*NET 30.3
51-3022,"Meat, Poultry, and Fish Cutters and Trimmers",145700,1.3,18.89,39280.0,0.3,14.42,17.0,18.41,21.24,23.15,29980.0,35350.0,38300.0,44170.0,48150.0,"        Meat, poultry, and fish cutters and trimmers",146.8,154.9,8.1,5.5,1.8,18.4,37700.0,No formal educational credential,,Short-term on-the-job training,No formal educational credential,51-3022.00,"Meat, Poultry, and Fish Cutters and Trimmers","Use hands or hand tools to perform routine cutting and trimming of meat, poultry, and seafood.",2.0,02/2026,"meat, poultry, and fish cutters and trimmers",BLS OEWS May 2025 + BLS projections 2024–2034 + O*NET 30.3
51-3023,Slaughterers and Meat Packers,69950,1.8,20.08,41770.0,0.4,16.03,17.38,19.29,22.54,24.56,33340.0,36150.0,40130.0,46870.0,51090.0,        Slaughterers and meat packers,69.6,71.2,1.5,2.2,1.8,8.4,39790.0,No formal educational credential,,Short-term on-the-job training,No formal educational credential,51-3023.00,Slaughterers and Meat Packers,"Perform nonroutine or precision functions involving the preparation of large portions of meat. Work may include specialized slaughtering tasks, cutting standard or premium cuts of meat for marketing, making sausage, or wrapping meats. Work typically occurs in slaughtering, meat packing, or wholesale establishments.",2.0,02/2026,slaughterers and meat packers,BLS OEWS May 2025 + BLS projections 2024–2034 + O*NET 30.3
51-3091,"Food and Tobacco Roasting, Baking, and Drying Machine Operators and Tenders",20370,3.4,22.08,45930.0,0.9,15.98,18.05,21.54,24.37,30.14,33250.0,37540.0,44810.0,50680.0,62680.0,"        Food and tobacco roasting, baking, and drying machine operators and tenders",20.7,20.8,0.1,0.6,8.8,2.4,42730.0,No formal educational credential,,Moderate-term on-the-job training,No formal educational credential,51-3091.00,"Food and Tobacco Roasting, Baking, and Drying Machine Operators and Tenders","Operate or tend food or tobacco roasting, baking, or drying equipment, including hearth ovens, kiln driers, roasters, char kilns, and vacuum drying equipment.",2.0,02/2026,"food and tobacco roasting, baking, and drying machine operators and tenders",BLS OEWS May 2025 + BLS projections 2024–2034 + O*NET 30.3
51-3092,Food Batchmakers,174520,1.5,21.04,43750.0,0.4,15.38,17.47,20.33,23.88,28.34,31990.0,36350.0,42290.0,49670.0,58940.0,        Food batchmakers,173.5,185.4,11.9,6.9,0.6,24.2,40790.0,High school diploma or equivalent,,Moderate-term on-the-job training,High school diploma or equivalent,51-3092.00,Food Batchmakers,Set up and operate equipment that mixes or blends ingredients used in the manufacturing of food products. Includes candy makers and cheese makers.,2.0,02/2026,food batchmakers,BLS OEWS May 2025 + BLS projections 2024–2034 + O*NET 30.3
51-3093,Food Cooking Machine Operators and Tenders,31250,3.2,20.47,42570.0,0.6,15.23,17.4,20.0,22.78,26.16,31680.0,36190.0,41590.0,47380.0,54410.0,        Food cooking machine operators and tenders,29.7,29.9,0.2,0.6,6.2,4.4,40550.0,High school diploma or equivalent,,Moderate-term on-the-job training,High school diploma or equivalent,51-3093.00,Food Cooking Machine Operators and Tenders,"Operate or tend cooking equipment, such as steam cooking vats, deep fry cookers, pressure cookers, kettles, and boilers, to prepare food products.",2.0,02/2026,food cooking machine operators and tenders,BLS OEWS May 2025 + BLS projections 2024–2034 + O*NET 30.3
51-3099,"Food Processing Workers, All Other",65000,2.0,19.38,40300.0,0.3,15.49,17.51,19.08,21.22,23.05,32210.0,36410.0,39680.0,44130.0,47950.0,"        Food processing workers, all other",58.7,61.8,3.1,5.3,1.7,6.5,38420.0,No formal educational credential,,Moderate-term on-the-job training,No formal educational credential,51-3099.00,"Food Processing Workers, All Other",All food processing workers not listed separately.,,,"food processing workers, all other",BLS OEWS May 2025 + BLS projections 2024–2034 + O*NET 30.3
51-4021,"Extruding and Drawing Machine Setters, Operators, and Tenders, Metal and Plastic",60840,2.4,23.79,49480.0,0.4,17.65,19.45,22.94,27.33,30.63,36700.0,40450.0,47720.0,56840.0,63710.0,"        Extruding and drawing machine setters, operators, and tenders, metal and plastic",66.0,66.8,0.8,1.2,,6.5,46980.0,High school diploma or equivalent,,Moderate-term on-the-job training,High school diploma or equivalent,51-4021.00,"Extruding and Drawing Machine Setters, Operators, and Tenders, Metal and Plastic","Set up, operate, or tend machines to extrude or draw thermoplastic or metal materials into tubes, rods, hoses, wire, bars, or structural shapes.",2.0,02/2026,"extruding and drawing machine setters, operators, and tenders, metal and plastic",BLS OEWS May 2025 + BLS projections 2024–2034 + O*NET 30.3
51-4022,"Forging Machine Setters, Operators, and Tenders, Metal and Plastic",8930,5.9,24.85,51680.0,1.3,17.69,20.4,23.57,28.91,33.04,36800.0,42440.0,49030.0,60130.0,68720.0,"        Forging machine setters, operators, and tenders, metal and plastic",8.8,7.2,-1.7,-18.9,,0.6,49240.0,High school diploma or equivalent,,Moderate-term on-the-job training,High school diploma or equivalent,51-4022.00,"Forging Machine Setters, Operators, and Tenders, Metal and Plastic","Set up, operate, or tend forging machines to taper, shape, or form metal or plastic parts.",2.0,02/2026,"forging machine setters, operators, and tenders, metal and plastic",BLS OEWS May 2025 + BLS projections 2024–2034 + O*NET 30.3
51-4023,"Rolling Machine Setters, Operators, and Tenders, Metal and Plastic",25250,2.6,25.59,53220.0,0.5,18.12,21.16,24.1,29.75,33.8,37690.0,44020.0,50140.0,61880.0,70310.0,"        Rolling machine setters, operators, and tenders, metal and plastic",22.5,20.6,-1.9,-8.3,,1.9,48630.0,High school diploma or equivalent,,Moderate-term on-the-job training,High school diploma or equivalent,51-4023.00,"Rolling Machine Setters, Operators, and Tenders, Metal and Plastic","Set up, operate, or tend machines to roll steel or plastic forming bends, beads, knurls, rolls, or plate, or to flatten, temper, or reduce gauge of material.",2.0,02/2026,"rolling machine setters, operators, and tenders, metal and plastic",BLS OEWS May 2025 + BLS projections 2024–2034 + O*NET 30.3
51-4031,"Cutting, Punching, and Press Machine Setters, Operators, and Tenders, Metal and Plastic",171200,1.2,23.28,48430.0,0.3,17.19,18.69,22.27,26.64,31.5,35760.0,38870.0,46330.0,55410.0,65510.0,"        Cutting, punching, and press machine setters, operators, and tenders, metal and plastic",174.7,153.6,-21.1,-12.1,,14.4,45590.0,High school diploma or equivalent,,Moderate-term on-the-job training,High school diploma or equivalent,51-4031.00,"Cutting, Punching, and Press Machine Setters, Operators, and Tenders, Metal and Plastic","Set up, operate, or tend machines to saw, cut, shear, slit, punch, crimp, notch, bend, or straighten metal or plastic material.",2.0,02/2026,"cutting, punching, and press machine setters, operators, and tenders, metal and plastic",BLS OEWS May 2025 + BLS projections 2024–2034 + O*NET 30.3
51-4032,"Drilling and Boring Machine Tool Setters, Operators, and Tenders, Metal and Plastic",4680,3.8,24.91,51810.0,1.2,17.45,20.05,23.6,27.85,32.89,36300.0,41710.0,49080.0,57940.0,68410.0,"        Drilling and boring machine tool setters, operators, and tenders, metal and plastic",5.3,4.3,-1.0,-19.6,,0.4,46630.0,High school diploma or equivalent,,Moderate-term on-the-job training,High school diploma or equivalent,51-4032.00,"Drilling and Boring Machine Tool Setters, Operators, and Tenders, Metal and Plastic","Set up, operate, or tend drilling machines to drill, bore, ream, mill, or countersink metal or plastic work pieces.",2.0,02/2026,"drilling and boring machine tool setters, operators, and tenders, metal and plastic",BLS OEWS May 2025 + BLS projections 2024–2034 + O*NET 30.3
51-4033,"Grinding, Lapping, Polishing, and Buffing Machine Tool Setters, Operators, and Tenders, Metal and Plastic",67000,1.5,23.16,48170.0,0.3,17.36,18.94,22.38,26.1,30.1,36110.0,39390.0,46550.0,54290.0,62600.0,"        Grinding, lapping, polishing, and buffing machine tool setters, operators, and tenders, metal and plastic",70.1,61.7,-8.4,-12.0,,5.5,45190.0,High school diploma or equivalent,,Moderate-term on-the-job training,High school diploma or equivalent,51-4033.00,"Grinding, Lapping, Polishing, and Buffing Machine Tool Setters, Operators, and Tenders, Metal and Plastic","Set up, operate, or tend grinding and related tools that remove excess material or burrs from surfaces, sharpen edges or corners, or buff, hone, or polish metal or plastic work pieces.",2.0,02/2026,"grinding, lapping, polishing, and buffing machine tool setters, operators, and tenders, metal and plastic",BLS OEWS May 2025 + BLS projections 2024–2034 + O*NET 30.3
51-4034,"Lathe and Turning Machine Tool Setters, Operators, and Tenders, Metal and Plastic",16710,4.2,25.24,52490.0,0.9,17.63,20.79,24.34,29.18,33.51,36670.0,43250.0,50620.0,60700.0,69700.0,"        Lathe and turning machine tool setters, operators, and tenders, metal and plastic",18.9,16.4,-2.6,-13.6,,1.5,48620.0,High school diploma or equivalent,,Moderate-term on-the-job training,High school diploma or equivalent,51-4034.00,"Lathe and Turning Machine Tool Setters, Operators, and Tenders, Metal and Plastic","Set up, operate, or tend lathe and turning machines to turn, bore, thread, form, or face metal or plastic materials, such as wire, rod, or bar stock.",2.0,02/2026,"lathe and turning machine tool setters, operators, and tenders, metal and plastic",BLS OEWS May 2025 + BLS projections 2024–2034 + O*NET 30.3
51-4035,"Milling and Planing Machine Setters, Operators, and Tenders, Metal and Plastic",12460,5.4,27.28,56740.0,1.4,18.19,21.74,25.39,31.2,38.96,37840.0,45210.0,52800.0,64900.0,81030.0,"        Milling and planing machine setters, operators, and tenders, metal and plastic",13.8,11.8,-2.0,-14.4,,1.1,48310.0,High school diploma or equivalent,,Moderate-term on-the-job training,High school diploma or equivalent,51-4035.00,"Milling and Planing Machine Setters, Operators, and Tenders, Metal and Plastic","Set up, operate, or tend milling or planing machines to mill, plane, shape, groove, or profile metal or plastic work pieces.",2.0,02/2026,"milling and planing machine setters, operators, and tenders, metal and plastic",BLS OEWS May 2025 + BLS projections 2024–2034 + O*NET 30.3
51-4041,Machinists,287050,0.9,28.52,59320.0,0.2,18.85,22.87,28.24,32.55,38.47,39200.0,47570.0,58750.0,67700.0,80010.0,      Machinists,299.5,299.6,0.0,0.0,0.3,29.5,56150.0,High school diploma or equivalent,,Long-term on-the-job training,High school diploma or equivalent,51-4041.00,Machinists,"Set up and operate a variety of machine tools to produce precision parts and instruments out of metal. Includes precision instrument makers who fabricate, modify, or repair mechanical instruments. May also fabricate and modify parts to make or repair machine tools or maintain industrial machines, applying knowledge of mechanics, mathematics, metal properties, layout, and machining procedures.",3.0,08/2020,machinists,BLS OEWS May 2025 + BLS projections 2024–2034 + O*NET 30.3
51-4051,Metal-Refining Furnace Operators and Tenders,16780,2.5,26.68,55490.0,0.4,18.85,22.15,26.17,30.2,35.81,39200.0,46080.0,54430.0,62810.0,74470.0,        Metal-refining furnace operators and tenders,20.8,20.3,-0.5,-2.3,1.2,2.0,55770.0,High school diploma or equivalent,,Moderate-term on-the-job training,High school diploma or equivalent,51-4051.00,Metal-Refining Furnace Operators and Tenders,"Operate or tend furnaces, such as gas, oil, coal, electric-arc or electric induction, open-hearth, or oxygen furnaces, to melt and refine metal before casting or to produce specified types of steel.",2.0,02/2026,metal-refining furnace operators and tenders,BLS OEWS May 2025 + BLS projections 2024–2034 + O*NET 30.3
51-4052,"Pourers and Casters, Metal",4560,4.1,26.1,54290.0,0.7,18.5,21.73,24.91,29.67,34.63,38480.0,45190.0,51810.0,61700.0,72040.0,"        Pourers and casters, metal",5.9,5.7,-0.3,-4.7,1.2,0.6,48940.0,High school diploma or equivalent,,Moderate-term on-the-job training,High school diploma or equivalent,51-4052.00,"Pourers and Casters, Metal",Operate hand-controlled mechanisms to pour and regulate the flow of molten metal into molds to produce castings or ingots.,2.0,02/2026,"pourers and casters, metal",BLS OEWS May 2025 + BLS projections 2024–2034 + O*NET 30.3
51-4061,"Model Makers, Metal and Plastic",2610,6.9,32.97,68570.0,2.2,19.12,22.77,30.45,41.7,47.6,39760.0,47360.0,63340.0,86740.0,99010.0,"        Model makers, metal and plastic",3.2,2.6,-0.6,-18.2,,0.3,62700.0,High school diploma or equivalent,,Moderate-term on-the-job training,High school diploma or equivalent,51-4061.00,"Model Makers, Metal and Plastic","Set up and operate machines, such as lathes, milling and engraving machines, and jig borers to make working models of metal or plastic objects. Includes template makers.",3.0,08/2025,"model makers, metal and plastic",BLS OEWS May 2025 + BLS projections 2024–2034 + O*NET 30.3
51-4062,"Patternmakers, Metal and Plastic",1470,6.8,29.14,60610.0,1.5,20.42,23.59,27.89,33.63,39.71,42460.0,49070.0,58000.0,69960.0,82590.0,"        Patternmakers, metal and plastic",1.6,1.2,-0.4,-24.4,,0.1,54540.0,High school diploma or equivalent,,Moderate-term on-the-job training,High school diploma or equivalent,51-4062.00,"Patternmakers, Metal and Plastic","Lay out, machine, fit, and assemble castings and parts to metal or plastic foundry patterns, core boxes, or match plates.",3.0,07/2017,"patternmakers, metal and plastic",BLS OEWS May 2025 + BLS projections 2024–2034 + O*NET 30.3
51-4071,Foundry Mold and Coremakers,12790,3.1,23.97,49860.0,0.6,17.87,20.13,23.13,27.57,30.12,37160.0,41870.0,48110.0,57350.0,62640.0,        Foundry mold and coremakers,12.7,9.4,-3.3,-25.9,,0.9,45700.0,High school diploma or equivalent,,Moderate-term on-the-job training,High school diploma or equivalent,51-4071.00,Foundry Mold and Coremakers,Make or form wax or sand cores or molds used in the production of metal castings in foundries.,2.0,02/2026,foundry mold and coremakers,BLS OEWS May 2025 + BLS projections 2024–2034 + O*NET 30.3
51-4072,"Molding, Coremaking, and Casting Machine Setters, Operators, and Tenders, Metal and Plastic",150470,1.4,22.1,45960.0,0.3,16.43,17.92,21.32,24.53,29.62,34170.0,37270.0,44350.0,51020.0,61600.0,"        Molding, coremaking, and casting machine setters, operators, and tenders, metal and plastic",154.6,148.8,-5.8,-3.8,,15.9,41230.0,High school diploma or equivalent,,Moderate-term on-the-job training,High school diploma or equivalent,51-4072.00,"Molding, Coremaking, and Casting Machine Setters, Operators, and Tenders, Metal and Plastic","Set up, operate, or tend metal or plastic molding, casting, or coremaking machines to mold or cast metal or thermoplastic parts or products.",2.0,02/2026,"molding, coremaking, and casting machine setters, operators, and tenders, metal and plastic",BLS OEWS May 2025 + BLS projections 2024–2034 + O*NET 30.3
51-4081,"Multiple Machine Tool Setters, Operators, and Tenders, Metal and Plastic",124590,1.6,24.05,50030.0,0.3,17.2,18.95,22.68,27.79,35.79,35780.0,39420.0,47180.0,57800.0,74450.0,"      Multiple machine tool setters, operators, and tenders, metal and plastic",131.0,130.3,-0.7,-0.5,1.1,12.8,46060.0,High school diploma or equivalent,,Moderate-term on-the-job training,High school diploma or equivalent,51-4081.00,"Multiple Machine Tool Setters, Operators, and Tenders, Metal and Plastic","Set up, operate, or tend more than one type of cutting or forming machine tool or robot.",2.0,02/2026,"multiple machine tool setters, operators, and tenders, metal and plastic",BLS OEWS May 2025 + BLS projections 2024–2034 + O*NET 30.3
51-4111,Tool and Die Makers,56930,1.9,32.14,66860.0,0.4,21.48,24.75,30.79,37.87,44.56,44680.0,51490.0,64050.0,78770.0,92680.0,      Tool and die makers,55.2,49.3,-6.0,-10.8,,4.7,63180.0,Postsecondary nondegree award,,Long-term on-the-job training,Postsecondary nondegree award,51-4111.00,Tool and Die Makers,"Analyze specifications, lay out metal stock, set up and operate machine tools, and fit and assemble parts to make and repair dies, cutting tools, jigs, fixtures, gauges, and machinists' hand tools.",3.0,08/2021,tool and die makers,BLS OEWS May 2025 + BLS projections 2024–2034 + O*NET 30.3
51-4121,"Welders, Cutters, Solderers, and Brazers",416210,0.8,27.29,56760.0,0.2,18.87,22.5,25.84,30.29,37.28,39240.0,46790.0,53750.0,63010.0,77530.0,"        Welders, cutters, solderers, and brazers",457.3,467.2,9.9,2.2,6.3,45.6,51000.0,High school diploma or equivalent,,Moderate-term on-the-job training,High school diploma or equivalent,51-4121.00,"Welders, Cutters, Solderers, and Brazers","Use hand-welding, flame-cutting, hand-soldering, or brazing equipment to weld or join metal components or to fill holes, indentations, or seams of fabricated metal products.",2.0,02/2026,"welders, cutters, solderers, and brazers",BLS OEWS May 2025 + BLS projections 2024–2034 + O*NET 30.3
51-4122,"Welding, Soldering, and Brazing Machine Setters, Operators, and Tenders",31600,2.6,24.15,50220.0,0.5,17.72,19.5,23.04,27.59,31.99,36860.0,40560.0,47920.0,57390.0,66540.0,"        Welding, soldering, and brazing machine setters, operators, and tenders",38.9,35.4,-3.5,-9.0,6.4,3.2,47060.0,High school diploma or equivalent,,Moderate-term on-the-job training,High school diploma or equivalent,51-4122.00,"Welding, Soldering, and Brazing Machine Setters, Operators, and Tenders","Set up, operate, or tend welding, soldering, or brazing machines or robots that weld, braze, solder, or heat treat metal products, components, or assemblies. Includes workers who operate laser cutters or laser-beam machines.",2.0,02/2026,"welding, soldering, and brazing machine setters, operators, and tenders",BLS OEWS May 2025 + BLS projections 2024–2034 + O*NET 30.3
51-4191,"Heat Treating Equipment Setters, Operators, and Tenders, Metal and Plastic",14000,3.5,24.26,50450.0,0.8,16.92,19.55,23.44,28.08,31.9,35180.0,40660.0,48750.0,58400.0,66350.0,"        Heat treating equipment setters, operators, and tenders, metal and plastic",14.8,12.9,-1.9,-12.8,1.0,1.2,47450.0,High school diploma or equivalent,,Moderate-term on-the-job training,High school diploma or equivalent,51-4191.00,"Heat Treating Equipment Setters, Operators, and Tenders, Metal and Plastic","Set up, operate, or tend heating equipment, such as heat-treating furnaces, flame-hardening machines, induction machines, soaking pits, or vacuum equipment to temper, harden, anneal, or heat treat metal or plastic objects.",2.0,02/2026,"heat treating equipment setters, operators, and tenders, metal and plastic",BLS OEWS May 2025 + BLS projections 2024–2034 + O*NET 30.3
51-4192,"Layout Workers, Metal and Plastic",5970,4.9,31.98,66520.0,1.9,19.22,24.48,30.71,38.21,45.12,39980.0,50910.0,63870.0,79470.0,93860.0,"        Layout workers, metal and plastic",5.7,5.4,-0.3,-5.4,,0.5,61870.0,High school diploma or equivalent,,Moderate-term on-the-job training,High school diploma or equivalent,51-4192.00,"Layout Workers, Metal and Plastic","Lay out reference points and dimensions on metal or plastic stock or workpieces, such as sheets, plates, tubes, structural shapes, castings, or machine parts, for further processing. Includes shipfitters.",2.0,02/2026,"layout workers, metal and plastic",BLS OEWS May 2025 + BLS projections 2024–2034 + O*NET 30.3
51-4193,"Plating Machine Setters, Operators, and Tenders, Metal and Plastic",32410,2.6,21.69,45100.0,0.6,16.25,17.91,21.14,23.85,29.02,33790.0,37260.0,43960.0,49600.0,60370.0,"        Plating machine setters, operators, and tenders, metal and plastic",31.7,27.4,-4.3,-13.6,1.0,2.5,41600.0,High school diploma or equivalent,,Moderate-term on-the-job training,High school diploma or equivalent,51-4193.00,"Plating Machine Setters, Operators, and Tenders, Metal and Plastic","Set up, operate, or tend plating machines to coat metal or plastic products with chromium, zinc, copper, cadmium, nickel, or other metal to protect or decorate surfaces. Typically, the product being coated is immersed in molten metal or an electrolytic solution.",2.0,02/2026,"plating machine setters, operators, and tenders, metal and plastic",BLS OEWS May 2025 + BLS projections 2024–2034 + O*NET 30.3
51-4194,"Tool Grinders, Filers, and Sharpeners",5600,5.8,25.59,53240.0,1.2,16.99,19.61,24.07,29.88,37.1,35350.0,40800.0,50060.0,62150.0,77170.0,"        Tool grinders, filers, and sharpeners",5.8,5.4,-0.5,-7.8,1.0,0.5,48970.0,High school diploma or equivalent,,Moderate-term on-the-job training,High school diploma or equivalent,51-4194.00,"Tool Grinders, Filers, and Sharpeners","Perform precision smoothing, sharpening, polishing, or grinding of metal objects.",2.0,02/2026,"tool grinders, filers, and sharpeners",BLS OEWS May 2025 + BLS projections 2024–2034 + O*NET 30.3
51-4199,"Metal Workers and Plastic Workers, All Other",15900,3.7,23.36,48580.0,0.7,16.99,18.84,22.09,26.01,31.5,35350.0,39190.0,45950.0,54100.0,65510.0,"        Metal workers and plastic workers, all other",20.4,18.5,-1.9,-9.5,1.0,1.7,42750.0,High school diploma or equivalent,,Moderate-term on-the-job training,High school diploma or equivalent,51-4199.00,"Metal Workers and Plastic Workers, All Other",All metal workers and plastic workers not listed separately.,,,"metal workers and plastic workers, all other",BLS OEWS May 2025 + BLS projections 2024–2034 + O*NET 30.3
51-5111,Prepress Technicians and Workers,23840,2.3,24.43,50800.0,0.6,17.22,19.68,23.41,28.16,31.77,35810.0,40930.0,48690.0,58580.0,66080.0,      Prepress technicians and workers,26.2,22.3,-3.8,-14.6,12.9,2.8,47300.0,Postsecondary nondegree award,,,Postsecondary nondegree award,51-5111.00,Prepress Technicians and Workers,Format and proof text and images submitted by designers and clients into finished pages that can be printed. Includes digital and photo typesetting. May produce printing plates.,3.0,07/2016,prepress technicians and workers,BLS OEWS May 2025 + BLS projections 2024–2034 + O*NET 30.3
51-5112,Printing Press Operators,144260,1.2,22.77,47360.0,0.4,16.03,17.98,22.01,26.8,30.54,33330.0,37390.0,45780.0,55740.0,63520.0,      Printing press operators,150.2,138.0,-12.2,-8.1,4.2,13.7,45160.0,High school diploma or equivalent,,Moderate-term on-the-job training,High school diploma or equivalent,51-5112.00,Printing Press Operators,"Set up and operate digital, letterpress, lithographic, flexographic, gravure, or other printing machines. Includes short-run offset printing presses.",2.0,02/2026,printing press operators,BLS OEWS May 2025 + BLS projections 2024–2034 + O*NET 30.3
51-5113,Print Binding and Finishing Workers,33180,2.4,21.38,44460.0,0.5,15.49,17.75,20.33,23.62,28.44,32220.0,36910.0,42290.0,49130.0,59150.0,      Print binding and finishing workers,35.8,30.0,-5.8,-16.1,,2.8,39820.0,High school diploma or equivalent,,Moderate-term on-the-job training,High school diploma or equivalent,51-5113.00,Print Binding and Finishing Workers,Bind books and other publications or finish printed products by hand or machine. May set up binding and finishing machines.,2.0,02/2026,print binding and finishing workers,BLS OEWS May 2025 + BLS projections 2024–2034 + O*NET 30.3
51-6011,Laundry and Dry-Cleaning Workers,198040,1.7,16.79,34920.0,0.4,13.19,14.6,16.78,18.06,20.77,27440.0,30360.0,34890.0,37560.0,43190.0,      Laundry and dry-cleaning workers,202.6,213.5,10.9,5.4,2.3,31.9,33800.0,No formal educational credential,,Short-term on-the-job training,No formal educational credential,51-6011.00,Laundry and Dry-Cleaning Workers,"Operate or tend washing or dry-cleaning machines to wash or dry-clean industrial or household articles, such as cloth garments, suede, leather, furs, blankets, draperies, linens, rugs, and carpets. Includes spotters and dyers of these articles.",2.0,02/2026,laundry and dry-cleaning workers,BLS OEWS May 2025 + BLS projections 2024–2034 + O*NET 30.3
51-6021,"Pressers, Textile, Garment, and Related Materials",26120,3.1,16.65,34640.0,0.7,13.07,14.36,16.85,18.24,20.7,27180.0,29870.0,35060.0,37940.0,43050.0,"      Pressers, textile, garment, and related materials",28.4,24.6,-3.8,-13.5,,2.8,33880.0,No formal educational credential,,Short-term on-the-job training,No formal educational credential,51-6021.00,"Pressers, Textile, Garment, and Related Materials",Press or shape articles by hand or machine.,2.0,02/2026,"pressers, textile, garment, and related materials",BLS OEWS May 2025 + BLS projections 2024–2034 + O*NET 30.3
51-6031,Sewing Machine Operators,104880,1.6,18.08,37600.0,0.4,13.39,15.37,17.63,20.59,23.0,27860.0,31960.0,36670.0,42830.0,47840.0,      Sewing machine operators,124.0,110.7,-13.3,-10.8,11.2,13.0,36000.0,No formal educational credential,,Short-term on-the-job training,No formal educational credential,51-6031.00,Sewing Machine Operators,"Operate or tend sewing machines to join, reinforce, decorate, or perform related sewing operations in the manufacture of garment or nongarment products.",2.0,02/2026,sewing machine operators,BLS OEWS May 2025 + BLS projections 2024–2034 + O*NET 30.3
51-6041,Shoe and Leather Workers and Repairers,7450,8.0,18.83,39160.0,1.4,13.56,15.03,18.17,21.96,25.26,28210.0,31270.0,37800.0,45670.0,52550.0,        Shoe and leather workers and repairers,9.5,9.1,-0.4,-3.8,19.1,0.9,35950.0,High school diploma or equivalent,,Moderate-term on-the-job training,High school diploma or equivalent,51-6041.00,Shoe and Leather Workers and Repairers,"Construct, decorate, or repair leather and leather-like products, such as luggage, shoes, and saddles. May use hand tools.",2.0,02/2026,shoe and leather workers and repairers,BLS OEWS May 2025 + BLS projections 2024–2034 + O*NET 30.3
51-6042,Shoe Machine Operators and Tenders,3280,9.0,17.44,36280.0,2.2,12.77,13.99,17.14,20.72,22.94,26560.0,29090.0,35650.0,43090.0,47700.0,        Shoe machine operators and tenders,4.1,3.9,-0.2,-3.7,19.0,0.4,38160.0,High school diploma or equivalent,,Short-term on-the-job training,High school diploma or equivalent,51-6042.00,Shoe Machine Operators and Tenders,"Operate or tend a variety of machines to join, decorate, reinforce, or finish shoes and shoe parts.",2.0,02/2026,shoe machine operators and tenders,BLS OEWS May 2025 + BLS projections 2024–2034 + O*NET 30.3
51-6051,"Sewers, Hand",2190,11.0,17.89,37210.0,2.1,13.31,16.03,17.54,19.58,22.87,27680.0,33330.0,36480.0,40720.0,47570.0,"        Sewers, hand",5.4,5.0,-0.4,-7.0,57.2,0.7,33760.0,No formal educational credential,,Moderate-term on-the-job training,No formal educational credential,51-6051.00,"Sewers, Hand","Sew, join, reinforce, or finish, usually with needle and thread, a variety of manufactured items. Includes weavers and stitchers.",2.0,02/2026,"sewers, hand",BLS OEWS May 2025 + BLS projections 2024–2034 + O*NET 30.3
51-6052,"Tailors, Dressmakers, and Custom Sewers",13920,5.4,21.7,45140.0,1.3,14.38,16.94,20.02,24.14,30.61,29920.0,35230.0,41640.0,50200.0,63670.0,"        Tailors, dressmakers, and custom sewers",38.8,37.1,-1.7,-4.5,57.4,5.0,40860.0,No formal educational credential,,Moderate-term on-the-job training,No formal educational credential,51-6052.00,"Tailors, Dressmakers, and Custom Sewers","Design, make, alter, repair, or fit garments.",2.0,02/2026,"tailors, dressmakers, and custom sewers",BLS OEWS May 2025 + BLS projections 2024–2034 + O*NET 30.3
51-6061,Textile Bleaching and Dyeing Machine Operators and Tenders,5310,8.1,19.41,40380.0,1.5,14.57,17.16,18.36,21.77,23.12,30300.0,35680.0,38180.0,45280.0,48100.0,        Textile bleaching and dyeing machine operators and tenders,6.2,5.5,-0.6,-10.1,2.4,0.7,37320.0,High school diploma or equivalent,,Short-term on-the-job training,High school diploma or equivalent,51-6061.00,Textile Bleaching and Dyeing Machine Operators and Tenders,"Operate or tend machines to bleach, shrink, wash, dye, or finish textiles or synthetic or glass fibers.",2.0,02/2026,textile bleaching and dyeing machine operators and tenders,BLS OEWS May 2025 + BLS projections 2024–2034 + O*NET 30.3
51-6062,"Textile Cutting Machine Setters, Operators, and Tenders",9000,4.4,19.01,39530.0,0.9,13.78,16.46,18.64,21.74,23.76,28650.0,34230.0,38760.0,45220.0,49420.0,"        Textile cutting machine setters, operators, and tenders",9.3,8.2,-1.1,-11.7,2.4,1.0,37940.0,High school diploma or equivalent,,Moderate-term on-the-job training,High school diploma or equivalent,51-6062.00,"Textile Cutting Machine Setters, Operators, and Tenders","Set up, operate, or tend machines that cut textiles.",2.0,02/2026,"textile cutting machine setters, operators, and tenders",BLS OEWS May 2025 + BLS projections 2024–2034 + O*NET 30.3
51-6063,"Textile Knitting and Weaving Machine Setters, Operators, and Tenders",13030,2.8,19.58,40720.0,0.5,14.4,17.5,19.01,21.74,23.62,29960.0,36390.0,39530.0,45220.0,49130.0,"        Textile knitting and weaving machine setters, operators, and tenders",15.3,13.6,-1.7,-11.2,2.4,1.7,38260.0,High school diploma or equivalent,,Short-term on-the-job training,High school diploma or equivalent,51-6063.00,"Textile Knitting and Weaving Machine Setters, Operators, and Tenders","Set up, operate, or tend machines that knit, loop, weave, or draw in textiles.",2.0,02/2026,"textile knitting and weaving machine setters, operators, and tenders",BLS OEWS May 2025 + BLS projections 2024–2034 + O*NET 30.3
51-6064,"Textile Winding, Twisting, and Drawing Out Machine Setters, Operators, and Tenders",22020,2.5,19.29,40120.0,0.5,15.29,17.51,18.59,20.65,23.76,31790.0,36420.0,38670.0,42940.0,49420.0,"        Textile winding, twisting, and drawing out machine setters, operators, and tenders",21.7,19.8,-1.9,-9.0,2.4,2.5,37660.0,High school diploma or equivalent,,Moderate-term on-the-job training,High school diploma or equivalent,51-6064.00,"Textile Winding, Twisting, and Drawing Out Machine Setters, Operators, and Tenders","Set up, operate, or tend machines that wind or twist textiles; or draw out and combine sliver, such as wool, hemp, or synthetic fibers. Includes slubber machine and drawing frame operators.",2.0,02/2026,"textile winding, twisting, and drawing out machine setters, operators, and tenders",BLS OEWS May 2025 + BLS projections 2024–2034 + O*NET 30.3
51-6091,"Extruding and Forming Machine Setters, Operators, and Tenders, Synthetic and Glass Fibers",12850,4.3,23.36,48580.0,1.0,17.26,18.92,22.29,27.54,30.73,35890.0,39360.0,46350.0,57280.0,63910.0,"        Extruding and forming machine setters, operators, and tenders, synthetic and glass fibers",15.2,15.0,-0.2,-1.1,,2.0,44980.0,High school diploma or equivalent,,Moderate-term on-the-job training,High school diploma or equivalent,51-6091.00,"Extruding and Forming Machine Setters, Operators, and Tenders, Synthetic and Glass Fibers","Set up, operate, or tend machines that extrude and form continuous filaments from synthetic materials, such as liquid polymer, rayon, and fiberglass.",2.0,02/2026,"extruding and forming machine setters, operators, and tenders, synthetic and glass fibers",BLS OEWS May 2025 + BLS projections 2024–2034 + O*NET 30.3
51-6092,Fabric and Apparel Patternmakers,2950,10.0,34.34,71420.0,4.3,16.25,20.49,30.17,45.16,59.39,33790.0,42620.0,62750.0,93930.0,123540.0,        Fabric and apparel patternmakers,2.8,2.5,-0.3,-10.2,,0.3,67670.0,High school diploma or equivalent,,Moderate-term on-the-job training,High school diploma or equivalent,51-6092.00,Fabric and Apparel Patternmakers,Draw and construct sets of precision master fabric patterns or layouts. May also mark and cut fabrics and apparel.,3.0,07/2016,fabric and apparel patternmakers,BLS OEWS May 2025 + BLS projections 2024–2034 + O*NET 30.3
51-6093,Upholsterers,20140,2.7,22.76,47340.0,0.6,15.24,17.95,22.28,26.24,30.66,31690.0,37340.0,46340.0,54580.0,63770.0,        Upholsterers,22.7,22.3,-0.4,-1.8,9.2,2.2,46190.0,High school diploma or equivalent,,Moderate-term on-the-job training,High school diploma or equivalent,51-6093.00,Upholsterers,"Make, repair, or replace upholstery for household furniture or transportation vehicles.",2.0,02/2026,upholsterers,BLS OEWS May 2025 + BLS projections 2024–2034 + O*NET 30.3
51-6099,"Textile, Apparel, and Furnishings Workers, All Other",13530,6.1,19.5,40560.0,1.4,15.04,16.5,17.93,21.45,25.35,31270.0,34320.0,37280.0,44620.0,52730.0,"        Textile, apparel, and furnishings workers, all other",14.7,13.3,-1.4,-9.4,,1.7,37010.0,High school diploma or equivalent,,Short-term on-the-job training,High school diploma or equivalent,51-6099.00,"Textile, Apparel, and Furnishings Workers, All Other","All textile, apparel, and furnishings workers not listed separately.",,,"textile, apparel, and furnishings workers, all other",BLS OEWS May 2025 + BLS projections 2024–2034 + O*NET 30.3
51-7011,Cabinetmakers and Bench Carpenters,77170,2.1,23.22,48290.0,0.5,17.14,18.67,22.44,26.81,30.64,35650.0,38830.0,46680.0,55760.0,63720.0,      Cabinetmakers and bench carpenters,86.0,84.7,-1.4,-1.6,9.0,8.1,46020.0,High school diploma or equivalent,,Moderate-term on-the-job training,High school diploma or equivalent,51-7011.00,Cabinetmakers and Bench Carpenters,"Cut, shape, and assemble wooden articles or set up and operate a variety of woodworking machines, such as power saws, jointers, and mortisers to surface, cut, or shape lumber or to fabricate parts for wood products.",2.0,02/2026,cabinetmakers and bench carpenters,BLS OEWS May 2025 + BLS projections 2024–2034 + O*NET 30.3
51-7021,Furniture Finishers,14480,3.4,21.78,45300.0,0.6,15.46,18.11,21.41,23.91,29.34,32160.0,37670.0,44540.0,49730.0,61020.0,      Furniture finishers,20.5,19.8,-0.7,-3.3,32.0,2.0,42530.0,High school diploma or equivalent,,Short-term on-the-job training,High school diploma or equivalent,51-7021.00,Furniture Finishers,"Shape, finish, and refinish damaged, worn, or used furniture or new high-grade furniture to specified color or finish.",2.0,02/2026,furniture finishers,BLS OEWS May 2025 + BLS projections 2024–2034 + O*NET 30.3
51-7031,"Model Makers, Wood",280,20.6,30.61,63670.0,7.6,16.73,18.1,27.19,41.9,47.14,34800.0,37660.0,56550.0,87150.0,98050.0,"        Model makers, wood",0.9,0.9,0.0,-4.5,57.8,0.1,51850.0,High school diploma or equivalent,,Moderate-term on-the-job training,High school diploma or equivalent,51-7031.00,"Model Makers, Wood",Construct full-size and scale wooden precision models of products. Includes wood jig builders and loft workers.,3.0,08/2024,"model makers, wood",BLS OEWS May 2025 + BLS projections 2024–2034 + O*NET 30.3
51-7032,"Patternmakers, Wood",220,25.7,26.08,54240.0,6.3,18.08,19.79,23.86,28.53,40.28,37600.0,41170.0,49630.0,59350.0,83780.0,"        Patternmakers, wood",0.5,0.4,0.0,-5.0,58.1,0.0,52520.0,High school diploma or equivalent,,Moderate-term on-the-job training,High school diploma or equivalent,51-7032.00,"Patternmakers, Wood","Plan, lay out, and construct wooden unit or sectional patterns used in forming sand molds for castings.",3.0,08/2021,"patternmakers, wood",BLS OEWS May 2025 + BLS projections 2024–2034 + O*NET 30.3
51-7041,"Sawing Machine Setters, Operators, and Tenders, Wood",40850,1.9,20.95,43580.0,0.4,14.85,17.55,20.56,23.37,27.97,30890.0,36510.0,42770.0,48620.0,58170.0,"        Sawing machine setters, operators, and tenders, wood",45.0,44.7,-0.3,-0.6,3.8,4.8,39950.0,High school diploma or equivalent,,Moderate-term on-the-job training,High school diploma or equivalent,51-7041.00,"Sawing Machine Setters, Operators, and Tenders, Wood","Set up, operate, or tend wood sawing machines. May operate computer numerically controlled (CNC) equipment. Includes lead sawyers.",2.0,02/2026,"sawing machine setters, operators, and tenders, wood",BLS OEWS May 2025 + BLS projections 2024–2034 + O*NET 30.3
51-7042,"Woodworking Machine Setters, Operators, and Tenders, Except Sawing",61420,1.8,20.95,43570.0,0.3,15.44,17.84,20.86,23.42,27.32,32110.0,37100.0,43380.0,48720.0,56830.0,"        Woodworking machine setters, operators, and tenders, except sawing",63.1,61.9,-1.1,-1.8,,6.4,40440.0,High school diploma or equivalent,,Moderate-term on-the-job training,High school diploma or equivalent,51-7042.00,"Woodworking Machine Setters, Operators, and Tenders, Except Sawing","Set up, operate, or tend woodworking machines, such as drill presses, lathes, shapers, routers, sanders, planers, and wood nailing machines. May operate computer numerically controlled (CNC) equipment.",2.0,02/2026,"woodworking machine setters, operators, and tenders, except sawing",BLS OEWS May 2025 + BLS projections 2024–2034 + O*NET 30.3
51-7099,"Woodworkers, All Other",5490,7.0,22.15,46070.0,1.9,14.67,17.46,21.41,26.53,30.84,30510.0,36320.0,44530.0,55180.0,64150.0,"      Woodworkers, all other",17.6,16.8,-0.8,-4.4,59.5,1.8,41220.0,High school diploma or equivalent,,Moderate-term on-the-job training,High school diploma or equivalent,51-7099.00,"Woodworkers, All Other",All woodworkers not listed separately.,,,"woodworkers, all other",BLS OEWS May 2025 + BLS projections 2024–2034 + O*NET 30.3
51-8011,Nuclear Power Reactor Operators,5150,0.5,58.36,121380.0,0.1,47.42,52.61,59.08,62.73,71.78,98640.0,109440.0,122890.0,130490.0,149310.0,        Nuclear power reactor operators,5.7,4.9,-0.9,-15.3,,0.4,122610.0,High school diploma or equivalent,,Long-term on-the-job training,High school diploma or equivalent,51-8011.00,Nuclear Power Reactor Operators,"Operate or control nuclear reactors. Move control rods, start and stop equipment, monitor and adjust controls, and record data in logs. Implement emergency procedures when needed. May respond to abnormalities, determine cause, and recommend corrective action.",3.0,07/2014,nuclear power reactor operators,BLS OEWS May 2025 + BLS projections 2024–2034 + O*NET 30.3
51-8012,Power Distributors and Dispatchers,8520,5.7,53.52,111320.0,0.9,34.83,43.37,51.31,62.95,74.17,72440.0,90200.0,106730.0,130940.0,154270.0,        Power distributors and dispatchers,9.3,9.0,-0.3,-3.2,,0.8,107240.0,High school diploma or equivalent,,Long-term on-the-job training,High school diploma or equivalent,51-8012.00,Power Distributors and Dispatchers,"Coordinate, regulate, or distribute electricity or steam.",3.0,08/2024,power distributors and dispatchers,BLS OEWS May 2025 + BLS projections 2024–2034 + O*NET 30.3
51-8013,Power Plant Operators,29320,2.4,47.97,99790.0,0.7,29.71,38.31,49.06,57.25,63.44,61790.0,79690.0,102040.0,119080.0,131940.0,        Power plant operators,31.6,28.0,-3.5,-11.2,,2.5,99670.0,High school diploma or equivalent,,Long-term on-the-job training,High school diploma or equivalent,51-8013.00,Power Plant Operators,"Control, operate, or maintain machinery to generate electric power. Includes auxiliary equipment operators.",2.0,02/2026,power plant operators,BLS OEWS May 2025 + BLS projections 2024–2034 + O*NET 30.3
51-8021,Stationary Engineers and Boiler Operators,28250,2.1,40.37,83960.0,0.6,24.32,30.37,37.8,48.63,60.28,50590.0,63160.0,78620.0,101150.0,125390.0,      Stationary engineers and boiler operators,33.3,34.0,0.7,2.2,3.1,3.8,75190.0,High school diploma or equivalent,,Long-term on-the-job training,High school diploma or equivalent,51-8021.00,Stationary Engineers and Boiler Operators,"Operate or maintain stationary engines, boilers, or other mechanical equipment to provide utilities for buildings or industrial processes. Operate equipment such as steam engines, generators, motors, turbines, and steam boilers.",3.0,08/2023,stationary engineers and boiler operators,BLS OEWS May 2025 + BLS projections 2024–2034 + O*NET 30.3
51-8031,Water and Wastewater Treatment Plant and System Operators,128490,1.1,30.07,62540.0,0.4,18.8,23.1,28.86,35.95,43.78,39110.0,48040.0,60020.0,74780.0,91060.0,      Water and wastewater treatment plant and system operators,132.4,123.8,-8.7,-6.5,1.1,10.7,58260.0,High school diploma or equivalent,,Long-term on-the-job training,High school diploma or equivalent,51-8031.00,Water and Wastewater Treatment Plant and System Operators,"Operate or control an entire process or system of machines, often through the use of control boards, to transfer or treat water or wastewater.",2.0,02/2026,water and wastewater treatment plant and system operators,BLS OEWS May 2025 + BLS projections 2024–2034 + O*NET 30.3
51-8091,Chemical Plant and System Operators,16610,5.2,38.45,79970.0,1.4,23.27,29.01,37.56,47.44,53.81,48400.0,60330.0,78120.0,98660.0,111930.0,        Chemical plant and system operators,18.1,17.0,-1.1,-6.1,,1.6,73540.0,High school diploma or equivalent,,Moderate-term on-the-job training,High school diploma or equivalent,51-8091.00,Chemical Plant and System Operators,Control or operate entire chemical processes or system of machines.,2.0,02/2026,chemical plant and system operators,BLS OEWS May 2025 + BLS projections 2024–2034 + O*NET 30.3
51-8092,Gas Plant Operators,18030,3.5,42.65,88710.0,0.6,29.5,36.96,42.22,48.49,55.54,61350.0,76870.0,87820.0,100870.0,115520.0,        Gas plant operators,16.2,14.8,-1.4,-8.8,,1.3,83400.0,High school diploma or equivalent,,Long-term on-the-job training,High school diploma or equivalent,51-8092.00,Gas Plant Operators,Distribute or process gas for utility companies and others by controlling compressors to maintain specified pressures on main pipelines.,2.0,02/2026,gas plant operators,BLS OEWS May 2025 + BLS projections 2024–2034 + O*NET 30.3
51-8093,"Petroleum Pump System Operators, Refinery Operators, and Gaugers",33160,2.9,43.57,90630.0,0.9,27.46,37.27,46.5,51.12,55.71,57110.0,77510.0,96710.0,106320.0,115880.0,"        Petroleum pump system operators, refinery operators, and gaugers",34.9,34.0,-1.0,-2.8,,3.2,97540.0,High school diploma or equivalent,,Moderate-term on-the-job training,High school diploma or equivalent,51-8093.00,"Petroleum Pump System Operators, Refinery Operators, and Gaugers","Operate or control petroleum refining or processing units. May specialize in controlling manifold and pumping systems, gauging or testing oil in storage tanks, or regulating the flow of oil into pipelines.",2.0,02/2026,"petroleum pump system operators, refinery operators, and gaugers",BLS OEWS May 2025 + BLS projections 2024–2034 + O*NET 30.3
51-8099,"Plant and System Operators, All Other",14080,4.4,31.59,65700.0,1.1,19.57,23.51,30.03,37.73,45.46,40700.0,48900.0,62470.0,78480.0,94560.0,"        Plant and system operators, all other",16.3,16.6,0.3,1.6,,1.6,61710.0,High school diploma or equivalent,,Moderate-term on-the-job training,High school diploma or equivalent,51-8099.00,"Plant and System Operators, All Other",All plant and system operators not listed separately.,2.0,02/2026,"plant and system operators, all other",BLS OEWS May 2025 + BLS projections 2024–2034 + O*NET 30.3
51-9011,Chemical Equipment Operators and Tenders,139630,1.6,29.19,60710.0,0.7,18.0,22.1,27.9,35.62,44.35,37440.0,45970.0,58040.0,74080.0,92250.0,        Chemical equipment operators and tenders,128.9,133.1,4.3,3.3,0.4,14.4,57090.0,High school diploma or equivalent,,Moderate-term on-the-job training,High school diploma or equivalent,51-9011.00,Chemical Equipment Operators and Tenders,"Operate or tend equipment to control chemical changes or reactions in the processing of industrial or consumer products. Equipment used includes devulcanizers, steam-jacketed kettles, and reactor vessels.",2.0,02/2026,chemical equipment operators and tenders,BLS OEWS May 2025 + BLS projections 2024–2034 + O*NET 30.3
51-9012,"Separating, Filtering, Clarifying, Precipitating, and Still Machine Setters, Operators, and Tenders",60100,3.3,26.94,56030.0,1.1,17.4,21.35,24.81,30.74,38.34,36200.0,44410.0,51610.0,63930.0,79750.0,"        Separating, filtering, clarifying, precipitating, and still machine setters, operators, and tenders",54.4,52.0,-2.3,-4.3,0.4,5.4,49500.0,High school diploma or equivalent,,Moderate-term on-the-job training,High school diploma or equivalent,51-9012.00,"Separating, Filtering, Clarifying, Precipitating, and Still Machine Setters, Operators, and Tenders","Set up, operate, or tend continuous flow or vat-type equipment; filter presses; shaker screens; centrifuges; condenser tubes; precipitating, fermenting, or evaporating tanks; scrubbing towers; or batch stills. These machines extract, sort, or separate liquids, gases, or solids from other materials to recover a refined product. Includes dairy processing equipment operators.",2.0,02/2026,"separating, filtering, clarifying, precipitating, and still machine setters, operators, and tenders",BLS OEWS May 2025 + BLS projections 2024–2034 + O*NET 30.3
51-9021,"Crushing, Grinding, and Polishing Machine Setters, Operators, and Tenders",26000,2.8,24.7,51380.0,0.6,17.56,19.44,23.34,28.87,33.29,36520.0,40430.0,48540.0,60040.0,69240.0,"        Crushing, grinding, and polishing machine setters, operators, and tenders",28.7,27.9,-0.7,-2.5,,2.7,46890.0,High school diploma or equivalent,,Moderate-term on-the-job training,High school diploma or equivalent,51-9021.00,"Crushing, Grinding, and Polishing Machine Setters, Operators, and Tenders","Set up, operate, or tend machines to crush, grind, or polish materials, such as coal, glass, grain, stone, food, or rubber.",2.0,02/2026,"crushing, grinding, and polishing machine setters, operators, and tenders",BLS OEWS May 2025 + BLS projections 2024–2034 + O*NET 30.3
51-9022,"Grinding and Polishing Workers, Hand",10510,4.7,21.64,45020.0,1.1,16.09,18.0,20.51,24.03,29.23,33480.0,37450.0,42660.0,49980.0,60810.0,"        Grinding and polishing workers, hand",11.8,9.3,-2.5,-21.2,,0.8,41690.0,No formal educational credential,,Moderate-term on-the-job training,No formal educational credential,51-9022.00,"Grinding and Polishing Workers, Hand","Grind, sand, or polish, using hand tools or hand-held power tools, a variety of metal, wood, stone, clay, plastic, or glass objects. Includes chippers, buffers, and finishers.",2.0,02/2026,"grinding and polishing workers, hand",BLS OEWS May 2025 + BLS projections 2024–2034 + O*NET 30.3
51-9023,"Mixing and Blending Machine Setters, Operators, and Tenders",94920,1.5,25.04,52090.0,0.4,17.69,20.6,23.55,28.78,33.75,36790.0,42850.0,48990.0,59860.0,70200.0,"        Mixing and blending machine setters, operators, and tenders",101.1,94.3,-6.8,-6.8,,8.8,47680.0,High school diploma or equivalent,,Moderate-term on-the-job training,High school diploma or equivalent,51-9023.00,"Mixing and Blending Machine Setters, Operators, and Tenders","Set up, operate, or tend machines to mix or blend materials, such as chemicals, tobacco, liquids, color pigments, or explosive ingredients.",2.0,02/2026,"mixing and blending machine setters, operators, and tenders",BLS OEWS May 2025 + BLS projections 2024–2034 + O*NET 30.3
51-9031,"Cutters and Trimmers, Hand",6060,5.3,19.74,41050.0,1.3,12.8,16.37,18.28,23.01,27.82,26630.0,34050.0,38020.0,47850.0,57870.0,"        Cutters and trimmers, hand",7.0,5.7,-1.3,-18.1,3.4,0.6,38800.0,No formal educational credential,,Short-term on-the-job training,No formal educational credential,51-9031.00,"Cutters and Trimmers, Hand","Use hand tools or hand-held power tools to cut and trim a variety of manufactured items, such as carpet, fabric, stone, glass, or rubber.",2.0,02/2026,"cutters and trimmers, hand",BLS OEWS May 2025 + BLS projections 2024–2034 + O*NET 30.3
51-9032,"Cutting and Slicing Machine Setters, Operators, and Tenders",44980,2.0,22.82,47460.0,0.4,17.27,18.96,22.39,25.87,29.39,35930.0,39440.0,46570.0,53800.0,61120.0,"        Cutting and slicing machine setters, operators, and tenders",49.0,47.9,-1.1,-2.3,3.3,5.3,45700.0,High school diploma or equivalent,,Moderate-term on-the-job training,High school diploma or equivalent,51-9032.00,"Cutting and Slicing Machine Setters, Operators, and Tenders","Set up, operate, or tend machines that cut or slice materials, such as glass, stone, cork, rubber, tobacco, food, paper, or insulating material.",2.0,02/2026,"cutting and slicing machine setters, operators, and tenders",BLS OEWS May 2025 + BLS projections 2024–2034 + O*NET 30.3
51-9041,"Extruding, Forming, Pressing, and Compacting Machine Setters, Operators, and Tenders",58770,2.5,22.72,47260.0,0.7,16.65,18.44,22.0,25.28,30.51,34630.0,38360.0,45760.0,52580.0,63450.0,"      Extruding, forming, pressing, and compacting machine setters, operators, and tenders",57.3,58.4,1.1,2.0,,5.2,45130.0,High school diploma or equivalent,,Moderate-term on-the-job training,High school diploma or equivalent,51-9041.00,"Extruding, Forming, Pressing, and Compacting Machine Setters, Operators, and Tenders","Set up, operate, or tend machines, such as glass-forming machines, plodder machines, and tuber machines, to shape and form products such as glassware, food, rubber, soap, brick, tile, clay, wax, tobacco, or cosmetics.",2.0,02/2026,"extruding, forming, pressing, and compacting machine setters, operators, and tenders",BLS OEWS May 2025 + BLS projections 2024–2034 + O*NET 30.3
51-9051,"Furnace, Kiln, Oven, Drier, and Kettle Operators and Tenders",14280,3.4,24.49,50940.0,0.8,17.29,19.77,23.1,28.77,33.56,35960.0,41130.0,48040.0,59830.0,69800.0,"      Furnace, kiln, oven, drier, and kettle operators and tenders",16.5,17.0,0.5,3.0,1.5,1.9,47010.0,High school diploma or equivalent,,Moderate-term on-the-job training,High school diploma or equivalent,51-9051.00,"Furnace, Kiln, Oven, Drier, and Kettle Operators and Tenders","Operate or tend heating equipment other than basic metal, plastic, or food processing equipment. Includes activities such as annealing glass, drying lumber, curing rubber, removing moisture from materials, or boiling soap.",2.0,02/2026,"furnace, kiln, oven, drier, and kettle operators and tenders",BLS OEWS May 2025 + BLS projections 2024–2034 + O*NET 30.3
51-9061,"Inspectors, Testers, Sorters, Samplers, and Weighers",597370,0.7,25.7,53450.0,0.3,17.07,19.18,23.35,29.54,37.44,35510.0,39890.0,48570.0,61440.0,77860.0,"      Inspectors, testers, sorters, samplers, and weighers",598.0,598.1,0.1,0.0,1.4,69.9,47460.0,High school diploma or equivalent,,Moderate-term on-the-job training,High school diploma or equivalent,51-9061.00,"Inspectors, Testers, Sorters, Samplers, and Weighers","Inspect, test, sort, sample, or weigh nonagricultural raw materials or processed, machined, fabricated, or assembled parts or products for defects, wear, and deviations from specifications. May use precision measuring instruments and complex test equipment.",2.0,02/2026,"inspectors, testers, sorters, samplers, and weighers",BLS OEWS May 2025 + BLS projections 2024–2034 + O*NET 30.3
51-9071,Jewelers and Precious Stone and Metal Workers,22440,3.9,27.87,57960.0,2.4,17.11,19.0,25.26,33.56,42.09,35580.0,39520.0,52540.0,69810.0,87540.0,      Jewelers and precious stone and metal workers,35.1,33.2,-1.9,-5.5,33.9,4.0,49140.0,High school diploma or equivalent,,Long-term on-the-job training,High school diploma or equivalent,51-9071.00,Jewelers and Precious Stone and Metal Workers,"Design, fabricate, adjust, repair, or appraise jewelry, gold, silver, other precious metals, or gems.",3.0,08/2025,jewelers and precious stone and metal workers,BLS OEWS May 2025 + BLS projections 2024–2034 + O*NET 30.3
51-9081,Dental Laboratory Technicians,34410,2.5,26.1,54290.0,0.8,17.62,19.43,23.85,29.84,36.99,36660.0,40420.0,49610.0,62070.0,76940.0,        Dental laboratory technicians,35.2,33.6,-1.6,-4.7,4.0,3.9,48310.0,High school diploma or equivalent,,Moderate-term on-the-job training,High school diploma or equivalent,51-9081.00,Dental Laboratory Technicians,Construct and repair full or partial dentures or dental appliances.,2.0,02/2026,dental laboratory technicians,BLS OEWS May 2025 + BLS projections 2024–2034 + O*NET 30.3
51-9082,Medical Appliance Technicians,11280,5.7,25.35,52730.0,1.4,17.55,20.29,23.09,29.12,36.41,36510.0,42210.0,48030.0,60580.0,75740.0,        Medical appliance technicians,12.0,12.4,0.4,3.7,4.0,1.5,47060.0,High school diploma or equivalent,,Moderate-term on-the-job training,High school diploma or equivalent,51-9082.00,Medical Appliance Technicians,"Construct, maintain, or repair medical supportive devices such as braces, orthotics and prosthetic devices, joints, arch supports, and other surgical and medical appliances.",3.0,07/2015,medical appliance technicians,BLS OEWS May 2025 + BLS projections 2024–2034 + O*NET 30.3
51-9083,Ophthalmic Laboratory Technicians,18660,4.8,20.76,43190.0,1.0,16.12,17.53,18.97,22.6,27.59,33530.0,36470.0,39460.0,47010.0,57380.0,        Ophthalmic laboratory technicians,19.6,20.0,0.5,2.3,4.0,2.4,38420.0,High school diploma or equivalent,,Moderate-term on-the-job training,High school diploma or equivalent,51-9083.00,Ophthalmic Laboratory Technicians,"Cut, grind, and polish eyeglasses, contact lenses, or other precision optical elements. Assemble and mount lenses into frames or process other optical elements. Includes precision lens polishers or grinders, centerer-edgers, and lens mounters.",2.0,02/2026,ophthalmic laboratory technicians,BLS OEWS May 2025 + BLS projections 2024–2034 + O*NET 30.3
51-9111,Packaging and Filling Machine Operators and Tenders,379060,0.8,21.44,44590.0,0.2,16.06,17.72,20.78,23.59,28.86,33390.0,36850.0,43220.0,49070.0,60030.0,      Packaging and filling machine operators and tenders,381.2,398.2,17.0,4.5,,45.3,40900.0,High school diploma or equivalent,,Moderate-term on-the-job training,High school diploma or equivalent,51-9111.00,Packaging and Filling Machine Operators and Tenders,Operate or tend machines to prepare industrial or consumer products for storage or shipment. Includes cannery workers who pack food products.,2.0,02/2026,packaging and filling machine operators and tenders,BLS OEWS May 2025 + BLS projections 2024–2034 + O*NET 30.3
51-9123,"Painting, Coating, and Decorating Workers",7940,9.9,21.73,45210.0,1.7,15.13,17.8,20.0,24.21,29.24,31470.0,37030.0,41600.0,50360.0,60820.0,"        Painting, coating, and decorating workers",8.8,8.9,0.1,1.4,3.5,0.8,40860.0,No formal educational credential,,Moderate-term on-the-job training,No formal educational credential,51-9123.00,"Painting, Coating, and Decorating Workers","Paint, coat, or decorate articles, such as furniture, glass, plateware, pottery, jewelry, toys, books, or leather.",2.0,02/2026,"painting, coating, and decorating workers",BLS OEWS May 2025 + BLS projections 2024–2034 + O*NET 30.3
51-9124,"Coating, Painting, and Spraying Machine Setters, Operators, and Tenders",158740,1.2,25.3,52620.0,0.4,17.43,19.52,23.2,28.69,35.93,36260.0,40590.0,48250.0,59680.0,74730.0,"        Coating, painting, and spraying machine setters, operators, and tenders",165.5,166.7,1.2,0.7,3.6,15.8,47590.0,High school diploma or equivalent,,Moderate-term on-the-job training,High school diploma or equivalent,51-9124.00,"Coating, Painting, and Spraying Machine Setters, Operators, and Tenders","Set up, operate, or tend spraying or rolling machines to coat or paint any of a wide variety of products, including glassware, cloth, ceramics, metal, plastic, paper, or wood, with lacquer, silver, copper, rubber, varnish, glaze, enamel, oil, or rust-proofing materials. Includes painters of transportation vehicles such as painters in auto body repair facilities.",2.0,02/2026,"coating, painting, and spraying machine setters, operators, and tenders",BLS OEWS May 2025 + BLS projections 2024–2034 + O*NET 30.3
51-9141,Semiconductor Processing Technicians,31460,1.8,28.93,60180.0,0.6,18.12,21.94,24.73,31.25,39.68,37690.0,45640.0,51430.0,65010.0,82540.0,      Semiconductor processing technicians,31.9,35.4,3.5,10.9,,3.9,51180.0,High school diploma or equivalent,,Moderate-term on-the-job training,High school diploma or equivalent,51-9141.00,Semiconductor Processing Technicians,"Perform any or all of the following functions in the manufacture of electronic semiconductors: load semiconductor material into furnace; saw formed ingots into segments; load individual segment into crystal growing chamber and monitor controls; locate crystal axis in ingot using x-ray equipment and saw ingots into wafers; and clean, polish, and load wafers into series of special purpose furnaces, chemical baths, and equipment used to form circuitry and change conductive properties.",2.0,02/2026,semiconductor processing technicians,BLS OEWS May 2025 + BLS projections 2024–2034 + O*NET 30.3
51-9151,Photographic Process Workers and Processing Machine Operators,4800,5.7,22.14,46050.0,1.9,14.47,16.91,19.52,24.11,33.08,30090.0,35170.0,40610.0,50150.0,68800.0,      Photographic process workers and processing machine operators,11.2,10.9,-0.3,-2.6,39.0,1.5,40100.0,High school diploma or equivalent,,Short-term on-the-job training,High school diploma or equivalent,51-9151.00,Photographic Process Workers and Processing Machine Operators,Perform work involved in developing and processing photographic images from film or digital media. May perform precision tasks such as editing photographic negatives and prints.,2.0,02/2026,photographic process workers and processing machine operators,BLS OEWS May 2025 + BLS projections 2024–2034 + O*NET 30.3
51-9161,Computer Numerically Controlled Tool Operators,169450,1.5,26.11,54320.0,0.3,18.34,21.6,24.37,29.69,35.53,38140.0,44930.0,50690.0,61760.0,73890.0,        Computer numerically controlled tool operators,177.1,158.1,-19.0,-10.7,0.2,13.5,49970.0,High school diploma or equivalent,,Moderate-term on-the-job training,High school diploma or equivalent,51-9161.00,Computer Numerically Controlled Tool Operators,"Operate computer-controlled tools, machines, or robots to machine or process parts, tools, or other work pieces made of metal, plastic, wood, stone, or other materials. May also set up and maintain equipment.",2.0,02/2026,computer numerically controlled tool operators,BLS OEWS May 2025 + BLS projections 2024–2034 + O*NET 30.3
51-9162,Computer Numerically Controlled Tool Programmers,28500,1.8,34.72,72210.0,0.7,22.85,28.01,32.75,39.37,48.23,47530.0,58270.0,68120.0,81890.0,100320.0,        Computer numerically controlled tool programmers,28.3,31.9,3.6,12.8,,3.1,65670.0,Postsecondary nondegree award,,Moderate-term on-the-job training,Postsecondary nondegree award,51-9162.00,Computer Numerically Controlled Tool Programmers,"Develop programs to control machining or processing of materials by automatic machine tools, equipment, or systems. May also set up, operate, or maintain equipment.",2.0,02/2026,computer numerically controlled tool programmers,BLS OEWS May 2025 + BLS projections 2024–2034 + O*NET 30.3
51-9191,Adhesive Bonding Machine Operators and Tenders,11500,4.0,22.53,46850.0,1.0,15.12,17.9,22.34,25.77,29.24,31460.0,37220.0,46460.0,53610.0,60810.0,        Adhesive bonding machine operators and tenders,12.2,12.3,0.1,1.0,,1.3,45210.0,High school diploma or equivalent,,Moderate-term on-the-job training,High school diploma or equivalent,51-9191.00,Adhesive Bonding Machine Operators and Tenders,"Operate or tend bonding machines that use adhesives to join items for further processing or to form a completed product. Processes include joining veneer sheets into plywood; gluing paper; or joining rubber and rubberized fabric parts, plastic, simulated leather, or other materials.",2.0,02/2026,adhesive bonding machine operators and tenders,BLS OEWS May 2025 + BLS projections 2024–2034 + O*NET 30.3
51-9192,"Cleaning, Washing, and Metal Pickling Equipment Operators and Tenders",14760,2.7,21.44,44600.0,0.5,16.25,17.94,20.93,23.71,28.16,33790.0,37310.0,43530.0,49320.0,58570.0,"        Cleaning, washing, and metal pickling equipment operators and tenders",14.6,15.2,0.5,3.6,3.7,1.6,41460.0,High school diploma or equivalent,,Moderate-term on-the-job training,High school diploma or equivalent,51-9192.00,"Cleaning, Washing, and Metal Pickling Equipment Operators and Tenders","Operate or tend machines to wash or clean products, such as barrels or kegs, glass items, tin plate, food, pulp, coal, plastic, or rubber, to remove impurities.",2.0,02/2026,"cleaning, washing, and metal pickling equipment operators and tenders",BLS OEWS May 2025 + BLS projections 2024–2034 + O*NET 30.3
51-9193,Cooling and Freezing Equipment Operators and Tenders,6900,3.1,21.61,44940.0,0.8,16.07,17.49,19.87,23.82,29.97,33430.0,36380.0,41330.0,49550.0,62340.0,        Cooling and freezing equipment operators and tenders,7.1,7.6,0.5,7.2,3.7,0.8,40160.0,High school diploma or equivalent,,Moderate-term on-the-job training,High school diploma or equivalent,51-9193.00,Cooling and Freezing Equipment Operators and Tenders,"Operate or tend equipment such as cooling and freezing units, refrigerators, batch freezers, and freezing tunnels, to cool or freeze products, food, blood plasma, and chemicals.",2.0,02/2026,cooling and freezing equipment operators and tenders,BLS OEWS May 2025 + BLS projections 2024–2034 + O*NET 30.3
51-9194,Etchers and Engravers,7750,4.8,22.27,46320.0,1.6,15.49,17.98,20.82,25.51,30.46,32210.0,37400.0,43310.0,53050.0,63360.0,        Etchers and engravers,8.6,8.6,-0.1,-0.7,3.2,0.9,40450.0,High school diploma or equivalent,,Moderate-term on-the-job training,High school diploma or equivalent,51-9194.00,Etchers and Engravers,"Engrave or etch metal, wood, rubber, or other materials. Includes such workers as etcher-circuit processors, pantograph engravers, and silk screen etchers.",2.0,02/2026,etchers and engravers,BLS OEWS May 2025 + BLS projections 2024–2034 + O*NET 30.3
51-9195,"Molders, Shapers, and Casters, Except Metal and Plastic",33190,2.9,22.84,47500.0,0.6,17.24,18.88,22.2,25.48,29.58,35850.0,39280.0,46170.0,53000.0,61530.0,"        Molders, shapers, and casters, except metal and plastic",41.7,44.3,2.6,6.2,14.2,5.5,45690.0,High school diploma or equivalent,,Long-term on-the-job training,High school diploma or equivalent,51-9195.00,"Molders, Shapers, and Casters, Except Metal and Plastic","Mold, shape, form, cast, or carve products such as food products, figurines, tile, pipes, and candles consisting of clay, glass, plaster, concrete, stone, or combinations of materials.",2.0,02/2026,"molders, shapers, and casters, except metal and plastic",BLS OEWS May 2025 + BLS projections 2024–2034 + O*NET 30.3
51-9196,"Paper Goods Machine Setters, Operators, and Tenders",96130,1.4,25.4,52840.0,0.4,17.93,21.6,24.17,28.93,33.81,37300.0,44920.0,50270.0,60180.0,70320.0,"        Paper goods machine setters, operators, and tenders",97.5,91.4,-6.1,-6.3,1.2,8.1,49390.0,High school diploma or equivalent,,Moderate-term on-the-job training,High school diploma or equivalent,51-9196.00,"Paper Goods Machine Setters, Operators, and Tenders","Set up, operate, or tend paper goods machines that perform a variety of functions, such as converting, sawing, corrugating, banding, wrapping, boxing, stitching, forming, or sealing paper or paperboard sheets into products.",2.0,02/2026,"paper goods machine setters, operators, and tenders",BLS OEWS May 2025 + BLS projections 2024–2034 + O*NET 30.3
51-9197,Tire Builders,20770,2.7,27.48,57160.0,0.6,19.31,23.03,27.59,30.95,35.91,40150.0,47900.0,57390.0,64380.0,74680.0,        Tire builders,20.9,21.4,0.5,2.3,,2.5,55580.0,High school diploma or equivalent,,Moderate-term on-the-job training,High school diploma or equivalent,51-9197.00,Tire Builders,Operate machines to build tires.,2.0,02/2026,tire builders,BLS OEWS May 2025 + BLS projections 2024–2034 + O*NET 30.3
51-9198,Helpers--Production Workers,165700,1.4,19.77,41120.0,0.3,14.97,16.93,18.78,22.11,25.68,31140.0,35220.0,39070.0,45990.0,53410.0,        Helpers--production workers,168.5,153.5,-15.0,-8.9,0.1,23.6,38220.0,High school diploma or equivalent,,Short-term on-the-job training,High school diploma or equivalent,51-9198.00,Helpers--Production Workers,"Help production workers by performing duties requiring less skill. Duties include supplying or holding materials or tools, and cleaning work area and equipment.",2.0,02/2026,helpers--production workers,BLS OEWS May 2025 + BLS projections 2024–2034 + O*NET 30.3
51-9199,"Production Workers, All Other",251700,1.3,21.34,44380.0,0.3,15.0,17.32,19.29,23.56,29.58,31200.0,36030.0,40110.0,49010.0,61530.0,"        Production workers, all other",292.8,294.3,1.5,0.5,3.7,31.6,38820.0,High school diploma or equivalent,,Moderate-term on-the-job training,High school diploma or equivalent,51-9199.00,"Production Workers, All Other",All production workers not listed separately.,,,"production workers, all other",BLS OEWS May 2025 + BLS projections 2024–2034 + O*NET 30.3
53-1041,Aircraft Cargo Handling Supervisors,9760,3.1,31.26,65010.0,1.2,20.04,23.95,27.97,37.75,44.31,41690.0,49820.0,58170.0,78530.0,92160.0,      Aircraft cargo handling supervisors,10.3,10.8,0.5,5.2,0.8,1.1,63940.0,High school diploma or equivalent,Less than 5 years,,High school diploma or equivalent,53-1041.00,Aircraft Cargo Handling Supervisors,"Supervise and coordinate the activities of ground crew in the loading, unloading, securing, and staging of aircraft cargo or baggage. May determine the quantity and orientation of cargo and compute aircraft center of gravity. May accompany aircraft as member of flight crew and monitor and handle cargo in flight, and assist and brief passengers on safety and emergency procedures. Includes loadmasters.",2.0,02/2026,aircraft cargo handling supervisors,BLS OEWS May 2025 + BLS projections 2024–2034 + O*NET 30.3
53-1047,"First-Line Supervisors of Transportation and Material Moving Workers, Except Aircraft Cargo Handling Supervisors",623640,0.5,32.14,66860.0,0.2,20.85,24.07,30.23,37.58,46.23,43360.0,50070.0,62890.0,78160.0,96150.0,"      First-line supervisors of transportation and material moving workers, except aircraft cargo handling supervisors",609.6,632.2,22.5,3.7,0.8,61.3,61890.0,High school diploma or equivalent,Less than 5 years,,High school diploma or equivalent,,,,,,"first-line supervisors of transportation and material moving workers, except aircraft cargo handling supervisors",BLS OEWS May 2025 + BLS projections 2024–2034 + O*NET 30.3
53-2011,"Airline Pilots, Copilots, and Flight Engineers",103560,1.1,,288650.0,2.7,,,,,,106710.0,182280.0,232140.0,384440.0,463830.0,"        Airline pilots, copilots, and flight engineers",100.0,103.9,3.9,3.9,,11.7,226600.0,Bachelor's degree,Less than 5 years,Moderate-term on-the-job training,Bachelor's degree,53-2011.00,"Airline Pilots, Copilots, and Flight Engineers","Pilot and navigate the flight of fixed-wing aircraft, usually on scheduled air carrier routes, for the transport of passengers and cargo. Requires Federal Air Transport certificate and rating for specific aircraft type used. Includes regional, national, and international airline pilots and flight instructors of airline pilots.",4.0,08/2021,"airline pilots, copilots, and flight engineers",BLS OEWS May 2025 + BLS projections 2024–2034 + O*NET 30.3
53-2012,Commercial Pilots,47630,2.2,,146080.0,1.6,,,,,,58850.0,84540.0,123220.0,190440.0,266620.0,        Commercial pilots,55.4,58.3,2.8,5.1,3.7,6.6,122670.0,Postsecondary nondegree award,,Moderate-term on-the-job training,Postsecondary nondegree award,53-2012.00,Commercial Pilots,"Pilot and navigate the flight of fixed-wing aircraft on nonscheduled air carrier routes, or helicopters. Requires Commercial Pilot certificate. Includes charter pilots with similar certification, and air ambulance and air tour pilots. Excludes regional, national, and international airline pilots.",3.0,08/2024,commercial pilots,BLS OEWS May 2025 + BLS projections 2024–2034 + O*NET 30.3
53-2021,Air Traffic Controllers,22510,0.7,70.43,146490.0,0.3,37.7,50.25,71.19,91.62,103.66,78420.0,104520.0,148080.0,190570.0,215610.0,        Air traffic controllers,24.1,24.4,0.3,1.2,,2.2,144580.0,Associate's degree,,Long-term on-the-job training,Associate's degree,53-2021.00,Air Traffic Controllers,"Control air traffic on and within vicinity of airport, and movement of air traffic between altitude sectors and control centers, according to established procedures and policies. Authorize, regulate, and control commercial airline flights according to government or company regulations to expedite and ensure flight safety.",3.0,07/2014,air traffic controllers,BLS OEWS May 2025 + BLS projections 2024–2034 + O*NET 30.3
53-2022,Airfield Operations Specialists,15190,4.4,30.58,63610.0,1.8,17.25,20.19,27.33,37.18,49.1,35870.0,42000.0,56850.0,77340.0,102120.0,        Airfield operations specialists,16.9,17.6,0.7,4.2,,1.6,56750.0,High school diploma or equivalent,,Long-term on-the-job training,High school diploma or equivalent,53-2022.00,Airfield Operations Specialists,"Ensure the safe takeoff and landing of commercial and military aircraft. Duties include coordination between air-traffic control and maintenance personnel, dispatching, using airfield landing and navigational aids, implementing airfield safety procedures, monitoring and maintaining flight records, and applying knowledge of weather information.",3.0,08/2021,airfield operations specialists,BLS OEWS May 2025 + BLS projections 2024–2034 + O*NET 30.3
53-2031,Flight Attendants,131650,0.9,,77440.0,0.5,,,,,,35110.0,51760.0,63580.0,95640.0,136430.0,      Flight attendants,130.8,142.9,12.1,9.2,,19.8,67130.0,High school diploma or equivalent,Less than 5 years,Moderate-term on-the-job training,High school diploma or equivalent,53-2031.00,Flight Attendants,"Monitor safety of the aircraft cabin. Provide services to airline passengers, explain safety information, serve food and beverages, and respond to emergency incidents.",2.0,02/2026,flight attendants,BLS OEWS May 2025 + BLS projections 2024–2034 + O*NET 30.3
53-3011,"Ambulance Drivers and Attendants, Except Emergency Medical Technicians",12630,4.9,17.41,36210.0,0.8,13.15,14.78,17.04,18.47,22.1,27350.0,30750.0,35450.0,38410.0,45960.0,"      Ambulance drivers and attendants, except emergency medical technicians",12.3,12.1,-0.2,-1.3,,1.4,34330.0,High school diploma or equivalent,,Moderate-term on-the-job training,High school diploma or equivalent,53-3011.00,"Ambulance Drivers and Attendants, Except Emergency Medical Technicians","Drive ambulance or assist ambulance driver in transporting sick, injured, or convalescent persons. Assist in lifting patients.",2.0,02/2026,"ambulance drivers and attendants, except emergency medical technicians",BLS OEWS May 2025 + BLS projections 2024–2034 + O*NET 30.3
53-3031,Driver/Sales Workers,409180,2.4,19.58,40730.0,0.8,10.86,14.52,18.64,23.56,28.84,22590.0,30200.0,38770.0,49000.0,59980.0,        Driver/sales workers,451.5,491.3,39.8,8.8,6.9,51.3,37130.0,High school diploma or equivalent,,Short-term on-the-job training,High school diploma or equivalent,53-3031.00,Driver/Sales Workers,"Drive truck or other vehicle over established routes or within an established territory and sell or deliver goods, such as food products, including restaurant take-out items, or pick up or deliver items such as commercial laundry. May also take orders, collect payment, or stock merchandise at point of delivery.",2.0,02/2026,driver/sales workers,BLS OEWS May 2025 + BLS projections 2024–2034 + O*NET 30.3
53-3032,Heavy and Tractor-Trailer Truck Drivers,2062040,0.5,28.71,59710.0,0.2,19.3,23.06,28.19,33.23,38.17,40140.0,47960.0,58640.0,69120.0,79380.0,        Heavy and tractor-trailer truck drivers,2235.1,2324.4,89.3,4.0,6.9,237.6,57440.0,Postsecondary nondegree award,,Short-term on-the-job training,Postsecondary nondegree award,53-3032.00,Heavy and Tractor-Trailer Truck Drivers,"Drive a tractor-trailer combination or a truck with a capacity of at least 26,001 pounds Gross Vehicle Weight (GVW). May be required to unload truck. Requires commercial drivers' license. Includes tow truck drivers.",2.0,02/2026,heavy and tractor-trailer truck drivers,BLS OEWS May 2025 + BLS projections 2024–2034 + O*NET 30.3
53-3033,Light Truck Drivers,983300,0.7,23.45,48770.0,0.3,14.81,17.92,21.57,25.15,38.61,30800.0,37270.0,44860.0,52310.0,80310.0,        Light truck drivers,1079.8,1158.6,78.9,7.3,6.8,120.2,44140.0,High school diploma or equivalent,,Short-term on-the-job training,High school diploma or equivalent,53-3033.00,Light Truck Drivers,"Drive a light vehicle, such as a truck or van, with a capacity of less than 26,001 pounds Gross Vehicle Weight (GVW), primarily to pick up merchandise or packages from a distribution center and deliver. May load and unload vehicle.",2.0,02/2026,light truck drivers,BLS OEWS May 2025 + BLS projections 2024–2034 + O*NET 30.3
53-3051,"Bus Drivers, School",402930,1.0,23.28,48430.0,0.3,14.06,18.58,23.04,28.09,31.6,29240.0,38650.0,47920.0,58430.0,65730.0,"        Bus drivers, school",387.3,388.2,0.9,0.2,0.4,61.0,47040.0,High school diploma or equivalent,,Short-term on-the-job training,High school diploma or equivalent,53-3051.00,"Bus Drivers, School",Drive a school bus to transport students. Ensure adherence to safety rules. May assist students in boarding or exiting.,2.0,02/2026,"bus drivers, school",BLS OEWS May 2025 + BLS projections 2024–2034 + O*NET 30.3
53-3052,"Bus Drivers, Transit and Intercity",159240,1.1,28.98,60280.0,0.3,19.25,22.85,28.39,33.99,40.72,40030.0,47530.0,59050.0,70700.0,84700.0,"        Bus drivers, transit and intercity",158.8,165.6,6.8,4.3,1.8,20.9,57440.0,High school diploma or equivalent,,Moderate-term on-the-job training,High school diploma or equivalent,53-3052.00,"Bus Drivers, Transit and Intercity","Drive bus or motor coach, including regular route operations, charters, and private carriage. May assist passengers with baggage. May collect fares or tickets.",2.0,02/2026,"bus drivers, transit and intercity",BLS OEWS May 2025 + BLS projections 2024–2034 + O*NET 30.3
53-3053,Shuttle Drivers and Chauffeurs,248530,1.3,19.17,39880.0,0.5,13.51,15.73,17.93,21.97,26.47,28090.0,32710.0,37290.0,45700.0,55070.0,        Shuttle drivers and chauffeurs,243.9,260.3,16.4,6.7,3.1,36.3,36670.0,No formal educational credential,,Short-term on-the-job training,No formal educational credential,53-3053.00,Shuttle Drivers and Chauffeurs,Drive a motor vehicle to transport passengers on a planned or scheduled basis. May collect a fare. Includes nonemergency medical transporters and hearse drivers.,2.0,02/2026,shuttle drivers and chauffeurs,BLS OEWS May 2025 + BLS projections 2024–2034 + O*NET 30.3
53-3054,Taxi Drivers,41050,12.9,24.01,49930.0,2.9,16.66,18.17,20.24,29.31,36.44,34650.0,37790.0,42100.0,60960.0,75800.0,        Taxi drivers,204.0,226.6,22.6,11.1,91.5,22.6,36220.0,No formal educational credential,,Short-term on-the-job training,No formal educational credential,53-3054.00,Taxi Drivers,"Drive a motor vehicle to transport passengers on an unplanned basis and charge a fare, usually based on a meter.",2.0,02/2026,taxi drivers,BLS OEWS May 2025 + BLS projections 2024–2034 + O*NET 30.3
53-3099,"Motor Vehicle Operators, All Other",46880,3.2,20.4,42430.0,1.0,12.76,15.01,17.87,23.55,31.97,26540.0,31220.0,37180.0,48980.0,66500.0,"      Motor vehicle operators, all other",79.3,84.0,4.7,6.0,34.8,11.1,36260.0,No formal educational credential,,Short-term on-the-job training,No formal educational credential,53-3099.00,"Motor Vehicle Operators, All Other",All motor vehicle operators not listed separately.,,,"motor vehicle operators, all other",BLS OEWS May 2025 + BLS projections 2024–2034 + O*NET 30.3
53-4011,Locomotive Engineers,33470,0.8,41.3,85900.0,0.5,29.17,36.15,39.14,44.84,52.51,60680.0,75190.0,81410.0,93260.0,109220.0,        Locomotive engineers,27.0,27.2,0.2,0.7,,2.2,77400.0,High school diploma or equivalent,Less than 5 years,Moderate-term on-the-job training,High school diploma or equivalent,53-4011.00,Locomotive Engineers,"Drive electric, diesel-electric, steam, or gas-turbine-electric locomotives to transport passengers or freight. Interpret train orders, electronic or manual signals, and railroad rules and regulations.",2.0,02/2026,locomotive engineers,BLS OEWS May 2025 + BLS projections 2024–2034 + O*NET 30.3
53-4013,"Rail Yard Engineers, Dinkey Operators, and Hostlers",3920,4.0,32.91,68450.0,1.3,21.41,25.37,29.14,38.63,48.21,44540.0,52780.0,60600.0,80360.0,100270.0,"        Rail yard engineers, dinkey operators, and hostlers",3.1,3.1,0.0,0.3,,0.2,58030.0,High school diploma or equivalent,,Moderate-term on-the-job training,High school diploma or equivalent,53-4013.00,"Rail Yard Engineers, Dinkey Operators, and Hostlers","Drive switching or other locomotive or dinkey engines within railroad yard, industrial plant, quarry, construction project, or similar location.",2.0,02/2026,"rail yard engineers, dinkey operators, and hostlers",BLS OEWS May 2025 + BLS projections 2024–2034 + O*NET 30.3
53-4022,"Railroad Brake, Signal, and Switch Operators and Locomotive Firers",12400,1.7,33.19,69030.0,0.5,21.95,27.8,33.1,36.82,41.63,45660.0,57820.0,68840.0,76590.0,86590.0,"      Railroad brake, signal, and switch operators and locomotive firers",11.0,11.1,0.1,1.0,,1.0,65480.0,High school diploma or equivalent,,Moderate-term on-the-job training,High school diploma or equivalent,53-4022.00,"Railroad Brake, Signal, and Switch Operators and Locomotive Firers","Operate or monitor railroad track switches or locomotive instruments. May couple or uncouple rolling stock to make up or break up trains. Watch for and relay traffic signals. May inspect couplings, air hoses, journal boxes, and hand brakes. May watch for dragging equipment or obstacles on rights-of-way.",2.0,02/2026,"railroad brake, signal, and switch operators and locomotive firers",BLS OEWS May 2025 + BLS projections 2024–2034 + O*NET 30.3
53-4031,Railroad Conductors and Yardmasters,46440,0.7,38.03,79100.0,0.4,28.24,31.54,37.5,40.3,52.78,58740.0,65610.0,78000.0,83820.0,109770.0,      Railroad conductors and yardmasters,36.8,37.2,0.4,1.1,,3.1,74080.0,High school diploma or equivalent,,Moderate-term on-the-job training,High school diploma or equivalent,53-4031.00,Railroad Conductors and Yardmasters,"Coordinate activities of switch-engine crew within railroad yard, industrial plant, or similar location. Conductors coordinate activities of train crew on passenger or freight trains. Yardmasters review train schedules and switching orders and coordinate activities of workers engaged in railroad traffic operations, such as the makeup or breakup of trains and yard switching.",2.0,02/2026,railroad conductors and yardmasters,BLS OEWS May 2025 + BLS projections 2024–2034 + O*NET 30.3
53-4041,Subway and Streetcar Operators,10200,2.2,37.1,77170.0,0.5,26.53,29.8,41.53,43.34,43.34,55180.0,61980.0,86380.0,90140.0,90140.0,      Subway and streetcar operators,9.6,9.9,0.3,3.4,,0.9,84830.0,High school diploma or equivalent,,Moderate-term on-the-job training,High school diploma or equivalent,53-4041.00,Subway and Streetcar Operators,"Operate subway or elevated suburban trains with no separate locomotive, or electric-powered streetcar, to transport passengers. May handle fares.",2.0,02/2026,subway and streetcar operators,BLS OEWS May 2025 + BLS projections 2024–2034 + O*NET 30.3
53-4099,"Rail Transportation Workers, All Other",1120,13.3,28.91,60140.0,3.4,19.27,22.87,27.1,35.62,39.99,40080.0,47570.0,56360.0,74090.0,83190.0,"      Rail transportation workers, all other",1.6,1.6,0.1,3.9,,0.2,49330.0,High school diploma or equivalent,,Moderate-term on-the-job training,High school diploma or equivalent,53-4099.00,"Rail Transportation Workers, All Other",All rail transportation workers not listed separately.,,,"rail transportation workers, all other",BLS OEWS May 2025 + BLS projections 2024–2034 + O*NET 30.3
53-5011,Sailors and Marine Oilers,31670,3.8,27.32,56830.0,1.5,16.61,19.92,24.77,32.5,40.2,34560.0,41430.0,51520.0,67590.0,83620.0,      Sailors and marine oilers,32.1,32.8,0.7,2.3,,3.9,49610.0,No formal educational credential,,Moderate-term on-the-job training,No formal educational credential,53-5011.00,Sailors and Marine Oilers,"Stand watch to look for obstructions in path of vessel, measure water depth, turn wheel on bridge, or use emergency equipment as directed by captain, mate, or pilot. Break out, rig, overhaul, and store cargo-handling gear, stationary rigging, and running gear. Perform a variety of maintenance tasks to preserve the painted surface of the ship and to maintain line and ship equipment. Must hold government-issued certification and tankerman certification when working aboard liquid-carrying vessels. Includes able seamen and ordinary seamen.",2.0,02/2026,sailors and marine oilers,BLS OEWS May 2025 + BLS projections 2024–2034 + O*NET 30.3
53-5021,"Captains, Mates, and Pilots of Water Vessels",36850,2.8,49.87,103720.0,2.2,22.8,30.71,44.45,61.14,82.04,47420.0,63880.0,92460.0,127180.0,170640.0,"        Captains, mates, and pilots of water vessels",40.7,40.9,0.2,0.5,7.1,4.3,85540.0,Postsecondary nondegree award,Less than 5 years,,Postsecondary nondegree award,53-5021.00,"Captains, Mates, and Pilots of Water Vessels","Command or supervise operations of ships and water vessels, such as tugboats and ferryboats. Required to hold license issued by U.S. Coast Guard.",3.0,08/2022,"captains, mates, and pilots of water vessels",BLS OEWS May 2025 + BLS projections 2024–2034 + O*NET 30.3
53-5022,Motorboat Operators,2480,11.9,27.05,56270.0,4.1,16.59,20.56,22.85,33.18,40.64,34510.0,42760.0,47520.0,69010.0,84530.0,        Motorboat operators,2.7,2.8,0.0,1.4,6.5,0.3,51880.0,Postsecondary nondegree award,Less than 5 years,,Postsecondary nondegree award,53-5022.00,Motorboat Operators,Operate small motor-driven boats. May assist in navigational activities.,2.0,02/2026,motorboat operators,BLS OEWS May 2025 + BLS projections 2024–2034 + O*NET 30.3
53-5031,Ship Engineers,8400,4.4,53.75,111790.0,1.2,27.82,39.49,52.66,65.27,79.56,57870.0,82130.0,109530.0,135760.0,165490.0,      Ship engineers,8.8,9.0,0.1,1.6,,1.1,101320.0,Postsecondary nondegree award,Less than 5 years,,Postsecondary nondegree award,53-5031.00,Ship Engineers,"Supervise and coordinate activities of crew engaged in operating and maintaining engines, boilers, deck machinery, and electrical, sanitary, and refrigeration equipment aboard ship.",3.0,08/2024,ship engineers,BLS OEWS May 2025 + BLS projections 2024–2034 + O*NET 30.3
53-6011,Bridge and Lock Tenders,3040,1.8,26.62,55370.0,0.6,13.51,18.58,27.74,33.47,36.23,28090.0,38640.0,57700.0,69620.0,75360.0,      Bridge and lock tenders,2.9,2.8,-0.1,-3.3,,0.3,58490.0,High school diploma or equivalent,,Short-term on-the-job training,High school diploma or equivalent,53-6011.00,Bridge and Lock Tenders,"Operate and tend bridges, canal locks, and lighthouses to permit marine passage on inland waterways, near shores, and at danger points in waterway passages. May supervise such operations. Includes drawbridge operators, lock operators, and slip bridge operators.",2.0,02/2026,bridge and lock tenders,BLS OEWS May 2025 + BLS projections 2024–2034 + O*NET 30.3
53-6021,Parking Attendants,137880,2.3,16.82,34990.0,0.5,13.0,14.41,16.9,18.11,21.42,27040.0,29960.0,35150.0,37670.0,44550.0,      Parking attendants,135.7,139.8,4.0,3.0,,18.5,34600.0,No formal educational credential,,Short-term on-the-job training,No formal educational credential,53-6021.00,Parking Attendants,Park vehicles or issue tickets for customers in a parking lot or garage. May park or tend vehicles in environments such as a car dealership or rental car facility. May collect fee.,2.0,02/2026,parking attendants,BLS OEWS May 2025 + BLS projections 2024–2034 + O*NET 30.3
53-6031,Automotive and Watercraft Service Attendants,102010,1.8,17.68,36780.0,0.5,13.76,15.05,17.15,18.9,22.14,28630.0,31300.0,35670.0,39320.0,46060.0,        Automotive and watercraft service attendants,100.0,99.0,-1.0,-1.0,0.8,14.4,34850.0,No formal educational credential,,Short-term on-the-job training,No formal educational credential,53-6031.00,Automotive and Watercraft Service Attendants,"Service automobiles, buses, trucks, boats, and other automotive or marine vehicles with fuel, lubricants, and accessories. Collect payment for services and supplies. May lubricate vehicle, change motor oil, refill antifreeze, or replace lights or other accessories, such as windshield wiper blades or fan belts. May repair or replace tires.",2.0,02/2026,automotive and watercraft service attendants,BLS OEWS May 2025 + BLS projections 2024–2034 + O*NET 30.3
53-6032,Aircraft Service Attendants,31300,3.3,20.83,43330.0,0.7,16.26,17.18,19.45,22.52,27.7,33830.0,35740.0,40450.0,46830.0,57610.0,        Aircraft service attendants,28.0,29.5,1.4,5.1,0.8,4.3,41540.0,High school diploma or equivalent,,Short-term on-the-job training,High school diploma or equivalent,53-6032.00,Aircraft Service Attendants,"Service aircraft with fuel. May de-ice aircraft, refill water and cooling agents, empty sewage tanks, service air and oxygen systems, or clean and polish exterior.",2.0,02/2026,aircraft service attendants,BLS OEWS May 2025 + BLS projections 2024–2034 + O*NET 30.3
53-6041,Traffic Technicians,7860,5.0,29.83,62050.0,1.1,18.79,22.33,28.41,36.47,40.93,39090.0,46440.0,59090.0,75850.0,85130.0,      Traffic technicians,7.9,8.2,0.3,3.7,1.1,0.8,58480.0,High school diploma or equivalent,,Moderate-term on-the-job training,High school diploma or equivalent,53-6041.00,Traffic Technicians,"Conduct field studies to determine traffic volume, speed, effectiveness of signals, adequacy of lighting, and other factors influencing traffic conditions, under direction of traffic engineer.",3.0,07/2016,traffic technicians,BLS OEWS May 2025 + BLS projections 2024–2034 + O*NET 30.3
53-6051,Transportation Inspectors,24500,3.2,42.57,88540.0,1.7,19.39,28.26,44.28,52.35,66.67,40330.0,58780.0,92100.0,108890.0,138670.0,      Transportation inspectors,25.7,26.1,0.4,1.7,6.3,2.5,85750.0,High school diploma or equivalent,,Moderate-term on-the-job training,High school diploma or equivalent,53-6051.00,Transportation Inspectors,"Inspect equipment or goods in connection with the safe transport of cargo or people. Includes rail transportation inspectors, such as freight inspectors, rail inspectors, and other inspectors of transportation vehicles not elsewhere classified.",4.0,11/2024,transportation inspectors,BLS OEWS May 2025 + BLS projections 2024–2034 + O*NET 30.3
53-6061,Passenger Attendants,27110,4.7,18.18,37820.0,1.2,13.45,15.02,18.14,20.04,22.4,27970.0,31240.0,37720.0,41680.0,46590.0,      Passenger attendants,25.6,26.8,1.2,4.7,,4.1,37560.0,High school diploma or equivalent,,Short-term on-the-job training,High school diploma or equivalent,53-6061.00,Passenger Attendants,"Provide services to ensure the safety of passengers aboard ships, buses, trains, or within the station or terminal. Perform duties such as explaining the use of safety equipment, serving meals or beverages, or answering questions related to travel.",2.0,02/2026,passenger attendants,BLS OEWS May 2025 + BLS projections 2024–2034 + O*NET 30.3
53-6099,"Transportation Workers, All Other",13550,3.8,24.47,50890.0,1.2,15.91,18.39,21.95,29.04,38.24,33080.0,38240.0,45650.0,60400.0,79540.0,"      Transportation workers, all other",11.5,11.9,0.4,3.8,2.9,1.2,39630.0,High school diploma or equivalent,,Short-term on-the-job training,High school diploma or equivalent,53-6099.00,"Transportation Workers, All Other",All transportation workers not listed separately.,,,"transportation workers, all other",BLS OEWS May 2025 + BLS projections 2024–2034 + O*NET 30.3
53-7011,Conveyor Operators and Tenders,22930,3.3,21.68,45080.0,0.6,17.39,18.35,20.39,23.33,28.59,36180.0,38180.0,42420.0,48530.0,59470.0,      Conveyor operators and tenders,29.1,28.1,-1.0,-3.4,8.9,2.6,41230.0,No formal educational credential,,Short-term on-the-job training,No formal educational credential,53-7011.00,Conveyor Operators and Tenders,"Control or tend conveyors or conveyor systems that move materials or products to and from stockpiles, processing stations, departments, or vehicles. May control speed and routing of materials or products.",2.0,02/2026,conveyor operators and tenders,BLS OEWS May 2025 + BLS projections 2024–2034 + O*NET 30.3
53-7021,Crane and Tower Operators,42890,2.8,34.68,72130.0,1.3,20.5,25.29,32.73,40.0,49.79,42640.0,52600.0,68080.0,83200.0,103570.0,      Crane and tower operators,42.3,43.5,1.3,3.0,,3.8,66370.0,High school diploma or equivalent,Less than 5 years,Moderate-term on-the-job training,High school diploma or equivalent,53-7021.00,Crane and Tower Operators,"Operate mechanical boom and cable or tower and cable equipment to lift and move materials, machines, or products in many directions.",3.0,07/2015,crane and tower operators,BLS OEWS May 2025 + BLS projections 2024–2034 + O*NET 30.3
53-7031,Dredge Operators,1040,20.1,26.98,56120.0,3.5,19.75,22.32,23.86,29.84,35.65,41080.0,46430.0,49640.0,62070.0,74140.0,      Dredge operators,1.1,1.2,0.0,1.2,8.0,0.1,48430.0,High school diploma or equivalent,,Moderate-term on-the-job training,High school diploma or equivalent,53-7031.00,Dredge Operators,"Operate dredge to remove sand, gravel, or other materials in order to excavate and maintain navigable channels in waterways.",2.0,02/2026,dredge operators,BLS OEWS May 2025 + BLS projections 2024–2034 + O*NET 30.3
53-7041,Hoist and Winch Operators,2600,8.3,32.55,67710.0,3.5,17.13,20.53,27.14,45.36,56.83,35640.0,42690.0,56450.0,94350.0,118210.0,      Hoist and winch operators,2.7,2.7,0.0,-1.1,7.8,0.3,52310.0,No formal educational credential,,Short-term on-the-job training,No formal educational credential,53-7041.00,Hoist and Winch Operators,Operate or tend hoists or winches to lift and pull loads using power-operated cable equipment.,2.0,02/2026,hoist and winch operators,BLS OEWS May 2025 + BLS projections 2024–2034 + O*NET 30.3
53-7051,Industrial Truck and Tractor Operators,774420,0.7,23.25,48370.0,0.1,17.71,19.24,22.32,26.33,30.06,36840.0,40030.0,46420.0,54770.0,62520.0,      Industrial truck and tractor operators,792.5,801.6,9.1,1.1,0.4,76.4,46390.0,No formal educational credential,,Short-term on-the-job training,No formal educational credential,53-7051.00,Industrial Truck and Tractor Operators,"Operate industrial trucks or tractors equipped to move materials around a warehouse, storage yard, factory, construction site, or similar location.",2.0,02/2026,industrial truck and tractor operators,BLS OEWS May 2025 + BLS projections 2024–2034 + O*NET 30.3
53-7061,Cleaners of Vehicles and Equipment,380430,0.8,17.78,36980.0,0.2,13.17,14.62,17.23,19.73,22.89,27380.0,30420.0,35830.0,41040.0,47610.0,        Cleaners of vehicles and equipment,410.1,426.2,16.0,3.9,7.4,56.2,35270.0,No formal educational credential,,Short-term on-the-job training,No formal educational credential,53-7061.00,Cleaners of Vehicles and Equipment,"Wash or otherwise clean vehicles, machinery, and other equipment. Use such materials as water, cleaning agents, brushes, cloths, and hoses.",2.0,02/2026,cleaners of vehicles and equipment,BLS OEWS May 2025 + BLS projections 2024–2034 + O*NET 30.3
53-7062,"Laborers and Freight, Stock, and Material Movers, Hand",2950280,0.4,20.32,42260.0,0.1,15.03,17.35,19.35,22.56,26.51,31270.0,36090.0,40240.0,46920.0,55140.0,"        Laborers and freight, stock, and material movers, hand",2988.9,3033.1,44.3,1.5,1.3,384.3,38940.0,No formal educational credential,,Short-term on-the-job training,No formal educational credential,53-7062.00,"Laborers and Freight, Stock, and Material Movers, Hand","Manually move freight, stock, luggage, or other materials, or perform other general labor. Includes all manual laborers not elsewhere classified.",2.0,02/2026,"laborers and freight, stock, and material movers, hand",BLS OEWS May 2025 + BLS projections 2024–2034 + O*NET 30.3
53-7063,Machine Feeders and Offbearers,42330,1.7,20.99,43660.0,0.4,15.49,17.51,19.82,23.31,27.96,32220.0,36420.0,41220.0,48480.0,58160.0,        Machine feeders and offbearers,46.5,40.4,-6.0,-13.0,0.9,4.7,39700.0,No formal educational credential,,Short-term on-the-job training,No formal educational credential,53-7063.00,Machine Feeders and Offbearers,Feed materials into or remove materials from machines or equipment that is automatic or tended by other workers.,2.0,02/2026,machine feeders and offbearers,BLS OEWS May 2025 + BLS projections 2024–2034 + O*NET 30.3
53-7064,"Packers and Packagers, Hand",559820,0.9,18.05,37540.0,0.2,13.41,15.49,17.44,20.7,22.65,27890.0,32220.0,36280.0,43060.0,47100.0,"        Packers and packagers, hand",591.8,559.7,-32.2,-5.4,0.7,74.0,35580.0,No formal educational credential,,Short-term on-the-job training,No formal educational credential,53-7064.00,"Packers and Packagers, Hand",Pack or package by hand a wide variety of products and materials.,2.0,02/2026,"packers and packagers, hand",BLS OEWS May 2025 + BLS projections 2024–2034 + O*NET 30.3
53-7065,Stockers and Order Fillers,2833810,0.4,19.01,39540.0,0.1,14.48,16.56,17.95,21.47,23.68,30110.0,34450.0,37330.0,44650.0,49260.0,        Stockers and order fillers,2764.8,2999.8,235.0,8.5,0.2,472.3,37090.0,No formal educational credential,,Short-term on-the-job training,No formal educational credential,53-7065.00,Stockers and Order Fillers,"Receive, store, and issue merchandise, materials, equipment, and other items from stockroom, warehouse, or storage yard to fill shelves, racks, tables, or customers' orders. May operate power equipment to fill orders. May mark prices on merchandise and set up sales displays.",2.0,02/2026,stockers and order fillers,BLS OEWS May 2025 + BLS projections 2024–2034 + O*NET 30.3
53-7071,Gas Compressor and Gas Pumping Station Operators,3510,13.3,35.87,74610.0,3.3,22.2,28.17,37.17,43.76,47.84,46180.0,58580.0,77320.0,91020.0,99510.0,        Gas compressor and gas pumping station operators,5.4,5.3,-0.1,-1.3,3.6,0.6,71510.0,High school diploma or equivalent,,Moderate-term on-the-job training,High school diploma or equivalent,53-7071.00,Gas Compressor and Gas Pumping Station Operators,"Operate steam-, gas-, electric motor-, or internal combustion-engine driven compressors. Transmit, compress, or recover gases, such as butane, nitrogen, hydrogen, and natural gas.",2.0,02/2026,gas compressor and gas pumping station operators,BLS OEWS May 2025 + BLS projections 2024–2034 + O*NET 30.3
53-7072,"Pump Operators, Except Wellhead Pumpers",9780,6.4,30.75,63960.0,2.2,18.95,22.86,29.7,37.12,44.14,39420.0,47560.0,61770.0,77210.0,91820.0,"        Pump operators, except wellhead pumpers",13.1,13.5,0.3,2.6,3.6,1.5,60020.0,High school diploma or equivalent,,Moderate-term on-the-job training,High school diploma or equivalent,53-7072.00,"Pump Operators, Except Wellhead Pumpers","Tend, control, or operate power-driven, stationary, or portable pumps and manifold systems to transfer gases, oil, other liquids, slurries, or powdered materials to and from various vessels and processes.",2.0,02/2026,"pump operators, except wellhead pumpers",BLS OEWS May 2025 + BLS projections 2024–2034 + O*NET 30.3
53-7073,Wellhead Pumpers,17990,7.5,33.83,70370.0,2.4,21.2,25.16,33.63,39.52,47.2,44100.0,52330.0,69960.0,82200.0,98170.0,        Wellhead pumpers,18.8,17.9,-0.9,-4.7,3.6,2.0,70010.0,High school diploma or equivalent,Less than 5 years,Moderate-term on-the-job training,High school diploma or equivalent,53-7073.00,Wellhead Pumpers,Operate power pumps and auxiliary equipment to produce flow of oil or gas from wells in oil field.,2.0,02/2026,wellhead pumpers,BLS OEWS May 2025 + BLS projections 2024–2034 + O*NET 30.3
53-7081,Refuse and Recyclable Material Collectors,147240,1.6,25.39,52820.0,0.5,16.15,18.79,23.89,29.82,36.49,33590.0,39080.0,49690.0,62020.0,75900.0,      Refuse and recyclable material collectors,147.9,149.2,1.3,0.9,3.7,16.9,48350.0,No formal educational credential,,Short-term on-the-job training,No formal educational credential,53-7081.00,Refuse and Recyclable Material Collectors,Collect and dump refuse or recyclable materials from containers into truck. May drive truck.,2.0,02/2026,refuse and recyclable material collectors,BLS OEWS May 2025 + BLS projections 2024–2034 + O*NET 30.3
53-7121,"Tank Car, Truck, and Ship Loaders",10700,6.0,28.83,59970.0,1.4,18.97,22.26,28.3,33.69,39.98,39460.0,46300.0,58870.0,70060.0,83160.0,"      Tank car, truck, and ship loaders",12.0,12.5,0.5,4.3,6.6,1.3,58070.0,No formal educational credential,,Short-term on-the-job training,No formal educational credential,53-7121.00,"Tank Car, Truck, and Ship Loaders","Load and unload chemicals and bulk solids, such as coal, sand, and grain, into or from tank cars, trucks, or ships, using material moving equipment. May perform a variety of other tasks relating to shipment of products. May gauge or sample shipping tanks and test them for leaks.",2.0,02/2026,"tank car, truck, and ship loaders",BLS OEWS May 2025 + BLS projections 2024–2034 + O*NET 30.3
53-7199,"Material Moving Workers, All Other",23480,4.0,21.94,45640.0,1.0,16.5,17.59,20.1,24.14,30.2,34330.0,36600.0,41800.0,50220.0,62820.0,"      Material moving workers, all other",27.7,28.9,1.2,4.3,6.1,3.1,41690.0,No formal educational credential,,Short-term on-the-job training,No formal educational credential,53-7199.00,"Material Moving Workers, All Other",All material moving workers not listed separately.,,,"material moving workers, all other",BLS OEWS May 2025 + BLS projections 2024–2034 + O*NET 30.3
