soc_code,onet_soc_code,occupation_title,knowledge_area,importance,source_date,rank
11-1011,11-1011.00,Chief Executives,Administration and Management,4.78,08/2023,1
11-1011,11-1011.00,Chief Executives,Personnel and Human Resources,4.48,08/2023,2
11-1011,11-1011.00,Chief Executives,English Language,4.41,08/2023,3
11-1011,11-1011.00,Chief Executives,Customer and Personal Service,4.39,08/2023,4
11-1011,11-1011.00,Chief Executives,Economics and Accounting,4.04,08/2023,5
11-1011,11-1011.00,Chief Executives,Public Safety and Security,3.88,08/2023,6
11-1011,11-1011.00,Chief Executives,Computers and Electronics,3.82,08/2023,7
11-1011,11-1011.00,Chief Executives,Sales and Marketing,3.81,08/2023,8
11-1011,11-1011.00,Chief Executives,Mathematics,3.6,08/2023,9
11-1011,11-1011.00,Chief Executives,Education and Training,3.52,08/2023,10
11-1011,11-1011.00,Chief Executives,Law and Government,3.48,08/2023,11
11-1011,11-1011.00,Chief Executives,Psychology,3.09,08/2023,12
11-1011,11-1011.00,Chief Executives,Engineering and Technology,3.05,08/2023,13
11-1011,11-1011.00,Chief Executives,Communications and Media,3.02,08/2023,14
11-1011,11-1011.00,Chief Executives,Sociology and Anthropology,2.88,08/2023,15
11-1021,11-1021.00,General and Operations Managers,Administration and Management,4.25,08/2023,1
11-1021,11-1021.00,General and Operations Managers,Customer and Personal Service,4.15,08/2023,2
11-1021,11-1021.00,General and Operations Managers,English Language,3.7,08/2023,3
11-1021,11-1021.00,General and Operations Managers,Production and Processing,3.57,08/2023,4
11-1021,11-1021.00,General and Operations Managers,Mathematics,3.53,08/2023,5
11-1021,11-1021.00,General and Operations Managers,Personnel and Human Resources,3.44,08/2023,6
11-1021,11-1021.00,General and Operations Managers,Administrative,3.21,08/2023,7
11-1021,11-1021.00,General and Operations Managers,Economics and Accounting,3.2,08/2023,8
11-1021,11-1021.00,General and Operations Managers,Sales and Marketing,2.99,08/2023,9
11-1021,11-1021.00,General and Operations Managers,Engineering and Technology,2.9,08/2023,10
11-1021,11-1021.00,General and Operations Managers,Mechanical,2.85,08/2023,11
11-1021,11-1021.00,General and Operations Managers,Education and Training,2.79,08/2023,12
11-1021,11-1021.00,General and Operations Managers,Public Safety and Security,2.74,08/2023,13
11-1021,11-1021.00,General and Operations Managers,Computers and Electronics,2.67,08/2023,14
11-1021,11-1021.00,General and Operations Managers,Law and Government,2.56,08/2023,15
11-2011,11-2011.00,Advertising and Promotions Managers,Sales and Marketing,4.68,08/2018,1
11-2011,11-2011.00,Advertising and Promotions Managers,English Language,4.41,08/2018,2
11-2011,11-2011.00,Advertising and Promotions Managers,Communications and Media,4.35,08/2018,3
11-2011,11-2011.00,Advertising and Promotions Managers,Customer and Personal Service,4.16,08/2018,4
11-2011,11-2011.00,Advertising and Promotions Managers,Administration and Management,4.12,08/2018,5
11-2011,11-2011.00,Advertising and Promotions Managers,Computers and Electronics,3.31,08/2018,6
11-2011,11-2011.00,Advertising and Promotions Managers,Administrative,3.25,08/2018,7
11-2011,11-2011.00,Advertising and Promotions Managers,Mathematics,3.16,08/2018,8
11-2011,11-2011.00,Advertising and Promotions Managers,Economics and Accounting,3.04,08/2018,9
11-2011,11-2011.00,Advertising and Promotions Managers,Education and Training,2.94,08/2018,10
11-2011,11-2011.00,Advertising and Promotions Managers,Psychology,2.87,08/2018,11
11-2011,11-2011.00,Advertising and Promotions Managers,Design,2.79,08/2018,12
11-2011,11-2011.00,Advertising and Promotions Managers,Personnel and Human Resources,2.6,08/2018,13
11-2011,11-2011.00,Advertising and Promotions Managers,Production and Processing,2.58,08/2018,14
11-2011,11-2011.00,Advertising and Promotions Managers,Sociology and Anthropology,2.5,08/2018,15
11-2021,11-2021.00,Marketing Managers,Sales and Marketing,4.85,07/2015,1
11-2021,11-2021.00,Marketing Managers,English Language,4.48,07/2015,2
11-2021,11-2021.00,Marketing Managers,Administration and Management,4.04,07/2015,3
11-2021,11-2021.00,Marketing Managers,Customer and Personal Service,3.85,07/2015,4
11-2021,11-2021.00,Marketing Managers,Communications and Media,3.8,07/2015,5
11-2021,11-2021.00,Marketing Managers,Computers and Electronics,3.51,07/2015,6
11-2021,11-2021.00,Marketing Managers,Mathematics,3.51,07/2015,7
11-2021,11-2021.00,Marketing Managers,Design,3.15,07/2015,8
11-2021,11-2021.00,Marketing Managers,Economics and Accounting,3.1,07/2015,9
11-2021,11-2021.00,Marketing Managers,Education and Training,3.03,07/2015,10
11-2021,11-2021.00,Marketing Managers,Administrative,3.01,07/2015,11
11-2021,11-2021.00,Marketing Managers,Law and Government,2.86,07/2015,12
11-2021,11-2021.00,Marketing Managers,Telecommunications,2.86,07/2015,13
11-2021,11-2021.00,Marketing Managers,Engineering and Technology,2.77,07/2015,14
11-2021,11-2021.00,Marketing Managers,Personnel and Human Resources,2.71,07/2015,15
11-2033,11-2033.00,Fundraising Managers,Administration and Management,4.28,08/2025,1
11-2033,11-2033.00,Fundraising Managers,Customer and Personal Service,4.24,08/2025,2
11-2033,11-2033.00,Fundraising Managers,Administrative,4.15,08/2025,3
11-2033,11-2033.00,Fundraising Managers,English Language,4.12,08/2025,4
11-2033,11-2033.00,Fundraising Managers,Sales and Marketing,3.81,08/2025,5
11-2033,11-2033.00,Fundraising Managers,Economics and Accounting,3.46,08/2025,6
11-2033,11-2033.00,Fundraising Managers,Communications and Media,3.43,08/2025,7
11-2033,11-2033.00,Fundraising Managers,Personnel and Human Resources,3.27,08/2025,8
11-2033,11-2033.00,Fundraising Managers,Mathematics,3.06,08/2025,9
11-2033,11-2033.00,Fundraising Managers,Psychology,2.51,08/2025,10
11-2033,11-2033.00,Fundraising Managers,Education and Training,2.49,08/2025,11
11-2033,11-2033.00,Fundraising Managers,Sociology and Anthropology,2.41,08/2025,12
11-2033,11-2033.00,Fundraising Managers,Computers and Electronics,2.37,08/2025,13
11-2033,11-2033.00,Fundraising Managers,Law and Government,2.33,08/2025,14
11-2033,11-2033.00,Fundraising Managers,Philosophy and Theology,2.08,08/2025,15
11-3012,11-3012.00,Administrative Services Managers,Customer and Personal Service,4.44,07/2017,1
11-3012,11-3012.00,Administrative Services Managers,Administration and Management,4.24,07/2017,2
11-3012,11-3012.00,Administrative Services Managers,English Language,4.03,07/2017,3
11-3012,11-3012.00,Administrative Services Managers,Administrative,3.9,07/2017,4
11-3012,11-3012.00,Administrative Services Managers,Personnel and Human Resources,3.35,07/2017,5
11-3012,11-3012.00,Administrative Services Managers,Computers and Electronics,3.35,07/2017,6
11-3012,11-3012.00,Administrative Services Managers,Public Safety and Security,3.29,07/2017,7
11-3012,11-3012.00,Administrative Services Managers,Mathematics,3.26,07/2017,8
11-3012,11-3012.00,Administrative Services Managers,Economics and Accounting,2.92,07/2017,9
11-3012,11-3012.00,Administrative Services Managers,Production and Processing,2.89,07/2017,10
11-3012,11-3012.00,Administrative Services Managers,Law and Government,2.88,07/2017,11
11-3012,11-3012.00,Administrative Services Managers,Education and Training,2.84,07/2017,12
11-3012,11-3012.00,Administrative Services Managers,Telecommunications,2.63,07/2017,13
11-3012,11-3012.00,Administrative Services Managers,Communications and Media,2.4,07/2017,14
11-3012,11-3012.00,Administrative Services Managers,Mechanical,2.33,07/2017,15
11-3013,11-3013.00,Facilities Managers,Customer and Personal Service,4.37,08/2024,1
11-3013,11-3013.00,Facilities Managers,Administration and Management,4.21,08/2024,2
11-3013,11-3013.00,Facilities Managers,English Language,3.77,08/2024,3
11-3013,11-3013.00,Facilities Managers,Public Safety and Security,3.47,08/2024,4
11-3013,11-3013.00,Facilities Managers,Personnel and Human Resources,3.41,08/2024,5
11-3013,11-3013.00,Facilities Managers,Mechanical,3.36,08/2024,6
11-3013,11-3013.00,Facilities Managers,Building and Construction,3.32,08/2024,7
11-3013,11-3013.00,Facilities Managers,Administrative,3.31,08/2024,8
11-3013,11-3013.00,Facilities Managers,Psychology,3.29,08/2024,9
11-3013,11-3013.00,Facilities Managers,Education and Training,3.27,08/2024,10
11-3013,11-3013.00,Facilities Managers,Computers and Electronics,3.25,08/2024,11
11-3013,11-3013.00,Facilities Managers,Mathematics,3.11,08/2024,12
11-3013,11-3013.00,Facilities Managers,Engineering and Technology,3.05,08/2024,13
11-3013,11-3013.00,Facilities Managers,Transportation,2.99,08/2024,14
11-3013,11-3013.00,Facilities Managers,Economics and Accounting,2.9,08/2024,15
11-3021,11-3021.00,Computer and Information Systems Managers,Computers and Electronics,4.77,07/2016,1
11-3021,11-3021.00,Computer and Information Systems Managers,Customer and Personal Service,4.05,07/2016,2
11-3021,11-3021.00,Computer and Information Systems Managers,Administration and Management,3.7,07/2016,3
11-3021,11-3021.00,Computer and Information Systems Managers,Engineering and Technology,3.5,07/2016,4
11-3021,11-3021.00,Computer and Information Systems Managers,English Language,3.48,07/2016,5
11-3021,11-3021.00,Computer and Information Systems Managers,Personnel and Human Resources,3.42,07/2016,6
11-3021,11-3021.00,Computer and Information Systems Managers,Mathematics,3.16,07/2016,7
11-3021,11-3021.00,Computer and Information Systems Managers,Education and Training,3.05,07/2016,8
11-3021,11-3021.00,Computer and Information Systems Managers,Telecommunications,2.63,07/2016,9
11-3021,11-3021.00,Computer and Information Systems Managers,Design,2.61,07/2016,10
11-3021,11-3021.00,Computer and Information Systems Managers,Administrative,2.48,07/2016,11
11-3021,11-3021.00,Computer and Information Systems Managers,Geography,2.24,07/2016,12
11-3021,11-3021.00,Computer and Information Systems Managers,Psychology,2.22,07/2016,13
11-3021,11-3021.00,Computer and Information Systems Managers,Communications and Media,2.16,07/2016,14
11-3021,11-3021.00,Computer and Information Systems Managers,Economics and Accounting,2.15,07/2016,15
11-3031,11-3031.03,Investment Fund Managers,Economics and Accounting,4.67,07/2014,1
11-3031,11-3031.00,Financial Managers,Customer and Personal Service,4.66,08/2022,2
11-3031,11-3031.03,Investment Fund Managers,English Language,4.36,07/2014,3
11-3031,11-3031.03,Investment Fund Managers,Mathematics,4.34,07/2014,4
11-3031,11-3031.00,Financial Managers,Administration and Management,4.33,08/2022,5
11-3031,11-3031.00,Financial Managers,Economics and Accounting,4.07,08/2022,6
11-3031,11-3031.00,Financial Managers,Mathematics,3.73,08/2022,7
11-3031,11-3031.00,Financial Managers,Administrative,3.7,08/2022,8
11-3031,11-3031.03,Investment Fund Managers,Customer and Personal Service,3.67,07/2014,9
11-3031,11-3031.00,Financial Managers,Law and Government,3.6,08/2022,10
11-3031,11-3031.00,Financial Managers,Personnel and Human Resources,3.5,08/2022,11
11-3031,11-3031.00,Financial Managers,Sales and Marketing,3.35,08/2022,12
11-3031,11-3031.00,Financial Managers,English Language,3.32,08/2022,13
11-3031,11-3031.00,Financial Managers,Education and Training,3.29,08/2022,14
11-3031,11-3031.00,Financial Managers,Computers and Electronics,3.25,08/2022,15
11-3051,11-3051.03,Biofuels Production Managers,Production and Processing,4.73,07/2016,1
11-3051,11-3051.00,Industrial Production Managers,Production and Processing,4.41,08/2021,2
11-3051,11-3051.02,Geothermal Production Managers,Mechanical,4.4,07/2011,3
11-3051,11-3051.04,Biomass Power Plant Managers,Mechanical,4.3,08/2020,4
11-3051,11-3051.02,Geothermal Production Managers,Administration and Management,4.21,07/2011,5
11-3051,11-3051.01,Quality Control Systems Managers,Production and Processing,4.12,08/2022,6
11-3051,11-3051.03,Biofuels Production Managers,Administration and Management,4.08,07/2016,7
11-3051,11-3051.04,Biomass Power Plant Managers,Engineering and Technology,4.08,08/2020,8
11-3051,11-3051.00,Industrial Production Managers,Administration and Management,4.07,08/2021,9
11-3051,11-3051.01,Quality Control Systems Managers,Education and Training,4.07,08/2022,10
11-3051,11-3051.06,Hydroelectric Production Managers,Mechanical,4.07,07/2016,11
11-3051,11-3051.01,Quality Control Systems Managers,English Language,4.06,08/2022,12
11-3051,11-3051.04,Biomass Power Plant Managers,Production and Processing,4.06,08/2020,13
11-3051,11-3051.06,Hydroelectric Production Managers,Public Safety and Security,4.06,07/2016,14
11-3051,11-3051.04,Biomass Power Plant Managers,Administration and Management,4.05,08/2020,15
11-3071,11-3071.00,"Transportation, Storage, and Distribution Managers",Transportation,4.46,11/2020,1
11-3071,11-3071.00,"Transportation, Storage, and Distribution Managers",Administration and Management,4.14,11/2020,2
11-3071,11-3071.00,"Transportation, Storage, and Distribution Managers",Customer and Personal Service,3.98,11/2020,3
11-3071,11-3071.00,"Transportation, Storage, and Distribution Managers",English Language,3.8,11/2020,4
11-3071,11-3071.00,"Transportation, Storage, and Distribution Managers",Mathematics,3.59,11/2020,5
11-3071,11-3071.00,"Transportation, Storage, and Distribution Managers",Personnel and Human Resources,3.55,11/2020,6
11-3071,11-3071.00,"Transportation, Storage, and Distribution Managers",Public Safety and Security,3.49,11/2020,7
11-3071,11-3071.00,"Transportation, Storage, and Distribution Managers",Economics and Accounting,3.24,11/2020,8
11-3071,11-3071.00,"Transportation, Storage, and Distribution Managers",Production and Processing,3.19,11/2020,9
11-3071,11-3071.00,"Transportation, Storage, and Distribution Managers",Computers and Electronics,3.19,11/2020,10
11-3071,11-3071.00,"Transportation, Storage, and Distribution Managers",Administrative,3.11,11/2020,11
11-3071,11-3071.00,"Transportation, Storage, and Distribution Managers",Law and Government,3.11,11/2020,12
11-3071,11-3071.00,"Transportation, Storage, and Distribution Managers",Education and Training,3.1,11/2020,13
11-3071,11-3071.00,"Transportation, Storage, and Distribution Managers",Geography,2.93,11/2020,14
11-3071,11-3071.00,"Transportation, Storage, and Distribution Managers",Sales and Marketing,2.79,11/2020,15
11-9013,11-9013.00,"Farmers, Ranchers, and Other Agricultural Managers",Administration and Management,4.13,11/2020,1
11-9013,11-9013.00,"Farmers, Ranchers, and Other Agricultural Managers",Production and Processing,3.9,11/2020,2
11-9013,11-9013.00,"Farmers, Ranchers, and Other Agricultural Managers",Biology,3.82,11/2020,3
11-9013,11-9013.00,"Farmers, Ranchers, and Other Agricultural Managers",Mathematics,3.63,11/2020,4
11-9013,11-9013.00,"Farmers, Ranchers, and Other Agricultural Managers",Personnel and Human Resources,3.39,11/2020,5
11-9013,11-9013.00,"Farmers, Ranchers, and Other Agricultural Managers",English Language,3.39,11/2020,6
11-9013,11-9013.00,"Farmers, Ranchers, and Other Agricultural Managers",Food Production,3.37,11/2020,7
11-9013,11-9013.00,"Farmers, Ranchers, and Other Agricultural Managers",Economics and Accounting,3.29,11/2020,8
11-9013,11-9013.00,"Farmers, Ranchers, and Other Agricultural Managers",Sales and Marketing,3.29,11/2020,9
11-9013,11-9013.00,"Farmers, Ranchers, and Other Agricultural Managers",Mechanical,3.25,11/2020,10
11-9013,11-9013.00,"Farmers, Ranchers, and Other Agricultural Managers",Customer and Personal Service,3.22,11/2020,11
11-9013,11-9013.00,"Farmers, Ranchers, and Other Agricultural Managers",Education and Training,3.22,11/2020,12
11-9013,11-9013.00,"Farmers, Ranchers, and Other Agricultural Managers",Chemistry,3.1,11/2020,13
11-9013,11-9013.00,"Farmers, Ranchers, and Other Agricultural Managers",Transportation,2.97,11/2020,14
11-9013,11-9013.00,"Farmers, Ranchers, and Other Agricultural Managers",Engineering and Technology,2.9,11/2020,15
11-9031,11-9031.00,"Education and Childcare Administrators, Preschool and Daycare",Customer and Personal Service,4.48,08/2018,1
11-9031,11-9031.00,"Education and Childcare Administrators, Preschool and Daycare",Education and Training,4.28,08/2018,2
11-9031,11-9031.00,"Education and Childcare Administrators, Preschool and Daycare",Administration and Management,4.09,08/2018,3
11-9031,11-9031.00,"Education and Childcare Administrators, Preschool and Daycare",English Language,3.89,08/2018,4
11-9031,11-9031.00,"Education and Childcare Administrators, Preschool and Daycare",Psychology,3.55,08/2018,5
11-9031,11-9031.00,"Education and Childcare Administrators, Preschool and Daycare",Public Safety and Security,3.55,08/2018,6
11-9031,11-9031.00,"Education and Childcare Administrators, Preschool and Daycare",Personnel and Human Resources,3.53,08/2018,7
11-9031,11-9031.00,"Education and Childcare Administrators, Preschool and Daycare",Sales and Marketing,3.5,08/2018,8
11-9031,11-9031.00,"Education and Childcare Administrators, Preschool and Daycare",Administrative,3.48,08/2018,9
11-9031,11-9031.00,"Education and Childcare Administrators, Preschool and Daycare",Mathematics,3.25,08/2018,10
11-9031,11-9031.00,"Education and Childcare Administrators, Preschool and Daycare",Economics and Accounting,3.14,08/2018,11
11-9031,11-9031.00,"Education and Childcare Administrators, Preschool and Daycare",Computers and Electronics,3.01,08/2018,12
11-9031,11-9031.00,"Education and Childcare Administrators, Preschool and Daycare",Food Production,2.86,08/2018,13
11-9031,11-9031.00,"Education and Childcare Administrators, Preschool and Daycare",Communications and Media,2.77,08/2018,14
11-9031,11-9031.00,"Education and Childcare Administrators, Preschool and Daycare",Sociology and Anthropology,2.76,08/2018,15
11-9032,11-9032.00,"Education Administrators, Kindergarten through Secondary",Education and Training,4.59,08/2025,1
11-9032,11-9032.00,"Education Administrators, Kindergarten through Secondary",Administration and Management,4.33,08/2025,2
11-9032,11-9032.00,"Education Administrators, Kindergarten through Secondary",English Language,4.02,08/2025,3
11-9032,11-9032.00,"Education Administrators, Kindergarten through Secondary",Administrative,3.57,08/2025,4
11-9032,11-9032.00,"Education Administrators, Kindergarten through Secondary",Mathematics,3.56,08/2025,5
11-9032,11-9032.00,"Education Administrators, Kindergarten through Secondary",Customer and Personal Service,3.48,08/2025,6
11-9032,11-9032.00,"Education Administrators, Kindergarten through Secondary",Personnel and Human Resources,3.41,08/2025,7
11-9032,11-9032.00,"Education Administrators, Kindergarten through Secondary",Computers and Electronics,3.4,08/2025,8
11-9032,11-9032.00,"Education Administrators, Kindergarten through Secondary",Psychology,3.24,08/2025,9
11-9032,11-9032.00,"Education Administrators, Kindergarten through Secondary",Public Safety and Security,3.22,08/2025,10
11-9032,11-9032.00,"Education Administrators, Kindergarten through Secondary",Communications and Media,3.14,08/2025,11
11-9032,11-9032.00,"Education Administrators, Kindergarten through Secondary",Therapy and Counseling,2.96,08/2025,12
11-9032,11-9032.00,"Education Administrators, Kindergarten through Secondary",Sociology and Anthropology,2.85,08/2025,13
11-9032,11-9032.00,"Education Administrators, Kindergarten through Secondary",Law and Government,2.76,08/2025,14
11-9032,11-9032.00,"Education Administrators, Kindergarten through Secondary",Foreign Language,2.63,08/2025,15
11-9033,11-9033.00,"Education Administrators, Postsecondary",English Language,4.33,08/2018,1
11-9033,11-9033.00,"Education Administrators, Postsecondary",Administration and Management,4.16,08/2018,2
11-9033,11-9033.00,"Education Administrators, Postsecondary",Education and Training,4.13,08/2018,3
11-9033,11-9033.00,"Education Administrators, Postsecondary",Customer and Personal Service,4.06,08/2018,4
11-9033,11-9033.00,"Education Administrators, Postsecondary",Personnel and Human Resources,3.39,08/2018,5
11-9033,11-9033.00,"Education Administrators, Postsecondary",Administrative,3.27,08/2018,6
11-9033,11-9033.00,"Education Administrators, Postsecondary",Computers and Electronics,3.22,08/2018,7
11-9033,11-9033.00,"Education Administrators, Postsecondary",Communications and Media,3.2,08/2018,8
11-9033,11-9033.00,"Education Administrators, Postsecondary",Mathematics,3.08,08/2018,9
11-9033,11-9033.00,"Education Administrators, Postsecondary",Psychology,3.06,08/2018,10
11-9033,11-9033.00,"Education Administrators, Postsecondary",Therapy and Counseling,2.87,08/2018,11
11-9033,11-9033.00,"Education Administrators, Postsecondary",Sales and Marketing,2.85,08/2018,12
11-9033,11-9033.00,"Education Administrators, Postsecondary",Law and Government,2.83,08/2018,13
11-9033,11-9033.00,"Education Administrators, Postsecondary",Economics and Accounting,2.68,08/2018,14
11-9033,11-9033.00,"Education Administrators, Postsecondary",Public Safety and Security,2.47,08/2018,15
11-9041,11-9041.00,Architectural and Engineering Managers,Design,4.32,08/2020,1
11-9041,11-9041.00,Architectural and Engineering Managers,Engineering and Technology,4.29,08/2020,2
11-9041,11-9041.01,Biofuels/Biodiesel Technology and Product Development Managers,English Language,4.07,07/2014,3
11-9041,11-9041.01,Biofuels/Biodiesel Technology and Product Development Managers,Chemistry,4.03,07/2014,4
11-9041,11-9041.01,Biofuels/Biodiesel Technology and Product Development Managers,Engineering and Technology,3.94,07/2014,5
11-9041,11-9041.00,Architectural and Engineering Managers,Mathematics,3.92,08/2020,6
11-9041,11-9041.00,Architectural and Engineering Managers,Administration and Management,3.89,08/2020,7
11-9041,11-9041.00,Architectural and Engineering Managers,English Language,3.87,08/2020,8
11-9041,11-9041.00,Architectural and Engineering Managers,Customer and Personal Service,3.82,08/2020,9
11-9041,11-9041.00,Architectural and Engineering Managers,Mechanical,3.66,08/2020,10
11-9041,11-9041.01,Biofuels/Biodiesel Technology and Product Development Managers,Mathematics,3.57,07/2014,11
11-9041,11-9041.01,Biofuels/Biodiesel Technology and Product Development Managers,Production and Processing,3.39,07/2014,12
11-9041,11-9041.00,Architectural and Engineering Managers,Computers and Electronics,3.38,08/2020,13
11-9041,11-9041.01,Biofuels/Biodiesel Technology and Product Development Managers,Computers and Electronics,3.25,07/2014,14
11-9041,11-9041.00,Architectural and Engineering Managers,Production and Processing,3.21,08/2020,15
11-9051,11-9051.00,Food Service Managers,Customer and Personal Service,4.53,08/2025,1
11-9051,11-9051.00,Food Service Managers,Administration and Management,4.07,08/2025,2
11-9051,11-9051.00,Food Service Managers,Food Production,3.95,08/2025,3
11-9051,11-9051.00,Food Service Managers,English Language,3.53,08/2025,4
11-9051,11-9051.00,Food Service Managers,Personnel and Human Resources,3.49,08/2025,5
11-9051,11-9051.00,Food Service Managers,Sales and Marketing,3.44,08/2025,6
11-9051,11-9051.00,Food Service Managers,Mathematics,3.39,08/2025,7
11-9051,11-9051.00,Food Service Managers,Administrative,3.28,08/2025,8
11-9051,11-9051.00,Food Service Managers,Production and Processing,3.21,08/2025,9
11-9051,11-9051.00,Food Service Managers,Education and Training,3.15,08/2025,10
11-9051,11-9051.00,Food Service Managers,Economics and Accounting,3.04,08/2025,11
11-9051,11-9051.00,Food Service Managers,Computers and Electronics,2.86,08/2025,12
11-9051,11-9051.00,Food Service Managers,Public Safety and Security,2.84,08/2025,13
11-9051,11-9051.00,Food Service Managers,Transportation,2.24,08/2025,14
11-9051,11-9051.00,Food Service Managers,Communications and Media,2.23,08/2025,15
11-9071,11-9071.00,Gambling Managers,Customer and Personal Service,4.29,08/2023,1
11-9071,11-9071.00,Gambling Managers,English Language,4.16,08/2023,2
11-9071,11-9071.00,Gambling Managers,Administration and Management,4.15,08/2023,3
11-9071,11-9071.00,Gambling Managers,Mathematics,4.15,08/2023,4
11-9071,11-9071.00,Gambling Managers,Personnel and Human Resources,4.01,08/2023,5
11-9071,11-9071.00,Gambling Managers,Administrative,3.76,08/2023,6
11-9071,11-9071.00,Gambling Managers,Computers and Electronics,3.53,08/2023,7
11-9071,11-9071.00,Gambling Managers,Economics and Accounting,3.51,08/2023,8
11-9071,11-9071.00,Gambling Managers,Education and Training,3.44,08/2023,9
11-9071,11-9071.00,Gambling Managers,Public Safety and Security,3.36,08/2023,10
11-9071,11-9071.00,Gambling Managers,Law and Government,3.01,08/2023,11
11-9071,11-9071.00,Gambling Managers,Psychology,3.0,08/2023,12
11-9071,11-9071.00,Gambling Managers,Sales and Marketing,2.98,08/2023,13
11-9071,11-9071.00,Gambling Managers,Communications and Media,2.71,08/2023,14
11-9071,11-9071.00,Gambling Managers,Engineering and Technology,2.18,08/2023,15
11-9072,11-9072.00,"Entertainment and Recreation Managers, Except Gambling",Customer and Personal Service,4.55,08/2025,1
11-9072,11-9072.00,"Entertainment and Recreation Managers, Except Gambling",Education and Training,4.3,08/2025,2
11-9072,11-9072.00,"Entertainment and Recreation Managers, Except Gambling",English Language,3.87,08/2025,3
11-9072,11-9072.00,"Entertainment and Recreation Managers, Except Gambling",Administration and Management,3.67,08/2025,4
11-9072,11-9072.00,"Entertainment and Recreation Managers, Except Gambling",Computers and Electronics,3.56,08/2025,5
11-9072,11-9072.00,"Entertainment and Recreation Managers, Except Gambling",Public Safety and Security,3.45,08/2025,6
11-9072,11-9072.00,"Entertainment and Recreation Managers, Except Gambling",Personnel and Human Resources,3.43,08/2025,7
11-9072,11-9072.00,"Entertainment and Recreation Managers, Except Gambling",Administrative,3.35,08/2025,8
11-9072,11-9072.00,"Entertainment and Recreation Managers, Except Gambling",Mathematics,3.22,08/2025,9
11-9072,11-9072.00,"Entertainment and Recreation Managers, Except Gambling",Sociology and Anthropology,3.18,08/2025,10
11-9072,11-9072.00,"Entertainment and Recreation Managers, Except Gambling",Psychology,3.14,08/2025,11
11-9072,11-9072.00,"Entertainment and Recreation Managers, Except Gambling",Communications and Media,3.1,08/2025,12
11-9072,11-9072.00,"Entertainment and Recreation Managers, Except Gambling",Sales and Marketing,3.06,08/2025,13
11-9072,11-9072.00,"Entertainment and Recreation Managers, Except Gambling",Production and Processing,2.89,08/2025,14
11-9072,11-9072.00,"Entertainment and Recreation Managers, Except Gambling",Geography,2.75,08/2025,15
11-9081,11-9081.00,Lodging Managers,English Language,4.72,07/2017,1
11-9081,11-9081.00,Lodging Managers,Administration and Management,4.7,07/2017,2
11-9081,11-9081.00,Lodging Managers,Personnel and Human Resources,4.64,07/2017,3
11-9081,11-9081.00,Lodging Managers,Customer and Personal Service,4.55,07/2017,4
11-9081,11-9081.00,Lodging Managers,Mathematics,4.33,07/2017,5
11-9081,11-9081.00,Lodging Managers,Sales and Marketing,4.25,07/2017,6
11-9081,11-9081.00,Lodging Managers,Administrative,4.12,07/2017,7
11-9081,11-9081.00,Lodging Managers,Computers and Electronics,4.1,07/2017,8
11-9081,11-9081.00,Lodging Managers,Economics and Accounting,3.99,07/2017,9
11-9081,11-9081.00,Lodging Managers,Public Safety and Security,3.96,07/2017,10
11-9081,11-9081.00,Lodging Managers,Education and Training,3.68,07/2017,11
11-9081,11-9081.00,Lodging Managers,Communications and Media,3.63,07/2017,12
11-9081,11-9081.00,Lodging Managers,Psychology,3.35,07/2017,13
11-9081,11-9081.00,Lodging Managers,Telecommunications,2.94,07/2017,14
11-9081,11-9081.00,Lodging Managers,Sociology and Anthropology,2.89,07/2017,15
11-9121,11-9121.01,Clinical Research Coordinators,Customer and Personal Service,4.27,08/2021,1
11-9121,11-9121.00,Natural Sciences Managers,Biology,4.03,08/2021,2
11-9121,11-9121.00,Natural Sciences Managers,English Language,3.99,08/2021,3
11-9121,11-9121.00,Natural Sciences Managers,Administration and Management,3.82,08/2021,4
11-9121,11-9121.01,Clinical Research Coordinators,English Language,3.77,08/2021,5
11-9121,11-9121.01,Clinical Research Coordinators,Administrative,3.73,08/2021,6
11-9121,11-9121.00,Natural Sciences Managers,Computers and Electronics,3.66,08/2021,7
11-9121,11-9121.00,Natural Sciences Managers,Administrative,3.57,08/2021,8
11-9121,11-9121.00,Natural Sciences Managers,Chemistry,3.5,08/2021,9
11-9121,11-9121.00,Natural Sciences Managers,Mathematics,3.48,08/2021,10
11-9121,11-9121.00,Natural Sciences Managers,Personnel and Human Resources,3.26,08/2021,11
11-9121,11-9121.01,Clinical Research Coordinators,Medicine and Dentistry,3.24,08/2021,12
11-9121,11-9121.00,Natural Sciences Managers,Customer and Personal Service,3.14,08/2021,13
11-9121,11-9121.01,Clinical Research Coordinators,Administration and Management,2.97,08/2021,14
11-9121,11-9121.01,Clinical Research Coordinators,Biology,2.96,08/2021,15
11-9131,11-9131.00,Postmasters and Mail Superintendents,Administration and Management,4.42,07/2016,1
11-9131,11-9131.00,Postmasters and Mail Superintendents,Public Safety and Security,4.2,07/2016,2
11-9131,11-9131.00,Postmasters and Mail Superintendents,English Language,4.08,07/2016,3
11-9131,11-9131.00,Postmasters and Mail Superintendents,Production and Processing,4.03,07/2016,4
11-9131,11-9131.00,Postmasters and Mail Superintendents,Customer and Personal Service,3.96,07/2016,5
11-9131,11-9131.00,Postmasters and Mail Superintendents,Education and Training,3.68,07/2016,6
11-9131,11-9131.00,Postmasters and Mail Superintendents,Personnel and Human Resources,3.59,07/2016,7
11-9131,11-9131.00,Postmasters and Mail Superintendents,Mathematics,3.59,07/2016,8
11-9131,11-9131.00,Postmasters and Mail Superintendents,Administrative,3.58,07/2016,9
11-9131,11-9131.00,Postmasters and Mail Superintendents,Computers and Electronics,3.57,07/2016,10
11-9131,11-9131.00,Postmasters and Mail Superintendents,Transportation,3.54,07/2016,11
11-9131,11-9131.00,Postmasters and Mail Superintendents,Law and Government,3.25,07/2016,12
11-9131,11-9131.00,Postmasters and Mail Superintendents,Psychology,3.07,07/2016,13
11-9131,11-9131.00,Postmasters and Mail Superintendents,Economics and Accounting,3.0,07/2016,14
11-9131,11-9131.00,Postmasters and Mail Superintendents,Communications and Media,2.78,07/2016,15
11-9151,11-9151.00,Social and Community Service Managers,Customer and Personal Service,4.61,08/2018,1
11-9151,11-9151.00,Social and Community Service Managers,Administration and Management,4.37,08/2018,2
11-9151,11-9151.00,Social and Community Service Managers,English Language,4.29,08/2018,3
11-9151,11-9151.00,Social and Community Service Managers,Psychology,4.06,08/2018,4
11-9151,11-9151.00,Social and Community Service Managers,Education and Training,3.92,08/2018,5
11-9151,11-9151.00,Social and Community Service Managers,Personnel and Human Resources,3.73,08/2018,6
11-9151,11-9151.00,Social and Community Service Managers,Therapy and Counseling,3.7,08/2018,7
11-9151,11-9151.00,Social and Community Service Managers,Public Safety and Security,3.47,08/2018,8
11-9151,11-9151.00,Social and Community Service Managers,Administrative,3.46,08/2018,9
11-9151,11-9151.00,Social and Community Service Managers,Sociology and Anthropology,3.42,08/2018,10
11-9151,11-9151.00,Social and Community Service Managers,Mathematics,3.33,08/2018,11
11-9151,11-9151.00,Social and Community Service Managers,Computers and Electronics,3.29,08/2018,12
11-9151,11-9151.00,Social and Community Service Managers,Law and Government,3.16,08/2018,13
11-9151,11-9151.00,Social and Community Service Managers,Communications and Media,2.98,08/2018,14
11-9151,11-9151.00,Social and Community Service Managers,Economics and Accounting,2.8,08/2018,15
11-9171,11-9171.00,Funeral Home Managers,Customer and Personal Service,4.67,08/2024,1
11-9171,11-9171.00,Funeral Home Managers,Administration and Management,4.38,08/2024,2
11-9171,11-9171.00,Funeral Home Managers,English Language,4.27,08/2024,3
11-9171,11-9171.00,Funeral Home Managers,Administrative,4.05,08/2024,4
11-9171,11-9171.00,Funeral Home Managers,Economics and Accounting,3.74,08/2024,5
11-9171,11-9171.00,Funeral Home Managers,Sales and Marketing,3.59,08/2024,6
11-9171,11-9171.00,Funeral Home Managers,Psychology,3.58,08/2024,7
11-9171,11-9171.00,Funeral Home Managers,Personnel and Human Resources,3.55,08/2024,8
11-9171,11-9171.00,Funeral Home Managers,Computers and Electronics,3.4,08/2024,9
11-9171,11-9171.00,Funeral Home Managers,Biology,3.17,08/2024,10
11-9171,11-9171.00,Funeral Home Managers,Education and Training,3.17,08/2024,11
11-9171,11-9171.00,Funeral Home Managers,Mathematics,3.12,08/2024,12
11-9171,11-9171.00,Funeral Home Managers,Law and Government,3.06,08/2024,13
11-9171,11-9171.00,Funeral Home Managers,Communications and Media,3.0,08/2024,14
11-9171,11-9171.00,Funeral Home Managers,Sociology and Anthropology,2.92,08/2024,15
11-9179,11-9179.02,Spa Managers,Administrative,4.38,07/2012,1
11-9179,11-9179.02,Spa Managers,Customer and Personal Service,4.29,07/2012,2
11-9179,11-9179.02,Spa Managers,Administration and Management,4.18,07/2012,3
11-9179,11-9179.02,Spa Managers,English Language,3.92,07/2012,4
11-9179,11-9179.02,Spa Managers,Education and Training,3.67,07/2012,5
11-9179,11-9179.02,Spa Managers,Personnel and Human Resources,3.56,07/2012,6
11-9179,11-9179.02,Spa Managers,Sales and Marketing,3.43,07/2012,7
11-9179,11-9179.02,Spa Managers,Mathematics,3.38,07/2012,8
11-9179,11-9179.02,Spa Managers,Economics and Accounting,3.22,07/2012,9
11-9179,11-9179.02,Spa Managers,Psychology,2.84,07/2012,10
11-9179,11-9179.02,Spa Managers,Communications and Media,2.8,07/2012,11
11-9179,11-9179.02,Spa Managers,Computers and Electronics,2.57,07/2012,12
11-9179,11-9179.02,Spa Managers,Therapy and Counseling,2.55,07/2012,13
11-9179,11-9179.02,Spa Managers,Telecommunications,2.38,07/2012,14
11-9179,11-9179.02,Spa Managers,Medicine and Dentistry,2.2,07/2012,15
11-9199,11-9199.02,Compliance Managers,Law and Government,4.56,08/2019,1
11-9199,11-9199.02,Compliance Managers,English Language,4.53,08/2019,2
11-9199,11-9199.10,Wind Energy Development Managers,Administration and Management,4.1,07/2016,3
11-9199,11-9199.09,Wind Energy Operations Managers,Administration and Management,4.09,08/2021,4
11-9199,11-9199.02,Compliance Managers,Administration and Management,4.06,08/2019,5
11-9199,11-9199.09,Wind Energy Operations Managers,Mechanical,3.92,08/2021,6
11-9199,11-9199.10,Wind Energy Development Managers,English Language,3.82,07/2016,7
11-9199,11-9199.10,Wind Energy Development Managers,Building and Construction,3.77,07/2016,8
11-9199,11-9199.02,Compliance Managers,Customer and Personal Service,3.72,08/2019,9
11-9199,11-9199.02,Compliance Managers,Personnel and Human Resources,3.68,08/2019,10
11-9199,11-9199.10,Wind Energy Development Managers,Engineering and Technology,3.67,07/2016,11
11-9199,11-9199.09,Wind Energy Operations Managers,Engineering and Technology,3.63,08/2021,12
11-9199,11-9199.02,Compliance Managers,Computers and Electronics,3.6,08/2019,13
11-9199,11-9199.09,Wind Energy Operations Managers,Public Safety and Security,3.5,08/2021,14
11-9199,11-9199.09,Wind Energy Operations Managers,Personnel and Human Resources,3.48,08/2021,15
13-1011,13-1011.00,"Agents and Business Managers of Artists, Performers, and Athletes",Customer and Personal Service,4.37,08/2020,1
13-1011,13-1011.00,"Agents and Business Managers of Artists, Performers, and Athletes",Sales and Marketing,4.03,08/2020,2
13-1011,13-1011.00,"Agents and Business Managers of Artists, Performers, and Athletes",English Language,3.91,08/2020,3
13-1011,13-1011.00,"Agents and Business Managers of Artists, Performers, and Athletes",Administration and Management,3.84,08/2020,4
13-1011,13-1011.00,"Agents and Business Managers of Artists, Performers, and Athletes",Fine Arts,3.74,08/2020,5
13-1011,13-1011.00,"Agents and Business Managers of Artists, Performers, and Athletes",Communications and Media,3.69,08/2020,6
13-1011,13-1011.00,"Agents and Business Managers of Artists, Performers, and Athletes",Administrative,3.41,08/2020,7
13-1011,13-1011.00,"Agents and Business Managers of Artists, Performers, and Athletes",Personnel and Human Resources,3.09,08/2020,8
13-1011,13-1011.00,"Agents and Business Managers of Artists, Performers, and Athletes",Economics and Accounting,2.9,08/2020,9
13-1011,13-1011.00,"Agents and Business Managers of Artists, Performers, and Athletes",Mathematics,2.53,08/2020,10
13-1011,13-1011.00,"Agents and Business Managers of Artists, Performers, and Athletes",Computers and Electronics,2.52,08/2020,11
13-1011,13-1011.00,"Agents and Business Managers of Artists, Performers, and Athletes",Telecommunications,2.39,08/2020,12
13-1011,13-1011.00,"Agents and Business Managers of Artists, Performers, and Athletes",Psychology,2.35,08/2020,13
13-1011,13-1011.00,"Agents and Business Managers of Artists, Performers, and Athletes",Education and Training,2.31,08/2020,14
13-1011,13-1011.00,"Agents and Business Managers of Artists, Performers, and Athletes",Law and Government,2.22,08/2020,15
13-1021,13-1021.00,"Buyers and Purchasing Agents, Farm Products",Mathematics,3.98,07/2013,1
13-1021,13-1021.00,"Buyers and Purchasing Agents, Farm Products",Customer and Personal Service,3.92,07/2013,2
13-1021,13-1021.00,"Buyers and Purchasing Agents, Farm Products",Transportation,3.9,07/2013,3
13-1021,13-1021.00,"Buyers and Purchasing Agents, Farm Products",Economics and Accounting,3.88,07/2013,4
13-1021,13-1021.00,"Buyers and Purchasing Agents, Farm Products",English Language,3.88,07/2013,5
13-1021,13-1021.00,"Buyers and Purchasing Agents, Farm Products",Sales and Marketing,3.69,07/2013,6
13-1021,13-1021.00,"Buyers and Purchasing Agents, Farm Products",Computers and Electronics,3.6,07/2013,7
13-1021,13-1021.00,"Buyers and Purchasing Agents, Farm Products",Administration and Management,3.55,07/2013,8
13-1021,13-1021.00,"Buyers and Purchasing Agents, Farm Products",Food Production,3.44,07/2013,9
13-1021,13-1021.00,"Buyers and Purchasing Agents, Farm Products",Production and Processing,3.22,07/2013,10
13-1021,13-1021.00,"Buyers and Purchasing Agents, Farm Products",Law and Government,3.14,07/2013,11
13-1021,13-1021.00,"Buyers and Purchasing Agents, Farm Products",Public Safety and Security,3.08,07/2013,12
13-1021,13-1021.00,"Buyers and Purchasing Agents, Farm Products",Education and Training,2.78,07/2013,13
13-1021,13-1021.00,"Buyers and Purchasing Agents, Farm Products",Geography,2.74,07/2013,14
13-1021,13-1021.00,"Buyers and Purchasing Agents, Farm Products",Administrative,2.69,07/2013,15
13-1022,13-1022.00,"Wholesale and Retail Buyers, Except Farm Products",Sales and Marketing,3.82,07/2015,1
13-1022,13-1022.00,"Wholesale and Retail Buyers, Except Farm Products",Customer and Personal Service,3.73,07/2015,2
13-1022,13-1022.00,"Wholesale and Retail Buyers, Except Farm Products",English Language,3.61,07/2015,3
13-1022,13-1022.00,"Wholesale and Retail Buyers, Except Farm Products",Mathematics,3.57,07/2015,4
13-1022,13-1022.00,"Wholesale and Retail Buyers, Except Farm Products",Administration and Management,3.41,07/2015,5
13-1022,13-1022.00,"Wholesale and Retail Buyers, Except Farm Products",Computers and Electronics,3.4,07/2015,6
13-1022,13-1022.00,"Wholesale and Retail Buyers, Except Farm Products",Economics and Accounting,3.2,07/2015,7
13-1022,13-1022.00,"Wholesale and Retail Buyers, Except Farm Products",Communications and Media,2.73,07/2015,8
13-1022,13-1022.00,"Wholesale and Retail Buyers, Except Farm Products",Administrative,2.62,07/2015,9
13-1022,13-1022.00,"Wholesale and Retail Buyers, Except Farm Products",Production and Processing,2.46,07/2015,10
13-1022,13-1022.00,"Wholesale and Retail Buyers, Except Farm Products",Mechanical,2.16,07/2015,11
13-1022,13-1022.00,"Wholesale and Retail Buyers, Except Farm Products",Education and Training,2.06,07/2015,12
13-1022,13-1022.00,"Wholesale and Retail Buyers, Except Farm Products",Law and Government,2.05,07/2015,13
13-1022,13-1022.00,"Wholesale and Retail Buyers, Except Farm Products",Telecommunications,1.98,07/2015,14
13-1022,13-1022.00,"Wholesale and Retail Buyers, Except Farm Products",Personnel and Human Resources,1.95,07/2015,15
13-1031,13-1031.00,"Claims Adjusters, Examiners, and Investigators",Customer and Personal Service,4.7,08/2022,1
13-1031,13-1031.00,"Claims Adjusters, Examiners, and Investigators",English Language,4.42,08/2022,2
13-1031,13-1031.00,"Claims Adjusters, Examiners, and Investigators",Administrative,3.82,08/2022,3
13-1031,13-1031.00,"Claims Adjusters, Examiners, and Investigators",Mathematics,3.66,08/2022,4
13-1031,13-1031.00,"Claims Adjusters, Examiners, and Investigators",Computers and Electronics,3.43,08/2022,5
13-1031,13-1031.00,"Claims Adjusters, Examiners, and Investigators",Law and Government,3.31,08/2022,6
13-1031,13-1031.00,"Claims Adjusters, Examiners, and Investigators",Administration and Management,3.08,08/2022,7
13-1031,13-1031.00,"Claims Adjusters, Examiners, and Investigators",Economics and Accounting,3.04,08/2022,8
13-1031,13-1031.00,"Claims Adjusters, Examiners, and Investigators",Education and Training,2.91,08/2022,9
13-1031,13-1031.00,"Claims Adjusters, Examiners, and Investigators",Psychology,2.88,08/2022,10
13-1031,13-1031.00,"Claims Adjusters, Examiners, and Investigators",Medicine and Dentistry,2.72,08/2022,11
13-1031,13-1031.00,"Claims Adjusters, Examiners, and Investigators",Communications and Media,2.71,08/2022,12
13-1031,13-1031.00,"Claims Adjusters, Examiners, and Investigators",Therapy and Counseling,2.58,08/2022,13
13-1031,13-1031.00,"Claims Adjusters, Examiners, and Investigators",Personnel and Human Resources,2.43,08/2022,14
13-1031,13-1031.00,"Claims Adjusters, Examiners, and Investigators",Telecommunications,2.33,08/2022,15
13-1032,13-1032.00,"Insurance Appraisers, Auto Damage",Customer and Personal Service,4.23,07/2016,1
13-1032,13-1032.00,"Insurance Appraisers, Auto Damage",English Language,3.81,07/2016,2
13-1032,13-1032.00,"Insurance Appraisers, Auto Damage",Computers and Electronics,3.36,07/2016,3
13-1032,13-1032.00,"Insurance Appraisers, Auto Damage",Mechanical,3.23,07/2016,4
13-1032,13-1032.00,"Insurance Appraisers, Auto Damage",Administrative,3.15,07/2016,5
13-1032,13-1032.00,"Insurance Appraisers, Auto Damage",Education and Training,2.95,07/2016,6
13-1032,13-1032.00,"Insurance Appraisers, Auto Damage",Law and Government,2.76,07/2016,7
13-1032,13-1032.00,"Insurance Appraisers, Auto Damage",Mathematics,2.74,07/2016,8
13-1032,13-1032.00,"Insurance Appraisers, Auto Damage",Transportation,2.47,07/2016,9
13-1032,13-1032.00,"Insurance Appraisers, Auto Damage",Administration and Management,2.35,07/2016,10
13-1032,13-1032.00,"Insurance Appraisers, Auto Damage",Communications and Media,2.27,07/2016,11
13-1032,13-1032.00,"Insurance Appraisers, Auto Damage",Production and Processing,2.25,07/2016,12
13-1032,13-1032.00,"Insurance Appraisers, Auto Damage",Economics and Accounting,2.21,07/2016,13
13-1032,13-1032.00,"Insurance Appraisers, Auto Damage",Telecommunications,2.2,07/2016,14
13-1032,13-1032.00,"Insurance Appraisers, Auto Damage",Foreign Language,1.98,07/2016,15
13-1041,13-1041.03,Equal Opportunity Representatives and Officers,Law and Government,4.43,07/2015,1
13-1041,13-1041.04,Government Property Inspectors and Investigators,English Language,4.42,07/2016,2
13-1041,13-1041.04,Government Property Inspectors and Investigators,Customer and Personal Service,4.33,07/2016,3
13-1041,13-1041.04,Government Property Inspectors and Investigators,Public Safety and Security,4.25,07/2016,4
13-1041,13-1041.00,Compliance Officers,Law and Government,4.1,11/2020,5
13-1041,13-1041.04,Government Property Inspectors and Investigators,Building and Construction,3.99,07/2016,6
13-1041,13-1041.00,Compliance Officers,English Language,3.98,11/2020,7
13-1041,13-1041.03,Equal Opportunity Representatives and Officers,English Language,3.97,07/2015,8
13-1041,13-1041.00,Compliance Officers,Customer and Personal Service,3.94,11/2020,9
13-1041,13-1041.03,Equal Opportunity Representatives and Officers,Personnel and Human Resources,3.92,07/2015,10
13-1041,13-1041.04,Government Property Inspectors and Investigators,Law and Government,3.79,07/2016,11
13-1041,13-1041.03,Equal Opportunity Representatives and Officers,Customer and Personal Service,3.78,07/2015,12
13-1041,13-1041.04,Government Property Inspectors and Investigators,Administrative,3.66,07/2016,13
13-1041,13-1041.04,Government Property Inspectors and Investigators,Engineering and Technology,3.5,07/2016,14
13-1041,13-1041.04,Government Property Inspectors and Investigators,Computers and Electronics,3.49,07/2016,15
13-1071,13-1071.00,Human Resources Specialists,Personnel and Human Resources,4.62,08/2019,1
13-1071,13-1071.00,Human Resources Specialists,Administrative,3.94,08/2019,2
13-1071,13-1071.00,Human Resources Specialists,Administration and Management,3.83,08/2019,3
13-1071,13-1071.00,Human Resources Specialists,English Language,3.81,08/2019,4
13-1071,13-1071.00,Human Resources Specialists,Customer and Personal Service,3.49,08/2019,5
13-1071,13-1071.00,Human Resources Specialists,Law and Government,3.3,08/2019,6
13-1071,13-1071.00,Human Resources Specialists,Education and Training,3.07,08/2019,7
13-1071,13-1071.00,Human Resources Specialists,Computers and Electronics,2.67,08/2019,8
13-1071,13-1071.00,Human Resources Specialists,Communications and Media,2.54,08/2019,9
13-1071,13-1071.00,Human Resources Specialists,Mathematics,2.33,08/2019,10
13-1071,13-1071.00,Human Resources Specialists,Psychology,2.19,08/2019,11
13-1071,13-1071.00,Human Resources Specialists,Public Safety and Security,2.19,08/2019,12
13-1071,13-1071.00,Human Resources Specialists,Telecommunications,1.98,08/2019,13
13-1071,13-1071.00,Human Resources Specialists,Economics and Accounting,1.81,08/2019,14
13-1071,13-1071.00,Human Resources Specialists,Therapy and Counseling,1.68,08/2019,15
13-1074,13-1074.00,Farm Labor Contractors,Foreign Language,3.53,06/2008,1
13-1074,13-1074.00,Farm Labor Contractors,Food Production,3.48,06/2008,2
13-1074,13-1074.00,Farm Labor Contractors,Mathematics,3.48,06/2008,3
13-1074,13-1074.00,Farm Labor Contractors,Personnel and Human Resources,3.43,06/2008,4
13-1074,13-1074.00,Farm Labor Contractors,Production and Processing,3.25,06/2008,5
13-1074,13-1074.00,Farm Labor Contractors,Law and Government,3.17,06/2008,6
13-1074,13-1074.00,Farm Labor Contractors,Customer and Personal Service,2.98,06/2008,7
13-1074,13-1074.00,Farm Labor Contractors,Administration and Management,2.83,06/2008,8
13-1074,13-1074.00,Farm Labor Contractors,English Language,2.78,06/2008,9
13-1074,13-1074.00,Farm Labor Contractors,Public Safety and Security,2.76,06/2008,10
13-1074,13-1074.00,Farm Labor Contractors,Economics and Accounting,2.73,06/2008,11
13-1074,13-1074.00,Farm Labor Contractors,Mechanical,2.68,06/2008,12
13-1074,13-1074.00,Farm Labor Contractors,Education and Training,2.63,06/2008,13
13-1074,13-1074.00,Farm Labor Contractors,Computers and Electronics,2.53,06/2008,14
13-1074,13-1074.00,Farm Labor Contractors,Administrative,2.49,06/2008,15
13-1121,13-1121.00,"Meeting, Convention, and Event Planners",Customer and Personal Service,4.33,07/2016,1
13-1121,13-1121.00,"Meeting, Convention, and Event Planners",English Language,4.23,07/2016,2
13-1121,13-1121.00,"Meeting, Convention, and Event Planners",Communications and Media,3.7,07/2016,3
13-1121,13-1121.00,"Meeting, Convention, and Event Planners",Administrative,3.5,07/2016,4
13-1121,13-1121.00,"Meeting, Convention, and Event Planners",Administration and Management,3.43,07/2016,5
13-1121,13-1121.00,"Meeting, Convention, and Event Planners",Computers and Electronics,3.26,07/2016,6
13-1121,13-1121.00,"Meeting, Convention, and Event Planners",Public Safety and Security,3.15,07/2016,7
13-1121,13-1121.00,"Meeting, Convention, and Event Planners",Law and Government,2.99,07/2016,8
13-1121,13-1121.00,"Meeting, Convention, and Event Planners",Sales and Marketing,2.9,07/2016,9
13-1121,13-1121.00,"Meeting, Convention, and Event Planners",Transportation,2.82,07/2016,10
13-1121,13-1121.00,"Meeting, Convention, and Event Planners",Telecommunications,2.81,07/2016,11
13-1121,13-1121.00,"Meeting, Convention, and Event Planners",Psychology,2.78,07/2016,12
13-1121,13-1121.00,"Meeting, Convention, and Event Planners",Mathematics,2.77,07/2016,13
13-1121,13-1121.00,"Meeting, Convention, and Event Planners",Economics and Accounting,2.71,07/2016,14
13-1121,13-1121.00,"Meeting, Convention, and Event Planners",Education and Training,2.52,07/2016,15
13-1199,13-1199.06,Online Merchants,English Language,4.19,07/2014,1
13-1199,13-1199.06,Online Merchants,Sales and Marketing,4.0,07/2014,2
13-1199,13-1199.06,Online Merchants,Customer and Personal Service,3.92,07/2014,3
13-1199,13-1199.06,Online Merchants,Communications and Media,3.6,07/2014,4
13-1199,13-1199.06,Online Merchants,Administration and Management,3.59,07/2014,5
13-1199,13-1199.06,Online Merchants,Computers and Electronics,3.57,07/2014,6
13-1199,13-1199.06,Online Merchants,Administrative,3.35,07/2014,7
13-1199,13-1199.06,Online Merchants,Mathematics,3.18,07/2014,8
13-1199,13-1199.06,Online Merchants,Economics and Accounting,3.16,07/2014,9
13-1199,13-1199.06,Online Merchants,Production and Processing,3.09,07/2014,10
13-1199,13-1199.06,Online Merchants,Personnel and Human Resources,2.81,07/2014,11
13-1199,13-1199.06,Online Merchants,Design,2.64,07/2014,12
13-1199,13-1199.06,Online Merchants,Telecommunications,2.6,07/2014,13
13-1199,13-1199.06,Online Merchants,Education and Training,2.33,07/2014,14
13-1199,13-1199.06,Online Merchants,Engineering and Technology,2.14,07/2014,15
13-2011,13-2011.00,Accountants and Auditors,Economics and Accounting,4.65,11/2020,1
13-2011,13-2011.00,Accountants and Auditors,English Language,3.96,11/2020,2
13-2011,13-2011.00,Accountants and Auditors,Mathematics,3.92,11/2020,3
13-2011,13-2011.00,Accountants and Auditors,Administration and Management,3.53,11/2020,4
13-2011,13-2011.00,Accountants and Auditors,Customer and Personal Service,3.51,11/2020,5
13-2011,13-2011.00,Accountants and Auditors,Law and Government,3.33,11/2020,6
13-2011,13-2011.00,Accountants and Auditors,Administrative,3.07,11/2020,7
13-2011,13-2011.00,Accountants and Auditors,Computers and Electronics,3.04,11/2020,8
13-2011,13-2011.00,Accountants and Auditors,Personnel and Human Resources,2.62,11/2020,9
13-2011,13-2011.00,Accountants and Auditors,Education and Training,2.52,11/2020,10
13-2011,13-2011.00,Accountants and Auditors,Communications and Media,2.39,11/2020,11
13-2011,13-2011.00,Accountants and Auditors,Sales and Marketing,1.98,11/2020,12
13-2011,13-2011.00,Accountants and Auditors,Telecommunications,1.86,11/2020,13
13-2011,13-2011.00,Accountants and Auditors,Psychology,1.77,11/2020,14
13-2011,13-2011.00,Accountants and Auditors,Production and Processing,1.64,11/2020,15
13-2031,13-2031.00,Budget Analysts,Economics and Accounting,4.42,08/2024,1
13-2031,13-2031.00,Budget Analysts,Mathematics,4.03,08/2024,2
13-2031,13-2031.00,Budget Analysts,English Language,3.93,08/2024,3
13-2031,13-2031.00,Budget Analysts,Administration and Management,3.74,08/2024,4
13-2031,13-2031.00,Budget Analysts,Administrative,3.38,08/2024,5
13-2031,13-2031.00,Budget Analysts,Computers and Electronics,3.36,08/2024,6
13-2031,13-2031.00,Budget Analysts,Customer and Personal Service,3.25,08/2024,7
13-2031,13-2031.00,Budget Analysts,Law and Government,2.92,08/2024,8
13-2031,13-2031.00,Budget Analysts,Education and Training,2.62,08/2024,9
13-2031,13-2031.00,Budget Analysts,Personnel and Human Resources,2.24,08/2024,10
13-2031,13-2031.00,Budget Analysts,Public Safety and Security,2.19,08/2024,11
13-2031,13-2031.00,Budget Analysts,Production and Processing,1.98,08/2024,12
13-2031,13-2031.00,Budget Analysts,Communications and Media,1.87,08/2024,13
13-2031,13-2031.00,Budget Analysts,Sociology and Anthropology,1.58,08/2024,14
13-2031,13-2031.00,Budget Analysts,Psychology,1.51,08/2024,15
13-2072,13-2072.00,Loan Officers,Customer and Personal Service,4.7,08/2020,1
13-2072,13-2072.00,Loan Officers,Economics and Accounting,3.86,08/2020,2
13-2072,13-2072.00,Loan Officers,English Language,3.77,08/2020,3
13-2072,13-2072.00,Loan Officers,Mathematics,3.69,08/2020,4
13-2072,13-2072.00,Loan Officers,Sales and Marketing,3.47,08/2020,5
13-2072,13-2072.00,Loan Officers,Law and Government,3.28,08/2020,6
13-2072,13-2072.00,Loan Officers,Administration and Management,3.14,08/2020,7
13-2072,13-2072.00,Loan Officers,Education and Training,2.87,08/2020,8
13-2072,13-2072.00,Loan Officers,Administrative,2.8,08/2020,9
13-2072,13-2072.00,Loan Officers,Computers and Electronics,2.76,08/2020,10
13-2072,13-2072.00,Loan Officers,Personnel and Human Resources,2.48,08/2020,11
13-2072,13-2072.00,Loan Officers,Communications and Media,2.33,08/2020,12
13-2072,13-2072.00,Loan Officers,Production and Processing,2.22,08/2020,13
13-2072,13-2072.00,Loan Officers,Psychology,2.13,08/2020,14
13-2072,13-2072.00,Loan Officers,Public Safety and Security,2.07,08/2020,15
13-2081,13-2081.00,"Tax Examiners and Collectors, and Revenue Agents",Customer and Personal Service,4.3,08/2022,1
13-2081,13-2081.00,"Tax Examiners and Collectors, and Revenue Agents",English Language,4.09,08/2022,2
13-2081,13-2081.00,"Tax Examiners and Collectors, and Revenue Agents",Mathematics,3.88,08/2022,3
13-2081,13-2081.00,"Tax Examiners and Collectors, and Revenue Agents",Administrative,3.86,08/2022,4
13-2081,13-2081.00,"Tax Examiners and Collectors, and Revenue Agents",Law and Government,3.71,08/2022,5
13-2081,13-2081.00,"Tax Examiners and Collectors, and Revenue Agents",Economics and Accounting,3.47,08/2022,6
13-2081,13-2081.00,"Tax Examiners and Collectors, and Revenue Agents",Administration and Management,3.42,08/2022,7
13-2081,13-2081.00,"Tax Examiners and Collectors, and Revenue Agents",Computers and Electronics,2.6,08/2022,8
13-2081,13-2081.00,"Tax Examiners and Collectors, and Revenue Agents",Education and Training,2.55,08/2022,9
13-2081,13-2081.00,"Tax Examiners and Collectors, and Revenue Agents",Psychology,2.48,08/2022,10
13-2081,13-2081.00,"Tax Examiners and Collectors, and Revenue Agents",Public Safety and Security,2.42,08/2022,11
13-2081,13-2081.00,"Tax Examiners and Collectors, and Revenue Agents",Communications and Media,2.18,08/2022,12
13-2081,13-2081.00,"Tax Examiners and Collectors, and Revenue Agents",Sociology and Anthropology,1.94,08/2022,13
13-2081,13-2081.00,"Tax Examiners and Collectors, and Revenue Agents",Personnel and Human Resources,1.93,08/2022,14
13-2081,13-2081.00,"Tax Examiners and Collectors, and Revenue Agents",Geography,1.71,08/2022,15
15-1211,15-1211.00,Computer Systems Analysts,Computers and Electronics,4.63,08/2023,1
15-1211,15-1211.00,Computer Systems Analysts,Customer and Personal Service,3.7,08/2023,2
15-1211,15-1211.00,Computer Systems Analysts,English Language,3.48,08/2023,3
15-1211,15-1211.00,Computer Systems Analysts,Mathematics,3.25,08/2023,4
15-1211,15-1211.00,Computer Systems Analysts,Administration and Management,3.2,08/2023,5
15-1211,15-1211.00,Computer Systems Analysts,Education and Training,2.99,08/2023,6
15-1211,15-1211.00,Computer Systems Analysts,Telecommunications,2.97,08/2023,7
15-1211,15-1211.00,Computer Systems Analysts,Engineering and Technology,2.7,08/2023,8
15-1211,15-1211.00,Computer Systems Analysts,Administrative,2.57,08/2023,9
15-1211,15-1211.00,Computer Systems Analysts,Personnel and Human Resources,2.42,08/2023,10
15-1211,15-1211.00,Computer Systems Analysts,Communications and Media,2.36,08/2023,11
15-1211,15-1211.00,Computer Systems Analysts,Economics and Accounting,2.3,08/2023,12
15-1211,15-1211.00,Computer Systems Analysts,Law and Government,2.29,08/2023,13
15-1211,15-1211.00,Computer Systems Analysts,Public Safety and Security,2.24,08/2023,14
15-1211,15-1211.00,Computer Systems Analysts,Design,2.12,08/2023,15
15-1212,15-1212.00,Information Security Analysts,Computers and Electronics,4.35,08/2018,1
15-1212,15-1212.00,Information Security Analysts,English Language,4.26,08/2018,2
15-1212,15-1212.00,Information Security Analysts,Administration and Management,3.68,08/2018,3
15-1212,15-1212.00,Information Security Analysts,Engineering and Technology,3.64,08/2018,4
15-1212,15-1212.00,Information Security Analysts,Telecommunications,3.64,08/2018,5
15-1212,15-1212.00,Information Security Analysts,Customer and Personal Service,3.42,08/2018,6
15-1212,15-1212.00,Information Security Analysts,Public Safety and Security,3.27,08/2018,7
15-1212,15-1212.00,Information Security Analysts,Education and Training,3.19,08/2018,8
15-1212,15-1212.00,Information Security Analysts,Mathematics,2.87,08/2018,9
15-1212,15-1212.00,Information Security Analysts,Communications and Media,2.8,08/2018,10
15-1212,15-1212.00,Information Security Analysts,Law and Government,2.7,08/2018,11
15-1212,15-1212.00,Information Security Analysts,Administrative,2.69,08/2018,12
15-1212,15-1212.00,Information Security Analysts,Personnel and Human Resources,2.44,08/2018,13
15-1212,15-1212.00,Information Security Analysts,Production and Processing,2.41,08/2018,14
15-1212,15-1212.00,Information Security Analysts,Design,2.4,08/2018,15
15-1221,15-1221.00,Computer and Information Research Scientists,Computers and Electronics,4.57,08/2019,1
15-1221,15-1221.00,Computer and Information Research Scientists,Mathematics,4.06,08/2019,2
15-1221,15-1221.00,Computer and Information Research Scientists,Engineering and Technology,3.95,08/2019,3
15-1221,15-1221.00,Computer and Information Research Scientists,English Language,3.89,08/2019,4
15-1221,15-1221.00,Computer and Information Research Scientists,Administration and Management,3.3,08/2019,5
15-1221,15-1221.00,Computer and Information Research Scientists,Design,3.27,08/2019,6
15-1221,15-1221.00,Computer and Information Research Scientists,Telecommunications,3.09,08/2019,7
15-1221,15-1221.00,Computer and Information Research Scientists,Physics,2.84,08/2019,8
15-1221,15-1221.00,Computer and Information Research Scientists,Sales and Marketing,2.71,08/2019,9
15-1221,15-1221.00,Computer and Information Research Scientists,Customer and Personal Service,2.71,08/2019,10
15-1221,15-1221.00,Computer and Information Research Scientists,Education and Training,2.66,08/2019,11
15-1221,15-1221.00,Computer and Information Research Scientists,Administrative,2.59,08/2019,12
15-1221,15-1221.00,Computer and Information Research Scientists,Production and Processing,2.47,08/2019,13
15-1221,15-1221.00,Computer and Information Research Scientists,Personnel and Human Resources,2.46,08/2019,14
15-1221,15-1221.00,Computer and Information Research Scientists,Public Safety and Security,2.41,08/2019,15
15-1231,15-1231.00,Computer Network Support Specialists,Computers and Electronics,4.96,07/2014,1
15-1231,15-1231.00,Computer Network Support Specialists,Telecommunications,3.79,07/2014,2
15-1231,15-1231.00,Computer Network Support Specialists,Customer and Personal Service,3.45,07/2014,3
15-1231,15-1231.00,Computer Network Support Specialists,Engineering and Technology,3.4,07/2014,4
15-1231,15-1231.00,Computer Network Support Specialists,English Language,3.31,07/2014,5
15-1231,15-1231.00,Computer Network Support Specialists,Administration and Management,3.12,07/2014,6
15-1231,15-1231.00,Computer Network Support Specialists,Communications and Media,2.99,07/2014,7
15-1231,15-1231.00,Computer Network Support Specialists,Education and Training,2.95,07/2014,8
15-1231,15-1231.00,Computer Network Support Specialists,Administrative,2.91,07/2014,9
15-1231,15-1231.00,Computer Network Support Specialists,Design,2.63,07/2014,10
15-1231,15-1231.00,Computer Network Support Specialists,Production and Processing,2.61,07/2014,11
15-1231,15-1231.00,Computer Network Support Specialists,Public Safety and Security,2.51,07/2014,12
15-1231,15-1231.00,Computer Network Support Specialists,Mathematics,2.45,07/2014,13
15-1231,15-1231.00,Computer Network Support Specialists,Mechanical,2.18,07/2014,14
15-1231,15-1231.00,Computer Network Support Specialists,Personnel and Human Resources,1.96,07/2014,15
15-1232,15-1232.00,Computer User Support Specialists,Computers and Electronics,4.93,08/2023,1
15-1232,15-1232.00,Computer User Support Specialists,Customer and Personal Service,4.12,08/2023,2
15-1232,15-1232.00,Computer User Support Specialists,Telecommunications,3.85,08/2023,3
15-1232,15-1232.00,Computer User Support Specialists,English Language,3.79,08/2023,4
15-1232,15-1232.00,Computer User Support Specialists,Education and Training,3.72,08/2023,5
15-1232,15-1232.00,Computer User Support Specialists,Mechanical,3.66,08/2023,6
15-1232,15-1232.00,Computer User Support Specialists,Engineering and Technology,3.62,08/2023,7
15-1232,15-1232.00,Computer User Support Specialists,Administration and Management,3.6,08/2023,8
15-1232,15-1232.00,Computer User Support Specialists,Administrative,3.45,08/2023,9
15-1232,15-1232.00,Computer User Support Specialists,Communications and Media,3.16,08/2023,10
15-1232,15-1232.00,Computer User Support Specialists,Design,3.09,08/2023,11
15-1232,15-1232.00,Computer User Support Specialists,Production and Processing,2.83,08/2023,12
15-1232,15-1232.00,Computer User Support Specialists,Personnel and Human Resources,2.63,08/2023,13
15-1232,15-1232.00,Computer User Support Specialists,Economics and Accounting,2.49,08/2023,14
15-1232,15-1232.00,Computer User Support Specialists,Public Safety and Security,2.44,08/2023,15
15-1242,15-1242.00,Database Administrators,Computers and Electronics,4.79,08/2023,1
15-1242,15-1242.00,Database Administrators,English Language,3.96,08/2023,2
15-1242,15-1242.00,Database Administrators,Customer and Personal Service,3.93,08/2023,3
15-1242,15-1242.00,Database Administrators,Mathematics,3.55,08/2023,4
15-1242,15-1242.00,Database Administrators,Telecommunications,3.54,08/2023,5
15-1242,15-1242.00,Database Administrators,Engineering and Technology,3.51,08/2023,6
15-1242,15-1242.00,Database Administrators,Administration and Management,3.1,08/2023,7
15-1242,15-1242.00,Database Administrators,Education and Training,3.09,08/2023,8
15-1242,15-1242.00,Database Administrators,Design,2.8,08/2023,9
15-1242,15-1242.00,Database Administrators,Economics and Accounting,2.7,08/2023,10
15-1242,15-1242.00,Database Administrators,Communications and Media,2.57,08/2023,11
15-1242,15-1242.00,Database Administrators,Public Safety and Security,2.55,08/2023,12
15-1242,15-1242.00,Database Administrators,Personnel and Human Resources,2.5,08/2023,13
15-1242,15-1242.00,Database Administrators,Law and Government,2.44,08/2023,14
15-1242,15-1242.00,Database Administrators,Administrative,2.34,08/2023,15
15-1244,15-1244.00,Network and Computer Systems Administrators,Computers and Electronics,4.92,07/2017,1
15-1244,15-1244.00,Network and Computer Systems Administrators,English Language,3.83,07/2017,2
15-1244,15-1244.00,Network and Computer Systems Administrators,Customer and Personal Service,3.63,07/2017,3
15-1244,15-1244.00,Network and Computer Systems Administrators,Engineering and Technology,3.6,07/2017,4
15-1244,15-1244.00,Network and Computer Systems Administrators,Telecommunications,3.21,07/2017,5
15-1244,15-1244.00,Network and Computer Systems Administrators,Mathematics,3.19,07/2017,6
15-1244,15-1244.00,Network and Computer Systems Administrators,Administrative,3.13,07/2017,7
15-1244,15-1244.00,Network and Computer Systems Administrators,Administration and Management,2.97,07/2017,8
15-1244,15-1244.00,Network and Computer Systems Administrators,Education and Training,2.82,07/2017,9
15-1244,15-1244.00,Network and Computer Systems Administrators,Design,2.79,07/2017,10
15-1244,15-1244.00,Network and Computer Systems Administrators,Communications and Media,2.78,07/2017,11
15-1244,15-1244.00,Network and Computer Systems Administrators,Public Safety and Security,2.48,07/2017,12
15-1244,15-1244.00,Network and Computer Systems Administrators,Mechanical,2.34,07/2017,13
15-1244,15-1244.00,Network and Computer Systems Administrators,Production and Processing,2.26,07/2017,14
15-1244,15-1244.00,Network and Computer Systems Administrators,Personnel and Human Resources,2.19,07/2017,15
15-1251,15-1251.00,Computer Programmers,Computers and Electronics,4.87,08/2018,1
15-1251,15-1251.00,Computer Programmers,Mathematics,3.53,08/2018,2
15-1251,15-1251.00,Computer Programmers,Engineering and Technology,3.47,08/2018,3
15-1251,15-1251.00,Computer Programmers,English Language,3.41,08/2018,4
15-1251,15-1251.00,Computer Programmers,Customer and Personal Service,3.3,08/2018,5
15-1251,15-1251.00,Computer Programmers,Administration and Management,3.26,08/2018,6
15-1251,15-1251.00,Computer Programmers,Design,2.88,08/2018,7
15-1251,15-1251.00,Computer Programmers,Education and Training,2.79,08/2018,8
15-1251,15-1251.00,Computer Programmers,Geography,2.75,08/2018,9
15-1251,15-1251.00,Computer Programmers,Administrative,2.74,08/2018,10
15-1251,15-1251.00,Computer Programmers,Production and Processing,2.55,08/2018,11
15-1251,15-1251.00,Computer Programmers,Economics and Accounting,2.47,08/2018,12
15-1251,15-1251.00,Computer Programmers,Communications and Media,2.43,08/2018,13
15-1251,15-1251.00,Computer Programmers,Telecommunications,2.4,08/2018,14
15-1251,15-1251.00,Computer Programmers,Physics,2.11,08/2018,15
15-1252,15-1252.00,Software Developers,Computers and Electronics,4.75,08/2025,1
15-1252,15-1252.00,Software Developers,Mathematics,3.57,08/2025,2
15-1252,15-1252.00,Software Developers,Customer and Personal Service,3.56,08/2025,3
15-1252,15-1252.00,Software Developers,English Language,3.27,08/2025,4
15-1252,15-1252.00,Software Developers,Education and Training,2.84,08/2025,5
15-1252,15-1252.00,Software Developers,Engineering and Technology,2.8,08/2025,6
15-1252,15-1252.00,Software Developers,Design,2.7,08/2025,7
15-1252,15-1252.00,Software Developers,Telecommunications,2.62,08/2025,8
15-1252,15-1252.00,Software Developers,Public Safety and Security,2.57,08/2025,9
15-1252,15-1252.00,Software Developers,Production and Processing,2.54,08/2025,10
15-1252,15-1252.00,Software Developers,Economics and Accounting,2.47,08/2025,11
15-1252,15-1252.00,Software Developers,Personnel and Human Resources,2.36,08/2025,12
15-1252,15-1252.00,Software Developers,Administration and Management,2.25,08/2025,13
15-1252,15-1252.00,Software Developers,Sales and Marketing,2.19,08/2025,14
15-1252,15-1252.00,Software Developers,Administrative,2.12,08/2025,15
15-1299,15-1299.02,Geographic Information Systems Technologists and Technicians,Geography,4.71,11/2020,1
15-1299,15-1299.02,Geographic Information Systems Technologists and Technicians,Computers and Electronics,4.48,11/2020,2
15-1299,15-1299.02,Geographic Information Systems Technologists and Technicians,English Language,4.04,11/2020,3
15-1299,15-1299.02,Geographic Information Systems Technologists and Technicians,Mathematics,3.88,11/2020,4
15-1299,15-1299.02,Geographic Information Systems Technologists and Technicians,Design,3.4,11/2020,5
15-1299,15-1299.02,Geographic Information Systems Technologists and Technicians,Customer and Personal Service,3.15,11/2020,6
15-1299,15-1299.02,Geographic Information Systems Technologists and Technicians,Engineering and Technology,3.1,11/2020,7
15-1299,15-1299.02,Geographic Information Systems Technologists and Technicians,Education and Training,3.04,11/2020,8
15-1299,15-1299.02,Geographic Information Systems Technologists and Technicians,Administration and Management,2.88,11/2020,9
15-1299,15-1299.02,Geographic Information Systems Technologists and Technicians,Administrative,2.62,11/2020,10
15-1299,15-1299.02,Geographic Information Systems Technologists and Technicians,Law and Government,2.58,11/2020,11
15-1299,15-1299.02,Geographic Information Systems Technologists and Technicians,Public Safety and Security,2.54,11/2020,12
15-1299,15-1299.02,Geographic Information Systems Technologists and Technicians,Communications and Media,2.43,11/2020,13
15-1299,15-1299.02,Geographic Information Systems Technologists and Technicians,Biology,2.35,11/2020,14
15-1299,15-1299.02,Geographic Information Systems Technologists and Technicians,Physics,2.31,11/2020,15
15-2099,15-2099.01,Bioinformatics Technicians,Computers and Electronics,4.77,07/2014,1
15-2099,15-2099.01,Bioinformatics Technicians,Mathematics,4.5,07/2014,2
15-2099,15-2099.01,Bioinformatics Technicians,English Language,3.99,07/2014,3
15-2099,15-2099.01,Bioinformatics Technicians,Biology,3.8,07/2014,4
15-2099,15-2099.01,Bioinformatics Technicians,Design,2.91,07/2014,5
15-2099,15-2099.01,Bioinformatics Technicians,Engineering and Technology,2.86,07/2014,6
15-2099,15-2099.01,Bioinformatics Technicians,Chemistry,2.75,07/2014,7
15-2099,15-2099.01,Bioinformatics Technicians,Education and Training,2.72,07/2014,8
15-2099,15-2099.01,Bioinformatics Technicians,Administration and Management,2.71,07/2014,9
15-2099,15-2099.01,Bioinformatics Technicians,Administrative,2.7,07/2014,10
15-2099,15-2099.01,Bioinformatics Technicians,Customer and Personal Service,2.6,07/2014,11
15-2099,15-2099.01,Bioinformatics Technicians,Medicine and Dentistry,2.53,07/2014,12
15-2099,15-2099.01,Bioinformatics Technicians,Physics,2.37,07/2014,13
15-2099,15-2099.01,Bioinformatics Technicians,Psychology,2.17,07/2014,14
15-2099,15-2099.01,Bioinformatics Technicians,Public Safety and Security,1.91,07/2014,15
17-1021,17-1021.00,Cartographers and Photogrammetrists,Geography,4.51,08/2018,1
17-1021,17-1021.00,Cartographers and Photogrammetrists,Computers and Electronics,4.22,08/2018,2
17-1021,17-1021.00,Cartographers and Photogrammetrists,English Language,3.54,08/2018,3
17-1021,17-1021.00,Cartographers and Photogrammetrists,Design,3.36,08/2018,4
17-1021,17-1021.00,Cartographers and Photogrammetrists,Mathematics,3.33,08/2018,5
17-1021,17-1021.00,Cartographers and Photogrammetrists,Customer and Personal Service,2.92,08/2018,6
17-1021,17-1021.00,Cartographers and Photogrammetrists,Engineering and Technology,2.84,08/2018,7
17-1021,17-1021.00,Cartographers and Photogrammetrists,Education and Training,2.75,08/2018,8
17-1021,17-1021.00,Cartographers and Photogrammetrists,Administration and Management,2.65,08/2018,9
17-1021,17-1021.00,Cartographers and Photogrammetrists,Law and Government,2.6,08/2018,10
17-1021,17-1021.00,Cartographers and Photogrammetrists,Production and Processing,2.47,08/2018,11
17-1021,17-1021.00,Cartographers and Photogrammetrists,Administrative,2.44,08/2018,12
17-1021,17-1021.00,Cartographers and Photogrammetrists,Communications and Media,2.37,08/2018,13
17-1021,17-1021.00,Cartographers and Photogrammetrists,Transportation,2.24,08/2018,14
17-1021,17-1021.00,Cartographers and Photogrammetrists,Personnel and Human Resources,2.21,08/2018,15
17-2011,17-2011.00,Aerospace Engineers,Engineering and Technology,4.76,07/2015,1
17-2011,17-2011.00,Aerospace Engineers,Mathematics,4.25,07/2015,2
17-2011,17-2011.00,Aerospace Engineers,Design,4.13,07/2015,3
17-2011,17-2011.00,Aerospace Engineers,Physics,4.03,07/2015,4
17-2011,17-2011.00,Aerospace Engineers,Computers and Electronics,3.85,07/2015,5
17-2011,17-2011.00,Aerospace Engineers,English Language,3.82,07/2015,6
17-2011,17-2011.00,Aerospace Engineers,Mechanical,3.39,07/2015,7
17-2011,17-2011.00,Aerospace Engineers,Production and Processing,3.27,07/2015,8
17-2011,17-2011.00,Aerospace Engineers,Transportation,2.77,07/2015,9
17-2011,17-2011.00,Aerospace Engineers,Administration and Management,2.76,07/2015,10
17-2011,17-2011.00,Aerospace Engineers,Customer and Personal Service,2.63,07/2015,11
17-2011,17-2011.00,Aerospace Engineers,Education and Training,2.33,07/2015,12
17-2011,17-2011.00,Aerospace Engineers,Administrative,2.3,07/2015,13
17-2011,17-2011.00,Aerospace Engineers,Building and Construction,2.21,07/2015,14
17-2011,17-2011.00,Aerospace Engineers,Public Safety and Security,2.16,07/2015,15
17-2071,17-2071.00,Electrical Engineers,Engineering and Technology,4.74,08/2023,1
17-2071,17-2071.00,Electrical Engineers,Computers and Electronics,4.67,08/2023,2
17-2071,17-2071.00,Electrical Engineers,Design,4.11,08/2023,3
17-2071,17-2071.00,Electrical Engineers,English Language,3.77,08/2023,4
17-2071,17-2071.00,Electrical Engineers,Mathematics,3.72,08/2023,5
17-2071,17-2071.00,Electrical Engineers,Physics,3.58,08/2023,6
17-2071,17-2071.00,Electrical Engineers,Production and Processing,3.25,08/2023,7
17-2071,17-2071.00,Electrical Engineers,Mechanical,3.19,08/2023,8
17-2071,17-2071.00,Electrical Engineers,Public Safety and Security,3.18,08/2023,9
17-2071,17-2071.00,Electrical Engineers,Customer and Personal Service,3.1,08/2023,10
17-2071,17-2071.00,Electrical Engineers,Administrative,2.9,08/2023,11
17-2071,17-2071.00,Electrical Engineers,Administration and Management,2.89,08/2023,12
17-2071,17-2071.00,Electrical Engineers,Education and Training,2.87,08/2023,13
17-2071,17-2071.00,Electrical Engineers,Telecommunications,2.61,08/2023,14
17-2071,17-2071.00,Electrical Engineers,Communications and Media,2.42,08/2023,15
17-2072,17-2072.01,Radio Frequency Identification Device Specialists,Computers and Electronics,4.8,07/2015,1
17-2072,17-2072.00,"Electronics Engineers, Except Computer",Engineering and Technology,4.75,08/2022,2
17-2072,17-2072.01,Radio Frequency Identification Device Specialists,Engineering and Technology,4.56,07/2015,3
17-2072,17-2072.00,"Electronics Engineers, Except Computer",Computers and Electronics,4.55,08/2022,4
17-2072,17-2072.00,"Electronics Engineers, Except Computer",Design,4.34,08/2022,5
17-2072,17-2072.01,Radio Frequency Identification Device Specialists,English Language,4.22,07/2015,6
17-2072,17-2072.00,"Electronics Engineers, Except Computer",Mathematics,4.04,08/2022,7
17-2072,17-2072.00,"Electronics Engineers, Except Computer",English Language,3.75,08/2022,8
17-2072,17-2072.01,Radio Frequency Identification Device Specialists,Design,3.7,07/2015,9
17-2072,17-2072.01,Radio Frequency Identification Device Specialists,Customer and Personal Service,3.59,07/2015,10
17-2072,17-2072.01,Radio Frequency Identification Device Specialists,Education and Training,3.54,07/2015,11
17-2072,17-2072.01,Radio Frequency Identification Device Specialists,Mathematics,3.53,07/2015,12
17-2072,17-2072.01,Radio Frequency Identification Device Specialists,Administration and Management,3.45,07/2015,13
17-2072,17-2072.01,Radio Frequency Identification Device Specialists,Telecommunications,3.38,07/2015,14
17-2072,17-2072.00,"Electronics Engineers, Except Computer",Mechanical,3.2,08/2022,15
17-2112,17-2112.00,Industrial Engineers,Engineering and Technology,4.41,08/2020,1
17-2112,17-2112.00,Industrial Engineers,Production and Processing,4.28,08/2020,2
17-2112,17-2112.00,Industrial Engineers,Mechanical,4.2,08/2020,3
17-2112,17-2112.00,Industrial Engineers,Design,4.08,08/2020,4
17-2112,17-2112.00,Industrial Engineers,English Language,3.96,08/2020,5
17-2112,17-2112.00,Industrial Engineers,Mathematics,3.89,08/2020,6
17-2112,17-2112.00,Industrial Engineers,Computers and Electronics,3.77,08/2020,7
17-2112,17-2112.00,Industrial Engineers,Administration and Management,3.45,08/2020,8
17-2112,17-2112.00,Industrial Engineers,Customer and Personal Service,3.42,08/2020,9
17-2112,17-2112.00,Industrial Engineers,Education and Training,3.34,08/2020,10
17-2112,17-2112.00,Industrial Engineers,Public Safety and Security,3.12,08/2020,11
17-2112,17-2112.00,Industrial Engineers,Physics,3.1,08/2020,12
17-2112,17-2112.00,Industrial Engineers,Administrative,3.01,08/2020,13
17-2112,17-2112.00,Industrial Engineers,Building and Construction,2.86,08/2020,14
17-2112,17-2112.00,Industrial Engineers,Personnel and Human Resources,2.81,08/2020,15
17-2141,17-2141.00,Mechanical Engineers,Design,4.5,08/2024,1
17-2141,17-2141.00,Mechanical Engineers,Engineering and Technology,4.46,08/2024,2
17-2141,17-2141.00,Mechanical Engineers,Production and Processing,4.34,08/2024,3
17-2141,17-2141.00,Mechanical Engineers,Mechanical,4.23,08/2024,4
17-2141,17-2141.00,Mechanical Engineers,English Language,4.06,08/2024,5
17-2141,17-2141.00,Mechanical Engineers,Mathematics,3.88,08/2024,6
17-2141,17-2141.00,Mechanical Engineers,Public Safety and Security,3.73,08/2024,7
17-2141,17-2141.00,Mechanical Engineers,Computers and Electronics,3.63,08/2024,8
17-2141,17-2141.00,Mechanical Engineers,Education and Training,3.39,08/2024,9
17-2141,17-2141.00,Mechanical Engineers,Physics,3.38,08/2024,10
17-2141,17-2141.00,Mechanical Engineers,Administrative,3.22,08/2024,11
17-2141,17-2141.00,Mechanical Engineers,Administration and Management,3.21,08/2024,12
17-2141,17-2141.00,Mechanical Engineers,Customer and Personal Service,3.09,08/2024,13
17-2141,17-2141.00,Mechanical Engineers,Building and Construction,2.68,08/2024,14
17-2141,17-2141.00,Mechanical Engineers,Personnel and Human Resources,2.65,08/2024,15
17-2151,17-2151.00,"Mining and Geological Engineers, Including Mining Safety Engineers",Engineering and Technology,4.47,08/2018,1
17-2151,17-2151.00,"Mining and Geological Engineers, Including Mining Safety Engineers",Mathematics,4.44,08/2018,2
17-2151,17-2151.00,"Mining and Geological Engineers, Including Mining Safety Engineers",English Language,3.57,08/2018,3
17-2151,17-2151.00,"Mining and Geological Engineers, Including Mining Safety Engineers",Production and Processing,3.56,08/2018,4
17-2151,17-2151.00,"Mining and Geological Engineers, Including Mining Safety Engineers",Design,3.56,08/2018,5
17-2151,17-2151.00,"Mining and Geological Engineers, Including Mining Safety Engineers",Administration and Management,3.37,08/2018,6
17-2151,17-2151.00,"Mining and Geological Engineers, Including Mining Safety Engineers",Administrative,3.28,08/2018,7
17-2151,17-2151.00,"Mining and Geological Engineers, Including Mining Safety Engineers",Physics,3.25,08/2018,8
17-2151,17-2151.00,"Mining and Geological Engineers, Including Mining Safety Engineers",Economics and Accounting,3.2,08/2018,9
17-2151,17-2151.00,"Mining and Geological Engineers, Including Mining Safety Engineers",Computers and Electronics,3.13,08/2018,10
17-2151,17-2151.00,"Mining and Geological Engineers, Including Mining Safety Engineers",Building and Construction,2.9,08/2018,11
17-2151,17-2151.00,"Mining and Geological Engineers, Including Mining Safety Engineers",Geography,2.88,08/2018,12
17-2151,17-2151.00,"Mining and Geological Engineers, Including Mining Safety Engineers",Education and Training,2.77,08/2018,13
17-2151,17-2151.00,"Mining and Geological Engineers, Including Mining Safety Engineers",Public Safety and Security,2.75,08/2018,14
17-2151,17-2151.00,"Mining and Geological Engineers, Including Mining Safety Engineers",Law and Government,2.75,08/2018,15
17-2171,17-2171.00,Petroleum Engineers,Engineering and Technology,4.4,08/2020,1
17-2171,17-2171.00,Petroleum Engineers,Mathematics,4.12,08/2020,2
17-2171,17-2171.00,Petroleum Engineers,Physics,3.52,08/2020,3
17-2171,17-2171.00,Petroleum Engineers,Computers and Electronics,3.51,08/2020,4
17-2171,17-2171.00,Petroleum Engineers,Chemistry,3.39,08/2020,5
17-2171,17-2171.00,Petroleum Engineers,Administration and Management,3.35,08/2020,6
17-2171,17-2171.00,Petroleum Engineers,Economics and Accounting,3.2,08/2020,7
17-2171,17-2171.00,Petroleum Engineers,Administrative,3.19,08/2020,8
17-2171,17-2171.00,Petroleum Engineers,English Language,3.15,08/2020,9
17-2171,17-2171.00,Petroleum Engineers,Design,3.14,08/2020,10
17-2171,17-2171.00,Petroleum Engineers,Law and Government,3.14,08/2020,11
17-2171,17-2171.00,Petroleum Engineers,Mechanical,2.81,08/2020,12
17-2171,17-2171.00,Petroleum Engineers,Customer and Personal Service,2.63,08/2020,13
17-2171,17-2171.00,Petroleum Engineers,Public Safety and Security,2.37,08/2020,14
17-2171,17-2171.00,Petroleum Engineers,Education and Training,2.33,08/2020,15
17-2199,17-2199.10,Wind Energy Engineers,Engineering and Technology,4.81,07/2012,1
17-2199,17-2199.05,Mechatronics Engineers,Engineering and Technology,4.65,08/2022,2
17-2199,17-2199.06,Microsystems Engineers,Computers and Electronics,4.62,07/2016,3
17-2199,17-2199.06,Microsystems Engineers,Engineering and Technology,4.6,07/2016,4
17-2199,17-2199.10,Wind Energy Engineers,Mathematics,4.4,07/2012,5
17-2199,17-2199.10,Wind Energy Engineers,Design,4.37,07/2012,6
17-2199,17-2199.05,Mechatronics Engineers,Design,4.25,08/2022,7
17-2199,17-2199.10,Wind Energy Engineers,Physics,4.21,07/2012,8
17-2199,17-2199.05,Mechatronics Engineers,Production and Processing,4.15,08/2022,9
17-2199,17-2199.10,Wind Energy Engineers,English Language,4.14,07/2012,10
17-2199,17-2199.05,Mechatronics Engineers,Mechanical,4.11,08/2022,11
17-2199,17-2199.06,Microsystems Engineers,Mathematics,4.07,07/2016,12
17-2199,17-2199.10,Wind Energy Engineers,Computers and Electronics,4.01,07/2012,13
17-2199,17-2199.06,Microsystems Engineers,Physics,3.96,07/2016,14
17-2199,17-2199.06,Microsystems Engineers,Design,3.92,07/2016,15
17-3011,17-3011.00,Architectural and Civil Drafters,Design,4.32,11/2020,1
17-3011,17-3011.00,Architectural and Civil Drafters,Building and Construction,4.25,11/2020,2
17-3011,17-3011.00,Architectural and Civil Drafters,Engineering and Technology,4.19,11/2020,3
17-3011,17-3011.00,Architectural and Civil Drafters,English Language,3.81,11/2020,4
17-3011,17-3011.00,Architectural and Civil Drafters,Computers and Electronics,3.79,11/2020,5
17-3011,17-3011.00,Architectural and Civil Drafters,Mathematics,3.58,11/2020,6
17-3011,17-3011.00,Architectural and Civil Drafters,Public Safety and Security,3.13,11/2020,7
17-3011,17-3011.00,Architectural and Civil Drafters,Administration and Management,3.03,11/2020,8
17-3011,17-3011.00,Architectural and Civil Drafters,Customer and Personal Service,3.03,11/2020,9
17-3011,17-3011.00,Architectural and Civil Drafters,Geography,2.86,11/2020,10
17-3011,17-3011.00,Architectural and Civil Drafters,Education and Training,2.83,11/2020,11
17-3011,17-3011.00,Architectural and Civil Drafters,Law and Government,2.79,11/2020,12
17-3011,17-3011.00,Architectural and Civil Drafters,Sales and Marketing,2.62,11/2020,13
17-3011,17-3011.00,Architectural and Civil Drafters,Physics,2.62,11/2020,14
17-3011,17-3011.00,Architectural and Civil Drafters,Mechanical,2.52,11/2020,15
17-3012,17-3012.00,Electrical and Electronics Drafters,Design,4.38,08/2022,1
17-3012,17-3012.00,Electrical and Electronics Drafters,Engineering and Technology,4.26,08/2022,2
17-3012,17-3012.00,Electrical and Electronics Drafters,Computers and Electronics,4.18,08/2022,3
17-3012,17-3012.00,Electrical and Electronics Drafters,English Language,3.93,08/2022,4
17-3012,17-3012.00,Electrical and Electronics Drafters,Mathematics,3.59,08/2022,5
17-3012,17-3012.00,Electrical and Electronics Drafters,Administrative,3.51,08/2022,6
17-3012,17-3012.00,Electrical and Electronics Drafters,Education and Training,3.2,08/2022,7
17-3012,17-3012.00,Electrical and Electronics Drafters,Public Safety and Security,3.15,08/2022,8
17-3012,17-3012.00,Electrical and Electronics Drafters,Geography,3.11,08/2022,9
17-3012,17-3012.00,Electrical and Electronics Drafters,Administration and Management,2.93,08/2022,10
17-3012,17-3012.00,Electrical and Electronics Drafters,Mechanical,2.73,08/2022,11
17-3012,17-3012.00,Electrical and Electronics Drafters,Customer and Personal Service,2.7,08/2022,12
17-3012,17-3012.00,Electrical and Electronics Drafters,Production and Processing,2.7,08/2022,13
17-3012,17-3012.00,Electrical and Electronics Drafters,Physics,2.58,08/2022,14
17-3012,17-3012.00,Electrical and Electronics Drafters,Telecommunications,2.52,08/2022,15
17-3013,17-3013.00,Mechanical Drafters,Design,4.82,07/2017,1
17-3013,17-3013.00,Mechanical Drafters,Engineering and Technology,4.73,07/2017,2
17-3013,17-3013.00,Mechanical Drafters,Mechanical,4.48,07/2017,3
17-3013,17-3013.00,Mechanical Drafters,Mathematics,4.37,07/2017,4
17-3013,17-3013.00,Mechanical Drafters,English Language,3.93,07/2017,5
17-3013,17-3013.00,Mechanical Drafters,Physics,3.9,07/2017,6
17-3013,17-3013.00,Mechanical Drafters,Computers and Electronics,3.82,07/2017,7
17-3013,17-3013.00,Mechanical Drafters,Production and Processing,3.32,07/2017,8
17-3013,17-3013.00,Mechanical Drafters,Education and Training,3.13,07/2017,9
17-3013,17-3013.00,Mechanical Drafters,Customer and Personal Service,3.08,07/2017,10
17-3013,17-3013.00,Mechanical Drafters,Administrative,2.95,07/2017,11
17-3013,17-3013.00,Mechanical Drafters,Public Safety and Security,2.82,07/2017,12
17-3013,17-3013.00,Mechanical Drafters,Administration and Management,2.8,07/2017,13
17-3013,17-3013.00,Mechanical Drafters,Building and Construction,2.45,07/2017,14
17-3013,17-3013.00,Mechanical Drafters,Communications and Media,2.2,07/2017,15
17-3021,17-3021.00,Aerospace Engineering and Operations Technologists and Technicians,Mechanical,4.49,08/2019,1
17-3021,17-3021.00,Aerospace Engineering and Operations Technologists and Technicians,Engineering and Technology,4.28,08/2019,2
17-3021,17-3021.00,Aerospace Engineering and Operations Technologists and Technicians,Mathematics,3.93,08/2019,3
17-3021,17-3021.00,Aerospace Engineering and Operations Technologists and Technicians,Production and Processing,3.79,08/2019,4
17-3021,17-3021.00,Aerospace Engineering and Operations Technologists and Technicians,Customer and Personal Service,3.7,08/2019,5
17-3021,17-3021.00,Aerospace Engineering and Operations Technologists and Technicians,English Language,3.39,08/2019,6
17-3021,17-3021.00,Aerospace Engineering and Operations Technologists and Technicians,Administrative,3.36,08/2019,7
17-3021,17-3021.00,Aerospace Engineering and Operations Technologists and Technicians,Physics,3.34,08/2019,8
17-3021,17-3021.00,Aerospace Engineering and Operations Technologists and Technicians,Computers and Electronics,3.33,08/2019,9
17-3021,17-3021.00,Aerospace Engineering and Operations Technologists and Technicians,Education and Training,3.03,08/2019,10
17-3021,17-3021.00,Aerospace Engineering and Operations Technologists and Technicians,Administration and Management,2.96,08/2019,11
17-3021,17-3021.00,Aerospace Engineering and Operations Technologists and Technicians,Public Safety and Security,2.66,08/2019,12
17-3021,17-3021.00,Aerospace Engineering and Operations Technologists and Technicians,Telecommunications,2.58,08/2019,13
17-3021,17-3021.00,Aerospace Engineering and Operations Technologists and Technicians,Design,2.51,08/2019,14
17-3021,17-3021.00,Aerospace Engineering and Operations Technologists and Technicians,Transportation,2.46,08/2019,15
17-3022,17-3022.00,Civil Engineering Technologists and Technicians,Engineering and Technology,4.47,07/2017,1
17-3022,17-3022.00,Civil Engineering Technologists and Technicians,Mathematics,4.24,07/2017,2
17-3022,17-3022.00,Civil Engineering Technologists and Technicians,Building and Construction,4.18,07/2017,3
17-3022,17-3022.00,Civil Engineering Technologists and Technicians,Design,4.15,07/2017,4
17-3022,17-3022.00,Civil Engineering Technologists and Technicians,Administrative,3.65,07/2017,5
17-3022,17-3022.00,Civil Engineering Technologists and Technicians,Administration and Management,3.57,07/2017,6
17-3022,17-3022.00,Civil Engineering Technologists and Technicians,Computers and Electronics,3.53,07/2017,7
17-3022,17-3022.00,Civil Engineering Technologists and Technicians,Customer and Personal Service,3.52,07/2017,8
17-3022,17-3022.00,Civil Engineering Technologists and Technicians,English Language,3.51,07/2017,9
17-3022,17-3022.00,Civil Engineering Technologists and Technicians,Mechanical,3.45,07/2017,10
17-3022,17-3022.00,Civil Engineering Technologists and Technicians,Transportation,3.27,07/2017,11
17-3022,17-3022.00,Civil Engineering Technologists and Technicians,Public Safety and Security,3.1,07/2017,12
17-3022,17-3022.00,Civil Engineering Technologists and Technicians,Physics,3.02,07/2017,13
17-3022,17-3022.00,Civil Engineering Technologists and Technicians,Education and Training,3.02,07/2017,14
17-3022,17-3022.00,Civil Engineering Technologists and Technicians,Law and Government,2.92,07/2017,15
17-3023,17-3023.00,Electrical and Electronic Engineering Technologists and Technicians,Computers and Electronics,4.38,11/2020,1
17-3023,17-3023.00,Electrical and Electronic Engineering Technologists and Technicians,Engineering and Technology,4.36,11/2020,2
17-3023,17-3023.00,Electrical and Electronic Engineering Technologists and Technicians,English Language,3.76,11/2020,3
17-3023,17-3023.00,Electrical and Electronic Engineering Technologists and Technicians,Design,3.62,11/2020,4
17-3023,17-3023.00,Electrical and Electronic Engineering Technologists and Technicians,Mathematics,3.52,11/2020,5
17-3023,17-3023.00,Electrical and Electronic Engineering Technologists and Technicians,Customer and Personal Service,3.3,11/2020,6
17-3023,17-3023.00,Electrical and Electronic Engineering Technologists and Technicians,Mechanical,3.29,11/2020,7
17-3023,17-3023.00,Electrical and Electronic Engineering Technologists and Technicians,Production and Processing,3.21,11/2020,8
17-3023,17-3023.00,Electrical and Electronic Engineering Technologists and Technicians,Telecommunications,3.13,11/2020,9
17-3023,17-3023.00,Electrical and Electronic Engineering Technologists and Technicians,Physics,3.07,11/2020,10
17-3023,17-3023.00,Electrical and Electronic Engineering Technologists and Technicians,Public Safety and Security,2.95,11/2020,11
17-3023,17-3023.00,Electrical and Electronic Engineering Technologists and Technicians,Administration and Management,2.76,11/2020,12
17-3023,17-3023.00,Electrical and Electronic Engineering Technologists and Technicians,Administrative,2.7,11/2020,13
17-3023,17-3023.00,Electrical and Electronic Engineering Technologists and Technicians,Education and Training,2.69,11/2020,14
17-3023,17-3023.00,Electrical and Electronic Engineering Technologists and Technicians,Law and Government,2.37,11/2020,15
17-3024,17-3024.00,Electro-Mechanical and Mechatronics Technologists and Technicians,Computers and Electronics,4.07,08/2022,1
17-3024,17-3024.00,Electro-Mechanical and Mechatronics Technologists and Technicians,Mechanical,3.74,08/2022,2
17-3024,17-3024.00,Electro-Mechanical and Mechatronics Technologists and Technicians,Engineering and Technology,3.62,08/2022,3
17-3024,17-3024.00,Electro-Mechanical and Mechatronics Technologists and Technicians,English Language,3.19,08/2022,4
17-3024,17-3024.00,Electro-Mechanical and Mechatronics Technologists and Technicians,Production and Processing,3.13,08/2022,5
17-3024,17-3024.00,Electro-Mechanical and Mechatronics Technologists and Technicians,Mathematics,3.13,08/2022,6
17-3024,17-3024.00,Electro-Mechanical and Mechatronics Technologists and Technicians,Design,2.83,08/2022,7
17-3024,17-3024.00,Electro-Mechanical and Mechatronics Technologists and Technicians,Telecommunications,2.75,08/2022,8
17-3024,17-3024.00,Electro-Mechanical and Mechatronics Technologists and Technicians,Physics,2.61,08/2022,9
17-3024,17-3024.00,Electro-Mechanical and Mechatronics Technologists and Technicians,Education and Training,2.47,08/2022,10
17-3024,17-3024.00,Electro-Mechanical and Mechatronics Technologists and Technicians,Administrative,2.4,08/2022,11
17-3024,17-3024.00,Electro-Mechanical and Mechatronics Technologists and Technicians,Customer and Personal Service,2.39,08/2022,12
17-3024,17-3024.00,Electro-Mechanical and Mechatronics Technologists and Technicians,Public Safety and Security,2.39,08/2022,13
17-3024,17-3024.00,Electro-Mechanical and Mechatronics Technologists and Technicians,Administration and Management,1.99,08/2022,14
17-3024,17-3024.00,Electro-Mechanical and Mechatronics Technologists and Technicians,Chemistry,1.97,08/2022,15
17-3025,17-3025.00,Environmental Engineering Technologists and Technicians,Engineering and Technology,3.71,07/2014,1
17-3025,17-3025.00,Environmental Engineering Technologists and Technicians,Mathematics,3.57,07/2014,2
17-3025,17-3025.00,Environmental Engineering Technologists and Technicians,Customer and Personal Service,3.54,07/2014,3
17-3025,17-3025.00,Environmental Engineering Technologists and Technicians,English Language,3.42,07/2014,4
17-3025,17-3025.00,Environmental Engineering Technologists and Technicians,Chemistry,3.35,07/2014,5
17-3025,17-3025.00,Environmental Engineering Technologists and Technicians,Mechanical,3.23,07/2014,6
17-3025,17-3025.00,Environmental Engineering Technologists and Technicians,Physics,3.21,07/2014,7
17-3025,17-3025.00,Environmental Engineering Technologists and Technicians,Public Safety and Security,3.14,07/2014,8
17-3025,17-3025.00,Environmental Engineering Technologists and Technicians,Building and Construction,2.95,07/2014,9
17-3025,17-3025.00,Environmental Engineering Technologists and Technicians,Education and Training,2.95,07/2014,10
17-3025,17-3025.00,Environmental Engineering Technologists and Technicians,Design,2.89,07/2014,11
17-3025,17-3025.00,Environmental Engineering Technologists and Technicians,Administration and Management,2.83,07/2014,12
17-3025,17-3025.00,Environmental Engineering Technologists and Technicians,Computers and Electronics,2.83,07/2014,13
17-3025,17-3025.00,Environmental Engineering Technologists and Technicians,Biology,2.8,07/2014,14
17-3025,17-3025.00,Environmental Engineering Technologists and Technicians,Production and Processing,2.79,07/2014,15
17-3026,17-3026.00,Industrial Engineering Technologists and Technicians,Mechanical,4.41,07/2014,1
17-3026,17-3026.00,Industrial Engineering Technologists and Technicians,Engineering and Technology,4.06,07/2014,2
17-3026,17-3026.00,Industrial Engineering Technologists and Technicians,Production and Processing,3.68,07/2014,3
17-3026,17-3026.00,Industrial Engineering Technologists and Technicians,Mathematics,3.56,07/2014,4
17-3026,17-3026.00,Industrial Engineering Technologists and Technicians,Design,3.51,07/2014,5
17-3026,17-3026.00,Industrial Engineering Technologists and Technicians,English Language,3.49,07/2014,6
17-3026,17-3026.00,Industrial Engineering Technologists and Technicians,Computers and Electronics,3.45,07/2014,7
17-3026,17-3026.00,Industrial Engineering Technologists and Technicians,Physics,3.36,07/2014,8
17-3026,17-3026.00,Industrial Engineering Technologists and Technicians,Public Safety and Security,3.22,07/2014,9
17-3026,17-3026.00,Industrial Engineering Technologists and Technicians,Customer and Personal Service,3.12,07/2014,10
17-3026,17-3026.00,Industrial Engineering Technologists and Technicians,Chemistry,2.96,07/2014,11
17-3026,17-3026.00,Industrial Engineering Technologists and Technicians,Education and Training,2.7,07/2014,12
17-3026,17-3026.00,Industrial Engineering Technologists and Technicians,Administrative,2.58,07/2014,13
17-3026,17-3026.00,Industrial Engineering Technologists and Technicians,Administration and Management,2.56,07/2014,14
17-3026,17-3026.00,Industrial Engineering Technologists and Technicians,Law and Government,2.33,07/2014,15
17-3027,17-3027.00,Mechanical Engineering Technologists and Technicians,Engineering and Technology,4.15,08/2022,1
17-3027,17-3027.00,Mechanical Engineering Technologists and Technicians,Mechanical,4.14,08/2022,2
17-3027,17-3027.00,Mechanical Engineering Technologists and Technicians,Design,4.01,08/2022,3
17-3027,17-3027.00,Mechanical Engineering Technologists and Technicians,Mathematics,3.66,08/2022,4
17-3027,17-3027.00,Mechanical Engineering Technologists and Technicians,English Language,3.49,08/2022,5
17-3027,17-3027.00,Mechanical Engineering Technologists and Technicians,Computers and Electronics,3.37,08/2022,6
17-3027,17-3027.00,Mechanical Engineering Technologists and Technicians,Production and Processing,3.3,08/2022,7
17-3027,17-3027.00,Mechanical Engineering Technologists and Technicians,Physics,3.21,08/2022,8
17-3027,17-3027.00,Mechanical Engineering Technologists and Technicians,Administrative,3.02,08/2022,9
17-3027,17-3027.00,Mechanical Engineering Technologists and Technicians,Administration and Management,2.84,08/2022,10
17-3027,17-3027.00,Mechanical Engineering Technologists and Technicians,Customer and Personal Service,2.84,08/2022,11
17-3027,17-3027.00,Mechanical Engineering Technologists and Technicians,Education and Training,2.63,08/2022,12
17-3027,17-3027.00,Mechanical Engineering Technologists and Technicians,Building and Construction,2.51,08/2022,13
17-3027,17-3027.00,Mechanical Engineering Technologists and Technicians,Law and Government,2.48,08/2022,14
17-3027,17-3027.00,Mechanical Engineering Technologists and Technicians,Public Safety and Security,2.47,08/2022,15
17-3031,17-3031.00,Surveying and Mapping Technicians,Computers and Electronics,4.15,11/2020,1
17-3031,17-3031.00,Surveying and Mapping Technicians,Geography,3.86,11/2020,2
17-3031,17-3031.00,Surveying and Mapping Technicians,Mathematics,3.66,11/2020,3
17-3031,17-3031.00,Surveying and Mapping Technicians,English Language,3.59,11/2020,4
17-3031,17-3031.00,Surveying and Mapping Technicians,Engineering and Technology,3.49,11/2020,5
17-3031,17-3031.00,Surveying and Mapping Technicians,Design,3.29,11/2020,6
17-3031,17-3031.00,Surveying and Mapping Technicians,Customer and Personal Service,3.17,11/2020,7
17-3031,17-3031.00,Surveying and Mapping Technicians,Administrative,2.92,11/2020,8
17-3031,17-3031.00,Surveying and Mapping Technicians,Law and Government,2.77,11/2020,9
17-3031,17-3031.00,Surveying and Mapping Technicians,Administration and Management,2.67,11/2020,10
17-3031,17-3031.00,Surveying and Mapping Technicians,Building and Construction,2.63,11/2020,11
17-3031,17-3031.00,Surveying and Mapping Technicians,Public Safety and Security,2.6,11/2020,12
17-3031,17-3031.00,Surveying and Mapping Technicians,Education and Training,2.54,11/2020,13
17-3031,17-3031.00,Surveying and Mapping Technicians,History and Archeology,2.25,11/2020,14
17-3031,17-3031.00,Surveying and Mapping Technicians,Physics,2.22,11/2020,15
19-1023,19-1023.00,Zoologists and Wildlife Biologists,Biology,4.81,08/2023,1
19-1023,19-1023.00,Zoologists and Wildlife Biologists,English Language,3.77,08/2023,2
19-1023,19-1023.00,Zoologists and Wildlife Biologists,Customer and Personal Service,3.73,08/2023,3
19-1023,19-1023.00,Zoologists and Wildlife Biologists,Mathematics,3.41,08/2023,4
19-1023,19-1023.00,Zoologists and Wildlife Biologists,Geography,3.37,08/2023,5
19-1023,19-1023.00,Zoologists and Wildlife Biologists,Law and Government,3.31,08/2023,6
19-1023,19-1023.00,Zoologists and Wildlife Biologists,Administration and Management,3.3,08/2023,7
19-1023,19-1023.00,Zoologists and Wildlife Biologists,Communications and Media,3.0,08/2023,8
19-1023,19-1023.00,Zoologists and Wildlife Biologists,Computers and Electronics,2.98,08/2023,9
19-1023,19-1023.00,Zoologists and Wildlife Biologists,Education and Training,2.97,08/2023,10
19-1023,19-1023.00,Zoologists and Wildlife Biologists,Administrative,2.71,08/2023,11
19-1023,19-1023.00,Zoologists and Wildlife Biologists,Public Safety and Security,2.68,08/2023,12
19-1023,19-1023.00,Zoologists and Wildlife Biologists,Personnel and Human Resources,2.64,08/2023,13
19-1023,19-1023.00,Zoologists and Wildlife Biologists,Mechanical,2.25,08/2023,14
19-1023,19-1023.00,Zoologists and Wildlife Biologists,Chemistry,2.25,08/2023,15
19-1029,19-1029.04,Biologists,Biology,5.0,08/2025,1
19-1029,19-1029.01,Bioinformatics Scientists,Biology,4.83,07/2012,2
19-1029,19-1029.01,Bioinformatics Scientists,Computers and Electronics,4.61,07/2012,3
19-1029,19-1029.01,Bioinformatics Scientists,Mathematics,4.33,07/2012,4
19-1029,19-1029.01,Bioinformatics Scientists,English Language,4.22,07/2012,5
19-1029,19-1029.04,Biologists,Education and Training,4.18,08/2025,6
19-1029,19-1029.04,Biologists,English Language,4.1,08/2025,7
19-1029,19-1029.04,Biologists,Mathematics,3.59,08/2025,8
19-1029,19-1029.01,Bioinformatics Scientists,Chemistry,3.56,07/2012,9
19-1029,19-1029.04,Biologists,Administration and Management,3.41,08/2025,10
19-1029,19-1029.04,Biologists,Chemistry,3.39,08/2025,11
19-1029,19-1029.01,Bioinformatics Scientists,Education and Training,3.3,07/2012,12
19-1029,19-1029.04,Biologists,Administrative,3.24,08/2025,13
19-1029,19-1029.04,Biologists,Engineering and Technology,3.18,08/2025,14
19-1029,19-1029.01,Bioinformatics Scientists,Administrative,3.08,07/2012,15
19-1031,19-1031.03,Park Naturalists,Customer and Personal Service,4.5,08/2023,1
19-1031,19-1031.03,Park Naturalists,Education and Training,4.02,08/2023,2
19-1031,19-1031.02,Range Managers,Biology,3.98,08/2020,3
19-1031,19-1031.02,Range Managers,English Language,3.83,08/2020,4
19-1031,19-1031.03,Park Naturalists,English Language,3.8,08/2023,5
19-1031,19-1031.02,Range Managers,Geography,3.63,08/2020,6
19-1031,19-1031.03,Park Naturalists,Public Safety and Security,3.6,08/2023,7
19-1031,19-1031.03,Park Naturalists,Biology,3.59,08/2023,8
19-1031,19-1031.02,Range Managers,Law and Government,3.55,08/2020,9
19-1031,19-1031.02,Range Managers,Administration and Management,3.49,08/2020,10
19-1031,19-1031.02,Range Managers,Administrative,3.46,08/2020,11
19-1031,19-1031.03,Park Naturalists,Communications and Media,3.41,08/2023,12
19-1031,19-1031.02,Range Managers,Customer and Personal Service,3.4,08/2020,13
19-1031,19-1031.02,Range Managers,Public Safety and Security,3.34,08/2020,14
19-1031,19-1031.03,Park Naturalists,History and Archeology,3.34,08/2023,15
19-1032,19-1032.00,Foresters,Customer and Personal Service,3.9,08/2023,1
19-1032,19-1032.00,Foresters,English Language,3.8,08/2023,2
19-1032,19-1032.00,Foresters,Administration and Management,3.78,08/2023,3
19-1032,19-1032.00,Foresters,Biology,3.72,08/2023,4
19-1032,19-1032.00,Foresters,Law and Government,3.43,08/2023,5
19-1032,19-1032.00,Foresters,Mathematics,3.33,08/2023,6
19-1032,19-1032.00,Foresters,Geography,3.29,08/2023,7
19-1032,19-1032.00,Foresters,Public Safety and Security,3.27,08/2023,8
19-1032,19-1032.00,Foresters,Education and Training,3.11,08/2023,9
19-1032,19-1032.00,Foresters,Computers and Electronics,3.01,08/2023,10
19-1032,19-1032.00,Foresters,Administrative,2.99,08/2023,11
19-1032,19-1032.00,Foresters,Communications and Media,2.78,08/2023,12
19-1032,19-1032.00,Foresters,Production and Processing,2.76,08/2023,13
19-1032,19-1032.00,Foresters,Transportation,2.59,08/2023,14
19-1032,19-1032.00,Foresters,Engineering and Technology,2.57,08/2023,15
19-1042,19-1042.00,"Medical Scientists, Except Epidemiologists",Biology,4.7,08/2021,1
19-1042,19-1042.00,"Medical Scientists, Except Epidemiologists",English Language,4.11,08/2021,2
19-1042,19-1042.00,"Medical Scientists, Except Epidemiologists",Medicine and Dentistry,3.67,08/2021,3
19-1042,19-1042.00,"Medical Scientists, Except Epidemiologists",Chemistry,3.44,08/2021,4
19-1042,19-1042.00,"Medical Scientists, Except Epidemiologists",Mathematics,3.22,08/2021,5
19-1042,19-1042.00,"Medical Scientists, Except Epidemiologists",Computers and Electronics,2.98,08/2021,6
19-1042,19-1042.00,"Medical Scientists, Except Epidemiologists",Education and Training,2.85,08/2021,7
19-1042,19-1042.00,"Medical Scientists, Except Epidemiologists",Administration and Management,2.84,08/2021,8
19-1042,19-1042.00,"Medical Scientists, Except Epidemiologists",Administrative,2.12,08/2021,9
19-1042,19-1042.00,"Medical Scientists, Except Epidemiologists",Physics,2.12,08/2021,10
19-1042,19-1042.00,"Medical Scientists, Except Epidemiologists",Communications and Media,2.09,08/2021,11
19-1042,19-1042.00,"Medical Scientists, Except Epidemiologists",Public Safety and Security,2.04,08/2021,12
19-1042,19-1042.00,"Medical Scientists, Except Epidemiologists",Engineering and Technology,1.97,08/2021,13
19-1042,19-1042.00,"Medical Scientists, Except Epidemiologists",Transportation,1.89,08/2021,14
19-1042,19-1042.00,"Medical Scientists, Except Epidemiologists",Personnel and Human Resources,1.84,08/2021,15
19-2012,19-2012.00,Physicists,Physics,4.92,08/2020,1
19-2012,19-2012.00,Physicists,Mathematics,4.82,08/2020,2
19-2012,19-2012.00,Physicists,Engineering and Technology,4.54,08/2020,3
19-2012,19-2012.00,Physicists,Computers and Electronics,4.38,08/2020,4
19-2012,19-2012.00,Physicists,English Language,3.69,08/2020,5
19-2012,19-2012.00,Physicists,Education and Training,3.41,08/2020,6
19-2012,19-2012.00,Physicists,Chemistry,3.21,08/2020,7
19-2012,19-2012.00,Physicists,Administration and Management,2.65,08/2020,8
19-2012,19-2012.00,Physicists,Communications and Media,2.61,08/2020,9
19-2012,19-2012.00,Physicists,Design,2.47,08/2020,10
19-2012,19-2012.00,Physicists,Production and Processing,2.32,08/2020,11
19-2012,19-2012.00,Physicists,Administrative,2.29,08/2020,12
19-2012,19-2012.00,Physicists,Personnel and Human Resources,2.26,08/2020,13
19-2012,19-2012.00,Physicists,Law and Government,2.19,08/2020,14
19-2012,19-2012.00,Physicists,Public Safety and Security,2.17,08/2020,15
19-2031,19-2031.00,Chemists,Chemistry,4.92,08/2023,1
19-2031,19-2031.00,Chemists,English Language,4.01,08/2023,2
19-2031,19-2031.00,Chemists,Mathematics,3.79,08/2023,3
19-2031,19-2031.00,Chemists,Production and Processing,3.46,08/2023,4
19-2031,19-2031.00,Chemists,Administration and Management,3.39,08/2023,5
19-2031,19-2031.00,Chemists,Computers and Electronics,3.39,08/2023,6
19-2031,19-2031.00,Chemists,Administrative,3.34,08/2023,7
19-2031,19-2031.00,Chemists,Physics,3.15,08/2023,8
19-2031,19-2031.00,Chemists,Engineering and Technology,2.98,08/2023,9
19-2031,19-2031.00,Chemists,Mechanical,2.7,08/2023,10
19-2031,19-2031.00,Chemists,Education and Training,2.69,08/2023,11
19-2031,19-2031.00,Chemists,Law and Government,2.64,08/2023,12
19-2031,19-2031.00,Chemists,Public Safety and Security,2.59,08/2023,13
19-2031,19-2031.00,Chemists,Customer and Personal Service,2.57,08/2023,14
19-2031,19-2031.00,Chemists,Biology,2.42,08/2023,15
19-2041,19-2041.00,"Environmental Scientists and Specialists, Including Health",English Language,4.51,08/2023,1
19-2041,19-2041.00,"Environmental Scientists and Specialists, Including Health",Biology,3.86,08/2023,2
19-2041,19-2041.00,"Environmental Scientists and Specialists, Including Health",Customer and Personal Service,3.68,08/2023,3
19-2041,19-2041.00,"Environmental Scientists and Specialists, Including Health",Law and Government,3.52,08/2023,4
19-2041,19-2041.00,"Environmental Scientists and Specialists, Including Health",Computers and Electronics,3.43,08/2023,5
19-2041,19-2041.00,"Environmental Scientists and Specialists, Including Health",Public Safety and Security,3.3,08/2023,6
19-2041,19-2041.00,"Environmental Scientists and Specialists, Including Health",Chemistry,3.21,08/2023,7
19-2041,19-2041.00,"Environmental Scientists and Specialists, Including Health",Administrative,3.1,08/2023,8
19-2041,19-2041.00,"Environmental Scientists and Specialists, Including Health",Mathematics,3.09,08/2023,9
19-2041,19-2041.00,"Environmental Scientists and Specialists, Including Health",Education and Training,3.07,08/2023,10
19-2041,19-2041.00,"Environmental Scientists and Specialists, Including Health",Administration and Management,3.0,08/2023,11
19-2041,19-2041.00,"Environmental Scientists and Specialists, Including Health",Geography,2.9,08/2023,12
19-2041,19-2041.00,"Environmental Scientists and Specialists, Including Health",Physics,2.64,08/2023,13
19-2041,19-2041.00,"Environmental Scientists and Specialists, Including Health",Engineering and Technology,2.62,08/2023,14
19-2041,19-2041.00,"Environmental Scientists and Specialists, Including Health",Communications and Media,2.52,08/2023,15
19-3034,19-3034.00,School Psychologists,Psychology,4.89,08/2019,1
19-3034,19-3034.00,School Psychologists,Therapy and Counseling,4.52,08/2019,2
19-3034,19-3034.00,School Psychologists,Education and Training,4.43,08/2019,3
19-3034,19-3034.00,School Psychologists,Sociology and Anthropology,4.27,08/2019,4
19-3034,19-3034.00,School Psychologists,Customer and Personal Service,4.07,08/2019,5
19-3034,19-3034.00,School Psychologists,Administrative,4.03,08/2019,6
19-3034,19-3034.00,School Psychologists,Mathematics,3.67,08/2019,7
19-3034,19-3034.00,School Psychologists,Law and Government,3.25,08/2019,8
19-3034,19-3034.00,School Psychologists,Computers and Electronics,3.19,08/2019,9
19-3034,19-3034.00,School Psychologists,English Language,3.1,08/2019,10
19-3034,19-3034.00,School Psychologists,Administration and Management,2.98,08/2019,11
19-3034,19-3034.00,School Psychologists,Public Safety and Security,2.68,08/2019,12
19-3034,19-3034.00,School Psychologists,Personnel and Human Resources,2.28,08/2019,13
19-3034,19-3034.00,School Psychologists,Communications and Media,2.25,08/2019,14
19-3034,19-3034.00,School Psychologists,Medicine and Dentistry,2.12,08/2019,15
19-3093,19-3093.00,Historians,History and Archeology,4.6,08/2025,1
19-3093,19-3093.00,Historians,English Language,4.07,08/2025,2
19-3093,19-3093.00,Historians,Sociology and Anthropology,3.57,08/2025,3
19-3093,19-3093.00,Historians,Geography,3.5,08/2025,4
19-3093,19-3093.00,Historians,Administrative,3.46,08/2025,5
19-3093,19-3093.00,Historians,Education and Training,3.27,08/2025,6
19-3093,19-3093.00,Historians,Communications and Media,3.05,08/2025,7
19-3093,19-3093.00,Historians,Fine Arts,2.92,08/2025,8
19-3093,19-3093.00,Historians,Customer and Personal Service,2.86,08/2025,9
19-3093,19-3093.00,Historians,Administration and Management,2.74,08/2025,10
19-3093,19-3093.00,Historians,Computers and Electronics,2.67,08/2025,11
19-3093,19-3093.00,Historians,Design,2.64,08/2025,12
19-3093,19-3093.00,Historians,Philosophy and Theology,2.54,08/2025,13
19-3093,19-3093.00,Historians,Building and Construction,2.34,08/2025,14
19-3093,19-3093.00,Historians,Law and Government,2.24,08/2025,15
19-4012,19-4012.00,Agricultural Technicians,Food Production,3.61,08/2024,1
19-4012,19-4012.00,Agricultural Technicians,Biology,3.55,08/2024,2
19-4012,19-4012.00,Agricultural Technicians,Chemistry,3.4,08/2024,3
19-4012,19-4012.00,Agricultural Technicians,Mechanical,3.36,08/2024,4
19-4012,19-4012.00,Agricultural Technicians,Mathematics,3.15,08/2024,5
19-4012,19-4012.00,Agricultural Technicians,Administration and Management,3.01,08/2024,6
19-4012,19-4012.00,Agricultural Technicians,English Language,2.96,08/2024,7
19-4012,19-4012.00,Agricultural Technicians,Education and Training,2.87,08/2024,8
19-4012,19-4012.00,Agricultural Technicians,Public Safety and Security,2.87,08/2024,9
19-4012,19-4012.00,Agricultural Technicians,Building and Construction,2.75,08/2024,10
19-4012,19-4012.00,Agricultural Technicians,Physics,2.73,08/2024,11
19-4012,19-4012.00,Agricultural Technicians,Engineering and Technology,2.71,08/2024,12
19-4012,19-4012.00,Agricultural Technicians,Production and Processing,2.69,08/2024,13
19-4012,19-4012.00,Agricultural Technicians,Computers and Electronics,2.69,08/2024,14
19-4012,19-4012.00,Agricultural Technicians,Administrative,2.67,08/2024,15
19-4013,19-4013.00,Food Science Technicians,Food Production,3.76,08/2023,1
19-4013,19-4013.00,Food Science Technicians,Production and Processing,3.68,08/2023,2
19-4013,19-4013.00,Food Science Technicians,Chemistry,3.45,08/2023,3
19-4013,19-4013.00,Food Science Technicians,English Language,3.43,08/2023,4
19-4013,19-4013.00,Food Science Technicians,Computers and Electronics,3.13,08/2023,5
19-4013,19-4013.00,Food Science Technicians,Biology,3.1,08/2023,6
19-4013,19-4013.00,Food Science Technicians,Mathematics,3.04,08/2023,7
19-4013,19-4013.00,Food Science Technicians,Administrative,2.61,08/2023,8
19-4013,19-4013.00,Food Science Technicians,Customer and Personal Service,2.59,08/2023,9
19-4013,19-4013.00,Food Science Technicians,Education and Training,2.47,08/2023,10
19-4013,19-4013.00,Food Science Technicians,Engineering and Technology,2.28,08/2023,11
19-4013,19-4013.00,Food Science Technicians,Administration and Management,2.22,08/2023,12
19-4013,19-4013.00,Food Science Technicians,Public Safety and Security,2.08,08/2023,13
19-4013,19-4013.00,Food Science Technicians,Law and Government,2.03,08/2023,14
19-4013,19-4013.00,Food Science Technicians,Mechanical,2.01,08/2023,15
19-4021,19-4021.00,Biological Technicians,Biology,4.43,07/2017,1
19-4021,19-4021.00,Biological Technicians,English Language,3.78,07/2017,2
19-4021,19-4021.00,Biological Technicians,Mathematics,3.29,07/2017,3
19-4021,19-4021.00,Biological Technicians,Computers and Electronics,3.24,07/2017,4
19-4021,19-4021.00,Biological Technicians,Chemistry,3.21,07/2017,5
19-4021,19-4021.00,Biological Technicians,Education and Training,2.36,07/2017,6
19-4021,19-4021.00,Biological Technicians,Administrative,2.24,07/2017,7
19-4021,19-4021.00,Biological Technicians,Law and Government,2.09,07/2017,8
19-4021,19-4021.00,Biological Technicians,Public Safety and Security,2.03,07/2017,9
19-4021,19-4021.00,Biological Technicians,Mechanical,1.93,07/2017,10
19-4021,19-4021.00,Biological Technicians,Physics,1.9,07/2017,11
19-4021,19-4021.00,Biological Technicians,Administration and Management,1.87,07/2017,12
19-4021,19-4021.00,Biological Technicians,Communications and Media,1.84,07/2017,13
19-4021,19-4021.00,Biological Technicians,Customer and Personal Service,1.83,07/2017,14
19-4021,19-4021.00,Biological Technicians,Engineering and Technology,1.83,07/2017,15
19-4031,19-4031.00,Chemical Technicians,Chemistry,3.81,08/2021,1
19-4031,19-4031.00,Chemical Technicians,English Language,3.52,08/2021,2
19-4031,19-4031.00,Chemical Technicians,Mathematics,3.39,08/2021,3
19-4031,19-4031.00,Chemical Technicians,Computers and Electronics,3.11,08/2021,4
19-4031,19-4031.00,Chemical Technicians,Production and Processing,2.97,08/2021,5
19-4031,19-4031.00,Chemical Technicians,Administrative,2.94,08/2021,6
19-4031,19-4031.00,Chemical Technicians,Education and Training,2.66,08/2021,7
19-4031,19-4031.00,Chemical Technicians,Customer and Personal Service,2.41,08/2021,8
19-4031,19-4031.00,Chemical Technicians,Engineering and Technology,2.4,08/2021,9
19-4031,19-4031.00,Chemical Technicians,Mechanical,2.19,08/2021,10
19-4031,19-4031.00,Chemical Technicians,Transportation,2.11,08/2021,11
19-4031,19-4031.00,Chemical Technicians,Physics,2.04,08/2021,12
19-4031,19-4031.00,Chemical Technicians,Communications and Media,1.93,08/2021,13
19-4031,19-4031.00,Chemical Technicians,Public Safety and Security,1.9,08/2021,14
19-4031,19-4031.00,Chemical Technicians,Administration and Management,1.88,08/2021,15
19-4043,19-4043.00,"Geological Technicians, Except Hydrologic Technicians",Computers and Electronics,3.55,11/2020,1
19-4043,19-4043.00,"Geological Technicians, Except Hydrologic Technicians",Engineering and Technology,3.46,11/2020,2
19-4043,19-4043.00,"Geological Technicians, Except Hydrologic Technicians",Mathematics,3.46,11/2020,3
19-4043,19-4043.00,"Geological Technicians, Except Hydrologic Technicians",English Language,3.45,11/2020,4
19-4043,19-4043.00,"Geological Technicians, Except Hydrologic Technicians",Chemistry,3.17,11/2020,5
19-4043,19-4043.00,"Geological Technicians, Except Hydrologic Technicians",Physics,3.14,11/2020,6
19-4043,19-4043.00,"Geological Technicians, Except Hydrologic Technicians",Geography,3.11,11/2020,7
19-4043,19-4043.00,"Geological Technicians, Except Hydrologic Technicians",Customer and Personal Service,2.62,11/2020,8
19-4043,19-4043.00,"Geological Technicians, Except Hydrologic Technicians",Mechanical,2.55,11/2020,9
19-4043,19-4043.00,"Geological Technicians, Except Hydrologic Technicians",Public Safety and Security,2.54,11/2020,10
19-4043,19-4043.00,"Geological Technicians, Except Hydrologic Technicians",Administration and Management,2.53,11/2020,11
19-4043,19-4043.00,"Geological Technicians, Except Hydrologic Technicians",Design,2.53,11/2020,12
19-4043,19-4043.00,"Geological Technicians, Except Hydrologic Technicians",Production and Processing,2.44,11/2020,13
19-4043,19-4043.00,"Geological Technicians, Except Hydrologic Technicians",Administrative,2.41,11/2020,14
19-4043,19-4043.00,"Geological Technicians, Except Hydrologic Technicians",Law and Government,2.26,11/2020,15
19-4051,19-4051.00,Nuclear Technicians,Public Safety and Security,4.2,11/2020,1
19-4051,19-4051.00,Nuclear Technicians,Mechanical,4.05,11/2020,2
19-4051,19-4051.00,Nuclear Technicians,Physics,4.01,11/2020,3
19-4051,19-4051.00,Nuclear Technicians,Engineering and Technology,3.66,11/2020,4
19-4051,19-4051.00,Nuclear Technicians,Education and Training,3.61,11/2020,5
19-4051,19-4051.00,Nuclear Technicians,Chemistry,3.54,11/2020,6
19-4051,19-4051.00,Nuclear Technicians,English Language,3.48,11/2020,7
19-4051,19-4051.00,Nuclear Technicians,Computers and Electronics,3.35,11/2020,8
19-4051,19-4051.00,Nuclear Technicians,Mathematics,3.31,11/2020,9
19-4051,19-4051.02,Nuclear Monitoring Technicians,Mathematics,3.28,07/2014,10
19-4051,19-4051.02,Nuclear Monitoring Technicians,Physics,3.28,07/2014,11
19-4051,19-4051.02,Nuclear Monitoring Technicians,Public Safety and Security,3.14,07/2014,12
19-4051,19-4051.02,Nuclear Monitoring Technicians,Chemistry,3.08,07/2014,13
19-4051,19-4051.02,Nuclear Monitoring Technicians,English Language,3.03,07/2014,14
19-4051,19-4051.00,Nuclear Technicians,Law and Government,3.0,11/2020,15
19-4061,19-4061.00,Social Science Research Assistants,English Language,4.25,08/2019,1
19-4061,19-4061.00,Social Science Research Assistants,Computers and Electronics,3.47,08/2019,2
19-4061,19-4061.00,Social Science Research Assistants,Administrative,3.24,08/2019,3
19-4061,19-4061.00,Social Science Research Assistants,Mathematics,3.09,08/2019,4
19-4061,19-4061.00,Social Science Research Assistants,Customer and Personal Service,3.02,08/2019,5
19-4061,19-4061.00,Social Science Research Assistants,Education and Training,2.92,08/2019,6
19-4061,19-4061.00,Social Science Research Assistants,Psychology,2.53,08/2019,7
19-4061,19-4061.00,Social Science Research Assistants,Administration and Management,2.47,08/2019,8
19-4061,19-4061.00,Social Science Research Assistants,Law and Government,2.16,08/2019,9
19-4061,19-4061.00,Social Science Research Assistants,Communications and Media,2.15,08/2019,10
19-4061,19-4061.00,Social Science Research Assistants,Sociology and Anthropology,2.12,08/2019,11
19-4061,19-4061.00,Social Science Research Assistants,Economics and Accounting,2.1,08/2019,12
19-4061,19-4061.00,Social Science Research Assistants,Biology,2.02,08/2019,13
19-4061,19-4061.00,Social Science Research Assistants,Personnel and Human Resources,1.92,08/2019,14
19-4061,19-4061.00,Social Science Research Assistants,Medicine and Dentistry,1.92,08/2019,15
19-4071,19-4071.00,Forest and Conservation Technicians,Public Safety and Security,3.79,08/2018,1
19-4071,19-4071.00,Forest and Conservation Technicians,English Language,3.69,08/2018,2
19-4071,19-4071.00,Forest and Conservation Technicians,Customer and Personal Service,3.52,08/2018,3
19-4071,19-4071.00,Forest and Conservation Technicians,Law and Government,3.44,08/2018,4
19-4071,19-4071.00,Forest and Conservation Technicians,Administration and Management,3.35,08/2018,5
19-4071,19-4071.00,Forest and Conservation Technicians,Geography,3.35,08/2018,6
19-4071,19-4071.00,Forest and Conservation Technicians,Mathematics,3.28,08/2018,7
19-4071,19-4071.00,Forest and Conservation Technicians,Education and Training,3.26,08/2018,8
19-4071,19-4071.00,Forest and Conservation Technicians,Biology,3.25,08/2018,9
19-4071,19-4071.00,Forest and Conservation Technicians,Mechanical,3.24,08/2018,10
19-4071,19-4071.00,Forest and Conservation Technicians,Computers and Electronics,3.07,08/2018,11
19-4071,19-4071.00,Forest and Conservation Technicians,Personnel and Human Resources,3.06,08/2018,12
19-4071,19-4071.00,Forest and Conservation Technicians,Production and Processing,2.85,08/2018,13
19-4071,19-4071.00,Forest and Conservation Technicians,Communications and Media,2.85,08/2018,14
19-4071,19-4071.00,Forest and Conservation Technicians,Telecommunications,2.73,08/2018,15
19-4092,19-4092.00,Forensic Science Technicians,Law and Government,4.47,08/2023,1
19-4092,19-4092.00,Forensic Science Technicians,Public Safety and Security,4.17,08/2023,2
19-4092,19-4092.00,Forensic Science Technicians,Education and Training,3.73,08/2023,3
19-4092,19-4092.00,Forensic Science Technicians,English Language,3.6,08/2023,4
19-4092,19-4092.00,Forensic Science Technicians,Computers and Electronics,3.4,08/2023,5
19-4092,19-4092.00,Forensic Science Technicians,Customer and Personal Service,3.31,08/2023,6
19-4092,19-4092.00,Forensic Science Technicians,Administration and Management,3.18,08/2023,7
19-4092,19-4092.00,Forensic Science Technicians,Chemistry,3.12,08/2023,8
19-4092,19-4092.00,Forensic Science Technicians,Administrative,3.1,08/2023,9
19-4092,19-4092.00,Forensic Science Technicians,Biology,3.01,08/2023,10
19-4092,19-4092.00,Forensic Science Technicians,Telecommunications,2.66,08/2023,11
19-4092,19-4092.00,Forensic Science Technicians,Physics,2.64,08/2023,12
19-4092,19-4092.00,Forensic Science Technicians,Mathematics,2.54,08/2023,13
19-4092,19-4092.00,Forensic Science Technicians,Engineering and Technology,2.45,08/2023,14
19-4092,19-4092.00,Forensic Science Technicians,Medicine and Dentistry,2.41,08/2023,15
19-4099,19-4099.03,Remote Sensing Technicians,Geography,4.28,07/2012,1
19-4099,19-4099.03,Remote Sensing Technicians,Computers and Electronics,4.24,07/2012,2
19-4099,19-4099.01,Quality Control Analysts,Mathematics,4.17,08/2020,3
19-4099,19-4099.01,Quality Control Analysts,Production and Processing,4.03,08/2020,4
19-4099,19-4099.01,Quality Control Analysts,Chemistry,3.74,08/2020,5
19-4099,19-4099.01,Quality Control Analysts,English Language,3.7,08/2020,6
19-4099,19-4099.03,Remote Sensing Technicians,Mathematics,3.55,07/2012,7
19-4099,19-4099.03,Remote Sensing Technicians,Customer and Personal Service,3.51,07/2012,8
19-4099,19-4099.03,Remote Sensing Technicians,Engineering and Technology,3.49,07/2012,9
19-4099,19-4099.01,Quality Control Analysts,Administrative,3.3,08/2020,10
19-4099,19-4099.01,Quality Control Analysts,Computers and Electronics,3.27,08/2020,11
19-4099,19-4099.03,Remote Sensing Technicians,Production and Processing,3.25,07/2012,12
19-4099,19-4099.03,Remote Sensing Technicians,English Language,3.13,07/2012,13
19-4099,19-4099.01,Quality Control Analysts,Food Production,2.88,08/2020,14
19-4099,19-4099.01,Quality Control Analysts,Mechanical,2.88,08/2020,15
21-1011,21-1011.00,Substance Abuse and Behavioral Disorder Counselors,Therapy and Counseling,4.99,08/2021,1
21-1011,21-1011.00,Substance Abuse and Behavioral Disorder Counselors,Psychology,4.95,08/2021,2
21-1011,21-1011.00,Substance Abuse and Behavioral Disorder Counselors,Education and Training,4.49,08/2021,3
21-1011,21-1011.00,Substance Abuse and Behavioral Disorder Counselors,Customer and Personal Service,4.17,08/2021,4
21-1011,21-1011.00,Substance Abuse and Behavioral Disorder Counselors,English Language,4.17,08/2021,5
21-1011,21-1011.00,Substance Abuse and Behavioral Disorder Counselors,Administrative,3.57,08/2021,6
21-1011,21-1011.00,Substance Abuse and Behavioral Disorder Counselors,Administration and Management,3.48,08/2021,7
21-1011,21-1011.00,Substance Abuse and Behavioral Disorder Counselors,Sociology and Anthropology,3.42,08/2021,8
21-1011,21-1011.00,Substance Abuse and Behavioral Disorder Counselors,Philosophy and Theology,3.3,08/2021,9
21-1011,21-1011.00,Substance Abuse and Behavioral Disorder Counselors,Computers and Electronics,3.17,08/2021,10
21-1011,21-1011.00,Substance Abuse and Behavioral Disorder Counselors,Medicine and Dentistry,3.15,08/2021,11
21-1011,21-1011.00,Substance Abuse and Behavioral Disorder Counselors,Public Safety and Security,3.0,08/2021,12
21-1011,21-1011.00,Substance Abuse and Behavioral Disorder Counselors,Production and Processing,2.92,08/2021,13
21-1011,21-1011.00,Substance Abuse and Behavioral Disorder Counselors,Communications and Media,2.72,08/2021,14
21-1011,21-1011.00,Substance Abuse and Behavioral Disorder Counselors,Mathematics,2.71,08/2021,15
21-1012,21-1012.00,"Educational, Guidance, and Career Counselors and Advisors",Customer and Personal Service,4.06,08/2024,1
21-1012,21-1012.00,"Educational, Guidance, and Career Counselors and Advisors",English Language,3.9,08/2024,2
21-1012,21-1012.00,"Educational, Guidance, and Career Counselors and Advisors",Therapy and Counseling,3.59,08/2024,3
21-1012,21-1012.00,"Educational, Guidance, and Career Counselors and Advisors",Education and Training,3.44,08/2024,4
21-1012,21-1012.00,"Educational, Guidance, and Career Counselors and Advisors",Psychology,3.14,08/2024,5
21-1012,21-1012.00,"Educational, Guidance, and Career Counselors and Advisors",Administrative,3.11,08/2024,6
21-1012,21-1012.00,"Educational, Guidance, and Career Counselors and Advisors",Administration and Management,2.86,08/2024,7
21-1012,21-1012.00,"Educational, Guidance, and Career Counselors and Advisors",Sociology and Anthropology,2.84,08/2024,8
21-1012,21-1012.00,"Educational, Guidance, and Career Counselors and Advisors",Computers and Electronics,2.73,08/2024,9
21-1012,21-1012.00,"Educational, Guidance, and Career Counselors and Advisors",Public Safety and Security,2.65,08/2024,10
21-1012,21-1012.00,"Educational, Guidance, and Career Counselors and Advisors",Law and Government,2.51,08/2024,11
21-1012,21-1012.00,"Educational, Guidance, and Career Counselors and Advisors",Communications and Media,2.32,08/2024,12
21-1012,21-1012.00,"Educational, Guidance, and Career Counselors and Advisors",Philosophy and Theology,2.16,08/2024,13
21-1012,21-1012.00,"Educational, Guidance, and Career Counselors and Advisors",Personnel and Human Resources,2.12,08/2024,14
21-1012,21-1012.00,"Educational, Guidance, and Career Counselors and Advisors",Mathematics,2.09,08/2024,15
21-1013,21-1013.00,Marriage and Family Therapists,Therapy and Counseling,5.0,08/2020,1
21-1013,21-1013.00,Marriage and Family Therapists,Psychology,4.93,08/2020,2
21-1013,21-1013.00,Marriage and Family Therapists,Customer and Personal Service,4.0,08/2020,3
21-1013,21-1013.00,Marriage and Family Therapists,Sociology and Anthropology,3.88,08/2020,4
21-1013,21-1013.00,Marriage and Family Therapists,English Language,3.64,08/2020,5
21-1013,21-1013.00,Marriage and Family Therapists,Administrative,3.4,08/2020,6
21-1013,21-1013.00,Marriage and Family Therapists,Law and Government,3.28,08/2020,7
21-1013,21-1013.00,Marriage and Family Therapists,Philosophy and Theology,3.16,08/2020,8
21-1013,21-1013.00,Marriage and Family Therapists,Education and Training,2.94,08/2020,9
21-1013,21-1013.00,Marriage and Family Therapists,Computers and Electronics,2.88,08/2020,10
21-1013,21-1013.00,Marriage and Family Therapists,Public Safety and Security,2.61,08/2020,11
21-1013,21-1013.00,Marriage and Family Therapists,Medicine and Dentistry,2.42,08/2020,12
21-1013,21-1013.00,Marriage and Family Therapists,Communications and Media,2.4,08/2020,13
21-1013,21-1013.00,Marriage and Family Therapists,Telecommunications,2.37,08/2020,14
21-1013,21-1013.00,Marriage and Family Therapists,Administration and Management,2.17,08/2020,15
21-1015,21-1015.00,Rehabilitation Counselors,Customer and Personal Service,4.14,08/2020,1
21-1015,21-1015.00,Rehabilitation Counselors,Therapy and Counseling,4.1,08/2020,2
21-1015,21-1015.00,Rehabilitation Counselors,Psychology,3.95,08/2020,3
21-1015,21-1015.00,Rehabilitation Counselors,Education and Training,3.94,08/2020,4
21-1015,21-1015.00,Rehabilitation Counselors,English Language,3.88,08/2020,5
21-1015,21-1015.00,Rehabilitation Counselors,Administrative,3.85,08/2020,6
21-1015,21-1015.00,Rehabilitation Counselors,Computers and Electronics,3.62,08/2020,7
21-1015,21-1015.00,Rehabilitation Counselors,Sociology and Anthropology,3.34,08/2020,8
21-1015,21-1015.00,Rehabilitation Counselors,Personnel and Human Resources,3.29,08/2020,9
21-1015,21-1015.00,Rehabilitation Counselors,Administration and Management,3.28,08/2020,10
21-1015,21-1015.00,Rehabilitation Counselors,Public Safety and Security,3.17,08/2020,11
21-1015,21-1015.00,Rehabilitation Counselors,Law and Government,3.05,08/2020,12
21-1015,21-1015.00,Rehabilitation Counselors,Communications and Media,2.87,08/2020,13
21-1015,21-1015.00,Rehabilitation Counselors,Medicine and Dentistry,2.69,08/2020,14
21-1015,21-1015.00,Rehabilitation Counselors,Mathematics,2.68,08/2020,15
21-1021,21-1021.00,"Child, Family, and School Social Workers",Customer and Personal Service,4.32,08/2018,1
21-1021,21-1021.00,"Child, Family, and School Social Workers",Psychology,4.13,08/2018,2
21-1021,21-1021.00,"Child, Family, and School Social Workers",Therapy and Counseling,4.13,08/2018,3
21-1021,21-1021.00,"Child, Family, and School Social Workers",English Language,3.82,08/2018,4
21-1021,21-1021.00,"Child, Family, and School Social Workers",Administrative,3.63,08/2018,5
21-1021,21-1021.00,"Child, Family, and School Social Workers",Sociology and Anthropology,3.41,08/2018,6
21-1021,21-1021.00,"Child, Family, and School Social Workers",Education and Training,3.33,08/2018,7
21-1021,21-1021.00,"Child, Family, and School Social Workers",Law and Government,3.14,08/2018,8
21-1021,21-1021.00,"Child, Family, and School Social Workers",Administration and Management,2.97,08/2018,9
21-1021,21-1021.00,"Child, Family, and School Social Workers",Computers and Electronics,2.8,08/2018,10
21-1021,21-1021.00,"Child, Family, and School Social Workers",Public Safety and Security,2.77,08/2018,11
21-1021,21-1021.00,"Child, Family, and School Social Workers",Personnel and Human Resources,2.46,08/2018,12
21-1021,21-1021.00,"Child, Family, and School Social Workers",Communications and Media,2.44,08/2018,13
21-1021,21-1021.00,"Child, Family, and School Social Workers",Philosophy and Theology,2.41,08/2018,14
21-1021,21-1021.00,"Child, Family, and School Social Workers",Foreign Language,2.23,08/2018,15
21-1023,21-1023.00,Mental Health and Substance Abuse Social Workers,Therapy and Counseling,4.83,08/2021,1
21-1023,21-1023.00,Mental Health and Substance Abuse Social Workers,Psychology,4.66,08/2021,2
21-1023,21-1023.00,Mental Health and Substance Abuse Social Workers,English Language,3.9,08/2021,3
21-1023,21-1023.00,Mental Health and Substance Abuse Social Workers,Customer and Personal Service,3.8,08/2021,4
21-1023,21-1023.00,Mental Health and Substance Abuse Social Workers,Education and Training,3.68,08/2021,5
21-1023,21-1023.00,Mental Health and Substance Abuse Social Workers,Sociology and Anthropology,3.61,08/2021,6
21-1023,21-1023.00,Mental Health and Substance Abuse Social Workers,Public Safety and Security,3.3,08/2021,7
21-1023,21-1023.00,Mental Health and Substance Abuse Social Workers,Medicine and Dentistry,3.04,08/2021,8
21-1023,21-1023.00,Mental Health and Substance Abuse Social Workers,Philosophy and Theology,3.0,08/2021,9
21-1023,21-1023.00,Mental Health and Substance Abuse Social Workers,Administration and Management,2.98,08/2021,10
21-1023,21-1023.00,Mental Health and Substance Abuse Social Workers,Law and Government,2.97,08/2021,11
21-1023,21-1023.00,Mental Health and Substance Abuse Social Workers,Administrative,2.94,08/2021,12
21-1023,21-1023.00,Mental Health and Substance Abuse Social Workers,Computers and Electronics,2.8,08/2021,13
21-1023,21-1023.00,Mental Health and Substance Abuse Social Workers,Communications and Media,2.64,08/2021,14
21-1023,21-1023.00,Mental Health and Substance Abuse Social Workers,Personnel and Human Resources,2.54,08/2021,15
21-1091,21-1091.00,Health Education Specialists,Customer and Personal Service,4.61,08/2019,1
21-1091,21-1091.00,Health Education Specialists,Education and Training,4.53,08/2019,2
21-1091,21-1091.00,Health Education Specialists,English Language,4.21,08/2019,3
21-1091,21-1091.00,Health Education Specialists,Administrative,4.08,08/2019,4
21-1091,21-1091.00,Health Education Specialists,Psychology,3.63,08/2019,5
21-1091,21-1091.00,Health Education Specialists,Public Safety and Security,3.59,08/2019,6
21-1091,21-1091.00,Health Education Specialists,Mathematics,3.57,08/2019,7
21-1091,21-1091.00,Health Education Specialists,Sociology and Anthropology,3.5,08/2019,8
21-1091,21-1091.00,Health Education Specialists,Computers and Electronics,3.41,08/2019,9
21-1091,21-1091.00,Health Education Specialists,Communications and Media,3.4,08/2019,10
21-1091,21-1091.00,Health Education Specialists,Medicine and Dentistry,3.39,08/2019,11
21-1091,21-1091.00,Health Education Specialists,Administration and Management,3.34,08/2019,12
21-1091,21-1091.00,Health Education Specialists,Therapy and Counseling,3.19,08/2019,13
21-1091,21-1091.00,Health Education Specialists,Personnel and Human Resources,3.16,08/2019,14
21-1091,21-1091.00,Health Education Specialists,Philosophy and Theology,2.92,08/2019,15
21-1092,21-1092.00,Probation Officers and Correctional Treatment Specialists,Law and Government,4.39,08/2020,1
21-1092,21-1092.00,Probation Officers and Correctional Treatment Specialists,Public Safety and Security,4.34,08/2020,2
21-1092,21-1092.00,Probation Officers and Correctional Treatment Specialists,English Language,4.12,08/2020,3
21-1092,21-1092.00,Probation Officers and Correctional Treatment Specialists,Psychology,4.11,08/2020,4
21-1092,21-1092.00,Probation Officers and Correctional Treatment Specialists,Therapy and Counseling,3.96,08/2020,5
21-1092,21-1092.00,Probation Officers and Correctional Treatment Specialists,Sociology and Anthropology,3.58,08/2020,6
21-1092,21-1092.00,Probation Officers and Correctional Treatment Specialists,Administrative,3.44,08/2020,7
21-1092,21-1092.00,Probation Officers and Correctional Treatment Specialists,Customer and Personal Service,3.19,08/2020,8
21-1092,21-1092.00,Probation Officers and Correctional Treatment Specialists,Education and Training,3.11,08/2020,9
21-1092,21-1092.00,Probation Officers and Correctional Treatment Specialists,Computers and Electronics,3.1,08/2020,10
21-1092,21-1092.00,Probation Officers and Correctional Treatment Specialists,Administration and Management,2.84,08/2020,11
21-1092,21-1092.00,Probation Officers and Correctional Treatment Specialists,Communications and Media,2.38,08/2020,12
21-1092,21-1092.00,Probation Officers and Correctional Treatment Specialists,Transportation,2.22,08/2020,13
21-1092,21-1092.00,Probation Officers and Correctional Treatment Specialists,Philosophy and Theology,2.2,08/2020,14
21-1092,21-1092.00,Probation Officers and Correctional Treatment Specialists,Personnel and Human Resources,2.15,08/2020,15
21-1093,21-1093.00,Social and Human Service Assistants,Customer and Personal Service,4.48,08/2020,1
21-1093,21-1093.00,Social and Human Service Assistants,Psychology,4.28,08/2020,2
21-1093,21-1093.00,Social and Human Service Assistants,Therapy and Counseling,3.94,08/2020,3
21-1093,21-1093.00,Social and Human Service Assistants,English Language,3.74,08/2020,4
21-1093,21-1093.00,Social and Human Service Assistants,Administrative,3.34,08/2020,5
21-1093,21-1093.00,Social and Human Service Assistants,Sociology and Anthropology,3.27,08/2020,6
21-1093,21-1093.00,Social and Human Service Assistants,Computers and Electronics,3.21,08/2020,7
21-1093,21-1093.00,Social and Human Service Assistants,Education and Training,3.14,08/2020,8
21-1093,21-1093.00,Social and Human Service Assistants,Law and Government,2.82,08/2020,9
21-1093,21-1093.00,Social and Human Service Assistants,Philosophy and Theology,2.61,08/2020,10
21-1093,21-1093.00,Social and Human Service Assistants,Public Safety and Security,2.52,08/2020,11
21-1093,21-1093.00,Social and Human Service Assistants,Medicine and Dentistry,2.32,08/2020,12
21-1093,21-1093.00,Social and Human Service Assistants,Administration and Management,2.12,08/2020,13
21-1093,21-1093.00,Social and Human Service Assistants,Mathematics,2.12,08/2020,14
21-1093,21-1093.00,Social and Human Service Assistants,Telecommunications,1.85,08/2020,15
21-1094,21-1094.00,Community Health Workers,Customer and Personal Service,4.5,07/2013,1
21-1094,21-1094.00,Community Health Workers,English Language,3.95,07/2013,2
21-1094,21-1094.00,Community Health Workers,Education and Training,3.82,07/2013,3
21-1094,21-1094.00,Community Health Workers,Administration and Management,3.7,07/2013,4
21-1094,21-1094.00,Community Health Workers,Medicine and Dentistry,3.6,07/2013,5
21-1094,21-1094.00,Community Health Workers,Psychology,3.57,07/2013,6
21-1094,21-1094.00,Community Health Workers,Administrative,3.35,07/2013,7
21-1094,21-1094.00,Community Health Workers,Personnel and Human Resources,2.98,07/2013,8
21-1094,21-1094.00,Community Health Workers,Computers and Electronics,2.98,07/2013,9
21-1094,21-1094.00,Community Health Workers,Therapy and Counseling,2.96,07/2013,10
21-1094,21-1094.00,Community Health Workers,Public Safety and Security,2.89,07/2013,11
21-1094,21-1094.00,Community Health Workers,Sales and Marketing,2.69,07/2013,12
21-1094,21-1094.00,Community Health Workers,Biology,2.69,07/2013,13
21-1094,21-1094.00,Community Health Workers,Mathematics,2.6,07/2013,14
21-1094,21-1094.00,Community Health Workers,Philosophy and Theology,2.5,07/2013,15
21-2011,21-2011.00,Clergy,Philosophy and Theology,4.68,08/2023,1
21-2011,21-2011.00,Clergy,English Language,4.15,08/2023,2
21-2011,21-2011.00,Clergy,Administration and Management,4.13,08/2023,3
21-2011,21-2011.00,Clergy,Customer and Personal Service,3.98,08/2023,4
21-2011,21-2011.00,Clergy,Education and Training,3.83,08/2023,5
21-2011,21-2011.00,Clergy,Therapy and Counseling,3.81,08/2023,6
21-2011,21-2011.00,Clergy,Communications and Media,3.74,08/2023,7
21-2011,21-2011.00,Clergy,Psychology,3.66,08/2023,8
21-2011,21-2011.00,Clergy,Sociology and Anthropology,3.61,08/2023,9
21-2011,21-2011.00,Clergy,Personnel and Human Resources,3.51,08/2023,10
21-2011,21-2011.00,Clergy,Administrative,3.49,08/2023,11
21-2011,21-2011.00,Clergy,Public Safety and Security,3.31,08/2023,12
21-2011,21-2011.00,Clergy,Fine Arts,3.17,08/2023,13
21-2011,21-2011.00,Clergy,Economics and Accounting,2.89,08/2023,14
21-2011,21-2011.00,Clergy,Law and Government,2.89,08/2023,15
21-2021,21-2021.00,"Directors, Religious Activities and Education",Philosophy and Theology,4.18,08/2023,1
21-2021,21-2021.00,"Directors, Religious Activities and Education",Education and Training,4.01,08/2023,2
21-2021,21-2021.00,"Directors, Religious Activities and Education",Customer and Personal Service,3.94,08/2023,3
21-2021,21-2021.00,"Directors, Religious Activities and Education",English Language,3.75,08/2023,4
21-2021,21-2021.00,"Directors, Religious Activities and Education",Psychology,3.5,08/2023,5
21-2021,21-2021.00,"Directors, Religious Activities and Education",Therapy and Counseling,3.42,08/2023,6
21-2021,21-2021.00,"Directors, Religious Activities and Education",Administration and Management,3.2,08/2023,7
21-2021,21-2021.00,"Directors, Religious Activities and Education",Public Safety and Security,3.14,08/2023,8
21-2021,21-2021.00,"Directors, Religious Activities and Education",Personnel and Human Resources,3.11,08/2023,9
21-2021,21-2021.00,"Directors, Religious Activities and Education",Communications and Media,3.07,08/2023,10
21-2021,21-2021.00,"Directors, Religious Activities and Education",Sociology and Anthropology,2.84,08/2023,11
21-2021,21-2021.00,"Directors, Religious Activities and Education",Economics and Accounting,2.57,08/2023,12
21-2021,21-2021.00,"Directors, Religious Activities and Education",Law and Government,2.55,08/2023,13
21-2021,21-2021.00,"Directors, Religious Activities and Education",Administrative,2.53,08/2023,14
21-2021,21-2021.00,"Directors, Religious Activities and Education",Mathematics,2.4,08/2023,15
23-1011,23-1011.00,Lawyers,Law and Government,4.98,08/2024,1
23-1011,23-1011.00,Lawyers,English Language,4.66,08/2024,2
23-1011,23-1011.00,Lawyers,Customer and Personal Service,4.0,08/2024,3
23-1011,23-1011.00,Lawyers,Administrative,3.2,08/2024,4
23-1011,23-1011.00,Lawyers,Computers and Electronics,3.07,08/2024,5
23-1011,23-1011.00,Lawyers,Communications and Media,3.02,08/2024,6
23-1011,23-1011.00,Lawyers,Administration and Management,2.77,08/2024,7
23-1011,23-1011.00,Lawyers,Education and Training,2.58,08/2024,8
23-1011,23-1011.00,Lawyers,Personnel and Human Resources,2.39,08/2024,9
23-1011,23-1011.00,Lawyers,Public Safety and Security,2.35,08/2024,10
23-1011,23-1011.00,Lawyers,Mathematics,2.31,08/2024,11
23-1011,23-1011.00,Lawyers,Psychology,2.28,08/2024,12
23-1011,23-1011.00,Lawyers,Economics and Accounting,2.18,08/2024,13
23-1011,23-1011.00,Lawyers,Sociology and Anthropology,2.12,08/2024,14
23-1011,23-1011.00,Lawyers,Sales and Marketing,1.91,08/2024,15
23-1012,23-1012.00,Judicial Law Clerks,Law and Government,4.88,08/2021,1
23-1012,23-1012.00,Judicial Law Clerks,English Language,4.45,08/2021,2
23-1012,23-1012.00,Judicial Law Clerks,Administrative,3.5,08/2021,3
23-1012,23-1012.00,Judicial Law Clerks,Computers and Electronics,2.88,08/2021,4
23-1012,23-1012.00,Judicial Law Clerks,Public Safety and Security,2.74,08/2021,5
23-1012,23-1012.00,Judicial Law Clerks,Administration and Management,2.26,08/2021,6
23-1012,23-1012.00,Judicial Law Clerks,Communications and Media,2.23,08/2021,7
23-1012,23-1012.00,Judicial Law Clerks,Customer and Personal Service,2.0,08/2021,8
23-1012,23-1012.00,Judicial Law Clerks,History and Archeology,1.79,08/2021,9
23-1012,23-1012.00,Judicial Law Clerks,Economics and Accounting,1.75,08/2021,10
23-1012,23-1012.00,Judicial Law Clerks,Mathematics,1.68,08/2021,11
23-1012,23-1012.00,Judicial Law Clerks,Philosophy and Theology,1.65,08/2021,12
23-1012,23-1012.00,Judicial Law Clerks,Psychology,1.54,08/2021,13
23-1012,23-1012.00,Judicial Law Clerks,Personnel and Human Resources,1.51,08/2021,14
23-1012,23-1012.00,Judicial Law Clerks,Telecommunications,1.51,08/2021,15
23-1021,23-1021.00,"Administrative Law Judges, Adjudicators, and Hearing Officers",Law and Government,4.84,08/2020,1
23-1021,23-1021.00,"Administrative Law Judges, Adjudicators, and Hearing Officers",English Language,4.12,08/2020,2
23-1021,23-1021.00,"Administrative Law Judges, Adjudicators, and Hearing Officers",Customer and Personal Service,3.87,08/2020,3
23-1021,23-1021.00,"Administrative Law Judges, Adjudicators, and Hearing Officers",Administrative,3.43,08/2020,4
23-1021,23-1021.00,"Administrative Law Judges, Adjudicators, and Hearing Officers",Medicine and Dentistry,3.32,08/2020,5
23-1021,23-1021.00,"Administrative Law Judges, Adjudicators, and Hearing Officers",Administration and Management,3.27,08/2020,6
23-1021,23-1021.00,"Administrative Law Judges, Adjudicators, and Hearing Officers",Computers and Electronics,2.75,08/2020,7
23-1021,23-1021.00,"Administrative Law Judges, Adjudicators, and Hearing Officers",Mathematics,2.68,08/2020,8
23-1021,23-1021.00,"Administrative Law Judges, Adjudicators, and Hearing Officers",Therapy and Counseling,2.57,08/2020,9
23-1021,23-1021.00,"Administrative Law Judges, Adjudicators, and Hearing Officers",Personnel and Human Resources,2.5,08/2020,10
23-1021,23-1021.00,"Administrative Law Judges, Adjudicators, and Hearing Officers",Psychology,2.47,08/2020,11
23-1021,23-1021.00,"Administrative Law Judges, Adjudicators, and Hearing Officers",Public Safety and Security,2.44,08/2020,12
23-1021,23-1021.00,"Administrative Law Judges, Adjudicators, and Hearing Officers",Education and Training,2.39,08/2020,13
23-1021,23-1021.00,"Administrative Law Judges, Adjudicators, and Hearing Officers",Communications and Media,2.2,08/2020,14
23-1021,23-1021.00,"Administrative Law Judges, Adjudicators, and Hearing Officers",Transportation,1.9,08/2020,15
23-1023,23-1023.00,"Judges, Magistrate Judges, and Magistrates",Law and Government,4.9,08/2020,1
23-1023,23-1023.00,"Judges, Magistrate Judges, and Magistrates",English Language,4.51,08/2020,2
23-1023,23-1023.00,"Judges, Magistrate Judges, and Magistrates",Administration and Management,3.6,08/2020,3
23-1023,23-1023.00,"Judges, Magistrate Judges, and Magistrates",Psychology,3.36,08/2020,4
23-1023,23-1023.00,"Judges, Magistrate Judges, and Magistrates",Customer and Personal Service,3.25,08/2020,5
23-1023,23-1023.00,"Judges, Magistrate Judges, and Magistrates",Public Safety and Security,3.1,08/2020,6
23-1023,23-1023.00,"Judges, Magistrate Judges, and Magistrates",Computers and Electronics,2.78,08/2020,7
23-1023,23-1023.00,"Judges, Magistrate Judges, and Magistrates",Therapy and Counseling,2.68,08/2020,8
23-1023,23-1023.00,"Judges, Magistrate Judges, and Magistrates",Personnel and Human Resources,2.59,08/2020,9
23-1023,23-1023.00,"Judges, Magistrate Judges, and Magistrates",Sociology and Anthropology,2.45,08/2020,10
23-1023,23-1023.00,"Judges, Magistrate Judges, and Magistrates",Communications and Media,2.45,08/2020,11
23-1023,23-1023.00,"Judges, Magistrate Judges, and Magistrates",Education and Training,2.25,08/2020,12
23-1023,23-1023.00,"Judges, Magistrate Judges, and Magistrates",Administrative,2.15,08/2020,13
23-1023,23-1023.00,"Judges, Magistrate Judges, and Magistrates",Mathematics,2.1,08/2020,14
23-1023,23-1023.00,"Judges, Magistrate Judges, and Magistrates",Economics and Accounting,1.97,08/2020,15
23-2011,23-2011.00,Paralegals and Legal Assistants,Law and Government,4.78,08/2024,1
23-2011,23-2011.00,Paralegals and Legal Assistants,English Language,4.42,08/2024,2
23-2011,23-2011.00,Paralegals and Legal Assistants,Administrative,4.16,08/2024,3
23-2011,23-2011.00,Paralegals and Legal Assistants,Computers and Electronics,3.91,08/2024,4
23-2011,23-2011.00,Paralegals and Legal Assistants,Customer and Personal Service,3.64,08/2024,5
23-2011,23-2011.00,Paralegals and Legal Assistants,Administration and Management,3.31,08/2024,6
23-2011,23-2011.00,Paralegals and Legal Assistants,Mathematics,2.61,08/2024,7
23-2011,23-2011.00,Paralegals and Legal Assistants,Education and Training,2.56,08/2024,8
23-2011,23-2011.00,Paralegals and Legal Assistants,Economics and Accounting,2.55,08/2024,9
23-2011,23-2011.00,Paralegals and Legal Assistants,Personnel and Human Resources,2.55,08/2024,10
23-2011,23-2011.00,Paralegals and Legal Assistants,Public Safety and Security,2.29,08/2024,11
23-2011,23-2011.00,Paralegals and Legal Assistants,Telecommunications,2.26,08/2024,12
23-2011,23-2011.00,Paralegals and Legal Assistants,Communications and Media,2.17,08/2024,13
23-2011,23-2011.00,Paralegals and Legal Assistants,Medicine and Dentistry,2.14,08/2024,14
23-2011,23-2011.00,Paralegals and Legal Assistants,Psychology,2.03,08/2024,15
23-2093,23-2093.00,"Title Examiners, Abstractors, and Searchers",English Language,3.61,07/2017,1
23-2093,23-2093.00,"Title Examiners, Abstractors, and Searchers",Law and Government,3.53,07/2017,2
23-2093,23-2093.00,"Title Examiners, Abstractors, and Searchers",Administrative,3.15,07/2017,3
23-2093,23-2093.00,"Title Examiners, Abstractors, and Searchers",Customer and Personal Service,3.11,07/2017,4
23-2093,23-2093.00,"Title Examiners, Abstractors, and Searchers",Computers and Electronics,3.01,07/2017,5
23-2093,23-2093.00,"Title Examiners, Abstractors, and Searchers",Mathematics,2.61,07/2017,6
23-2093,23-2093.00,"Title Examiners, Abstractors, and Searchers",Production and Processing,2.31,07/2017,7
23-2093,23-2093.00,"Title Examiners, Abstractors, and Searchers",Geography,2.31,07/2017,8
23-2093,23-2093.00,"Title Examiners, Abstractors, and Searchers",Education and Training,1.99,07/2017,9
23-2093,23-2093.00,"Title Examiners, Abstractors, and Searchers",Administration and Management,1.83,07/2017,10
23-2093,23-2093.00,"Title Examiners, Abstractors, and Searchers",Sales and Marketing,1.77,07/2017,11
23-2093,23-2093.00,"Title Examiners, Abstractors, and Searchers",Communications and Media,1.72,07/2017,12
23-2093,23-2093.00,"Title Examiners, Abstractors, and Searchers",Telecommunications,1.62,07/2017,13
23-2093,23-2093.00,"Title Examiners, Abstractors, and Searchers",Economics and Accounting,1.56,07/2017,14
23-2093,23-2093.00,"Title Examiners, Abstractors, and Searchers",Transportation,1.53,07/2017,15
25-1011,25-1011.00,"Business Teachers, Postsecondary",English Language,4.57,08/2019,1
25-1011,25-1011.00,"Business Teachers, Postsecondary",Education and Training,4.47,08/2019,2
25-1011,25-1011.00,"Business Teachers, Postsecondary",Administration and Management,4.09,08/2019,3
25-1011,25-1011.00,"Business Teachers, Postsecondary",Economics and Accounting,3.98,08/2019,4
25-1011,25-1011.00,"Business Teachers, Postsecondary",Mathematics,3.86,08/2019,5
25-1011,25-1011.00,"Business Teachers, Postsecondary",Law and Government,3.81,08/2019,6
25-1011,25-1011.00,"Business Teachers, Postsecondary",Computers and Electronics,3.78,08/2019,7
25-1011,25-1011.00,"Business Teachers, Postsecondary",Customer and Personal Service,3.69,08/2019,8
25-1011,25-1011.00,"Business Teachers, Postsecondary",Personnel and Human Resources,3.44,08/2019,9
25-1011,25-1011.00,"Business Teachers, Postsecondary",Communications and Media,3.41,08/2019,10
25-1011,25-1011.00,"Business Teachers, Postsecondary",Psychology,3.21,08/2019,11
25-1011,25-1011.00,"Business Teachers, Postsecondary",Administrative,3.03,08/2019,12
25-1011,25-1011.00,"Business Teachers, Postsecondary",Sociology and Anthropology,2.86,08/2019,13
25-1011,25-1011.00,"Business Teachers, Postsecondary",Production and Processing,2.64,08/2019,14
25-1011,25-1011.00,"Business Teachers, Postsecondary",Sales and Marketing,2.57,08/2019,15
25-1021,25-1021.00,"Computer Science Teachers, Postsecondary",Computers and Electronics,4.8,08/2019,1
25-1021,25-1021.00,"Computer Science Teachers, Postsecondary",Education and Training,4.77,08/2019,2
25-1021,25-1021.00,"Computer Science Teachers, Postsecondary",English Language,4.18,08/2019,3
25-1021,25-1021.00,"Computer Science Teachers, Postsecondary",Customer and Personal Service,4.05,08/2019,4
25-1021,25-1021.00,"Computer Science Teachers, Postsecondary",Mathematics,3.88,08/2019,5
25-1021,25-1021.00,"Computer Science Teachers, Postsecondary",Engineering and Technology,3.82,08/2019,6
25-1021,25-1021.00,"Computer Science Teachers, Postsecondary",Administration and Management,3.77,08/2019,7
25-1021,25-1021.00,"Computer Science Teachers, Postsecondary",Administrative,3.5,08/2019,8
25-1021,25-1021.00,"Computer Science Teachers, Postsecondary",Design,3.5,08/2019,9
25-1021,25-1021.00,"Computer Science Teachers, Postsecondary",Public Safety and Security,3.49,08/2019,10
25-1021,25-1021.00,"Computer Science Teachers, Postsecondary",Communications and Media,3.37,08/2019,11
25-1021,25-1021.00,"Computer Science Teachers, Postsecondary",Personnel and Human Resources,3.3,08/2019,12
25-1021,25-1021.00,"Computer Science Teachers, Postsecondary",Telecommunications,3.3,08/2019,13
25-1021,25-1021.00,"Computer Science Teachers, Postsecondary",Economics and Accounting,3.05,08/2019,14
25-1021,25-1021.00,"Computer Science Teachers, Postsecondary",Law and Government,3.02,08/2019,15
25-1022,25-1022.00,"Mathematical Science Teachers, Postsecondary",Mathematics,4.87,08/2019,1
25-1022,25-1022.00,"Mathematical Science Teachers, Postsecondary",Education and Training,4.19,08/2019,2
25-1022,25-1022.00,"Mathematical Science Teachers, Postsecondary",English Language,3.81,08/2019,3
25-1022,25-1022.00,"Mathematical Science Teachers, Postsecondary",Computers and Electronics,3.43,08/2019,4
25-1022,25-1022.00,"Mathematical Science Teachers, Postsecondary",Customer and Personal Service,2.74,08/2019,5
25-1022,25-1022.00,"Mathematical Science Teachers, Postsecondary",Administration and Management,2.44,08/2019,6
25-1022,25-1022.00,"Mathematical Science Teachers, Postsecondary",Physics,2.41,08/2019,7
25-1022,25-1022.00,"Mathematical Science Teachers, Postsecondary",Psychology,2.34,08/2019,8
25-1022,25-1022.00,"Mathematical Science Teachers, Postsecondary",Personnel and Human Resources,2.32,08/2019,9
25-1022,25-1022.00,"Mathematical Science Teachers, Postsecondary",Administrative,2.28,08/2019,10
25-1022,25-1022.00,"Mathematical Science Teachers, Postsecondary",Communications and Media,1.99,08/2019,11
25-1022,25-1022.00,"Mathematical Science Teachers, Postsecondary",Public Safety and Security,1.86,08/2019,12
25-1022,25-1022.00,"Mathematical Science Teachers, Postsecondary",Engineering and Technology,1.73,08/2019,13
25-1022,25-1022.00,"Mathematical Science Teachers, Postsecondary",Design,1.7,08/2019,14
25-1022,25-1022.00,"Mathematical Science Teachers, Postsecondary",Sociology and Anthropology,1.65,08/2019,15
25-1031,25-1031.00,"Architecture Teachers, Postsecondary",Design,4.52,08/2019,1
25-1031,25-1031.00,"Architecture Teachers, Postsecondary",English Language,4.36,08/2019,2
25-1031,25-1031.00,"Architecture Teachers, Postsecondary",Building and Construction,4.32,08/2019,3
25-1031,25-1031.00,"Architecture Teachers, Postsecondary",Education and Training,4.29,08/2019,4
25-1031,25-1031.00,"Architecture Teachers, Postsecondary",Communications and Media,3.78,08/2019,5
25-1031,25-1031.00,"Architecture Teachers, Postsecondary",Computers and Electronics,3.75,08/2019,6
25-1031,25-1031.00,"Architecture Teachers, Postsecondary",Public Safety and Security,3.66,08/2019,7
25-1031,25-1031.00,"Architecture Teachers, Postsecondary",Fine Arts,3.38,08/2019,8
25-1031,25-1031.00,"Architecture Teachers, Postsecondary",Engineering and Technology,3.27,08/2019,9
25-1031,25-1031.00,"Architecture Teachers, Postsecondary",Law and Government,3.25,08/2019,10
25-1031,25-1031.00,"Architecture Teachers, Postsecondary",Sociology and Anthropology,3.18,08/2019,11
25-1031,25-1031.00,"Architecture Teachers, Postsecondary",Mathematics,3.1,08/2019,12
25-1031,25-1031.00,"Architecture Teachers, Postsecondary",History and Archeology,3.01,08/2019,13
25-1031,25-1031.00,"Architecture Teachers, Postsecondary",Psychology,3.0,08/2019,14
25-1031,25-1031.00,"Architecture Teachers, Postsecondary",Administration and Management,2.97,08/2019,15
25-1032,25-1032.00,"Engineering Teachers, Postsecondary",Engineering and Technology,4.95,08/2019,1
25-1032,25-1032.00,"Engineering Teachers, Postsecondary",Design,4.6,08/2019,2
25-1032,25-1032.00,"Engineering Teachers, Postsecondary",Computers and Electronics,4.55,08/2019,3
25-1032,25-1032.00,"Engineering Teachers, Postsecondary",Mathematics,4.52,08/2019,4
25-1032,25-1032.00,"Engineering Teachers, Postsecondary",English Language,4.36,08/2019,5
25-1032,25-1032.00,"Engineering Teachers, Postsecondary",Physics,4.17,08/2019,6
25-1032,25-1032.00,"Engineering Teachers, Postsecondary",Education and Training,3.79,08/2019,7
25-1032,25-1032.00,"Engineering Teachers, Postsecondary",Mechanical,3.45,08/2019,8
25-1032,25-1032.00,"Engineering Teachers, Postsecondary",Chemistry,3.23,08/2019,9
25-1032,25-1032.00,"Engineering Teachers, Postsecondary",Administration and Management,3.17,08/2019,10
25-1032,25-1032.00,"Engineering Teachers, Postsecondary",Production and Processing,3.06,08/2019,11
25-1032,25-1032.00,"Engineering Teachers, Postsecondary",Economics and Accounting,2.89,08/2019,12
25-1032,25-1032.00,"Engineering Teachers, Postsecondary",Communications and Media,2.72,08/2019,13
25-1032,25-1032.00,"Engineering Teachers, Postsecondary",Administrative,2.7,08/2019,14
25-1032,25-1032.00,"Engineering Teachers, Postsecondary",Customer and Personal Service,2.57,08/2019,15
25-1041,25-1041.00,"Agricultural Sciences Teachers, Postsecondary",Biology,4.32,08/2019,1
25-1041,25-1041.00,"Agricultural Sciences Teachers, Postsecondary",Education and Training,4.13,08/2019,2
25-1041,25-1041.00,"Agricultural Sciences Teachers, Postsecondary",English Language,3.96,08/2019,3
25-1041,25-1041.00,"Agricultural Sciences Teachers, Postsecondary",Administration and Management,3.92,08/2019,4
25-1041,25-1041.00,"Agricultural Sciences Teachers, Postsecondary",Customer and Personal Service,3.59,08/2019,5
25-1041,25-1041.00,"Agricultural Sciences Teachers, Postsecondary",Food Production,3.51,08/2019,6
25-1041,25-1041.00,"Agricultural Sciences Teachers, Postsecondary",Communications and Media,3.4,08/2019,7
25-1041,25-1041.00,"Agricultural Sciences Teachers, Postsecondary",Mathematics,3.3,08/2019,8
25-1041,25-1041.00,"Agricultural Sciences Teachers, Postsecondary",Geography,3.28,08/2019,9
25-1041,25-1041.00,"Agricultural Sciences Teachers, Postsecondary",Computers and Electronics,3.21,08/2019,10
25-1041,25-1041.00,"Agricultural Sciences Teachers, Postsecondary",Administrative,3.05,08/2019,11
25-1041,25-1041.00,"Agricultural Sciences Teachers, Postsecondary",Personnel and Human Resources,3.04,08/2019,12
25-1041,25-1041.00,"Agricultural Sciences Teachers, Postsecondary",Law and Government,3.04,08/2019,13
25-1041,25-1041.00,"Agricultural Sciences Teachers, Postsecondary",Public Safety and Security,2.98,08/2019,14
25-1041,25-1041.00,"Agricultural Sciences Teachers, Postsecondary",Chemistry,2.89,08/2019,15
25-1042,25-1042.00,"Biological Science Teachers, Postsecondary",Biology,4.98,08/2019,1
25-1042,25-1042.00,"Biological Science Teachers, Postsecondary",English Language,4.38,08/2019,2
25-1042,25-1042.00,"Biological Science Teachers, Postsecondary",Mathematics,4.16,08/2019,3
25-1042,25-1042.00,"Biological Science Teachers, Postsecondary",Chemistry,4.09,08/2019,4
25-1042,25-1042.00,"Biological Science Teachers, Postsecondary",Education and Training,4.06,08/2019,5
25-1042,25-1042.00,"Biological Science Teachers, Postsecondary",Computers and Electronics,3.77,08/2019,6
25-1042,25-1042.00,"Biological Science Teachers, Postsecondary",Administrative,3.22,08/2019,7
25-1042,25-1042.00,"Biological Science Teachers, Postsecondary",Medicine and Dentistry,3.17,08/2019,8
25-1042,25-1042.00,"Biological Science Teachers, Postsecondary",Communications and Media,3.06,08/2019,9
25-1042,25-1042.00,"Biological Science Teachers, Postsecondary",Geography,3.0,08/2019,10
25-1042,25-1042.00,"Biological Science Teachers, Postsecondary",Physics,2.96,08/2019,11
25-1042,25-1042.00,"Biological Science Teachers, Postsecondary",Engineering and Technology,2.91,08/2019,12
25-1042,25-1042.00,"Biological Science Teachers, Postsecondary",Psychology,2.86,08/2019,13
25-1042,25-1042.00,"Biological Science Teachers, Postsecondary",Administration and Management,2.63,08/2019,14
25-1042,25-1042.00,"Biological Science Teachers, Postsecondary",Personnel and Human Resources,2.59,08/2019,15
25-1043,25-1043.00,"Forestry and Conservation Science Teachers, Postsecondary",English Language,4.8,08/2020,1
25-1043,25-1043.00,"Forestry and Conservation Science Teachers, Postsecondary",Education and Training,4.76,08/2020,2
25-1043,25-1043.00,"Forestry and Conservation Science Teachers, Postsecondary",Mathematics,4.26,08/2020,3
25-1043,25-1043.00,"Forestry and Conservation Science Teachers, Postsecondary",Biology,3.96,08/2020,4
25-1043,25-1043.00,"Forestry and Conservation Science Teachers, Postsecondary",Computers and Electronics,3.92,08/2020,5
25-1043,25-1043.00,"Forestry and Conservation Science Teachers, Postsecondary",Geography,3.51,08/2020,6
25-1043,25-1043.00,"Forestry and Conservation Science Teachers, Postsecondary",Personnel and Human Resources,3.4,08/2020,7
25-1043,25-1043.00,"Forestry and Conservation Science Teachers, Postsecondary",Administrative,3.14,08/2020,8
25-1043,25-1043.00,"Forestry and Conservation Science Teachers, Postsecondary",Administration and Management,3.12,08/2020,9
25-1043,25-1043.00,"Forestry and Conservation Science Teachers, Postsecondary",Communications and Media,2.85,08/2020,10
25-1043,25-1043.00,"Forestry and Conservation Science Teachers, Postsecondary",Customer and Personal Service,2.75,08/2020,11
25-1043,25-1043.00,"Forestry and Conservation Science Teachers, Postsecondary",Sociology and Anthropology,2.71,08/2020,12
25-1043,25-1043.00,"Forestry and Conservation Science Teachers, Postsecondary",Law and Government,2.71,08/2020,13
25-1043,25-1043.00,"Forestry and Conservation Science Teachers, Postsecondary",Chemistry,2.59,08/2020,14
25-1043,25-1043.00,"Forestry and Conservation Science Teachers, Postsecondary",Psychology,2.51,08/2020,15
25-1051,25-1051.00,"Atmospheric, Earth, Marine, and Space Sciences Teachers, Postsecondary",Education and Training,4.68,08/2019,1
25-1051,25-1051.00,"Atmospheric, Earth, Marine, and Space Sciences Teachers, Postsecondary",English Language,4.48,08/2019,2
25-1051,25-1051.00,"Atmospheric, Earth, Marine, and Space Sciences Teachers, Postsecondary",Mathematics,4.33,08/2019,3
25-1051,25-1051.00,"Atmospheric, Earth, Marine, and Space Sciences Teachers, Postsecondary",Physics,3.87,08/2019,4
25-1051,25-1051.00,"Atmospheric, Earth, Marine, and Space Sciences Teachers, Postsecondary",Chemistry,3.76,08/2019,5
25-1051,25-1051.00,"Atmospheric, Earth, Marine, and Space Sciences Teachers, Postsecondary",Computers and Electronics,3.56,08/2019,6
25-1051,25-1051.00,"Atmospheric, Earth, Marine, and Space Sciences Teachers, Postsecondary",Biology,3.54,08/2019,7
25-1051,25-1051.00,"Atmospheric, Earth, Marine, and Space Sciences Teachers, Postsecondary",Geography,3.45,08/2019,8
25-1051,25-1051.00,"Atmospheric, Earth, Marine, and Space Sciences Teachers, Postsecondary",Customer and Personal Service,3.02,08/2019,9
25-1051,25-1051.00,"Atmospheric, Earth, Marine, and Space Sciences Teachers, Postsecondary",Communications and Media,2.86,08/2019,10
25-1051,25-1051.00,"Atmospheric, Earth, Marine, and Space Sciences Teachers, Postsecondary",Engineering and Technology,2.77,08/2019,11
25-1051,25-1051.00,"Atmospheric, Earth, Marine, and Space Sciences Teachers, Postsecondary",Personnel and Human Resources,2.69,08/2019,12
25-1051,25-1051.00,"Atmospheric, Earth, Marine, and Space Sciences Teachers, Postsecondary",Psychology,2.67,08/2019,13
25-1051,25-1051.00,"Atmospheric, Earth, Marine, and Space Sciences Teachers, Postsecondary",Administration and Management,2.64,08/2019,14
25-1051,25-1051.00,"Atmospheric, Earth, Marine, and Space Sciences Teachers, Postsecondary",Public Safety and Security,2.6,08/2019,15
25-1052,25-1052.00,"Chemistry Teachers, Postsecondary",Chemistry,4.77,08/2019,1
25-1052,25-1052.00,"Chemistry Teachers, Postsecondary",English Language,4.55,08/2019,2
25-1052,25-1052.00,"Chemistry Teachers, Postsecondary",Mathematics,4.54,08/2019,3
25-1052,25-1052.00,"Chemistry Teachers, Postsecondary",Education and Training,4.51,08/2019,4
25-1052,25-1052.00,"Chemistry Teachers, Postsecondary",Biology,3.58,08/2019,5
25-1052,25-1052.00,"Chemistry Teachers, Postsecondary",Physics,3.42,08/2019,6
25-1052,25-1052.00,"Chemistry Teachers, Postsecondary",Engineering and Technology,3.35,08/2019,7
25-1052,25-1052.00,"Chemistry Teachers, Postsecondary",Computers and Electronics,3.33,08/2019,8
25-1052,25-1052.00,"Chemistry Teachers, Postsecondary",Public Safety and Security,3.02,08/2019,9
25-1052,25-1052.00,"Chemistry Teachers, Postsecondary",Customer and Personal Service,2.81,08/2019,10
25-1052,25-1052.00,"Chemistry Teachers, Postsecondary",Medicine and Dentistry,2.77,08/2019,11
25-1052,25-1052.00,"Chemistry Teachers, Postsecondary",Administrative,2.72,08/2019,12
25-1052,25-1052.00,"Chemistry Teachers, Postsecondary",Psychology,2.72,08/2019,13
25-1052,25-1052.00,"Chemistry Teachers, Postsecondary",Communications and Media,2.67,08/2019,14
25-1052,25-1052.00,"Chemistry Teachers, Postsecondary",Administration and Management,2.61,08/2019,15
25-1053,25-1053.00,"Environmental Science Teachers, Postsecondary",Education and Training,4.37,08/2019,1
25-1053,25-1053.00,"Environmental Science Teachers, Postsecondary",English Language,4.37,08/2019,2
25-1053,25-1053.00,"Environmental Science Teachers, Postsecondary",Biology,4.25,08/2019,3
25-1053,25-1053.00,"Environmental Science Teachers, Postsecondary",Chemistry,3.96,08/2019,4
25-1053,25-1053.00,"Environmental Science Teachers, Postsecondary",Mathematics,3.86,08/2019,5
25-1053,25-1053.00,"Environmental Science Teachers, Postsecondary",Computers and Electronics,3.77,08/2019,6
25-1053,25-1053.00,"Environmental Science Teachers, Postsecondary",Geography,3.64,08/2019,7
25-1053,25-1053.00,"Environmental Science Teachers, Postsecondary",Engineering and Technology,3.29,08/2019,8
25-1053,25-1053.00,"Environmental Science Teachers, Postsecondary",Administration and Management,3.14,08/2019,9
25-1053,25-1053.00,"Environmental Science Teachers, Postsecondary",Physics,3.14,08/2019,10
25-1053,25-1053.00,"Environmental Science Teachers, Postsecondary",Communications and Media,3.07,08/2019,11
25-1053,25-1053.00,"Environmental Science Teachers, Postsecondary",Administrative,2.93,08/2019,12
25-1053,25-1053.00,"Environmental Science Teachers, Postsecondary",Customer and Personal Service,2.93,08/2019,13
25-1053,25-1053.00,"Environmental Science Teachers, Postsecondary",Personnel and Human Resources,2.88,08/2019,14
25-1053,25-1053.00,"Environmental Science Teachers, Postsecondary",Public Safety and Security,2.83,08/2019,15
25-1054,25-1054.00,"Physics Teachers, Postsecondary",Mathematics,4.81,08/2019,1
25-1054,25-1054.00,"Physics Teachers, Postsecondary",Physics,4.49,08/2019,2
25-1054,25-1054.00,"Physics Teachers, Postsecondary",Education and Training,4.38,08/2019,3
25-1054,25-1054.00,"Physics Teachers, Postsecondary",English Language,4.2,08/2019,4
25-1054,25-1054.00,"Physics Teachers, Postsecondary",Computers and Electronics,3.88,08/2019,5
25-1054,25-1054.00,"Physics Teachers, Postsecondary",Chemistry,3.38,08/2019,6
25-1054,25-1054.00,"Physics Teachers, Postsecondary",Engineering and Technology,3.29,08/2019,7
25-1054,25-1054.00,"Physics Teachers, Postsecondary",Mechanical,2.9,08/2019,8
25-1054,25-1054.00,"Physics Teachers, Postsecondary",Customer and Personal Service,2.83,08/2019,9
25-1054,25-1054.00,"Physics Teachers, Postsecondary",Administrative,2.8,08/2019,10
25-1054,25-1054.00,"Physics Teachers, Postsecondary",Design,2.73,08/2019,11
25-1054,25-1054.00,"Physics Teachers, Postsecondary",Administration and Management,2.58,08/2019,12
25-1054,25-1054.00,"Physics Teachers, Postsecondary",Communications and Media,2.49,08/2019,13
25-1054,25-1054.00,"Physics Teachers, Postsecondary",Public Safety and Security,2.33,08/2019,14
25-1054,25-1054.00,"Physics Teachers, Postsecondary",Law and Government,2.21,08/2019,15
25-1062,25-1062.00,"Area, Ethnic, and Cultural Studies Teachers, Postsecondary",Education and Training,4.63,08/2019,1
25-1062,25-1062.00,"Area, Ethnic, and Cultural Studies Teachers, Postsecondary",English Language,4.58,08/2019,2
25-1062,25-1062.00,"Area, Ethnic, and Cultural Studies Teachers, Postsecondary",Sociology and Anthropology,3.73,08/2019,3
25-1062,25-1062.00,"Area, Ethnic, and Cultural Studies Teachers, Postsecondary",History and Archeology,3.58,08/2019,4
25-1062,25-1062.00,"Area, Ethnic, and Cultural Studies Teachers, Postsecondary",Foreign Language,3.55,08/2019,5
25-1062,25-1062.00,"Area, Ethnic, and Cultural Studies Teachers, Postsecondary",Communications and Media,3.42,08/2019,6
25-1062,25-1062.00,"Area, Ethnic, and Cultural Studies Teachers, Postsecondary",Computers and Electronics,3.26,08/2019,7
25-1062,25-1062.00,"Area, Ethnic, and Cultural Studies Teachers, Postsecondary",Philosophy and Theology,3.06,08/2019,8
25-1062,25-1062.00,"Area, Ethnic, and Cultural Studies Teachers, Postsecondary",Administrative,3.01,08/2019,9
25-1062,25-1062.00,"Area, Ethnic, and Cultural Studies Teachers, Postsecondary",Psychology,2.89,08/2019,10
25-1062,25-1062.00,"Area, Ethnic, and Cultural Studies Teachers, Postsecondary",Geography,2.81,08/2019,11
25-1062,25-1062.00,"Area, Ethnic, and Cultural Studies Teachers, Postsecondary",Customer and Personal Service,2.7,08/2019,12
25-1062,25-1062.00,"Area, Ethnic, and Cultural Studies Teachers, Postsecondary",Administration and Management,2.68,08/2019,13
25-1062,25-1062.00,"Area, Ethnic, and Cultural Studies Teachers, Postsecondary",Law and Government,2.65,08/2019,14
25-1062,25-1062.00,"Area, Ethnic, and Cultural Studies Teachers, Postsecondary",Fine Arts,2.42,08/2019,15
25-1063,25-1063.00,"Economics Teachers, Postsecondary",Mathematics,4.51,08/2019,1
25-1063,25-1063.00,"Economics Teachers, Postsecondary",Education and Training,4.32,08/2019,2
25-1063,25-1063.00,"Economics Teachers, Postsecondary",Economics and Accounting,4.23,08/2019,3
25-1063,25-1063.00,"Economics Teachers, Postsecondary",English Language,4.13,08/2019,4
25-1063,25-1063.00,"Economics Teachers, Postsecondary",Computers and Electronics,2.89,08/2019,5
25-1063,25-1063.00,"Economics Teachers, Postsecondary",Administration and Management,2.88,08/2019,6
25-1063,25-1063.00,"Economics Teachers, Postsecondary",Law and Government,2.86,08/2019,7
25-1063,25-1063.00,"Economics Teachers, Postsecondary",Sociology and Anthropology,2.76,08/2019,8
25-1063,25-1063.00,"Economics Teachers, Postsecondary",Customer and Personal Service,2.52,08/2019,9
25-1063,25-1063.00,"Economics Teachers, Postsecondary",Personnel and Human Resources,2.51,08/2019,10
25-1063,25-1063.00,"Economics Teachers, Postsecondary",Administrative,2.49,08/2019,11
25-1063,25-1063.00,"Economics Teachers, Postsecondary",Psychology,2.4,08/2019,12
25-1063,25-1063.00,"Economics Teachers, Postsecondary",History and Archeology,2.31,08/2019,13
25-1063,25-1063.00,"Economics Teachers, Postsecondary",Communications and Media,2.24,08/2019,14
25-1063,25-1063.00,"Economics Teachers, Postsecondary",Geography,2.2,08/2019,15
25-1064,25-1064.00,"Geography Teachers, Postsecondary",English Language,4.85,08/2019,1
25-1064,25-1064.00,"Geography Teachers, Postsecondary",Geography,4.76,08/2019,2
25-1064,25-1064.00,"Geography Teachers, Postsecondary",Education and Training,4.27,08/2019,3
25-1064,25-1064.00,"Geography Teachers, Postsecondary",History and Archeology,3.35,08/2019,4
25-1064,25-1064.00,"Geography Teachers, Postsecondary",Mathematics,3.29,08/2019,5
25-1064,25-1064.00,"Geography Teachers, Postsecondary",Computers and Electronics,3.12,08/2019,6
25-1064,25-1064.00,"Geography Teachers, Postsecondary",Sociology and Anthropology,3.04,08/2019,7
25-1064,25-1064.00,"Geography Teachers, Postsecondary",Communications and Media,2.66,08/2019,8
25-1064,25-1064.00,"Geography Teachers, Postsecondary",Law and Government,2.46,08/2019,9
25-1064,25-1064.00,"Geography Teachers, Postsecondary",Physics,2.45,08/2019,10
25-1064,25-1064.00,"Geography Teachers, Postsecondary",Philosophy and Theology,2.41,08/2019,11
25-1064,25-1064.00,"Geography Teachers, Postsecondary",Administrative,2.29,08/2019,12
25-1064,25-1064.00,"Geography Teachers, Postsecondary",Biology,2.18,08/2019,13
25-1064,25-1064.00,"Geography Teachers, Postsecondary",Psychology,2.13,08/2019,14
25-1064,25-1064.00,"Geography Teachers, Postsecondary",Customer and Personal Service,2.12,08/2019,15
25-1065,25-1065.00,"Political Science Teachers, Postsecondary",English Language,4.61,08/2019,1
25-1065,25-1065.00,"Political Science Teachers, Postsecondary",Law and Government,4.45,08/2019,2
25-1065,25-1065.00,"Political Science Teachers, Postsecondary",Education and Training,4.29,08/2019,3
25-1065,25-1065.00,"Political Science Teachers, Postsecondary",History and Archeology,3.6,08/2019,4
25-1065,25-1065.00,"Political Science Teachers, Postsecondary",Sociology and Anthropology,3.29,08/2019,5
25-1065,25-1065.00,"Political Science Teachers, Postsecondary",Geography,3.03,08/2019,6
25-1065,25-1065.00,"Political Science Teachers, Postsecondary",Philosophy and Theology,3.02,08/2019,7
25-1065,25-1065.00,"Political Science Teachers, Postsecondary",Customer and Personal Service,2.9,08/2019,8
25-1065,25-1065.00,"Political Science Teachers, Postsecondary",Computers and Electronics,2.85,08/2019,9
25-1065,25-1065.00,"Political Science Teachers, Postsecondary",Mathematics,2.8,08/2019,10
25-1065,25-1065.00,"Political Science Teachers, Postsecondary",Psychology,2.68,08/2019,11
25-1065,25-1065.00,"Political Science Teachers, Postsecondary",Communications and Media,2.66,08/2019,12
25-1065,25-1065.00,"Political Science Teachers, Postsecondary",Foreign Language,2.58,08/2019,13
25-1065,25-1065.00,"Political Science Teachers, Postsecondary",Administration and Management,2.46,08/2019,14
25-1065,25-1065.00,"Political Science Teachers, Postsecondary",Personnel and Human Resources,2.42,08/2019,15
25-1066,25-1066.00,"Psychology Teachers, Postsecondary",Psychology,5.0,08/2019,1
25-1066,25-1066.00,"Psychology Teachers, Postsecondary",English Language,4.81,08/2019,2
25-1066,25-1066.00,"Psychology Teachers, Postsecondary",Education and Training,4.28,08/2019,3
25-1066,25-1066.00,"Psychology Teachers, Postsecondary",Sociology and Anthropology,3.9,08/2019,4
25-1066,25-1066.00,"Psychology Teachers, Postsecondary",Mathematics,3.84,08/2019,5
25-1066,25-1066.00,"Psychology Teachers, Postsecondary",Therapy and Counseling,3.82,08/2019,6
25-1066,25-1066.00,"Psychology Teachers, Postsecondary",Computers and Electronics,3.38,08/2019,7
25-1066,25-1066.00,"Psychology Teachers, Postsecondary",Communications and Media,3.17,08/2019,8
25-1066,25-1066.00,"Psychology Teachers, Postsecondary",Biology,3.0,08/2019,9
25-1066,25-1066.00,"Psychology Teachers, Postsecondary",Administration and Management,2.98,08/2019,10
25-1066,25-1066.00,"Psychology Teachers, Postsecondary",Customer and Personal Service,2.86,08/2019,11
25-1066,25-1066.00,"Psychology Teachers, Postsecondary",Philosophy and Theology,2.85,08/2019,12
25-1066,25-1066.00,"Psychology Teachers, Postsecondary",Administrative,2.84,08/2019,13
25-1066,25-1066.00,"Psychology Teachers, Postsecondary",Personnel and Human Resources,2.72,08/2019,14
25-1066,25-1066.00,"Psychology Teachers, Postsecondary",Medicine and Dentistry,2.56,08/2019,15
25-1067,25-1067.00,"Sociology Teachers, Postsecondary",English Language,4.94,08/2019,1
25-1067,25-1067.00,"Sociology Teachers, Postsecondary",Sociology and Anthropology,4.73,08/2019,2
25-1067,25-1067.00,"Sociology Teachers, Postsecondary",Education and Training,4.45,08/2019,3
25-1067,25-1067.00,"Sociology Teachers, Postsecondary",Computers and Electronics,3.88,08/2019,4
25-1067,25-1067.00,"Sociology Teachers, Postsecondary",History and Archeology,3.85,08/2019,5
25-1067,25-1067.00,"Sociology Teachers, Postsecondary",Psychology,3.77,08/2019,6
25-1067,25-1067.00,"Sociology Teachers, Postsecondary",Philosophy and Theology,3.49,08/2019,7
25-1067,25-1067.00,"Sociology Teachers, Postsecondary",Law and Government,3.48,08/2019,8
25-1067,25-1067.00,"Sociology Teachers, Postsecondary",Mathematics,3.45,08/2019,9
25-1067,25-1067.00,"Sociology Teachers, Postsecondary",Communications and Media,3.42,08/2019,10
25-1067,25-1067.00,"Sociology Teachers, Postsecondary",Customer and Personal Service,3.37,08/2019,11
25-1067,25-1067.00,"Sociology Teachers, Postsecondary",Administrative,3.26,08/2019,12
25-1067,25-1067.00,"Sociology Teachers, Postsecondary",Geography,3.12,08/2019,13
25-1067,25-1067.00,"Sociology Teachers, Postsecondary",Personnel and Human Resources,2.87,08/2019,14
25-1067,25-1067.00,"Sociology Teachers, Postsecondary",Administration and Management,2.66,08/2019,15
25-1071,25-1071.00,"Health Specialties Teachers, Postsecondary",Education and Training,4.68,08/2019,1
25-1071,25-1071.00,"Health Specialties Teachers, Postsecondary",English Language,4.61,08/2019,2
25-1071,25-1071.00,"Health Specialties Teachers, Postsecondary",Biology,4.32,08/2019,3
25-1071,25-1071.00,"Health Specialties Teachers, Postsecondary",Medicine and Dentistry,4.24,08/2019,4
25-1071,25-1071.00,"Health Specialties Teachers, Postsecondary",Psychology,3.77,08/2019,5
25-1071,25-1071.00,"Health Specialties Teachers, Postsecondary",Administrative,3.71,08/2019,6
25-1071,25-1071.00,"Health Specialties Teachers, Postsecondary",Administration and Management,3.69,08/2019,7
25-1071,25-1071.00,"Health Specialties Teachers, Postsecondary",Computers and Electronics,3.69,08/2019,8
25-1071,25-1071.00,"Health Specialties Teachers, Postsecondary",Public Safety and Security,3.41,08/2019,9
25-1071,25-1071.00,"Health Specialties Teachers, Postsecondary",Customer and Personal Service,3.38,08/2019,10
25-1071,25-1071.00,"Health Specialties Teachers, Postsecondary",Personnel and Human Resources,3.37,08/2019,11
25-1071,25-1071.00,"Health Specialties Teachers, Postsecondary",Therapy and Counseling,3.28,08/2019,12
25-1071,25-1071.00,"Health Specialties Teachers, Postsecondary",Mathematics,3.21,08/2019,13
25-1071,25-1071.00,"Health Specialties Teachers, Postsecondary",Communications and Media,3.18,08/2019,14
25-1071,25-1071.00,"Health Specialties Teachers, Postsecondary",Chemistry,3.09,08/2019,15
25-1072,25-1072.00,"Nursing Instructors and Teachers, Postsecondary",Medicine and Dentistry,4.58,08/2019,1
25-1072,25-1072.00,"Nursing Instructors and Teachers, Postsecondary",Education and Training,4.54,08/2019,2
25-1072,25-1072.00,"Nursing Instructors and Teachers, Postsecondary",Psychology,4.49,08/2019,3
25-1072,25-1072.00,"Nursing Instructors and Teachers, Postsecondary",English Language,4.42,08/2019,4
25-1072,25-1072.00,"Nursing Instructors and Teachers, Postsecondary",Biology,4.12,08/2019,5
25-1072,25-1072.00,"Nursing Instructors and Teachers, Postsecondary",Customer and Personal Service,3.94,08/2019,6
25-1072,25-1072.00,"Nursing Instructors and Teachers, Postsecondary",Mathematics,3.92,08/2019,7
25-1072,25-1072.00,"Nursing Instructors and Teachers, Postsecondary",Therapy and Counseling,3.77,08/2019,8
25-1072,25-1072.00,"Nursing Instructors and Teachers, Postsecondary",Sociology and Anthropology,3.68,08/2019,9
25-1072,25-1072.00,"Nursing Instructors and Teachers, Postsecondary",Computers and Electronics,3.6,08/2019,10
25-1072,25-1072.00,"Nursing Instructors and Teachers, Postsecondary",Administrative,3.39,08/2019,11
25-1072,25-1072.00,"Nursing Instructors and Teachers, Postsecondary",Communications and Media,3.23,08/2019,12
25-1072,25-1072.00,"Nursing Instructors and Teachers, Postsecondary",Public Safety and Security,3.17,08/2019,13
25-1072,25-1072.00,"Nursing Instructors and Teachers, Postsecondary",Administration and Management,3.05,08/2019,14
25-1072,25-1072.00,"Nursing Instructors and Teachers, Postsecondary",Law and Government,2.99,08/2019,15
25-1081,25-1081.00,"Education Teachers, Postsecondary",English Language,4.59,08/2019,1
25-1081,25-1081.00,"Education Teachers, Postsecondary",Education and Training,4.58,08/2019,2
25-1081,25-1081.00,"Education Teachers, Postsecondary",Psychology,4.23,08/2019,3
25-1081,25-1081.00,"Education Teachers, Postsecondary",Sociology and Anthropology,3.71,08/2019,4
25-1081,25-1081.00,"Education Teachers, Postsecondary",Administration and Management,3.67,08/2019,5
25-1081,25-1081.00,"Education Teachers, Postsecondary",Communications and Media,3.67,08/2019,6
25-1081,25-1081.00,"Education Teachers, Postsecondary",Mathematics,3.41,08/2019,7
25-1081,25-1081.00,"Education Teachers, Postsecondary",Customer and Personal Service,3.28,08/2019,8
25-1081,25-1081.00,"Education Teachers, Postsecondary",Personnel and Human Resources,3.15,08/2019,9
25-1081,25-1081.00,"Education Teachers, Postsecondary",Computers and Electronics,3.11,08/2019,10
25-1081,25-1081.00,"Education Teachers, Postsecondary",Philosophy and Theology,3.05,08/2019,11
25-1081,25-1081.00,"Education Teachers, Postsecondary",Therapy and Counseling,2.53,08/2019,12
25-1081,25-1081.00,"Education Teachers, Postsecondary",Administrative,2.48,08/2019,13
25-1081,25-1081.00,"Education Teachers, Postsecondary",Law and Government,2.34,08/2019,14
25-1081,25-1081.00,"Education Teachers, Postsecondary",History and Archeology,2.16,08/2019,15
25-1082,25-1082.00,"Library Science Teachers, Postsecondary",English Language,4.66,08/2019,1
25-1082,25-1082.00,"Library Science Teachers, Postsecondary",Education and Training,4.54,08/2019,2
25-1082,25-1082.00,"Library Science Teachers, Postsecondary",Computers and Electronics,4.15,08/2019,3
25-1082,25-1082.00,"Library Science Teachers, Postsecondary",Customer and Personal Service,3.88,08/2019,4
25-1082,25-1082.00,"Library Science Teachers, Postsecondary",Communications and Media,3.6,08/2019,5
25-1082,25-1082.00,"Library Science Teachers, Postsecondary",Sociology and Anthropology,3.45,08/2019,6
25-1082,25-1082.00,"Library Science Teachers, Postsecondary",Psychology,3.35,08/2019,7
25-1082,25-1082.00,"Library Science Teachers, Postsecondary",Administration and Management,3.22,08/2019,8
25-1082,25-1082.00,"Library Science Teachers, Postsecondary",Mathematics,2.96,08/2019,9
25-1082,25-1082.00,"Library Science Teachers, Postsecondary",Law and Government,2.9,08/2019,10
25-1082,25-1082.00,"Library Science Teachers, Postsecondary",Telecommunications,2.72,08/2019,11
25-1082,25-1082.00,"Library Science Teachers, Postsecondary",Personnel and Human Resources,2.68,08/2019,12
25-1082,25-1082.00,"Library Science Teachers, Postsecondary",Administrative,2.58,08/2019,13
25-1082,25-1082.00,"Library Science Teachers, Postsecondary",Philosophy and Theology,2.5,08/2019,14
25-1082,25-1082.00,"Library Science Teachers, Postsecondary",History and Archeology,2.42,08/2019,15
25-1111,25-1111.00,"Criminal Justice and Law Enforcement Teachers, Postsecondary",Education and Training,4.54,08/2019,1
25-1111,25-1111.00,"Criminal Justice and Law Enforcement Teachers, Postsecondary",English Language,4.47,08/2019,2
25-1111,25-1111.00,"Criminal Justice and Law Enforcement Teachers, Postsecondary",Law and Government,4.45,08/2019,3
25-1111,25-1111.00,"Criminal Justice and Law Enforcement Teachers, Postsecondary",Public Safety and Security,4.43,08/2019,4
25-1111,25-1111.00,"Criminal Justice and Law Enforcement Teachers, Postsecondary",Customer and Personal Service,3.94,08/2019,5
25-1111,25-1111.00,"Criminal Justice and Law Enforcement Teachers, Postsecondary",Computers and Electronics,3.8,08/2019,6
25-1111,25-1111.00,"Criminal Justice and Law Enforcement Teachers, Postsecondary",Administration and Management,3.67,08/2019,7
25-1111,25-1111.00,"Criminal Justice and Law Enforcement Teachers, Postsecondary",Psychology,3.65,08/2019,8
25-1111,25-1111.00,"Criminal Justice and Law Enforcement Teachers, Postsecondary",Administrative,3.43,08/2019,9
25-1111,25-1111.00,"Criminal Justice and Law Enforcement Teachers, Postsecondary",Personnel and Human Resources,3.26,08/2019,10
25-1111,25-1111.00,"Criminal Justice and Law Enforcement Teachers, Postsecondary",Communications and Media,3.07,08/2019,11
25-1111,25-1111.00,"Criminal Justice and Law Enforcement Teachers, Postsecondary",Sociology and Anthropology,2.95,08/2019,12
25-1111,25-1111.00,"Criminal Justice and Law Enforcement Teachers, Postsecondary",Mathematics,2.52,08/2019,13
25-1111,25-1111.00,"Criminal Justice and Law Enforcement Teachers, Postsecondary",Sales and Marketing,2.33,08/2019,14
25-1111,25-1111.00,"Criminal Justice and Law Enforcement Teachers, Postsecondary",Geography,2.32,08/2019,15
25-1112,25-1112.00,"Law Teachers, Postsecondary",Law and Government,4.91,08/2019,1
25-1112,25-1112.00,"Law Teachers, Postsecondary",English Language,4.7,08/2019,2
25-1112,25-1112.00,"Law Teachers, Postsecondary",Education and Training,4.43,08/2019,3
25-1112,25-1112.00,"Law Teachers, Postsecondary",Computers and Electronics,3.33,08/2019,4
25-1112,25-1112.00,"Law Teachers, Postsecondary",Communications and Media,3.26,08/2019,5
25-1112,25-1112.00,"Law Teachers, Postsecondary",Customer and Personal Service,2.95,08/2019,6
25-1112,25-1112.00,"Law Teachers, Postsecondary",Administration and Management,2.87,08/2019,7
25-1112,25-1112.00,"Law Teachers, Postsecondary",Sociology and Anthropology,2.75,08/2019,8
25-1112,25-1112.00,"Law Teachers, Postsecondary",Philosophy and Theology,2.65,08/2019,9
25-1112,25-1112.00,"Law Teachers, Postsecondary",Psychology,2.57,08/2019,10
25-1112,25-1112.00,"Law Teachers, Postsecondary",Administrative,2.54,08/2019,11
25-1112,25-1112.00,"Law Teachers, Postsecondary",Mathematics,2.5,08/2019,12
25-1112,25-1112.00,"Law Teachers, Postsecondary",Economics and Accounting,2.48,08/2019,13
25-1112,25-1112.00,"Law Teachers, Postsecondary",Personnel and Human Resources,2.46,08/2019,14
25-1112,25-1112.00,"Law Teachers, Postsecondary",History and Archeology,2.26,08/2019,15
25-1113,25-1113.00,"Social Work Teachers, Postsecondary",Education and Training,4.67,08/2021,1
25-1113,25-1113.00,"Social Work Teachers, Postsecondary",Sociology and Anthropology,4.47,08/2021,2
25-1113,25-1113.00,"Social Work Teachers, Postsecondary",Therapy and Counseling,4.26,08/2021,3
25-1113,25-1113.00,"Social Work Teachers, Postsecondary",Psychology,4.07,08/2021,4
25-1113,25-1113.00,"Social Work Teachers, Postsecondary",English Language,4.07,08/2021,5
25-1113,25-1113.00,"Social Work Teachers, Postsecondary",Administration and Management,3.58,08/2021,6
25-1113,25-1113.00,"Social Work Teachers, Postsecondary",Computers and Electronics,3.58,08/2021,7
25-1113,25-1113.00,"Social Work Teachers, Postsecondary",Customer and Personal Service,3.36,08/2021,8
25-1113,25-1113.00,"Social Work Teachers, Postsecondary",Communications and Media,3.29,08/2021,9
25-1113,25-1113.00,"Social Work Teachers, Postsecondary",Law and Government,3.26,08/2021,10
25-1113,25-1113.00,"Social Work Teachers, Postsecondary",Administrative,2.97,08/2021,11
25-1113,25-1113.00,"Social Work Teachers, Postsecondary",Mathematics,2.94,08/2021,12
25-1113,25-1113.00,"Social Work Teachers, Postsecondary",Personnel and Human Resources,2.74,08/2021,13
25-1113,25-1113.00,"Social Work Teachers, Postsecondary",Philosophy and Theology,2.7,08/2021,14
25-1113,25-1113.00,"Social Work Teachers, Postsecondary",Telecommunications,2.57,08/2021,15
25-1121,25-1121.00,"Art, Drama, and Music Teachers, Postsecondary",Fine Arts,4.91,08/2019,1
25-1121,25-1121.00,"Art, Drama, and Music Teachers, Postsecondary",Education and Training,4.67,08/2019,2
25-1121,25-1121.00,"Art, Drama, and Music Teachers, Postsecondary",English Language,4.29,08/2019,3
25-1121,25-1121.00,"Art, Drama, and Music Teachers, Postsecondary",Communications and Media,3.56,08/2019,4
25-1121,25-1121.00,"Art, Drama, and Music Teachers, Postsecondary",Psychology,3.38,08/2019,5
25-1121,25-1121.00,"Art, Drama, and Music Teachers, Postsecondary",History and Archeology,3.38,08/2019,6
25-1121,25-1121.00,"Art, Drama, and Music Teachers, Postsecondary",Philosophy and Theology,3.22,08/2019,7
25-1121,25-1121.00,"Art, Drama, and Music Teachers, Postsecondary",Computers and Electronics,3.21,08/2019,8
25-1121,25-1121.00,"Art, Drama, and Music Teachers, Postsecondary",Sociology and Anthropology,3.13,08/2019,9
25-1121,25-1121.00,"Art, Drama, and Music Teachers, Postsecondary",Customer and Personal Service,2.99,08/2019,10
25-1121,25-1121.00,"Art, Drama, and Music Teachers, Postsecondary",Design,2.97,08/2019,11
25-1121,25-1121.00,"Art, Drama, and Music Teachers, Postsecondary",Administration and Management,2.93,08/2019,12
25-1121,25-1121.00,"Art, Drama, and Music Teachers, Postsecondary",Administrative,2.83,08/2019,13
25-1121,25-1121.00,"Art, Drama, and Music Teachers, Postsecondary",Foreign Language,2.7,08/2019,14
25-1121,25-1121.00,"Art, Drama, and Music Teachers, Postsecondary",Therapy and Counseling,2.61,08/2019,15
25-1122,25-1122.00,"Communications Teachers, Postsecondary",English Language,4.94,08/2019,1
25-1122,25-1122.00,"Communications Teachers, Postsecondary",Education and Training,4.69,08/2019,2
25-1122,25-1122.00,"Communications Teachers, Postsecondary",Communications and Media,4.25,08/2019,3
25-1122,25-1122.00,"Communications Teachers, Postsecondary",Psychology,3.91,08/2019,4
25-1122,25-1122.00,"Communications Teachers, Postsecondary",Computers and Electronics,3.83,08/2019,5
25-1122,25-1122.00,"Communications Teachers, Postsecondary",Sociology and Anthropology,3.78,08/2019,6
25-1122,25-1122.00,"Communications Teachers, Postsecondary",Customer and Personal Service,3.56,08/2019,7
25-1122,25-1122.00,"Communications Teachers, Postsecondary",Philosophy and Theology,3.54,08/2019,8
25-1122,25-1122.00,"Communications Teachers, Postsecondary",Administrative,3.33,08/2019,9
25-1122,25-1122.00,"Communications Teachers, Postsecondary",History and Archeology,3.32,08/2019,10
25-1122,25-1122.00,"Communications Teachers, Postsecondary",Administration and Management,3.27,08/2019,11
25-1122,25-1122.00,"Communications Teachers, Postsecondary",Fine Arts,3.09,08/2019,12
25-1122,25-1122.00,"Communications Teachers, Postsecondary",Telecommunications,2.86,08/2019,13
25-1122,25-1122.00,"Communications Teachers, Postsecondary",Therapy and Counseling,2.7,08/2019,14
25-1122,25-1122.00,"Communications Teachers, Postsecondary",Public Safety and Security,2.55,08/2019,15
25-1123,25-1123.00,"English Language and Literature Teachers, Postsecondary",English Language,4.71,08/2019,1
25-1123,25-1123.00,"English Language and Literature Teachers, Postsecondary",Education and Training,4.47,08/2019,2
25-1123,25-1123.00,"English Language and Literature Teachers, Postsecondary",Communications and Media,4.07,08/2019,3
25-1123,25-1123.00,"English Language and Literature Teachers, Postsecondary",History and Archeology,3.75,08/2019,4
25-1123,25-1123.00,"English Language and Literature Teachers, Postsecondary",Philosophy and Theology,3.72,08/2019,5
25-1123,25-1123.00,"English Language and Literature Teachers, Postsecondary",Sociology and Anthropology,3.68,08/2019,6
25-1123,25-1123.00,"English Language and Literature Teachers, Postsecondary",Customer and Personal Service,3.47,08/2019,7
25-1123,25-1123.00,"English Language and Literature Teachers, Postsecondary",Computers and Electronics,3.35,08/2019,8
25-1123,25-1123.00,"English Language and Literature Teachers, Postsecondary",Psychology,3.26,08/2019,9
25-1123,25-1123.00,"English Language and Literature Teachers, Postsecondary",Administrative,3.02,08/2019,10
25-1123,25-1123.00,"English Language and Literature Teachers, Postsecondary",Fine Arts,3.0,08/2019,11
25-1123,25-1123.00,"English Language and Literature Teachers, Postsecondary",Administration and Management,2.93,08/2019,12
25-1123,25-1123.00,"English Language and Literature Teachers, Postsecondary",Foreign Language,2.65,08/2019,13
25-1123,25-1123.00,"English Language and Literature Teachers, Postsecondary",Personnel and Human Resources,2.55,08/2019,14
25-1123,25-1123.00,"English Language and Literature Teachers, Postsecondary",Law and Government,2.41,08/2019,15
25-1124,25-1124.00,"Foreign Language and Literature Teachers, Postsecondary",Foreign Language,5.0,08/2019,1
25-1124,25-1124.00,"Foreign Language and Literature Teachers, Postsecondary",English Language,4.37,08/2019,2
25-1124,25-1124.00,"Foreign Language and Literature Teachers, Postsecondary",Education and Training,4.09,08/2019,3
25-1124,25-1124.00,"Foreign Language and Literature Teachers, Postsecondary",History and Archeology,3.31,08/2019,4
25-1124,25-1124.00,"Foreign Language and Literature Teachers, Postsecondary",Philosophy and Theology,3.25,08/2019,5
25-1124,25-1124.00,"Foreign Language and Literature Teachers, Postsecondary",Sociology and Anthropology,3.06,08/2019,6
25-1124,25-1124.00,"Foreign Language and Literature Teachers, Postsecondary",Administrative,3.01,08/2019,7
25-1124,25-1124.00,"Foreign Language and Literature Teachers, Postsecondary",Geography,3.0,08/2019,8
25-1124,25-1124.00,"Foreign Language and Literature Teachers, Postsecondary",Fine Arts,2.71,08/2019,9
25-1124,25-1124.00,"Foreign Language and Literature Teachers, Postsecondary",Computers and Electronics,2.54,08/2019,10
25-1124,25-1124.00,"Foreign Language and Literature Teachers, Postsecondary",Administration and Management,2.39,08/2019,11
25-1124,25-1124.00,"Foreign Language and Literature Teachers, Postsecondary",Psychology,2.27,08/2019,12
25-1124,25-1124.00,"Foreign Language and Literature Teachers, Postsecondary",Communications and Media,2.12,08/2019,13
25-1124,25-1124.00,"Foreign Language and Literature Teachers, Postsecondary",Personnel and Human Resources,2.05,08/2019,14
25-1124,25-1124.00,"Foreign Language and Literature Teachers, Postsecondary",Customer and Personal Service,1.83,08/2019,15
25-1125,25-1125.00,"History Teachers, Postsecondary",History and Archeology,5.0,08/2019,1
25-1125,25-1125.00,"History Teachers, Postsecondary",English Language,4.73,08/2019,2
25-1125,25-1125.00,"History Teachers, Postsecondary",Education and Training,4.42,08/2019,3
25-1125,25-1125.00,"History Teachers, Postsecondary",Law and Government,4.14,08/2019,4
25-1125,25-1125.00,"History Teachers, Postsecondary",Geography,4.04,08/2019,5
25-1125,25-1125.00,"History Teachers, Postsecondary",Sociology and Anthropology,3.59,08/2019,6
25-1125,25-1125.00,"History Teachers, Postsecondary",Computers and Electronics,3.35,08/2019,7
25-1125,25-1125.00,"History Teachers, Postsecondary",Philosophy and Theology,3.35,08/2019,8
25-1125,25-1125.00,"History Teachers, Postsecondary",Communications and Media,3.14,08/2019,9
25-1125,25-1125.00,"History Teachers, Postsecondary",Psychology,3.06,08/2019,10
25-1125,25-1125.00,"History Teachers, Postsecondary",Administrative,2.97,08/2019,11
25-1125,25-1125.00,"History Teachers, Postsecondary",Customer and Personal Service,2.78,08/2019,12
25-1125,25-1125.00,"History Teachers, Postsecondary",Mathematics,2.78,08/2019,13
25-1125,25-1125.00,"History Teachers, Postsecondary",Administration and Management,2.76,08/2019,14
25-1125,25-1125.00,"History Teachers, Postsecondary",Foreign Language,2.6,08/2019,15
25-1126,25-1126.00,"Philosophy and Religion Teachers, Postsecondary",Philosophy and Theology,4.84,08/2019,1
25-1126,25-1126.00,"Philosophy and Religion Teachers, Postsecondary",English Language,4.61,08/2019,2
25-1126,25-1126.00,"Philosophy and Religion Teachers, Postsecondary",Education and Training,4.17,08/2019,3
25-1126,25-1126.00,"Philosophy and Religion Teachers, Postsecondary",History and Archeology,3.47,08/2019,4
25-1126,25-1126.00,"Philosophy and Religion Teachers, Postsecondary",Sociology and Anthropology,3.15,08/2019,5
25-1126,25-1126.00,"Philosophy and Religion Teachers, Postsecondary",Law and Government,3.03,08/2019,6
25-1126,25-1126.00,"Philosophy and Religion Teachers, Postsecondary",Computers and Electronics,2.95,08/2019,7
25-1126,25-1126.00,"Philosophy and Religion Teachers, Postsecondary",Communications and Media,2.94,08/2019,8
25-1126,25-1126.00,"Philosophy and Religion Teachers, Postsecondary",Customer and Personal Service,2.93,08/2019,9
25-1126,25-1126.00,"Philosophy and Religion Teachers, Postsecondary",Psychology,2.88,08/2019,10
25-1126,25-1126.00,"Philosophy and Religion Teachers, Postsecondary",Foreign Language,2.55,08/2019,11
25-1126,25-1126.00,"Philosophy and Religion Teachers, Postsecondary",Administrative,2.36,08/2019,12
25-1126,25-1126.00,"Philosophy and Religion Teachers, Postsecondary",Personnel and Human Resources,2.14,08/2019,13
25-1126,25-1126.00,"Philosophy and Religion Teachers, Postsecondary",Mathematics,2.1,08/2019,14
25-1126,25-1126.00,"Philosophy and Religion Teachers, Postsecondary",Geography,2.09,08/2019,15
25-1192,25-1192.00,"Family and Consumer Sciences Teachers, Postsecondary",English Language,4.56,08/2019,1
25-1192,25-1192.00,"Family and Consumer Sciences Teachers, Postsecondary",Education and Training,4.28,08/2019,2
25-1192,25-1192.00,"Family and Consumer Sciences Teachers, Postsecondary",Customer and Personal Service,3.74,08/2019,3
25-1192,25-1192.00,"Family and Consumer Sciences Teachers, Postsecondary",Psychology,3.59,08/2019,4
25-1192,25-1192.00,"Family and Consumer Sciences Teachers, Postsecondary",Administration and Management,3.56,08/2019,5
25-1192,25-1192.00,"Family and Consumer Sciences Teachers, Postsecondary",Mathematics,3.46,08/2019,6
25-1192,25-1192.00,"Family and Consumer Sciences Teachers, Postsecondary",Computers and Electronics,3.44,08/2019,7
25-1192,25-1192.00,"Family and Consumer Sciences Teachers, Postsecondary",Administrative,3.4,08/2019,8
25-1192,25-1192.00,"Family and Consumer Sciences Teachers, Postsecondary",Sociology and Anthropology,3.29,08/2019,9
25-1192,25-1192.00,"Family and Consumer Sciences Teachers, Postsecondary",Communications and Media,3.17,08/2019,10
25-1192,25-1192.00,"Family and Consumer Sciences Teachers, Postsecondary",Law and Government,3.08,08/2019,11
25-1192,25-1192.00,"Family and Consumer Sciences Teachers, Postsecondary",Public Safety and Security,2.87,08/2019,12
25-1192,25-1192.00,"Family and Consumer Sciences Teachers, Postsecondary",Philosophy and Theology,2.79,08/2019,13
25-1192,25-1192.00,"Family and Consumer Sciences Teachers, Postsecondary",Personnel and Human Resources,2.73,08/2019,14
25-1192,25-1192.00,"Family and Consumer Sciences Teachers, Postsecondary",Therapy and Counseling,2.62,08/2019,15
25-1193,25-1193.00,"Recreation and Fitness Studies Teachers, Postsecondary",Education and Training,4.74,08/2019,1
25-1193,25-1193.00,"Recreation and Fitness Studies Teachers, Postsecondary",English Language,4.1,08/2019,2
25-1193,25-1193.00,"Recreation and Fitness Studies Teachers, Postsecondary",Computers and Electronics,3.6,08/2019,3
25-1193,25-1193.00,"Recreation and Fitness Studies Teachers, Postsecondary",Psychology,3.57,08/2019,4
25-1193,25-1193.00,"Recreation and Fitness Studies Teachers, Postsecondary",Biology,3.46,08/2019,5
25-1193,25-1193.00,"Recreation and Fitness Studies Teachers, Postsecondary",Customer and Personal Service,3.38,08/2019,6
25-1193,25-1193.00,"Recreation and Fitness Studies Teachers, Postsecondary",Administration and Management,3.32,08/2019,7
25-1193,25-1193.00,"Recreation and Fitness Studies Teachers, Postsecondary",Mathematics,3.31,08/2019,8
25-1193,25-1193.00,"Recreation and Fitness Studies Teachers, Postsecondary",Therapy and Counseling,3.08,08/2019,9
25-1193,25-1193.00,"Recreation and Fitness Studies Teachers, Postsecondary",Communications and Media,3.01,08/2019,10
25-1193,25-1193.00,"Recreation and Fitness Studies Teachers, Postsecondary",Medicine and Dentistry,3.0,08/2019,11
25-1193,25-1193.00,"Recreation and Fitness Studies Teachers, Postsecondary",Personnel and Human Resources,2.98,08/2019,12
25-1193,25-1193.00,"Recreation and Fitness Studies Teachers, Postsecondary",Public Safety and Security,2.9,08/2019,13
25-1193,25-1193.00,"Recreation and Fitness Studies Teachers, Postsecondary",Administrative,2.71,08/2019,14
25-1193,25-1193.00,"Recreation and Fitness Studies Teachers, Postsecondary",Chemistry,2.63,08/2019,15
25-1194,25-1194.00,"Career/Technical Education Teachers, Postsecondary",Education and Training,4.47,08/2019,1
25-1194,25-1194.00,"Career/Technical Education Teachers, Postsecondary",English Language,3.84,08/2019,2
25-1194,25-1194.00,"Career/Technical Education Teachers, Postsecondary",Mechanical,3.74,08/2019,3
25-1194,25-1194.00,"Career/Technical Education Teachers, Postsecondary",Customer and Personal Service,3.72,08/2019,4
25-1194,25-1194.00,"Career/Technical Education Teachers, Postsecondary",Mathematics,3.72,08/2019,5
25-1194,25-1194.00,"Career/Technical Education Teachers, Postsecondary",Administrative,3.55,08/2019,6
25-1194,25-1194.00,"Career/Technical Education Teachers, Postsecondary",Engineering and Technology,3.54,08/2019,7
25-1194,25-1194.00,"Career/Technical Education Teachers, Postsecondary",Computers and Electronics,3.4,08/2019,8
25-1194,25-1194.00,"Career/Technical Education Teachers, Postsecondary",Administration and Management,3.35,08/2019,9
25-1194,25-1194.00,"Career/Technical Education Teachers, Postsecondary",Public Safety and Security,3.25,08/2019,10
25-1194,25-1194.00,"Career/Technical Education Teachers, Postsecondary",Design,3.19,08/2019,11
25-1194,25-1194.00,"Career/Technical Education Teachers, Postsecondary",Chemistry,3.06,08/2019,12
25-1194,25-1194.00,"Career/Technical Education Teachers, Postsecondary",Personnel and Human Resources,3.01,08/2019,13
25-1194,25-1194.00,"Career/Technical Education Teachers, Postsecondary",Physics,3.0,08/2019,14
25-1194,25-1194.00,"Career/Technical Education Teachers, Postsecondary",Economics and Accounting,2.88,08/2019,15
25-2011,25-2011.00,"Preschool Teachers, Except Special Education",Education and Training,3.99,08/2019,1
25-2011,25-2011.00,"Preschool Teachers, Except Special Education",English Language,3.79,08/2019,2
25-2011,25-2011.00,"Preschool Teachers, Except Special Education",Public Safety and Security,3.29,08/2019,3
25-2011,25-2011.00,"Preschool Teachers, Except Special Education",Customer and Personal Service,3.2,08/2019,4
25-2011,25-2011.00,"Preschool Teachers, Except Special Education",Psychology,3.08,08/2019,5
25-2011,25-2011.00,"Preschool Teachers, Except Special Education",Administration and Management,2.66,08/2019,6
25-2011,25-2011.00,"Preschool Teachers, Except Special Education",Administrative,2.57,08/2019,7
25-2011,25-2011.00,"Preschool Teachers, Except Special Education",Sociology and Anthropology,2.43,08/2019,8
25-2011,25-2011.00,"Preschool Teachers, Except Special Education",Therapy and Counseling,2.36,08/2019,9
25-2011,25-2011.00,"Preschool Teachers, Except Special Education",Mathematics,2.32,08/2019,10
25-2011,25-2011.00,"Preschool Teachers, Except Special Education",Communications and Media,2.3,08/2019,11
25-2011,25-2011.00,"Preschool Teachers, Except Special Education",Law and Government,2.23,08/2019,12
25-2011,25-2011.00,"Preschool Teachers, Except Special Education",Medicine and Dentistry,2.22,08/2019,13
25-2011,25-2011.00,"Preschool Teachers, Except Special Education",Fine Arts,2.21,08/2019,14
25-2011,25-2011.00,"Preschool Teachers, Except Special Education",Foreign Language,2.19,08/2019,15
25-2012,25-2012.00,"Kindergarten Teachers, Except Special Education",Education and Training,4.69,08/2018,1
25-2012,25-2012.00,"Kindergarten Teachers, Except Special Education",English Language,4.61,08/2018,2
25-2012,25-2012.00,"Kindergarten Teachers, Except Special Education",Psychology,3.95,08/2018,3
25-2012,25-2012.00,"Kindergarten Teachers, Except Special Education",Mathematics,3.86,08/2018,4
25-2012,25-2012.00,"Kindergarten Teachers, Except Special Education",Customer and Personal Service,3.53,08/2018,5
25-2012,25-2012.00,"Kindergarten Teachers, Except Special Education",Sociology and Anthropology,3.33,08/2018,6
25-2012,25-2012.00,"Kindergarten Teachers, Except Special Education",Public Safety and Security,3.31,08/2018,7
25-2012,25-2012.00,"Kindergarten Teachers, Except Special Education",Administrative,3.28,08/2018,8
25-2012,25-2012.00,"Kindergarten Teachers, Except Special Education",Therapy and Counseling,3.23,08/2018,9
25-2012,25-2012.00,"Kindergarten Teachers, Except Special Education",Computers and Electronics,3.22,08/2018,10
25-2012,25-2012.00,"Kindergarten Teachers, Except Special Education",Geography,3.17,08/2018,11
25-2012,25-2012.00,"Kindergarten Teachers, Except Special Education",History and Archeology,2.97,08/2018,12
25-2012,25-2012.00,"Kindergarten Teachers, Except Special Education",Philosophy and Theology,2.93,08/2018,13
25-2012,25-2012.00,"Kindergarten Teachers, Except Special Education",Administration and Management,2.92,08/2018,14
25-2012,25-2012.00,"Kindergarten Teachers, Except Special Education",Communications and Media,2.64,08/2018,15
25-2021,25-2021.00,"Elementary School Teachers, Except Special Education",English Language,4.86,08/2024,1
25-2021,25-2021.00,"Elementary School Teachers, Except Special Education",Education and Training,4.84,08/2024,2
25-2021,25-2021.00,"Elementary School Teachers, Except Special Education",Mathematics,3.91,08/2024,3
25-2021,25-2021.00,"Elementary School Teachers, Except Special Education",Customer and Personal Service,3.85,08/2024,4
25-2021,25-2021.00,"Elementary School Teachers, Except Special Education",Psychology,3.66,08/2024,5
25-2021,25-2021.00,"Elementary School Teachers, Except Special Education",Therapy and Counseling,3.27,08/2024,6
25-2021,25-2021.00,"Elementary School Teachers, Except Special Education",Computers and Electronics,3.23,08/2024,7
25-2021,25-2021.00,"Elementary School Teachers, Except Special Education",Public Safety and Security,3.18,08/2024,8
25-2021,25-2021.00,"Elementary School Teachers, Except Special Education",Administrative,3.17,08/2024,9
25-2021,25-2021.00,"Elementary School Teachers, Except Special Education",Administration and Management,3.14,08/2024,10
25-2021,25-2021.00,"Elementary School Teachers, Except Special Education",Communications and Media,3.1,08/2024,11
25-2021,25-2021.00,"Elementary School Teachers, Except Special Education",Sociology and Anthropology,2.94,08/2024,12
25-2021,25-2021.00,"Elementary School Teachers, Except Special Education",Geography,2.88,08/2024,13
25-2021,25-2021.00,"Elementary School Teachers, Except Special Education",History and Archeology,2.87,08/2024,14
25-2021,25-2021.00,"Elementary School Teachers, Except Special Education",Philosophy and Theology,2.66,08/2024,15
25-2022,25-2022.00,"Middle School Teachers, Except Special and Career/Technical Education",Education and Training,4.47,08/2024,1
25-2022,25-2022.00,"Middle School Teachers, Except Special and Career/Technical Education",English Language,4.33,08/2024,2
25-2022,25-2022.00,"Middle School Teachers, Except Special and Career/Technical Education",Philosophy and Theology,3.79,08/2024,3
25-2022,25-2022.00,"Middle School Teachers, Except Special and Career/Technical Education",Mathematics,3.66,08/2024,4
25-2022,25-2022.00,"Middle School Teachers, Except Special and Career/Technical Education",Psychology,3.3,08/2024,5
25-2022,25-2022.00,"Middle School Teachers, Except Special and Career/Technical Education",Computers and Electronics,3.23,08/2024,6
25-2022,25-2022.00,"Middle School Teachers, Except Special and Career/Technical Education",History and Archeology,3.17,08/2024,7
25-2022,25-2022.00,"Middle School Teachers, Except Special and Career/Technical Education",Public Safety and Security,3.16,08/2024,8
25-2022,25-2022.00,"Middle School Teachers, Except Special and Career/Technical Education",Customer and Personal Service,3.09,08/2024,9
25-2022,25-2022.00,"Middle School Teachers, Except Special and Career/Technical Education",Sociology and Anthropology,3.07,08/2024,10
25-2022,25-2022.00,"Middle School Teachers, Except Special and Career/Technical Education",Administrative,3.03,08/2024,11
25-2022,25-2022.00,"Middle School Teachers, Except Special and Career/Technical Education",Geography,3.01,08/2024,12
25-2022,25-2022.00,"Middle School Teachers, Except Special and Career/Technical Education",Communications and Media,2.85,08/2024,13
25-2022,25-2022.00,"Middle School Teachers, Except Special and Career/Technical Education",Law and Government,2.63,08/2024,14
25-2022,25-2022.00,"Middle School Teachers, Except Special and Career/Technical Education",Therapy and Counseling,2.47,08/2024,15
25-2023,25-2023.00,"Career/Technical Education Teachers, Middle School",English Language,4.46,08/2018,1
25-2023,25-2023.00,"Career/Technical Education Teachers, Middle School",Education and Training,4.23,08/2018,2
25-2023,25-2023.00,"Career/Technical Education Teachers, Middle School",Psychology,3.73,08/2018,3
25-2023,25-2023.00,"Career/Technical Education Teachers, Middle School",Computers and Electronics,3.57,08/2018,4
25-2023,25-2023.00,"Career/Technical Education Teachers, Middle School",Administrative,3.45,08/2018,5
25-2023,25-2023.00,"Career/Technical Education Teachers, Middle School",Administration and Management,3.4,08/2018,6
25-2023,25-2023.00,"Career/Technical Education Teachers, Middle School",Customer and Personal Service,3.23,08/2018,7
25-2023,25-2023.00,"Career/Technical Education Teachers, Middle School",Engineering and Technology,3.12,08/2018,8
25-2023,25-2023.00,"Career/Technical Education Teachers, Middle School",Public Safety and Security,3.11,08/2018,9
25-2023,25-2023.00,"Career/Technical Education Teachers, Middle School",Mathematics,2.98,08/2018,10
25-2023,25-2023.00,"Career/Technical Education Teachers, Middle School",Design,2.91,08/2018,11
25-2023,25-2023.00,"Career/Technical Education Teachers, Middle School",Sociology and Anthropology,2.79,08/2018,12
25-2023,25-2023.00,"Career/Technical Education Teachers, Middle School",Communications and Media,2.77,08/2018,13
25-2023,25-2023.00,"Career/Technical Education Teachers, Middle School",Law and Government,2.7,08/2018,14
25-2023,25-2023.00,"Career/Technical Education Teachers, Middle School",Economics and Accounting,2.68,08/2018,15
25-2031,25-2031.00,"Secondary School Teachers, Except Special and Career/Technical Education",Education and Training,4.69,08/2025,1
25-2031,25-2031.00,"Secondary School Teachers, Except Special and Career/Technical Education",English Language,4.35,08/2025,2
25-2031,25-2031.00,"Secondary School Teachers, Except Special and Career/Technical Education",Customer and Personal Service,3.94,08/2025,3
25-2031,25-2031.00,"Secondary School Teachers, Except Special and Career/Technical Education",Computers and Electronics,3.58,08/2025,4
25-2031,25-2031.00,"Secondary School Teachers, Except Special and Career/Technical Education",Psychology,3.36,08/2025,5
25-2031,25-2031.00,"Secondary School Teachers, Except Special and Career/Technical Education",Sociology and Anthropology,3.18,08/2025,6
25-2031,25-2031.00,"Secondary School Teachers, Except Special and Career/Technical Education",History and Archeology,3.03,08/2025,7
25-2031,25-2031.00,"Secondary School Teachers, Except Special and Career/Technical Education",Communications and Media,2.97,08/2025,8
25-2031,25-2031.00,"Secondary School Teachers, Except Special and Career/Technical Education",Administrative,2.88,08/2025,9
25-2031,25-2031.00,"Secondary School Teachers, Except Special and Career/Technical Education",Public Safety and Security,2.85,08/2025,10
25-2031,25-2031.00,"Secondary School Teachers, Except Special and Career/Technical Education",Geography,2.73,08/2025,11
25-2031,25-2031.00,"Secondary School Teachers, Except Special and Career/Technical Education",Law and Government,2.73,08/2025,12
25-2031,25-2031.00,"Secondary School Teachers, Except Special and Career/Technical Education",Mathematics,2.71,08/2025,13
25-2031,25-2031.00,"Secondary School Teachers, Except Special and Career/Technical Education",Administration and Management,2.66,08/2025,14
25-2031,25-2031.00,"Secondary School Teachers, Except Special and Career/Technical Education",Therapy and Counseling,2.64,08/2025,15
25-2032,25-2032.00,"Career/Technical Education Teachers, Secondary School",Education and Training,4.51,08/2025,1
25-2032,25-2032.00,"Career/Technical Education Teachers, Secondary School",English Language,4.05,08/2025,2
25-2032,25-2032.00,"Career/Technical Education Teachers, Secondary School",Computers and Electronics,3.78,08/2025,3
25-2032,25-2032.00,"Career/Technical Education Teachers, Secondary School",Customer and Personal Service,3.53,08/2025,4
25-2032,25-2032.00,"Career/Technical Education Teachers, Secondary School",Public Safety and Security,3.27,08/2025,5
25-2032,25-2032.00,"Career/Technical Education Teachers, Secondary School",Administration and Management,3.26,08/2025,6
25-2032,25-2032.00,"Career/Technical Education Teachers, Secondary School",Mathematics,3.12,08/2025,7
25-2032,25-2032.00,"Career/Technical Education Teachers, Secondary School",Psychology,3.1,08/2025,8
25-2032,25-2032.00,"Career/Technical Education Teachers, Secondary School",Communications and Media,2.85,08/2025,9
25-2032,25-2032.00,"Career/Technical Education Teachers, Secondary School",Design,2.83,08/2025,10
25-2032,25-2032.00,"Career/Technical Education Teachers, Secondary School",Administrative,2.78,08/2025,11
25-2032,25-2032.00,"Career/Technical Education Teachers, Secondary School",Personnel and Human Resources,2.77,08/2025,12
25-2032,25-2032.00,"Career/Technical Education Teachers, Secondary School",Therapy and Counseling,2.71,08/2025,13
25-2032,25-2032.00,"Career/Technical Education Teachers, Secondary School",Law and Government,2.67,08/2025,14
25-2032,25-2032.00,"Career/Technical Education Teachers, Secondary School",Sociology and Anthropology,2.61,08/2025,15
25-2051,25-2051.00,"Special Education Teachers, Preschool",English Language,4.5,08/2019,1
25-2051,25-2051.00,"Special Education Teachers, Preschool",Education and Training,4.23,08/2019,2
25-2051,25-2051.00,"Special Education Teachers, Preschool",Psychology,3.82,08/2019,3
25-2051,25-2051.00,"Special Education Teachers, Preschool",Public Safety and Security,3.38,08/2019,4
25-2051,25-2051.00,"Special Education Teachers, Preschool",Therapy and Counseling,3.28,08/2019,5
25-2051,25-2051.00,"Special Education Teachers, Preschool",Computers and Electronics,3.25,08/2019,6
25-2051,25-2051.00,"Special Education Teachers, Preschool",Administrative,3.09,08/2019,7
25-2051,25-2051.00,"Special Education Teachers, Preschool",Customer and Personal Service,3.06,08/2019,8
25-2051,25-2051.00,"Special Education Teachers, Preschool",Sociology and Anthropology,2.98,08/2019,9
25-2051,25-2051.00,"Special Education Teachers, Preschool",Medicine and Dentistry,2.94,08/2019,10
25-2051,25-2051.00,"Special Education Teachers, Preschool",Philosophy and Theology,2.91,08/2019,11
25-2051,25-2051.00,"Special Education Teachers, Preschool",Mathematics,2.85,08/2019,12
25-2051,25-2051.00,"Special Education Teachers, Preschool",Communications and Media,2.77,08/2019,13
25-2051,25-2051.00,"Special Education Teachers, Preschool",Law and Government,2.66,08/2019,14
25-2051,25-2051.00,"Special Education Teachers, Preschool",Foreign Language,2.56,08/2019,15
25-2056,25-2056.00,"Special Education Teachers, Elementary School",Education and Training,4.78,08/2025,1
25-2056,25-2056.00,"Special Education Teachers, Elementary School",English Language,4.58,08/2025,2
25-2056,25-2056.00,"Special Education Teachers, Elementary School",Customer and Personal Service,4.21,08/2025,3
25-2056,25-2056.00,"Special Education Teachers, Elementary School",Computers and Electronics,3.96,08/2025,4
25-2056,25-2056.00,"Special Education Teachers, Elementary School",Mathematics,3.84,08/2025,5
25-2056,25-2056.00,"Special Education Teachers, Elementary School",Administration and Management,3.59,08/2025,6
25-2056,25-2056.00,"Special Education Teachers, Elementary School",Psychology,3.51,08/2025,7
25-2056,25-2056.00,"Special Education Teachers, Elementary School",Public Safety and Security,3.46,08/2025,8
25-2056,25-2056.00,"Special Education Teachers, Elementary School",Administrative,3.42,08/2025,9
25-2056,25-2056.00,"Special Education Teachers, Elementary School",Therapy and Counseling,3.23,08/2025,10
25-2056,25-2056.00,"Special Education Teachers, Elementary School",Personnel and Human Resources,2.72,08/2025,11
25-2056,25-2056.00,"Special Education Teachers, Elementary School",Geography,2.62,08/2025,12
25-2056,25-2056.00,"Special Education Teachers, Elementary School",Sociology and Anthropology,2.55,08/2025,13
25-2056,25-2056.00,"Special Education Teachers, Elementary School",Law and Government,2.43,08/2025,14
25-2056,25-2056.00,"Special Education Teachers, Elementary School",Communications and Media,2.29,08/2025,15
25-2057,25-2057.00,"Special Education Teachers, Middle School",English Language,4.5,08/2025,1
25-2057,25-2057.00,"Special Education Teachers, Middle School",Education and Training,4.43,08/2025,2
25-2057,25-2057.00,"Special Education Teachers, Middle School",Mathematics,3.95,08/2025,3
25-2057,25-2057.00,"Special Education Teachers, Middle School",Administrative,3.75,08/2025,4
25-2057,25-2057.00,"Special Education Teachers, Middle School",Customer and Personal Service,3.56,08/2025,5
25-2057,25-2057.00,"Special Education Teachers, Middle School",Psychology,3.48,08/2025,6
25-2057,25-2057.00,"Special Education Teachers, Middle School",Sociology and Anthropology,3.31,08/2025,7
25-2057,25-2057.00,"Special Education Teachers, Middle School",Public Safety and Security,3.25,08/2025,8
25-2057,25-2057.00,"Special Education Teachers, Middle School",Law and Government,3.02,08/2025,9
25-2057,25-2057.00,"Special Education Teachers, Middle School",Administration and Management,2.95,08/2025,10
25-2057,25-2057.00,"Special Education Teachers, Middle School",Therapy and Counseling,2.95,08/2025,11
25-2057,25-2057.00,"Special Education Teachers, Middle School",Computers and Electronics,2.94,08/2025,12
25-2057,25-2057.00,"Special Education Teachers, Middle School",Personnel and Human Resources,2.84,08/2025,13
25-2057,25-2057.00,"Special Education Teachers, Middle School",History and Archeology,2.81,08/2025,14
25-2057,25-2057.00,"Special Education Teachers, Middle School",Philosophy and Theology,2.79,08/2025,15
25-2058,25-2058.00,"Special Education Teachers, Secondary School",Education and Training,4.79,08/2025,1
25-2058,25-2058.00,"Special Education Teachers, Secondary School",English Language,4.61,08/2025,2
25-2058,25-2058.00,"Special Education Teachers, Secondary School",Psychology,4.18,08/2025,3
25-2058,25-2058.00,"Special Education Teachers, Secondary School",Customer and Personal Service,3.89,08/2025,4
25-2058,25-2058.00,"Special Education Teachers, Secondary School",Therapy and Counseling,3.56,08/2025,5
25-2058,25-2058.00,"Special Education Teachers, Secondary School",Administrative,3.54,08/2025,6
25-2058,25-2058.00,"Special Education Teachers, Secondary School",Computers and Electronics,3.54,08/2025,7
25-2058,25-2058.00,"Special Education Teachers, Secondary School",Mathematics,3.44,08/2025,8
25-2058,25-2058.00,"Special Education Teachers, Secondary School",Public Safety and Security,3.34,08/2025,9
25-2058,25-2058.00,"Special Education Teachers, Secondary School",Administration and Management,3.32,08/2025,10
25-2058,25-2058.00,"Special Education Teachers, Secondary School",Sociology and Anthropology,3.28,08/2025,11
25-2058,25-2058.00,"Special Education Teachers, Secondary School",Law and Government,3.08,08/2025,12
25-2058,25-2058.00,"Special Education Teachers, Secondary School",Personnel and Human Resources,2.9,08/2025,13
25-2058,25-2058.00,"Special Education Teachers, Secondary School",Communications and Media,2.88,08/2025,14
25-2058,25-2058.00,"Special Education Teachers, Secondary School",Geography,2.58,08/2025,15
25-3011,25-3011.00,"Adult Basic Education, Adult Secondary Education, and English as a Second Language Instructors",English Language,4.42,08/2018,1
25-3011,25-3011.00,"Adult Basic Education, Adult Secondary Education, and English as a Second Language Instructors",Education and Training,3.91,08/2018,2
25-3011,25-3011.00,"Adult Basic Education, Adult Secondary Education, and English as a Second Language Instructors",Customer and Personal Service,3.51,08/2018,3
25-3011,25-3011.00,"Adult Basic Education, Adult Secondary Education, and English as a Second Language Instructors",Administrative,3.17,08/2018,4
25-3011,25-3011.00,"Adult Basic Education, Adult Secondary Education, and English as a Second Language Instructors",Administration and Management,2.91,08/2018,5
25-3011,25-3011.00,"Adult Basic Education, Adult Secondary Education, and English as a Second Language Instructors",Mathematics,2.75,08/2018,6
25-3011,25-3011.00,"Adult Basic Education, Adult Secondary Education, and English as a Second Language Instructors",Psychology,2.67,08/2018,7
25-3011,25-3011.00,"Adult Basic Education, Adult Secondary Education, and English as a Second Language Instructors",Sociology and Anthropology,2.61,08/2018,8
25-3011,25-3011.00,"Adult Basic Education, Adult Secondary Education, and English as a Second Language Instructors",Computers and Electronics,2.49,08/2018,9
25-3011,25-3011.00,"Adult Basic Education, Adult Secondary Education, and English as a Second Language Instructors",Communications and Media,2.27,08/2018,10
25-3011,25-3011.00,"Adult Basic Education, Adult Secondary Education, and English as a Second Language Instructors",History and Archeology,2.26,08/2018,11
25-3011,25-3011.00,"Adult Basic Education, Adult Secondary Education, and English as a Second Language Instructors",Geography,2.25,08/2018,12
25-3011,25-3011.00,"Adult Basic Education, Adult Secondary Education, and English as a Second Language Instructors",Therapy and Counseling,2.17,08/2018,13
25-3011,25-3011.00,"Adult Basic Education, Adult Secondary Education, and English as a Second Language Instructors",Law and Government,2.02,08/2018,14
25-3011,25-3011.00,"Adult Basic Education, Adult Secondary Education, and English as a Second Language Instructors",Philosophy and Theology,1.96,08/2018,15
25-3021,25-3021.00,Self-Enrichment Teachers,Education and Training,4.27,08/2019,1
25-3021,25-3021.00,Self-Enrichment Teachers,Customer and Personal Service,3.49,08/2019,2
25-3021,25-3021.00,Self-Enrichment Teachers,English Language,3.25,08/2019,3
25-3021,25-3021.00,Self-Enrichment Teachers,Sociology and Anthropology,2.48,08/2019,4
25-3021,25-3021.00,Self-Enrichment Teachers,Computers and Electronics,2.46,08/2019,5
25-3021,25-3021.00,Self-Enrichment Teachers,Psychology,2.45,08/2019,6
25-3021,25-3021.00,Self-Enrichment Teachers,Mathematics,2.44,08/2019,7
25-3021,25-3021.00,Self-Enrichment Teachers,Foreign Language,2.44,08/2019,8
25-3021,25-3021.00,Self-Enrichment Teachers,Communications and Media,2.43,08/2019,9
25-3021,25-3021.00,Self-Enrichment Teachers,Sales and Marketing,2.42,08/2019,10
25-3021,25-3021.00,Self-Enrichment Teachers,Geography,2.19,08/2019,11
25-3021,25-3021.00,Self-Enrichment Teachers,Fine Arts,2.17,08/2019,12
25-3021,25-3021.00,Self-Enrichment Teachers,Administration and Management,2.07,08/2019,13
25-3021,25-3021.00,Self-Enrichment Teachers,Public Safety and Security,2.04,08/2019,14
25-3021,25-3021.00,Self-Enrichment Teachers,Administrative,2.02,08/2019,15
25-3031,25-3031.00,"Substitute Teachers, Short-Term",English Language,4.09,08/2025,1
25-3031,25-3031.00,"Substitute Teachers, Short-Term",Education and Training,3.29,08/2025,2
25-3031,25-3031.00,"Substitute Teachers, Short-Term",Public Safety and Security,3.18,08/2025,3
25-3031,25-3031.00,"Substitute Teachers, Short-Term",Customer and Personal Service,3.04,08/2025,4
25-3031,25-3031.00,"Substitute Teachers, Short-Term",Computers and Electronics,2.94,08/2025,5
25-3031,25-3031.00,"Substitute Teachers, Short-Term",Mathematics,2.8,08/2025,6
25-3031,25-3031.00,"Substitute Teachers, Short-Term",Psychology,2.79,08/2025,7
25-3031,25-3031.00,"Substitute Teachers, Short-Term",Communications and Media,2.55,08/2025,8
25-3031,25-3031.00,"Substitute Teachers, Short-Term",History and Archeology,2.41,08/2025,9
25-3031,25-3031.00,"Substitute Teachers, Short-Term",Geography,2.32,08/2025,10
25-3031,25-3031.00,"Substitute Teachers, Short-Term",Therapy and Counseling,2.31,08/2025,11
25-3031,25-3031.00,"Substitute Teachers, Short-Term",Administrative,2.3,08/2025,12
25-3031,25-3031.00,"Substitute Teachers, Short-Term",Philosophy and Theology,2.3,08/2025,13
25-3031,25-3031.00,"Substitute Teachers, Short-Term",Telecommunications,2.22,08/2025,14
25-3031,25-3031.00,"Substitute Teachers, Short-Term",Administration and Management,2.11,08/2025,15
25-4012,25-4012.00,Curators,English Language,4.57,08/2018,1
25-4012,25-4012.00,Curators,History and Archeology,4.52,08/2018,2
25-4012,25-4012.00,Curators,Fine Arts,3.76,08/2018,3
25-4012,25-4012.00,Curators,Administration and Management,3.33,08/2018,4
25-4012,25-4012.00,Curators,Sociology and Anthropology,3.3,08/2018,5
25-4012,25-4012.00,Curators,Communications and Media,3.2,08/2018,6
25-4012,25-4012.00,Curators,Administrative,3.14,08/2018,7
25-4012,25-4012.00,Curators,Education and Training,3.1,08/2018,8
25-4012,25-4012.00,Curators,Geography,3.08,08/2018,9
25-4012,25-4012.00,Curators,Customer and Personal Service,3.06,08/2018,10
25-4012,25-4012.00,Curators,Philosophy and Theology,3.01,08/2018,11
25-4012,25-4012.00,Curators,Computers and Electronics,2.83,08/2018,12
25-4012,25-4012.00,Curators,Design,2.52,08/2018,13
25-4012,25-4012.00,Curators,Sales and Marketing,2.51,08/2018,14
25-4012,25-4012.00,Curators,Foreign Language,2.43,08/2018,15
25-4013,25-4013.00,Museum Technicians and Conservators,Fine Arts,3.48,08/2018,1
25-4013,25-4013.00,Museum Technicians and Conservators,English Language,3.41,08/2018,2
25-4013,25-4013.00,Museum Technicians and Conservators,Public Safety and Security,3.3,08/2018,3
25-4013,25-4013.00,Museum Technicians and Conservators,History and Archeology,3.21,08/2018,4
25-4013,25-4013.00,Museum Technicians and Conservators,Administration and Management,3.1,08/2018,5
25-4013,25-4013.00,Museum Technicians and Conservators,Chemistry,3.08,08/2018,6
25-4013,25-4013.00,Museum Technicians and Conservators,Administrative,2.83,08/2018,7
25-4013,25-4013.00,Museum Technicians and Conservators,Mechanical,2.74,08/2018,8
25-4013,25-4013.00,Museum Technicians and Conservators,Production and Processing,2.69,08/2018,9
25-4013,25-4013.00,Museum Technicians and Conservators,Design,2.6,08/2018,10
25-4013,25-4013.00,Museum Technicians and Conservators,Mathematics,2.59,08/2018,11
25-4013,25-4013.00,Museum Technicians and Conservators,Education and Training,2.58,08/2018,12
25-4013,25-4013.00,Museum Technicians and Conservators,Communications and Media,2.48,08/2018,13
25-4013,25-4013.00,Museum Technicians and Conservators,Engineering and Technology,2.42,08/2018,14
25-4013,25-4013.00,Museum Technicians and Conservators,Transportation,2.4,08/2018,15
25-4022,25-4022.00,Librarians and Media Collections Specialists,Customer and Personal Service,4.61,08/2022,1
25-4022,25-4022.00,Librarians and Media Collections Specialists,English Language,4.39,08/2022,2
25-4022,25-4022.00,Librarians and Media Collections Specialists,Computers and Electronics,4.04,08/2022,3
25-4022,25-4022.00,Librarians and Media Collections Specialists,Education and Training,3.97,08/2022,4
25-4022,25-4022.00,Librarians and Media Collections Specialists,Administrative,3.84,08/2022,5
25-4022,25-4022.00,Librarians and Media Collections Specialists,Communications and Media,3.27,08/2022,6
25-4022,25-4022.00,Librarians and Media Collections Specialists,Administration and Management,3.25,08/2022,7
25-4022,25-4022.00,Librarians and Media Collections Specialists,Psychology,2.71,08/2022,8
25-4022,25-4022.00,Librarians and Media Collections Specialists,Mathematics,2.65,08/2022,9
25-4022,25-4022.00,Librarians and Media Collections Specialists,Public Safety and Security,2.65,08/2022,10
25-4022,25-4022.00,Librarians and Media Collections Specialists,Sales and Marketing,2.58,08/2022,11
25-4022,25-4022.00,Librarians and Media Collections Specialists,Personnel and Human Resources,2.56,08/2022,12
25-4022,25-4022.00,Librarians and Media Collections Specialists,Sociology and Anthropology,2.52,08/2022,13
25-4022,25-4022.00,Librarians and Media Collections Specialists,Law and Government,2.51,08/2022,14
25-4022,25-4022.00,Librarians and Media Collections Specialists,Geography,2.49,08/2022,15
25-4031,25-4031.00,Library Technicians,Customer and Personal Service,4.1,07/2017,1
25-4031,25-4031.00,Library Technicians,English Language,3.83,07/2017,2
25-4031,25-4031.00,Library Technicians,Administrative,3.36,07/2017,3
25-4031,25-4031.00,Library Technicians,Computers and Electronics,3.3,07/2017,4
25-4031,25-4031.00,Library Technicians,Education and Training,3.16,07/2017,5
25-4031,25-4031.00,Library Technicians,Communications and Media,2.84,07/2017,6
25-4031,25-4031.00,Library Technicians,Psychology,2.62,07/2017,7
25-4031,25-4031.00,Library Technicians,Mathematics,2.61,07/2017,8
25-4031,25-4031.00,Library Technicians,Public Safety and Security,2.59,07/2017,9
25-4031,25-4031.00,Library Technicians,Geography,2.38,07/2017,10
25-4031,25-4031.00,Library Technicians,Sociology and Anthropology,2.15,07/2017,11
25-4031,25-4031.00,Library Technicians,Administration and Management,2.09,07/2017,12
25-4031,25-4031.00,Library Technicians,Telecommunications,2.0,07/2017,13
25-4031,25-4031.00,Library Technicians,Economics and Accounting,1.92,07/2017,14
25-4031,25-4031.00,Library Technicians,Production and Processing,1.91,07/2017,15
25-9031,25-9031.00,Instructional Coordinators,Education and Training,4.78,08/2018,1
25-9031,25-9031.00,Instructional Coordinators,English Language,4.32,08/2018,2
25-9031,25-9031.00,Instructional Coordinators,Administration and Management,3.79,08/2018,3
25-9031,25-9031.00,Instructional Coordinators,Mathematics,3.68,08/2018,4
25-9031,25-9031.00,Instructional Coordinators,Computers and Electronics,3.6,08/2018,5
25-9031,25-9031.00,Instructional Coordinators,Customer and Personal Service,3.47,08/2018,6
25-9031,25-9031.00,Instructional Coordinators,Public Safety and Security,3.47,08/2018,7
25-9031,25-9031.00,Instructional Coordinators,Personnel and Human Resources,3.41,08/2018,8
25-9031,25-9031.00,Instructional Coordinators,Communications and Media,3.35,08/2018,9
25-9031,25-9031.00,Instructional Coordinators,Sociology and Anthropology,3.28,08/2018,10
25-9031,25-9031.00,Instructional Coordinators,Philosophy and Theology,3.21,08/2018,11
25-9031,25-9031.00,Instructional Coordinators,Psychology,3.14,08/2018,12
25-9031,25-9031.00,Instructional Coordinators,Administrative,3.11,08/2018,13
25-9031,25-9031.00,Instructional Coordinators,History and Archeology,2.93,08/2018,14
25-9031,25-9031.00,Instructional Coordinators,Therapy and Counseling,2.87,08/2018,15
25-9042,25-9042.00,"Teaching Assistants, Preschool, Elementary, Middle, and Secondary School, Except Special Education",Customer and Personal Service,4.11,08/2024,1
25-9042,25-9042.00,"Teaching Assistants, Preschool, Elementary, Middle, and Secondary School, Except Special Education",English Language,3.8,08/2024,2
25-9042,25-9042.00,"Teaching Assistants, Preschool, Elementary, Middle, and Secondary School, Except Special Education",Psychology,3.76,08/2024,3
25-9042,25-9042.00,"Teaching Assistants, Preschool, Elementary, Middle, and Secondary School, Except Special Education",Mathematics,3.52,08/2024,4
25-9042,25-9042.00,"Teaching Assistants, Preschool, Elementary, Middle, and Secondary School, Except Special Education",Education and Training,3.48,08/2024,5
25-9042,25-9042.00,"Teaching Assistants, Preschool, Elementary, Middle, and Secondary School, Except Special Education",Public Safety and Security,3.3,08/2024,6
25-9042,25-9042.00,"Teaching Assistants, Preschool, Elementary, Middle, and Secondary School, Except Special Education",Administrative,3.16,08/2024,7
25-9042,25-9042.00,"Teaching Assistants, Preschool, Elementary, Middle, and Secondary School, Except Special Education",Sociology and Anthropology,3.08,08/2024,8
25-9042,25-9042.00,"Teaching Assistants, Preschool, Elementary, Middle, and Secondary School, Except Special Education",Geography,2.99,08/2024,9
25-9042,25-9042.00,"Teaching Assistants, Preschool, Elementary, Middle, and Secondary School, Except Special Education",Therapy and Counseling,2.97,08/2024,10
25-9042,25-9042.00,"Teaching Assistants, Preschool, Elementary, Middle, and Secondary School, Except Special Education",Administration and Management,2.9,08/2024,11
25-9042,25-9042.00,"Teaching Assistants, Preschool, Elementary, Middle, and Secondary School, Except Special Education",Computers and Electronics,2.79,08/2024,12
25-9042,25-9042.00,"Teaching Assistants, Preschool, Elementary, Middle, and Secondary School, Except Special Education",Foreign Language,2.62,08/2024,13
25-9042,25-9042.00,"Teaching Assistants, Preschool, Elementary, Middle, and Secondary School, Except Special Education",History and Archeology,2.5,08/2024,14
25-9042,25-9042.00,"Teaching Assistants, Preschool, Elementary, Middle, and Secondary School, Except Special Education",Biology,2.4,08/2024,15
25-9043,25-9043.00,"Teaching Assistants, Special Education",English Language,3.51,08/2025,1
25-9043,25-9043.00,"Teaching Assistants, Special Education",Psychology,3.37,08/2025,2
25-9043,25-9043.00,"Teaching Assistants, Special Education",Education and Training,2.87,08/2025,3
25-9043,25-9043.00,"Teaching Assistants, Special Education",Customer and Personal Service,2.84,08/2025,4
25-9043,25-9043.00,"Teaching Assistants, Special Education",Mathematics,2.67,08/2025,5
25-9043,25-9043.00,"Teaching Assistants, Special Education",Public Safety and Security,2.57,08/2025,6
25-9043,25-9043.00,"Teaching Assistants, Special Education",History and Archeology,2.55,08/2025,7
25-9043,25-9043.00,"Teaching Assistants, Special Education",Geography,2.43,08/2025,8
25-9043,25-9043.00,"Teaching Assistants, Special Education",Sociology and Anthropology,2.36,08/2025,9
25-9043,25-9043.00,"Teaching Assistants, Special Education",Therapy and Counseling,2.36,08/2025,10
25-9043,25-9043.00,"Teaching Assistants, Special Education",Communications and Media,2.36,08/2025,11
25-9043,25-9043.00,"Teaching Assistants, Special Education",Philosophy and Theology,2.33,08/2025,12
25-9043,25-9043.00,"Teaching Assistants, Special Education",Computers and Electronics,2.25,08/2025,13
25-9043,25-9043.00,"Teaching Assistants, Special Education",Medicine and Dentistry,2.23,08/2025,14
25-9043,25-9043.00,"Teaching Assistants, Special Education",Administration and Management,2.15,08/2025,15
25-9044,25-9044.00,"Teaching Assistants, Postsecondary",English Language,4.68,07/2016,1
25-9044,25-9044.00,"Teaching Assistants, Postsecondary",Education and Training,4.45,07/2016,2
25-9044,25-9044.00,"Teaching Assistants, Postsecondary",Computers and Electronics,3.52,07/2016,3
25-9044,25-9044.00,"Teaching Assistants, Postsecondary",Mathematics,3.27,07/2016,4
25-9044,25-9044.00,"Teaching Assistants, Postsecondary",Communications and Media,2.91,07/2016,5
25-9044,25-9044.00,"Teaching Assistants, Postsecondary",Psychology,2.65,07/2016,6
25-9044,25-9044.00,"Teaching Assistants, Postsecondary",Administrative,2.64,07/2016,7
25-9044,25-9044.00,"Teaching Assistants, Postsecondary",Sociology and Anthropology,2.48,07/2016,8
25-9044,25-9044.00,"Teaching Assistants, Postsecondary",Customer and Personal Service,2.38,07/2016,9
25-9044,25-9044.00,"Teaching Assistants, Postsecondary",Biology,2.37,07/2016,10
25-9044,25-9044.00,"Teaching Assistants, Postsecondary",Administration and Management,2.29,07/2016,11
25-9044,25-9044.00,"Teaching Assistants, Postsecondary",History and Archeology,2.29,07/2016,12
25-9044,25-9044.00,"Teaching Assistants, Postsecondary",Public Safety and Security,2.24,07/2016,13
25-9044,25-9044.00,"Teaching Assistants, Postsecondary",Philosophy and Theology,2.2,07/2016,14
25-9044,25-9044.00,"Teaching Assistants, Postsecondary",Fine Arts,2.17,07/2016,15
27-1011,27-1011.00,Art Directors,Design,4.35,08/2023,1
27-1011,27-1011.00,Art Directors,English Language,4.25,08/2023,2
27-1011,27-1011.00,Art Directors,Computers and Electronics,4.24,08/2023,3
27-1011,27-1011.00,Art Directors,Fine Arts,4.19,08/2023,4
27-1011,27-1011.00,Art Directors,Communications and Media,4.12,08/2023,5
27-1011,27-1011.00,Art Directors,Sales and Marketing,3.66,08/2023,6
27-1011,27-1011.00,Art Directors,Customer and Personal Service,3.34,08/2023,7
27-1011,27-1011.00,Art Directors,Production and Processing,2.97,08/2023,8
27-1011,27-1011.00,Art Directors,Administration and Management,2.95,08/2023,9
27-1011,27-1011.00,Art Directors,Sociology and Anthropology,2.74,08/2023,10
27-1011,27-1011.00,Art Directors,Administrative,2.73,08/2023,11
27-1011,27-1011.00,Art Directors,Telecommunications,2.67,08/2023,12
27-1011,27-1011.00,Art Directors,Education and Training,2.55,08/2023,13
27-1011,27-1011.00,Art Directors,Engineering and Technology,2.43,08/2023,14
27-1011,27-1011.00,Art Directors,Psychology,2.31,08/2023,15
27-1013,27-1013.00,"Fine Artists, Including Painters, Sculptors, and Illustrators",Design,4.35,07/2017,1
27-1013,27-1013.00,"Fine Artists, Including Painters, Sculptors, and Illustrators",Computers and Electronics,4.24,07/2017,2
27-1013,27-1013.00,"Fine Artists, Including Painters, Sculptors, and Illustrators",English Language,3.87,07/2017,3
27-1013,27-1013.00,"Fine Artists, Including Painters, Sculptors, and Illustrators",Production and Processing,3.59,07/2017,4
27-1013,27-1013.00,"Fine Artists, Including Painters, Sculptors, and Illustrators",Fine Arts,3.45,07/2017,5
27-1013,27-1013.00,"Fine Artists, Including Painters, Sculptors, and Illustrators",Education and Training,3.41,07/2017,6
27-1013,27-1013.00,"Fine Artists, Including Painters, Sculptors, and Illustrators",Communications and Media,3.36,07/2017,7
27-1013,27-1013.00,"Fine Artists, Including Painters, Sculptors, and Illustrators",Customer and Personal Service,3.32,07/2017,8
27-1013,27-1013.00,"Fine Artists, Including Painters, Sculptors, and Illustrators",Mathematics,3.2,07/2017,9
27-1013,27-1013.00,"Fine Artists, Including Painters, Sculptors, and Illustrators",Administration and Management,3.05,07/2017,10
27-1013,27-1013.00,"Fine Artists, Including Painters, Sculptors, and Illustrators",Psychology,2.8,07/2017,11
27-1013,27-1013.00,"Fine Artists, Including Painters, Sculptors, and Illustrators",Geography,2.72,07/2017,12
27-1013,27-1013.00,"Fine Artists, Including Painters, Sculptors, and Illustrators",Administrative,2.7,07/2017,13
27-1013,27-1013.00,"Fine Artists, Including Painters, Sculptors, and Illustrators",Engineering and Technology,2.63,07/2017,14
27-1013,27-1013.00,"Fine Artists, Including Painters, Sculptors, and Illustrators",Sales and Marketing,2.56,07/2017,15
27-1014,27-1014.00,Special Effects Artists and Animators,Computers and Electronics,4.95,08/2019,1
27-1014,27-1014.00,Special Effects Artists and Animators,English Language,4.38,08/2019,2
27-1014,27-1014.00,Special Effects Artists and Animators,Design,4.22,08/2019,3
27-1014,27-1014.00,Special Effects Artists and Animators,Communications and Media,4.11,08/2019,4
27-1014,27-1014.00,Special Effects Artists and Animators,Customer and Personal Service,3.94,08/2019,5
27-1014,27-1014.00,Special Effects Artists and Animators,Sales and Marketing,3.87,08/2019,6
27-1014,27-1014.00,Special Effects Artists and Animators,Telecommunications,3.45,08/2019,7
27-1014,27-1014.00,Special Effects Artists and Animators,Engineering and Technology,3.19,08/2019,8
27-1014,27-1014.00,Special Effects Artists and Animators,Production and Processing,3.15,08/2019,9
27-1014,27-1014.00,Special Effects Artists and Animators,Geography,3.01,08/2019,10
27-1014,27-1014.00,Special Effects Artists and Animators,Administration and Management,2.94,08/2019,11
27-1014,27-1014.00,Special Effects Artists and Animators,Fine Arts,2.89,08/2019,12
27-1014,27-1014.00,Special Effects Artists and Animators,Administrative,2.8,08/2019,13
27-1014,27-1014.00,Special Effects Artists and Animators,Mathematics,2.47,08/2019,14
27-1014,27-1014.00,Special Effects Artists and Animators,Education and Training,2.2,08/2019,15
27-1021,27-1021.00,Commercial and Industrial Designers,Design,4.71,08/2019,1
27-1021,27-1021.00,Commercial and Industrial Designers,Engineering and Technology,4.7,08/2019,2
27-1021,27-1021.00,Commercial and Industrial Designers,Production and Processing,4.04,08/2019,3
27-1021,27-1021.00,Commercial and Industrial Designers,Mechanical,4.04,08/2019,4
27-1021,27-1021.00,Commercial and Industrial Designers,Computers and Electronics,3.9,08/2019,5
27-1021,27-1021.00,Commercial and Industrial Designers,Mathematics,3.72,08/2019,6
27-1021,27-1021.00,Commercial and Industrial Designers,English Language,3.57,08/2019,7
27-1021,27-1021.00,Commercial and Industrial Designers,Physics,3.1,08/2019,8
27-1021,27-1021.00,Commercial and Industrial Designers,Sales and Marketing,3.03,08/2019,9
27-1021,27-1021.00,Commercial and Industrial Designers,Administrative,3.01,08/2019,10
27-1021,27-1021.00,Commercial and Industrial Designers,Administration and Management,2.97,08/2019,11
27-1021,27-1021.00,Commercial and Industrial Designers,Customer and Personal Service,2.96,08/2019,12
27-1021,27-1021.00,Commercial and Industrial Designers,Education and Training,2.79,08/2019,13
27-1021,27-1021.00,Commercial and Industrial Designers,Communications and Media,2.49,08/2019,14
27-1021,27-1021.00,Commercial and Industrial Designers,Personnel and Human Resources,2.44,08/2019,15
27-1022,27-1022.00,Fashion Designers,Design,4.41,08/2024,1
27-1022,27-1022.00,Fashion Designers,Computers and Electronics,3.35,08/2024,2
27-1022,27-1022.00,Fashion Designers,Production and Processing,3.25,08/2024,3
27-1022,27-1022.00,Fashion Designers,Sales and Marketing,3.19,08/2024,4
27-1022,27-1022.00,Fashion Designers,English Language,3.13,08/2024,5
27-1022,27-1022.00,Fashion Designers,Fine Arts,2.7,08/2024,6
27-1022,27-1022.00,Fashion Designers,Administration and Management,2.57,08/2024,7
27-1022,27-1022.00,Fashion Designers,Personnel and Human Resources,2.44,08/2024,8
27-1022,27-1022.00,Fashion Designers,Mathematics,2.28,08/2024,9
27-1022,27-1022.00,Fashion Designers,Education and Training,2.24,08/2024,10
27-1022,27-1022.00,Fashion Designers,Communications and Media,2.14,08/2024,11
27-1022,27-1022.00,Fashion Designers,Transportation,2.06,08/2024,12
27-1022,27-1022.00,Fashion Designers,Administrative,2.03,08/2024,13
27-1022,27-1022.00,Fashion Designers,Customer and Personal Service,2.0,08/2024,14
27-1022,27-1022.00,Fashion Designers,Foreign Language,1.96,08/2024,15
27-1023,27-1023.00,Floral Designers,Customer and Personal Service,4.07,07/2015,1
27-1023,27-1023.00,Floral Designers,Production and Processing,3.55,07/2015,2
27-1023,27-1023.00,Floral Designers,Sales and Marketing,3.47,07/2015,3
27-1023,27-1023.00,Floral Designers,Design,3.41,07/2015,4
27-1023,27-1023.00,Floral Designers,English Language,3.39,07/2015,5
27-1023,27-1023.00,Floral Designers,Administration and Management,2.94,07/2015,6
27-1023,27-1023.00,Floral Designers,Administrative,2.53,07/2015,7
27-1023,27-1023.00,Floral Designers,Mathematics,2.53,07/2015,8
27-1023,27-1023.00,Floral Designers,Transportation,2.51,07/2015,9
27-1023,27-1023.00,Floral Designers,Education and Training,2.44,07/2015,10
27-1023,27-1023.00,Floral Designers,Telecommunications,2.24,07/2015,11
27-1023,27-1023.00,Floral Designers,Economics and Accounting,2.19,07/2015,12
27-1023,27-1023.00,Floral Designers,Psychology,2.17,07/2015,13
27-1023,27-1023.00,Floral Designers,Fine Arts,2.09,07/2015,14
27-1023,27-1023.00,Floral Designers,Computers and Electronics,2.06,07/2015,15
27-1026,27-1026.00,Merchandise Displayers and Window Trimmers,Customer and Personal Service,3.85,07/2015,1
27-1026,27-1026.00,Merchandise Displayers and Window Trimmers,Sales and Marketing,3.78,07/2015,2
27-1026,27-1026.00,Merchandise Displayers and Window Trimmers,English Language,3.3,07/2015,3
27-1026,27-1026.00,Merchandise Displayers and Window Trimmers,Administration and Management,3.15,07/2015,4
27-1026,27-1026.00,Merchandise Displayers and Window Trimmers,Design,2.84,07/2015,5
27-1026,27-1026.00,Merchandise Displayers and Window Trimmers,Computers and Electronics,2.81,07/2015,6
27-1026,27-1026.00,Merchandise Displayers and Window Trimmers,Communications and Media,2.73,07/2015,7
27-1026,27-1026.00,Merchandise Displayers and Window Trimmers,Mathematics,2.46,07/2015,8
27-1026,27-1026.00,Merchandise Displayers and Window Trimmers,Personnel and Human Resources,2.33,07/2015,9
27-1026,27-1026.00,Merchandise Displayers and Window Trimmers,Education and Training,2.27,07/2015,10
27-1026,27-1026.00,Merchandise Displayers and Window Trimmers,Administrative,2.25,07/2015,11
27-1026,27-1026.00,Merchandise Displayers and Window Trimmers,Public Safety and Security,2.17,07/2015,12
27-1026,27-1026.00,Merchandise Displayers and Window Trimmers,Building and Construction,2.04,07/2015,13
27-1026,27-1026.00,Merchandise Displayers and Window Trimmers,Psychology,2.01,07/2015,14
27-1026,27-1026.00,Merchandise Displayers and Window Trimmers,Production and Processing,2.0,07/2015,15
27-2011,27-2011.00,Actors,Fine Arts,4.67,07/2017,1
27-2011,27-2011.00,Actors,English Language,4.31,07/2017,2
27-2011,27-2011.00,Actors,Communications and Media,4.12,07/2017,3
27-2011,27-2011.00,Actors,Sociology and Anthropology,3.44,07/2017,4
27-2011,27-2011.00,Actors,Psychology,3.26,07/2017,5
27-2011,27-2011.00,Actors,Customer and Personal Service,3.08,07/2017,6
27-2011,27-2011.00,Actors,Sales and Marketing,2.89,07/2017,7
27-2011,27-2011.00,Actors,Education and Training,2.73,07/2017,8
27-2011,27-2011.00,Actors,History and Archeology,2.59,07/2017,9
27-2011,27-2011.00,Actors,Administration and Management,2.56,07/2017,10
27-2011,27-2011.00,Actors,Philosophy and Theology,2.52,07/2017,11
27-2011,27-2011.00,Actors,Design,2.35,07/2017,12
27-2011,27-2011.00,Actors,Computers and Electronics,2.24,07/2017,13
27-2011,27-2011.00,Actors,Therapy and Counseling,2.22,07/2017,14
27-2011,27-2011.00,Actors,Administrative,2.21,07/2017,15
27-2012,27-2012.03,Media Programming Directors,Communications and Media,4.89,08/2023,1
27-2012,27-2012.05,Media Technical Directors/Managers,Communications and Media,4.75,08/2019,2
27-2012,27-2012.00,Producers and Directors,Communications and Media,4.72,08/2022,3
27-2012,27-2012.03,Media Programming Directors,Computers and Electronics,4.46,08/2023,4
27-2012,27-2012.03,Media Programming Directors,English Language,4.37,08/2023,5
27-2012,27-2012.05,Media Technical Directors/Managers,Computers and Electronics,4.34,08/2019,6
27-2012,27-2012.04,Talent Directors,English Language,4.2,08/2019,7
27-2012,27-2012.05,Media Technical Directors/Managers,English Language,4.13,08/2019,8
27-2012,27-2012.04,Talent Directors,Customer and Personal Service,4.02,08/2019,9
27-2012,27-2012.03,Media Programming Directors,Administration and Management,3.9,08/2023,10
27-2012,27-2012.00,Producers and Directors,English Language,3.86,08/2022,11
27-2012,27-2012.03,Media Programming Directors,Telecommunications,3.86,08/2023,12
27-2012,27-2012.03,Media Programming Directors,Customer and Personal Service,3.85,08/2023,13
27-2012,27-2012.05,Media Technical Directors/Managers,Telecommunications,3.76,08/2019,14
27-2012,27-2012.00,Producers and Directors,Telecommunications,3.74,08/2022,15
27-2021,27-2021.00,Athletes and Sports Competitors,Administration and Management,3.72,07/2016,1
27-2021,27-2021.00,Athletes and Sports Competitors,English Language,3.69,07/2016,2
27-2021,27-2021.00,Athletes and Sports Competitors,Customer and Personal Service,3.58,07/2016,3
27-2021,27-2021.00,Athletes and Sports Competitors,Personnel and Human Resources,3.39,07/2016,4
27-2021,27-2021.00,Athletes and Sports Competitors,Communications and Media,3.31,07/2016,5
27-2021,27-2021.00,Athletes and Sports Competitors,Education and Training,3.23,07/2016,6
27-2021,27-2021.00,Athletes and Sports Competitors,Sales and Marketing,3.17,07/2016,7
27-2021,27-2021.00,Athletes and Sports Competitors,Mathematics,3.07,07/2016,8
27-2021,27-2021.00,Athletes and Sports Competitors,Public Safety and Security,2.88,07/2016,9
27-2021,27-2021.00,Athletes and Sports Competitors,Administrative,2.87,07/2016,10
27-2021,27-2021.00,Athletes and Sports Competitors,Economics and Accounting,2.86,07/2016,11
27-2021,27-2021.00,Athletes and Sports Competitors,Mechanical,2.75,07/2016,12
27-2021,27-2021.00,Athletes and Sports Competitors,Computers and Electronics,2.65,07/2016,13
27-2021,27-2021.00,Athletes and Sports Competitors,Psychology,2.48,07/2016,14
27-2021,27-2021.00,Athletes and Sports Competitors,Transportation,2.42,07/2016,15
27-2022,27-2022.00,Coaches and Scouts,Education and Training,3.83,08/2019,1
27-2022,27-2022.00,Coaches and Scouts,English Language,3.69,08/2019,2
27-2022,27-2022.00,Coaches and Scouts,Administration and Management,3.58,08/2019,3
27-2022,27-2022.00,Coaches and Scouts,Psychology,3.56,08/2019,4
27-2022,27-2022.00,Coaches and Scouts,Customer and Personal Service,3.52,08/2019,5
27-2022,27-2022.00,Coaches and Scouts,Communications and Media,3.25,08/2019,6
27-2022,27-2022.00,Coaches and Scouts,Personnel and Human Resources,3.17,08/2019,7
27-2022,27-2022.00,Coaches and Scouts,Public Safety and Security,3.11,08/2019,8
27-2022,27-2022.00,Coaches and Scouts,Computers and Electronics,3.05,08/2019,9
27-2022,27-2022.00,Coaches and Scouts,Administrative,3.01,08/2019,10
27-2022,27-2022.00,Coaches and Scouts,Therapy and Counseling,2.83,08/2019,11
27-2022,27-2022.00,Coaches and Scouts,Mathematics,2.8,08/2019,12
27-2022,27-2022.00,Coaches and Scouts,Sales and Marketing,2.73,08/2019,13
27-2022,27-2022.00,Coaches and Scouts,Transportation,2.6,08/2019,14
27-2022,27-2022.00,Coaches and Scouts,Sociology and Anthropology,2.51,08/2019,15
27-2031,27-2031.00,Dancers,Fine Arts,4.49,08/2019,1
27-2031,27-2031.00,Dancers,English Language,3.51,08/2019,2
27-2031,27-2031.00,Dancers,Customer and Personal Service,2.92,08/2019,3
27-2031,27-2031.00,Dancers,Mathematics,2.59,08/2019,4
27-2031,27-2031.00,Dancers,Transportation,2.51,08/2019,5
27-2031,27-2031.00,Dancers,Sales and Marketing,2.49,08/2019,6
27-2031,27-2031.00,Dancers,Psychology,2.49,08/2019,7
27-2031,27-2031.00,Dancers,Therapy and Counseling,2.45,08/2019,8
27-2031,27-2031.00,Dancers,Education and Training,2.4,08/2019,9
27-2031,27-2031.00,Dancers,Sociology and Anthropology,2.32,08/2019,10
27-2031,27-2031.00,Dancers,Administration and Management,2.24,08/2019,11
27-2031,27-2031.00,Dancers,Communications and Media,2.13,08/2019,12
27-2031,27-2031.00,Dancers,Economics and Accounting,2.11,08/2019,13
27-2031,27-2031.00,Dancers,Law and Government,1.99,08/2019,14
27-2031,27-2031.00,Dancers,Public Safety and Security,1.93,08/2019,15
27-2041,27-2041.00,Music Directors and Composers,Fine Arts,4.72,08/2022,1
27-2041,27-2041.00,Music Directors and Composers,English Language,3.79,08/2022,2
27-2041,27-2041.00,Music Directors and Composers,Education and Training,3.49,08/2022,3
27-2041,27-2041.00,Music Directors and Composers,Computers and Electronics,3.39,08/2022,4
27-2041,27-2041.00,Music Directors and Composers,Customer and Personal Service,3.09,08/2022,5
27-2041,27-2041.00,Music Directors and Composers,Philosophy and Theology,3.08,08/2022,6
27-2041,27-2041.00,Music Directors and Composers,Administrative,2.94,08/2022,7
27-2041,27-2041.00,Music Directors and Composers,Communications and Media,2.88,08/2022,8
27-2041,27-2041.00,Music Directors and Composers,Administration and Management,2.81,08/2022,9
27-2041,27-2041.00,Music Directors and Composers,Psychology,2.58,08/2022,10
27-2041,27-2041.00,Music Directors and Composers,Sales and Marketing,2.53,08/2022,11
27-2041,27-2041.00,Music Directors and Composers,Personnel and Human Resources,2.47,08/2022,12
27-2041,27-2041.00,Music Directors and Composers,History and Archeology,2.35,08/2022,13
27-2041,27-2041.00,Music Directors and Composers,Foreign Language,2.15,08/2022,14
27-2041,27-2041.00,Music Directors and Composers,Production and Processing,2.06,08/2022,15
27-2042,27-2042.00,Musicians and Singers,Fine Arts,4.54,08/2022,1
27-2042,27-2042.00,Musicians and Singers,English Language,3.15,08/2022,2
27-2042,27-2042.00,Musicians and Singers,Foreign Language,2.5,08/2022,3
27-2042,27-2042.00,Musicians and Singers,Education and Training,2.45,08/2022,4
27-2042,27-2042.00,Musicians and Singers,Communications and Media,2.42,08/2022,5
27-2042,27-2042.00,Musicians and Singers,Customer and Personal Service,2.36,08/2022,6
27-2042,27-2042.00,Musicians and Singers,Philosophy and Theology,2.33,08/2022,7
27-2042,27-2042.00,Musicians and Singers,Administration and Management,2.3,08/2022,8
27-2042,27-2042.00,Musicians and Singers,Psychology,2.29,08/2022,9
27-2042,27-2042.00,Musicians and Singers,History and Archeology,2.13,08/2022,10
27-2042,27-2042.00,Musicians and Singers,Personnel and Human Resources,2.09,08/2022,11
27-2042,27-2042.00,Musicians and Singers,Mathematics,2.08,08/2022,12
27-2042,27-2042.00,Musicians and Singers,Sales and Marketing,2.05,08/2022,13
27-2042,27-2042.00,Musicians and Singers,Sociology and Anthropology,1.95,08/2022,14
27-2042,27-2042.00,Musicians and Singers,Administrative,1.92,08/2022,15
27-3011,27-3011.00,Broadcast Announcers and Radio Disc Jockeys,Communications and Media,4.81,08/2025,1
27-3011,27-3011.00,Broadcast Announcers and Radio Disc Jockeys,English Language,4.65,08/2025,2
27-3011,27-3011.00,Broadcast Announcers and Radio Disc Jockeys,Computers and Electronics,3.84,08/2025,3
27-3011,27-3011.00,Broadcast Announcers and Radio Disc Jockeys,Telecommunications,3.71,08/2025,4
27-3011,27-3011.00,Broadcast Announcers and Radio Disc Jockeys,Law and Government,2.73,08/2025,5
27-3011,27-3011.00,Broadcast Announcers and Radio Disc Jockeys,Public Safety and Security,2.62,08/2025,6
27-3011,27-3011.00,Broadcast Announcers and Radio Disc Jockeys,Sales and Marketing,2.55,08/2025,7
27-3011,27-3011.00,Broadcast Announcers and Radio Disc Jockeys,Administration and Management,2.54,08/2025,8
27-3011,27-3011.00,Broadcast Announcers and Radio Disc Jockeys,Education and Training,2.52,08/2025,9
27-3011,27-3011.00,Broadcast Announcers and Radio Disc Jockeys,Customer and Personal Service,2.51,08/2025,10
27-3011,27-3011.00,Broadcast Announcers and Radio Disc Jockeys,Production and Processing,2.51,08/2025,11
27-3011,27-3011.00,Broadcast Announcers and Radio Disc Jockeys,Engineering and Technology,2.28,08/2025,12
27-3011,27-3011.00,Broadcast Announcers and Radio Disc Jockeys,Fine Arts,2.24,08/2025,13
27-3011,27-3011.00,Broadcast Announcers and Radio Disc Jockeys,History and Archeology,2.21,08/2025,14
27-3011,27-3011.00,Broadcast Announcers and Radio Disc Jockeys,Personnel and Human Resources,2.11,08/2025,15
27-3023,27-3023.00,"News Analysts, Reporters, and Journalists",English Language,4.85,11/2020,1
27-3023,27-3023.00,"News Analysts, Reporters, and Journalists",Communications and Media,4.71,11/2020,2
27-3023,27-3023.00,"News Analysts, Reporters, and Journalists",Law and Government,3.7,11/2020,3
27-3023,27-3023.00,"News Analysts, Reporters, and Journalists",Computers and Electronics,3.4,11/2020,4
27-3023,27-3023.00,"News Analysts, Reporters, and Journalists",Telecommunications,3.38,11/2020,5
27-3023,27-3023.00,"News Analysts, Reporters, and Journalists",Customer and Personal Service,3.17,11/2020,6
27-3023,27-3023.00,"News Analysts, Reporters, and Journalists",Geography,3.04,11/2020,7
27-3023,27-3023.00,"News Analysts, Reporters, and Journalists",Public Safety and Security,2.96,11/2020,8
27-3023,27-3023.00,"News Analysts, Reporters, and Journalists",History and Archeology,2.94,11/2020,9
27-3023,27-3023.00,"News Analysts, Reporters, and Journalists",Administration and Management,2.79,11/2020,10
27-3023,27-3023.00,"News Analysts, Reporters, and Journalists",Sociology and Anthropology,2.78,11/2020,11
27-3023,27-3023.00,"News Analysts, Reporters, and Journalists",Psychology,2.62,11/2020,12
27-3023,27-3023.00,"News Analysts, Reporters, and Journalists",Administrative,2.6,11/2020,13
27-3023,27-3023.00,"News Analysts, Reporters, and Journalists",Education and Training,2.55,11/2020,14
27-3023,27-3023.00,"News Analysts, Reporters, and Journalists",Mathematics,2.4,11/2020,15
27-3041,27-3041.00,Editors,English Language,4.8,07/2017,1
27-3041,27-3041.00,Editors,Communications and Media,4.52,07/2017,2
27-3041,27-3041.00,Editors,Administration and Management,3.34,07/2017,3
27-3041,27-3041.00,Editors,Administrative,3.26,07/2017,4
27-3041,27-3041.00,Editors,Education and Training,3.25,07/2017,5
27-3041,27-3041.00,Editors,Customer and Personal Service,3.11,07/2017,6
27-3041,27-3041.00,Editors,Computers and Electronics,3.06,07/2017,7
27-3041,27-3041.00,Editors,Law and Government,2.69,07/2017,8
27-3041,27-3041.00,Editors,Geography,2.65,07/2017,9
27-3041,27-3041.00,Editors,Telecommunications,2.65,07/2017,10
27-3041,27-3041.00,Editors,History and Archeology,2.61,07/2017,11
27-3041,27-3041.00,Editors,Personnel and Human Resources,2.47,07/2017,12
27-3041,27-3041.00,Editors,Design,2.4,07/2017,13
27-3041,27-3041.00,Editors,Sales and Marketing,2.25,07/2017,14
27-3041,27-3041.00,Editors,Production and Processing,2.21,07/2017,15
27-3042,27-3042.00,Technical Writers,English Language,4.81,07/2012,1
27-3042,27-3042.00,Technical Writers,Computers and Electronics,4.29,07/2012,2
27-3042,27-3042.00,Technical Writers,Administrative,3.76,07/2012,3
27-3042,27-3042.00,Technical Writers,Communications and Media,3.25,07/2012,4
27-3042,27-3042.00,Technical Writers,Administration and Management,3.24,07/2012,5
27-3042,27-3042.00,Technical Writers,Public Safety and Security,3.17,07/2012,6
27-3042,27-3042.00,Technical Writers,Education and Training,3.16,07/2012,7
27-3042,27-3042.00,Technical Writers,Production and Processing,3.13,07/2012,8
27-3042,27-3042.00,Technical Writers,Customer and Personal Service,2.98,07/2012,9
27-3042,27-3042.00,Technical Writers,Mathematics,2.93,07/2012,10
27-3042,27-3042.00,Technical Writers,Engineering and Technology,2.88,07/2012,11
27-3042,27-3042.00,Technical Writers,Mechanical,2.84,07/2012,12
27-3042,27-3042.00,Technical Writers,Telecommunications,2.42,07/2012,13
27-3042,27-3042.00,Technical Writers,Design,2.41,07/2012,14
27-3042,27-3042.00,Technical Writers,Transportation,2.32,07/2012,15
27-3043,27-3043.00,Writers and Authors,Sales and Marketing,4.3,08/2022,1
27-3043,27-3043.00,Writers and Authors,Communications and Media,4.2,08/2022,2
27-3043,27-3043.00,Writers and Authors,Customer and Personal Service,4.01,08/2022,3
27-3043,27-3043.00,Writers and Authors,Computers and Electronics,3.54,08/2022,4
27-3043,27-3043.00,Writers and Authors,Mathematics,2.86,08/2022,5
27-3043,27-3043.00,Writers and Authors,Administrative,2.82,08/2022,6
27-3043,27-3043.00,Writers and Authors,Administration and Management,2.66,08/2022,7
27-3043,27-3043.00,Writers and Authors,Sociology and Anthropology,2.64,08/2022,8
27-3043,27-3043.00,Writers and Authors,Psychology,2.58,08/2022,9
27-3043,27-3043.00,Writers and Authors,Telecommunications,2.36,08/2022,10
27-3043,27-3043.00,Writers and Authors,Personnel and Human Resources,2.34,08/2022,11
27-3043,27-3043.00,Writers and Authors,Design,2.25,08/2022,12
27-3043,27-3043.00,Writers and Authors,Fine Arts,2.05,08/2022,13
27-3043,27-3043.00,Writers and Authors,Law and Government,2.0,08/2022,14
27-3043,27-3043.00,Writers and Authors,Economics and Accounting,1.94,08/2022,15
27-3091,27-3091.00,Interpreters and Translators,English Language,4.66,08/2021,1
27-3091,27-3091.00,Interpreters and Translators,Foreign Language,4.13,08/2021,2
27-3091,27-3091.00,Interpreters and Translators,Customer and Personal Service,3.88,08/2021,3
27-3091,27-3091.00,Interpreters and Translators,Education and Training,3.39,08/2021,4
27-3091,27-3091.00,Interpreters and Translators,Administrative,3.22,08/2021,5
27-3091,27-3091.00,Interpreters and Translators,Public Safety and Security,3.07,08/2021,6
27-3091,27-3091.00,Interpreters and Translators,Law and Government,3.03,08/2021,7
27-3091,27-3091.00,Interpreters and Translators,Computers and Electronics,2.91,08/2021,8
27-3091,27-3091.00,Interpreters and Translators,Communications and Media,2.55,08/2021,9
27-3091,27-3091.00,Interpreters and Translators,Psychology,2.53,08/2021,10
27-3091,27-3091.00,Interpreters and Translators,Sociology and Anthropology,2.48,08/2021,11
27-3091,27-3091.00,Interpreters and Translators,Administration and Management,2.4,08/2021,12
27-3091,27-3091.00,Interpreters and Translators,Mathematics,2.37,08/2021,13
27-3091,27-3091.00,Interpreters and Translators,Medicine and Dentistry,2.24,08/2021,14
27-3091,27-3091.00,Interpreters and Translators,Geography,2.18,08/2021,15
27-3092,27-3092.00,Court Reporters and Simultaneous Captioners,English Language,4.81,08/2020,1
27-3092,27-3092.00,Court Reporters and Simultaneous Captioners,Administrative,4.6,08/2020,2
27-3092,27-3092.00,Court Reporters and Simultaneous Captioners,Computers and Electronics,4.14,08/2020,3
27-3092,27-3092.00,Court Reporters and Simultaneous Captioners,Law and Government,3.91,08/2020,4
27-3092,27-3092.00,Court Reporters and Simultaneous Captioners,Customer and Personal Service,3.48,08/2020,5
27-3092,27-3092.00,Court Reporters and Simultaneous Captioners,Administration and Management,3.11,08/2020,6
27-3092,27-3092.00,Court Reporters and Simultaneous Captioners,Communications and Media,3.01,08/2020,7
27-3092,27-3092.00,Court Reporters and Simultaneous Captioners,Public Safety and Security,2.59,08/2020,8
27-3092,27-3092.00,Court Reporters and Simultaneous Captioners,Production and Processing,2.57,08/2020,9
27-3092,27-3092.00,Court Reporters and Simultaneous Captioners,Economics and Accounting,2.52,08/2020,10
27-3092,27-3092.00,Court Reporters and Simultaneous Captioners,Telecommunications,2.38,08/2020,11
27-3092,27-3092.00,Court Reporters and Simultaneous Captioners,Engineering and Technology,2.08,08/2020,12
27-3092,27-3092.00,Court Reporters and Simultaneous Captioners,Transportation,2.01,08/2020,13
27-3092,27-3092.00,Court Reporters and Simultaneous Captioners,Personnel and Human Resources,1.97,08/2020,14
27-3092,27-3092.00,Court Reporters and Simultaneous Captioners,Education and Training,1.91,08/2020,15
27-4011,27-4011.00,Audio and Video Technicians,Computers and Electronics,4.11,08/2018,1
27-4011,27-4011.00,Audio and Video Technicians,Communications and Media,4.07,08/2018,2
27-4011,27-4011.00,Audio and Video Technicians,English Language,4.03,08/2018,3
27-4011,27-4011.00,Audio and Video Technicians,Telecommunications,3.71,08/2018,4
27-4011,27-4011.00,Audio and Video Technicians,Fine Arts,3.6,08/2018,5
27-4011,27-4011.00,Audio and Video Technicians,Engineering and Technology,3.56,08/2018,6
27-4011,27-4011.00,Audio and Video Technicians,Customer and Personal Service,3.38,08/2018,7
27-4011,27-4011.00,Audio and Video Technicians,Education and Training,3.09,08/2018,8
27-4011,27-4011.00,Audio and Video Technicians,Public Safety and Security,3.08,08/2018,9
27-4011,27-4011.00,Audio and Video Technicians,Administration and Management,3.0,08/2018,10
27-4011,27-4011.00,Audio and Video Technicians,Design,2.98,08/2018,11
27-4011,27-4011.00,Audio and Video Technicians,Mechanical,2.92,08/2018,12
27-4011,27-4011.00,Audio and Video Technicians,Mathematics,2.84,08/2018,13
27-4011,27-4011.00,Audio and Video Technicians,Physics,2.71,08/2018,14
27-4011,27-4011.00,Audio and Video Technicians,Law and Government,2.64,08/2018,15
27-4012,27-4012.00,Broadcast Technicians,Computers and Electronics,4.51,08/2019,1
27-4012,27-4012.00,Broadcast Technicians,Telecommunications,4.2,08/2019,2
27-4012,27-4012.00,Broadcast Technicians,Engineering and Technology,3.81,08/2019,3
27-4012,27-4012.00,Broadcast Technicians,Communications and Media,3.54,08/2019,4
27-4012,27-4012.00,Broadcast Technicians,English Language,3.45,08/2019,5
27-4012,27-4012.00,Broadcast Technicians,Design,2.82,08/2019,6
27-4012,27-4012.00,Broadcast Technicians,Mathematics,2.79,08/2019,7
27-4012,27-4012.00,Broadcast Technicians,Education and Training,2.71,08/2019,8
27-4012,27-4012.00,Broadcast Technicians,Mechanical,2.68,08/2019,9
27-4012,27-4012.00,Broadcast Technicians,Customer and Personal Service,2.49,08/2019,10
27-4012,27-4012.00,Broadcast Technicians,Production and Processing,2.46,08/2019,11
27-4012,27-4012.00,Broadcast Technicians,Administration and Management,2.25,08/2019,12
27-4012,27-4012.00,Broadcast Technicians,Public Safety and Security,2.23,08/2019,13
27-4012,27-4012.00,Broadcast Technicians,Administrative,2.21,08/2019,14
27-4012,27-4012.00,Broadcast Technicians,Personnel and Human Resources,1.97,08/2019,15
27-4031,27-4031.00,"Camera Operators, Television, Video, and Film",English Language,4.34,08/2019,1
27-4031,27-4031.00,"Camera Operators, Television, Video, and Film",Computers and Electronics,4.03,08/2019,2
27-4031,27-4031.00,"Camera Operators, Television, Video, and Film",Communications and Media,3.84,08/2019,3
27-4031,27-4031.00,"Camera Operators, Television, Video, and Film",Telecommunications,3.81,08/2019,4
27-4031,27-4031.00,"Camera Operators, Television, Video, and Film",Engineering and Technology,2.9,08/2019,5
27-4031,27-4031.00,"Camera Operators, Television, Video, and Film",Public Safety and Security,2.76,08/2019,6
27-4031,27-4031.00,"Camera Operators, Television, Video, and Film",Education and Training,2.75,08/2019,7
27-4031,27-4031.00,"Camera Operators, Television, Video, and Film",Mathematics,2.72,08/2019,8
27-4031,27-4031.00,"Camera Operators, Television, Video, and Film",Customer and Personal Service,2.65,08/2019,9
27-4031,27-4031.00,"Camera Operators, Television, Video, and Film",Production and Processing,2.63,08/2019,10
27-4031,27-4031.00,"Camera Operators, Television, Video, and Film",Law and Government,2.47,08/2019,11
27-4031,27-4031.00,"Camera Operators, Television, Video, and Film",Geography,2.39,08/2019,12
27-4031,27-4031.00,"Camera Operators, Television, Video, and Film",Mechanical,2.38,08/2019,13
27-4031,27-4031.00,"Camera Operators, Television, Video, and Film",Administration and Management,2.26,08/2019,14
27-4031,27-4031.00,"Camera Operators, Television, Video, and Film",Administrative,2.2,08/2019,15
27-4032,27-4032.00,Film and Video Editors,Communications and Media,4.94,08/2020,1
27-4032,27-4032.00,Film and Video Editors,English Language,4.59,08/2020,2
27-4032,27-4032.00,Film and Video Editors,Computers and Electronics,4.51,08/2020,3
27-4032,27-4032.00,Film and Video Editors,Telecommunications,4.12,08/2020,4
27-4032,27-4032.00,Film and Video Editors,Fine Arts,4.05,08/2020,5
27-4032,27-4032.00,Film and Video Editors,Production and Processing,3.7,08/2020,6
27-4032,27-4032.00,Film and Video Editors,Customer and Personal Service,3.44,08/2020,7
27-4032,27-4032.00,Film and Video Editors,Engineering and Technology,3.34,08/2020,8
27-4032,27-4032.00,Film and Video Editors,Administration and Management,3.28,08/2020,9
27-4032,27-4032.00,Film and Video Editors,Design,3.24,08/2020,10
27-4032,27-4032.00,Film and Video Editors,Administrative,3.23,08/2020,11
27-4032,27-4032.00,Film and Video Editors,Sales and Marketing,3.21,08/2020,12
27-4032,27-4032.00,Film and Video Editors,Education and Training,3.06,08/2020,13
27-4032,27-4032.00,Film and Video Editors,Law and Government,2.79,08/2020,14
27-4032,27-4032.00,Film and Video Editors,History and Archeology,2.66,08/2020,15
29-1011,29-1011.00,Chiropractors,Medicine and Dentistry,4.34,07/2013,1
29-1011,29-1011.00,Chiropractors,English Language,4.1,07/2013,2
29-1011,29-1011.00,Chiropractors,Customer and Personal Service,4.07,07/2013,3
29-1011,29-1011.00,Chiropractors,Biology,3.94,07/2013,4
29-1011,29-1011.00,Chiropractors,Psychology,3.82,07/2013,5
29-1011,29-1011.00,Chiropractors,Administration and Management,3.75,07/2013,6
29-1011,29-1011.00,Chiropractors,Administrative,3.49,07/2013,7
29-1011,29-1011.00,Chiropractors,Personnel and Human Resources,3.47,07/2013,8
29-1011,29-1011.00,Chiropractors,Education and Training,3.44,07/2013,9
29-1011,29-1011.00,Chiropractors,Therapy and Counseling,3.42,07/2013,10
29-1011,29-1011.00,Chiropractors,Sales and Marketing,3.34,07/2013,11
29-1011,29-1011.00,Chiropractors,Computers and Electronics,3.2,07/2013,12
29-1011,29-1011.00,Chiropractors,Sociology and Anthropology,2.95,07/2013,13
29-1011,29-1011.00,Chiropractors,Economics and Accounting,2.94,07/2013,14
29-1011,29-1011.00,Chiropractors,Law and Government,2.71,07/2013,15
29-1021,29-1021.00,"Dentists, General",Medicine and Dentistry,5.0,07/2014,1
29-1021,29-1021.00,"Dentists, General",Customer and Personal Service,4.24,07/2014,2
29-1021,29-1021.00,"Dentists, General",English Language,3.93,07/2014,3
29-1021,29-1021.00,"Dentists, General",Biology,3.52,07/2014,4
29-1021,29-1021.00,"Dentists, General",Psychology,3.43,07/2014,5
29-1021,29-1021.00,"Dentists, General",Education and Training,3.29,07/2014,6
29-1021,29-1021.00,"Dentists, General",Administration and Management,3.22,07/2014,7
29-1021,29-1021.00,"Dentists, General",Personnel and Human Resources,3.18,07/2014,8
29-1021,29-1021.00,"Dentists, General",Economics and Accounting,3.0,07/2014,9
29-1021,29-1021.00,"Dentists, General",Chemistry,2.93,07/2014,10
29-1021,29-1021.00,"Dentists, General",Computers and Electronics,2.84,07/2014,11
29-1021,29-1021.00,"Dentists, General",Mechanical,2.78,07/2014,12
29-1021,29-1021.00,"Dentists, General",Physics,2.64,07/2014,13
29-1021,29-1021.00,"Dentists, General",Engineering and Technology,2.6,07/2014,14
29-1021,29-1021.00,"Dentists, General",Production and Processing,2.52,07/2014,15
29-1022,29-1022.00,Oral and Maxillofacial Surgeons,Medicine and Dentistry,5.0,07/2012,1
29-1022,29-1022.00,Oral and Maxillofacial Surgeons,Biology,4.41,07/2012,2
29-1022,29-1022.00,Oral and Maxillofacial Surgeons,English Language,4.4,07/2012,3
29-1022,29-1022.00,Oral and Maxillofacial Surgeons,Customer and Personal Service,4.32,07/2012,4
29-1022,29-1022.00,Oral and Maxillofacial Surgeons,Psychology,3.75,07/2012,5
29-1022,29-1022.00,Oral and Maxillofacial Surgeons,Education and Training,3.45,07/2012,6
29-1022,29-1022.00,Oral and Maxillofacial Surgeons,Chemistry,3.43,07/2012,7
29-1022,29-1022.00,Oral and Maxillofacial Surgeons,Administration and Management,3.41,07/2012,8
29-1022,29-1022.00,Oral and Maxillofacial Surgeons,Personnel and Human Resources,3.38,07/2012,9
29-1022,29-1022.00,Oral and Maxillofacial Surgeons,Therapy and Counseling,3.11,07/2012,10
29-1022,29-1022.00,Oral and Maxillofacial Surgeons,Mathematics,3.05,07/2012,11
29-1022,29-1022.00,Oral and Maxillofacial Surgeons,Computers and Electronics,2.99,07/2012,12
29-1022,29-1022.00,Oral and Maxillofacial Surgeons,Law and Government,2.84,07/2012,13
29-1022,29-1022.00,Oral and Maxillofacial Surgeons,Sales and Marketing,2.8,07/2012,14
29-1022,29-1022.00,Oral and Maxillofacial Surgeons,Economics and Accounting,2.77,07/2012,15
29-1023,29-1023.00,Orthodontists,Medicine and Dentistry,4.95,08/2023,1
29-1023,29-1023.00,Orthodontists,Customer and Personal Service,4.25,08/2023,2
29-1023,29-1023.00,Orthodontists,English Language,3.69,08/2023,3
29-1023,29-1023.00,Orthodontists,Biology,3.68,08/2023,4
29-1023,29-1023.00,Orthodontists,Computers and Electronics,3.26,08/2023,5
29-1023,29-1023.00,Orthodontists,Mathematics,3.22,08/2023,6
29-1023,29-1023.00,Orthodontists,Administration and Management,3.18,08/2023,7
29-1023,29-1023.00,Orthodontists,Education and Training,3.14,08/2023,8
29-1023,29-1023.00,Orthodontists,Physics,3.07,08/2023,9
29-1023,29-1023.00,Orthodontists,Engineering and Technology,3.05,08/2023,10
29-1023,29-1023.00,Orthodontists,Personnel and Human Resources,2.96,08/2023,11
29-1023,29-1023.00,Orthodontists,Psychology,2.96,08/2023,12
29-1023,29-1023.00,Orthodontists,Administrative,2.68,08/2023,13
29-1023,29-1023.00,Orthodontists,Economics and Accounting,2.64,08/2023,14
29-1023,29-1023.00,Orthodontists,Chemistry,2.63,08/2023,15
29-1024,29-1024.00,Prosthodontists,Medicine and Dentistry,4.96,08/2024,1
29-1024,29-1024.00,Prosthodontists,Customer and Personal Service,4.13,08/2024,2
29-1024,29-1024.00,Prosthodontists,Administration and Management,3.37,08/2024,3
29-1024,29-1024.00,Prosthodontists,English Language,3.27,08/2024,4
29-1024,29-1024.00,Prosthodontists,Biology,3.21,08/2024,5
29-1024,29-1024.00,Prosthodontists,Education and Training,3.09,08/2024,6
29-1024,29-1024.00,Prosthodontists,Psychology,3.01,08/2024,7
29-1024,29-1024.00,Prosthodontists,Personnel and Human Resources,2.92,08/2024,8
29-1024,29-1024.00,Prosthodontists,Computers and Electronics,2.92,08/2024,9
29-1024,29-1024.00,Prosthodontists,Administrative,2.86,08/2024,10
29-1024,29-1024.00,Prosthodontists,Production and Processing,2.79,08/2024,11
29-1024,29-1024.00,Prosthodontists,Economics and Accounting,2.74,08/2024,12
29-1024,29-1024.00,Prosthodontists,Chemistry,2.56,08/2024,13
29-1024,29-1024.00,Prosthodontists,Engineering and Technology,2.46,08/2024,14
29-1024,29-1024.00,Prosthodontists,Communications and Media,2.41,08/2024,15
29-1051,29-1051.00,Pharmacists,Medicine and Dentistry,4.64,08/2022,1
29-1051,29-1051.00,Pharmacists,Mathematics,4.49,08/2022,2
29-1051,29-1051.00,Pharmacists,Customer and Personal Service,4.16,08/2022,3
29-1051,29-1051.00,Pharmacists,English Language,4.16,08/2022,4
29-1051,29-1051.00,Pharmacists,Chemistry,4.11,08/2022,5
29-1051,29-1051.00,Pharmacists,Biology,3.95,08/2022,6
29-1051,29-1051.00,Pharmacists,Psychology,3.71,08/2022,7
29-1051,29-1051.00,Pharmacists,Computers and Electronics,3.37,08/2022,8
29-1051,29-1051.00,Pharmacists,Education and Training,3.34,08/2022,9
29-1051,29-1051.00,Pharmacists,Administrative,3.3,08/2022,10
29-1051,29-1051.00,Pharmacists,Therapy and Counseling,2.9,08/2022,11
29-1051,29-1051.00,Pharmacists,Telecommunications,2.74,08/2022,12
29-1051,29-1051.00,Pharmacists,Communications and Media,2.74,08/2022,13
29-1051,29-1051.00,Pharmacists,Production and Processing,2.64,08/2022,14
29-1051,29-1051.00,Pharmacists,Administration and Management,2.58,08/2022,15
29-1071,29-1071.01,Anesthesiologist Assistants,Medicine and Dentistry,4.06,07/2012,1
29-1071,29-1071.01,Anesthesiologist Assistants,English Language,4.01,07/2012,2
29-1071,29-1071.01,Anesthesiologist Assistants,Chemistry,3.62,07/2012,3
29-1071,29-1071.01,Anesthesiologist Assistants,Customer and Personal Service,3.6,07/2012,4
29-1071,29-1071.01,Anesthesiologist Assistants,Mathematics,3.56,07/2012,5
29-1071,29-1071.01,Anesthesiologist Assistants,Biology,3.46,07/2012,6
29-1071,29-1071.01,Anesthesiologist Assistants,Education and Training,3.38,07/2012,7
29-1071,29-1071.01,Anesthesiologist Assistants,Computers and Electronics,3.1,07/2012,8
29-1071,29-1071.01,Anesthesiologist Assistants,Mechanical,2.86,07/2012,9
29-1071,29-1071.01,Anesthesiologist Assistants,Public Safety and Security,2.85,07/2012,10
29-1071,29-1071.01,Anesthesiologist Assistants,Psychology,2.74,07/2012,11
29-1071,29-1071.01,Anesthesiologist Assistants,Physics,2.64,07/2012,12
29-1071,29-1071.01,Anesthesiologist Assistants,Therapy and Counseling,2.54,07/2012,13
29-1071,29-1071.01,Anesthesiologist Assistants,Law and Government,2.49,07/2012,14
29-1071,29-1071.01,Anesthesiologist Assistants,Sociology and Anthropology,2.46,07/2012,15
29-1081,29-1081.00,Podiatrists,Medicine and Dentistry,4.97,08/2022,1
29-1081,29-1081.00,Podiatrists,Customer and Personal Service,4.62,08/2022,2
29-1081,29-1081.00,Podiatrists,English Language,4.6,08/2022,3
29-1081,29-1081.00,Podiatrists,Education and Training,4.12,08/2022,4
29-1081,29-1081.00,Podiatrists,Computers and Electronics,3.8,08/2022,5
29-1081,29-1081.00,Podiatrists,Administration and Management,3.77,08/2022,6
29-1081,29-1081.00,Podiatrists,Biology,3.77,08/2022,7
29-1081,29-1081.00,Podiatrists,Chemistry,3.37,08/2022,8
29-1081,29-1081.00,Podiatrists,Psychology,3.37,08/2022,9
29-1081,29-1081.00,Podiatrists,Personnel and Human Resources,3.32,08/2022,10
29-1081,29-1081.00,Podiatrists,Economics and Accounting,3.22,08/2022,11
29-1081,29-1081.00,Podiatrists,Therapy and Counseling,3.21,08/2022,12
29-1081,29-1081.00,Podiatrists,Administrative,3.15,08/2022,13
29-1081,29-1081.00,Podiatrists,Sales and Marketing,2.91,08/2022,14
29-1081,29-1081.00,Podiatrists,Mathematics,2.76,08/2022,15
29-1123,29-1123.00,Physical Therapists,Customer and Personal Service,4.61,08/2020,1
29-1123,29-1123.00,Physical Therapists,Therapy and Counseling,4.59,08/2020,2
29-1123,29-1123.00,Physical Therapists,Medicine and Dentistry,4.57,08/2020,3
29-1123,29-1123.00,Physical Therapists,Psychology,4.11,08/2020,4
29-1123,29-1123.00,Physical Therapists,Education and Training,3.98,08/2020,5
29-1123,29-1123.00,Physical Therapists,English Language,3.98,08/2020,6
29-1123,29-1123.00,Physical Therapists,Biology,3.7,08/2020,7
29-1123,29-1123.00,Physical Therapists,Administration and Management,3.2,08/2020,8
29-1123,29-1123.00,Physical Therapists,Physics,3.2,08/2020,9
29-1123,29-1123.00,Physical Therapists,Sociology and Anthropology,3.12,08/2020,10
29-1123,29-1123.00,Physical Therapists,Administrative,3.08,08/2020,11
29-1123,29-1123.00,Physical Therapists,Personnel and Human Resources,2.87,08/2020,12
29-1123,29-1123.00,Physical Therapists,Law and Government,2.78,08/2020,13
29-1123,29-1123.00,Physical Therapists,Computers and Electronics,2.77,08/2020,14
29-1123,29-1123.00,Physical Therapists,Public Safety and Security,2.72,08/2020,15
29-1124,29-1124.00,Radiation Therapists,Customer and Personal Service,4.56,07/2013,1
29-1124,29-1124.00,Radiation Therapists,English Language,4.04,07/2013,2
29-1124,29-1124.00,Radiation Therapists,Medicine and Dentistry,3.95,07/2013,3
29-1124,29-1124.00,Radiation Therapists,Physics,3.77,07/2013,4
29-1124,29-1124.00,Radiation Therapists,Mathematics,3.62,07/2013,5
29-1124,29-1124.00,Radiation Therapists,Education and Training,3.52,07/2013,6
29-1124,29-1124.00,Radiation Therapists,Computers and Electronics,3.51,07/2013,7
29-1124,29-1124.00,Radiation Therapists,Therapy and Counseling,3.36,07/2013,8
29-1124,29-1124.00,Radiation Therapists,Psychology,3.35,07/2013,9
29-1124,29-1124.00,Radiation Therapists,Biology,3.34,07/2013,10
29-1124,29-1124.00,Radiation Therapists,Administrative,3.08,07/2013,11
29-1124,29-1124.00,Radiation Therapists,Administration and Management,2.84,07/2013,12
29-1124,29-1124.00,Radiation Therapists,Public Safety and Security,2.6,07/2013,13
29-1124,29-1124.00,Radiation Therapists,Mechanical,2.48,07/2013,14
29-1124,29-1124.00,Radiation Therapists,Sociology and Anthropology,2.36,07/2013,15
29-1126,29-1126.00,Respiratory Therapists,Customer and Personal Service,4.33,07/2013,1
29-1126,29-1126.00,Respiratory Therapists,Medicine and Dentistry,4.29,07/2013,2
29-1126,29-1126.00,Respiratory Therapists,English Language,3.9,07/2013,3
29-1126,29-1126.00,Respiratory Therapists,Education and Training,3.71,07/2013,4
29-1126,29-1126.00,Respiratory Therapists,Psychology,3.42,07/2013,5
29-1126,29-1126.00,Respiratory Therapists,Biology,3.25,07/2013,6
29-1126,29-1126.00,Respiratory Therapists,Computers and Electronics,3.23,07/2013,7
29-1126,29-1126.00,Respiratory Therapists,Chemistry,3.1,07/2013,8
29-1126,29-1126.00,Respiratory Therapists,Mathematics,3.07,07/2013,9
29-1126,29-1126.00,Respiratory Therapists,Therapy and Counseling,2.92,07/2013,10
29-1126,29-1126.00,Respiratory Therapists,Physics,2.88,07/2013,11
29-1126,29-1126.00,Respiratory Therapists,Law and Government,2.73,07/2013,12
29-1126,29-1126.00,Respiratory Therapists,Sociology and Anthropology,2.61,07/2013,13
29-1126,29-1126.00,Respiratory Therapists,Public Safety and Security,2.56,07/2013,14
29-1126,29-1126.00,Respiratory Therapists,Philosophy and Theology,2.34,07/2013,15
29-1127,29-1127.00,Speech-Language Pathologists,English Language,4.89,08/2022,1
29-1127,29-1127.00,Speech-Language Pathologists,Education and Training,4.17,08/2022,2
29-1127,29-1127.00,Speech-Language Pathologists,Customer and Personal Service,4.02,08/2022,3
29-1127,29-1127.00,Speech-Language Pathologists,Psychology,4.02,08/2022,4
29-1127,29-1127.00,Speech-Language Pathologists,Therapy and Counseling,3.95,08/2022,5
29-1127,29-1127.00,Speech-Language Pathologists,Administrative,3.57,08/2022,6
29-1127,29-1127.00,Speech-Language Pathologists,Sociology and Anthropology,3.23,08/2022,7
29-1127,29-1127.00,Speech-Language Pathologists,Medicine and Dentistry,3.15,08/2022,8
29-1127,29-1127.00,Speech-Language Pathologists,Communications and Media,2.99,08/2022,9
29-1127,29-1127.00,Speech-Language Pathologists,Public Safety and Security,2.91,08/2022,10
29-1127,29-1127.00,Speech-Language Pathologists,Computers and Electronics,2.78,08/2022,11
29-1127,29-1127.00,Speech-Language Pathologists,Biology,2.6,08/2022,12
29-1127,29-1127.00,Speech-Language Pathologists,Mathematics,2.57,08/2022,13
29-1127,29-1127.00,Speech-Language Pathologists,Administration and Management,2.55,08/2022,14
29-1127,29-1127.00,Speech-Language Pathologists,Law and Government,2.39,08/2022,15
29-1131,29-1131.00,Veterinarians,Biology,4.69,08/2020,1
29-1131,29-1131.00,Veterinarians,Medicine and Dentistry,4.69,08/2020,2
29-1131,29-1131.00,Veterinarians,Customer and Personal Service,4.49,08/2020,3
29-1131,29-1131.00,Veterinarians,English Language,4.34,08/2020,4
29-1131,29-1131.00,Veterinarians,Mathematics,3.71,08/2020,5
29-1131,29-1131.00,Veterinarians,Education and Training,3.46,08/2020,6
29-1131,29-1131.00,Veterinarians,Chemistry,3.37,08/2020,7
29-1131,29-1131.00,Veterinarians,Personnel and Human Resources,3.34,08/2020,8
29-1131,29-1131.00,Veterinarians,Administration and Management,3.31,08/2020,9
29-1131,29-1131.00,Veterinarians,Psychology,3.12,08/2020,10
29-1131,29-1131.00,Veterinarians,Public Safety and Security,2.94,08/2020,11
29-1131,29-1131.00,Veterinarians,Computers and Electronics,2.87,08/2020,12
29-1131,29-1131.00,Veterinarians,Administrative,2.79,08/2020,13
29-1131,29-1131.00,Veterinarians,Law and Government,2.75,08/2020,14
29-1131,29-1131.00,Veterinarians,Sales and Marketing,2.66,08/2020,15
29-1141,29-1141.00,Registered Nurses,Psychology,4.58,08/2021,1
29-1141,29-1141.00,Registered Nurses,Customer and Personal Service,4.4,08/2021,2
29-1141,29-1141.00,Registered Nurses,Medicine and Dentistry,4.36,08/2021,3
29-1141,29-1141.00,Registered Nurses,English Language,4.18,08/2021,4
29-1141,29-1141.00,Registered Nurses,Administrative,3.55,08/2021,5
29-1141,29-1141.00,Registered Nurses,Mathematics,3.43,08/2021,6
29-1141,29-1141.00,Registered Nurses,Therapy and Counseling,3.43,08/2021,7
29-1141,29-1141.00,Registered Nurses,Administration and Management,3.29,08/2021,8
29-1141,29-1141.00,Registered Nurses,Education and Training,3.2,08/2021,9
29-1141,29-1141.00,Registered Nurses,Public Safety and Security,3.11,08/2021,10
29-1141,29-1141.00,Registered Nurses,Biology,3.02,08/2021,11
29-1141,29-1141.00,Registered Nurses,Sociology and Anthropology,2.96,08/2021,12
29-1141,29-1141.00,Registered Nurses,Chemistry,2.6,08/2021,13
29-1141,29-1141.00,Registered Nurses,Computers and Electronics,2.59,08/2021,14
29-1141,29-1141.00,Registered Nurses,Personnel and Human Resources,2.48,08/2021,15
29-1211,29-1211.00,Anesthesiologists,Medicine and Dentistry,4.88,07/2012,1
29-1211,29-1211.00,Anesthesiologists,Biology,4.27,07/2012,2
29-1211,29-1211.00,Anesthesiologists,English Language,3.68,07/2012,3
29-1211,29-1211.00,Anesthesiologists,Chemistry,3.62,07/2012,4
29-1211,29-1211.00,Anesthesiologists,Customer and Personal Service,3.57,07/2012,5
29-1211,29-1211.00,Anesthesiologists,Psychology,3.43,07/2012,6
29-1211,29-1211.00,Anesthesiologists,Physics,3.23,07/2012,7
29-1211,29-1211.00,Anesthesiologists,Mathematics,3.15,07/2012,8
29-1211,29-1211.00,Anesthesiologists,Education and Training,3.15,07/2012,9
29-1211,29-1211.00,Anesthesiologists,Administration and Management,3.12,07/2012,10
29-1211,29-1211.00,Anesthesiologists,Computers and Electronics,2.75,07/2012,11
29-1211,29-1211.00,Anesthesiologists,Therapy and Counseling,2.56,07/2012,12
29-1211,29-1211.00,Anesthesiologists,Law and Government,2.48,07/2012,13
29-1211,29-1211.00,Anesthesiologists,Engineering and Technology,2.31,07/2012,14
29-1211,29-1211.00,Anesthesiologists,Mechanical,2.17,07/2012,15
29-1213,29-1213.00,Dermatologists,Medicine and Dentistry,4.82,08/2021,1
29-1213,29-1213.00,Dermatologists,Customer and Personal Service,4.58,08/2021,2
29-1213,29-1213.00,Dermatologists,English Language,4.04,08/2021,3
29-1213,29-1213.00,Dermatologists,Administration and Management,3.87,08/2021,4
29-1213,29-1213.00,Dermatologists,Education and Training,3.75,08/2021,5
29-1213,29-1213.00,Dermatologists,Biology,3.7,08/2021,6
29-1213,29-1213.00,Dermatologists,Personnel and Human Resources,3.51,08/2021,7
29-1213,29-1213.00,Dermatologists,Psychology,3.45,08/2021,8
29-1213,29-1213.00,Dermatologists,Computers and Electronics,3.05,08/2021,9
29-1213,29-1213.00,Dermatologists,Therapy and Counseling,2.99,08/2021,10
29-1213,29-1213.00,Dermatologists,Mathematics,2.94,08/2021,11
29-1213,29-1213.00,Dermatologists,Administrative,2.89,08/2021,12
29-1213,29-1213.00,Dermatologists,Economics and Accounting,2.81,08/2021,13
29-1213,29-1213.00,Dermatologists,Chemistry,2.63,08/2021,14
29-1213,29-1213.00,Dermatologists,Communications and Media,2.51,08/2021,15
29-1215,29-1215.00,Family Medicine Physicians,Medicine and Dentistry,5.0,08/2020,1
29-1215,29-1215.00,Family Medicine Physicians,English Language,4.67,08/2020,2
29-1215,29-1215.00,Family Medicine Physicians,Therapy and Counseling,4.56,08/2020,3
29-1215,29-1215.00,Family Medicine Physicians,Psychology,4.49,08/2020,4
29-1215,29-1215.00,Family Medicine Physicians,Biology,4.46,08/2020,5
29-1215,29-1215.00,Family Medicine Physicians,Customer and Personal Service,3.66,08/2020,6
29-1215,29-1215.00,Family Medicine Physicians,Computers and Electronics,3.4,08/2020,7
29-1215,29-1215.00,Family Medicine Physicians,Mathematics,3.29,08/2020,8
29-1215,29-1215.00,Family Medicine Physicians,Education and Training,3.22,08/2020,9
29-1215,29-1215.00,Family Medicine Physicians,Sociology and Anthropology,3.14,08/2020,10
29-1215,29-1215.00,Family Medicine Physicians,Law and Government,3.06,08/2020,11
29-1215,29-1215.00,Family Medicine Physicians,Telecommunications,2.99,08/2020,12
29-1215,29-1215.00,Family Medicine Physicians,Chemistry,2.96,08/2020,13
29-1215,29-1215.00,Family Medicine Physicians,Communications and Media,2.92,08/2020,14
29-1215,29-1215.00,Family Medicine Physicians,Administrative,2.89,08/2020,15
29-1216,29-1216.00,General Internal Medicine Physicians,Medicine and Dentistry,4.91,08/2021,1
29-1216,29-1216.00,General Internal Medicine Physicians,Biology,4.53,08/2021,2
29-1216,29-1216.00,General Internal Medicine Physicians,Therapy and Counseling,4.36,08/2021,3
29-1216,29-1216.00,General Internal Medicine Physicians,Psychology,4.34,08/2021,4
29-1216,29-1216.00,General Internal Medicine Physicians,Education and Training,4.22,08/2021,5
29-1216,29-1216.00,General Internal Medicine Physicians,English Language,4.21,08/2021,6
29-1216,29-1216.00,General Internal Medicine Physicians,Administration and Management,3.94,08/2021,7
29-1216,29-1216.00,General Internal Medicine Physicians,Customer and Personal Service,3.91,08/2021,8
29-1216,29-1216.00,General Internal Medicine Physicians,Computers and Electronics,3.91,08/2021,9
29-1216,29-1216.00,General Internal Medicine Physicians,Mathematics,3.46,08/2021,10
29-1216,29-1216.00,General Internal Medicine Physicians,Chemistry,3.43,08/2021,11
29-1216,29-1216.00,General Internal Medicine Physicians,Personnel and Human Resources,3.29,08/2021,12
29-1216,29-1216.00,General Internal Medicine Physicians,Public Safety and Security,3.17,08/2021,13
29-1216,29-1216.00,General Internal Medicine Physicians,Administrative,3.1,08/2021,14
29-1216,29-1216.00,General Internal Medicine Physicians,Economics and Accounting,3.05,08/2021,15
29-1217,29-1217.00,Neurologists,Medicine and Dentistry,4.84,07/2012,1
29-1217,29-1217.00,Neurologists,English Language,4.2,07/2012,2
29-1217,29-1217.00,Neurologists,Psychology,4.14,07/2012,3
29-1217,29-1217.00,Neurologists,Biology,4.08,07/2012,4
29-1217,29-1217.00,Neurologists,Therapy and Counseling,3.96,07/2012,5
29-1217,29-1217.00,Neurologists,Education and Training,3.74,07/2012,6
29-1217,29-1217.00,Neurologists,Computers and Electronics,3.73,07/2012,7
29-1217,29-1217.00,Neurologists,Chemistry,3.61,07/2012,8
29-1217,29-1217.00,Neurologists,Customer and Personal Service,3.6,07/2012,9
29-1217,29-1217.00,Neurologists,Mathematics,3.51,07/2012,10
29-1217,29-1217.00,Neurologists,Administration and Management,3.17,07/2012,11
29-1217,29-1217.00,Neurologists,Personnel and Human Resources,2.75,07/2012,12
29-1217,29-1217.00,Neurologists,Sociology and Anthropology,2.75,07/2012,13
29-1217,29-1217.00,Neurologists,Law and Government,2.75,07/2012,14
29-1217,29-1217.00,Neurologists,Administrative,2.7,07/2012,15
29-1218,29-1218.00,Obstetricians and Gynecologists,Medicine and Dentistry,5.0,08/2023,1
29-1218,29-1218.00,Obstetricians and Gynecologists,Biology,4.72,08/2023,2
29-1218,29-1218.00,Obstetricians and Gynecologists,English Language,4.4,08/2023,3
29-1218,29-1218.00,Obstetricians and Gynecologists,Psychology,4.22,08/2023,4
29-1218,29-1218.00,Obstetricians and Gynecologists,Customer and Personal Service,3.88,08/2023,5
29-1218,29-1218.00,Obstetricians and Gynecologists,Therapy and Counseling,3.79,08/2023,6
29-1218,29-1218.00,Obstetricians and Gynecologists,Computers and Electronics,3.5,08/2023,7
29-1218,29-1218.00,Obstetricians and Gynecologists,Education and Training,3.45,08/2023,8
29-1218,29-1218.00,Obstetricians and Gynecologists,Chemistry,3.33,08/2023,9
29-1218,29-1218.00,Obstetricians and Gynecologists,Administrative,3.26,08/2023,10
29-1218,29-1218.00,Obstetricians and Gynecologists,Administration and Management,3.21,08/2023,11
29-1218,29-1218.00,Obstetricians and Gynecologists,Mathematics,3.21,08/2023,12
29-1218,29-1218.00,Obstetricians and Gynecologists,Law and Government,2.87,08/2023,13
29-1218,29-1218.00,Obstetricians and Gynecologists,Personnel and Human Resources,2.81,08/2023,14
29-1218,29-1218.00,Obstetricians and Gynecologists,Sociology and Anthropology,2.69,08/2023,15
29-1221,29-1221.00,"Pediatricians, General",Medicine and Dentistry,5.0,08/2020,1
29-1221,29-1221.00,"Pediatricians, General",Therapy and Counseling,4.49,08/2020,2
29-1221,29-1221.00,"Pediatricians, General",Biology,4.41,08/2020,3
29-1221,29-1221.00,"Pediatricians, General",Psychology,4.34,08/2020,4
29-1221,29-1221.00,"Pediatricians, General",Customer and Personal Service,4.25,08/2020,5
29-1221,29-1221.00,"Pediatricians, General",English Language,3.77,08/2020,6
29-1221,29-1221.00,"Pediatricians, General",Sociology and Anthropology,3.37,08/2020,7
29-1221,29-1221.00,"Pediatricians, General",Education and Training,3.26,08/2020,8
29-1221,29-1221.00,"Pediatricians, General",Personnel and Human Resources,3.23,08/2020,9
29-1221,29-1221.00,"Pediatricians, General",Computers and Electronics,3.14,08/2020,10
29-1221,29-1221.00,"Pediatricians, General",Mathematics,3.14,08/2020,11
29-1221,29-1221.00,"Pediatricians, General",Administration and Management,2.93,08/2020,12
29-1221,29-1221.00,"Pediatricians, General",Public Safety and Security,2.85,08/2020,13
29-1221,29-1221.00,"Pediatricians, General",Chemistry,2.83,08/2020,14
29-1221,29-1221.00,"Pediatricians, General",Law and Government,2.75,08/2020,15
29-1222,29-1222.00,"Physicians, Pathologists",Medicine and Dentistry,4.85,08/2020,1
29-1222,29-1222.00,"Physicians, Pathologists",Biology,4.51,08/2020,2
29-1222,29-1222.00,"Physicians, Pathologists",English Language,4.26,08/2020,3
29-1222,29-1222.00,"Physicians, Pathologists",Education and Training,3.41,08/2020,4
29-1222,29-1222.00,"Physicians, Pathologists",Customer and Personal Service,3.4,08/2020,5
29-1222,29-1222.00,"Physicians, Pathologists",Chemistry,3.17,08/2020,6
29-1222,29-1222.00,"Physicians, Pathologists",Administration and Management,3.13,08/2020,7
29-1222,29-1222.00,"Physicians, Pathologists",Computers and Electronics,3.12,08/2020,8
29-1222,29-1222.00,"Physicians, Pathologists",Administrative,2.79,08/2020,9
29-1222,29-1222.00,"Physicians, Pathologists",Personnel and Human Resources,2.67,08/2020,10
29-1222,29-1222.00,"Physicians, Pathologists",Mathematics,2.56,08/2020,11
29-1222,29-1222.00,"Physicians, Pathologists",Public Safety and Security,2.43,08/2020,12
29-1222,29-1222.00,"Physicians, Pathologists",Law and Government,2.36,08/2020,13
29-1222,29-1222.00,"Physicians, Pathologists",Communications and Media,2.36,08/2020,14
29-1222,29-1222.00,"Physicians, Pathologists",Production and Processing,2.32,08/2020,15
29-1223,29-1223.00,Psychiatrists,Therapy and Counseling,4.94,07/2014,1
29-1223,29-1223.00,Psychiatrists,Psychology,4.9,07/2014,2
29-1223,29-1223.00,Psychiatrists,Medicine and Dentistry,4.75,07/2014,3
29-1223,29-1223.00,Psychiatrists,English Language,4.27,07/2014,4
29-1223,29-1223.00,Psychiatrists,Biology,3.81,07/2014,5
29-1223,29-1223.00,Psychiatrists,Education and Training,3.67,07/2014,6
29-1223,29-1223.00,Psychiatrists,Customer and Personal Service,3.66,07/2014,7
29-1223,29-1223.00,Psychiatrists,Sociology and Anthropology,3.53,07/2014,8
29-1223,29-1223.00,Psychiatrists,Administration and Management,3.23,07/2014,9
29-1223,29-1223.00,Psychiatrists,Philosophy and Theology,3.04,07/2014,10
29-1223,29-1223.00,Psychiatrists,Computers and Electronics,3.02,07/2014,11
29-1223,29-1223.00,Psychiatrists,Chemistry,2.92,07/2014,12
29-1223,29-1223.00,Psychiatrists,Law and Government,2.8,07/2014,13
29-1223,29-1223.00,Psychiatrists,Public Safety and Security,2.66,07/2014,14
29-1223,29-1223.00,Psychiatrists,Mathematics,2.61,07/2014,15
29-1224,29-1224.00,Radiologists,Medicine and Dentistry,4.67,08/2023,1
29-1224,29-1224.00,Radiologists,Biology,4.5,08/2023,2
29-1224,29-1224.00,Radiologists,English Language,4.3,08/2023,3
29-1224,29-1224.00,Radiologists,Computers and Electronics,3.88,08/2023,4
29-1224,29-1224.00,Radiologists,Education and Training,3.7,08/2023,5
29-1224,29-1224.00,Radiologists,Customer and Personal Service,3.64,08/2023,6
29-1224,29-1224.00,Radiologists,Physics,3.32,08/2023,7
29-1224,29-1224.00,Radiologists,Public Safety and Security,2.91,08/2023,8
29-1224,29-1224.00,Radiologists,Communications and Media,2.86,08/2023,9
29-1224,29-1224.00,Radiologists,Administration and Management,2.71,08/2023,10
29-1224,29-1224.00,Radiologists,Mathematics,2.69,08/2023,11
29-1224,29-1224.00,Radiologists,Engineering and Technology,2.68,08/2023,12
29-1224,29-1224.00,Radiologists,Law and Government,2.67,08/2023,13
29-1224,29-1224.00,Radiologists,Administrative,2.61,08/2023,14
29-1224,29-1224.00,Radiologists,Personnel and Human Resources,2.42,08/2023,15
29-1229,29-1229.03,Urologists,Medicine and Dentistry,5.0,08/2023,1
29-1229,29-1229.06,Sports Medicine Physicians,Medicine and Dentistry,5.0,07/2012,2
29-1229,29-1229.04,Physical Medicine and Rehabilitation Physicians,Medicine and Dentistry,4.97,07/2012,3
29-1229,29-1229.01,Allergists and Immunologists,Medicine and Dentistry,4.82,08/2022,4
29-1229,29-1229.03,Urologists,Biology,4.75,08/2023,5
29-1229,29-1229.04,Physical Medicine and Rehabilitation Physicians,Psychology,4.68,07/2012,6
29-1229,29-1229.04,Physical Medicine and Rehabilitation Physicians,Biology,4.65,07/2012,7
29-1229,29-1229.04,Physical Medicine and Rehabilitation Physicians,Therapy and Counseling,4.6,07/2012,8
29-1229,29-1229.01,Allergists and Immunologists,English Language,4.41,08/2022,9
29-1229,29-1229.01,Allergists and Immunologists,Customer and Personal Service,4.38,08/2022,10
29-1229,29-1229.04,Physical Medicine and Rehabilitation Physicians,Education and Training,4.36,07/2012,11
29-1229,29-1229.03,Urologists,English Language,4.27,08/2023,12
29-1229,29-1229.04,Physical Medicine and Rehabilitation Physicians,English Language,4.24,07/2012,13
29-1229,29-1229.04,Physical Medicine and Rehabilitation Physicians,Customer and Personal Service,4.22,07/2012,14
29-1229,29-1229.06,Sports Medicine Physicians,Biology,4.13,07/2012,15
29-1241,29-1241.00,"Ophthalmologists, Except Pediatric",Medicine and Dentistry,4.55,08/2022,1
29-1241,29-1241.00,"Ophthalmologists, Except Pediatric",English Language,4.37,08/2022,2
29-1241,29-1241.00,"Ophthalmologists, Except Pediatric",Customer and Personal Service,4.08,08/2022,3
29-1241,29-1241.00,"Ophthalmologists, Except Pediatric",Biology,3.83,08/2022,4
29-1241,29-1241.00,"Ophthalmologists, Except Pediatric",Administration and Management,3.62,08/2022,5
29-1241,29-1241.00,"Ophthalmologists, Except Pediatric",Education and Training,3.49,08/2022,6
29-1241,29-1241.00,"Ophthalmologists, Except Pediatric",Mathematics,3.25,08/2022,7
29-1241,29-1241.00,"Ophthalmologists, Except Pediatric",Computers and Electronics,3.13,08/2022,8
29-1241,29-1241.00,"Ophthalmologists, Except Pediatric",Psychology,3.04,08/2022,9
29-1241,29-1241.00,"Ophthalmologists, Except Pediatric",Economics and Accounting,2.87,08/2022,10
29-1241,29-1241.00,"Ophthalmologists, Except Pediatric",Administrative,2.81,08/2022,11
29-1241,29-1241.00,"Ophthalmologists, Except Pediatric",Law and Government,2.73,08/2022,12
29-1241,29-1241.00,"Ophthalmologists, Except Pediatric",Personnel and Human Resources,2.7,08/2022,13
29-1241,29-1241.00,"Ophthalmologists, Except Pediatric",Therapy and Counseling,2.6,08/2022,14
29-1241,29-1241.00,"Ophthalmologists, Except Pediatric",Public Safety and Security,2.55,08/2022,15
29-1292,29-1292.00,Dental Hygienists,Medicine and Dentistry,4.59,08/2021,1
29-1292,29-1292.00,Dental Hygienists,Customer and Personal Service,3.94,08/2021,2
29-1292,29-1292.00,Dental Hygienists,Psychology,2.99,08/2021,3
29-1292,29-1292.00,Dental Hygienists,English Language,2.81,08/2021,4
29-1292,29-1292.00,Dental Hygienists,Education and Training,2.59,08/2021,5
29-1292,29-1292.00,Dental Hygienists,Computers and Electronics,2.57,08/2021,6
29-1292,29-1292.00,Dental Hygienists,Public Safety and Security,2.48,08/2021,7
29-1292,29-1292.00,Dental Hygienists,Chemistry,2.44,08/2021,8
29-1292,29-1292.00,Dental Hygienists,Law and Government,2.3,08/2021,9
29-1292,29-1292.00,Dental Hygienists,Biology,2.29,08/2021,10
29-1292,29-1292.00,Dental Hygienists,Production and Processing,2.21,08/2021,11
29-1292,29-1292.00,Dental Hygienists,Sociology and Anthropology,2.21,08/2021,12
29-1292,29-1292.00,Dental Hygienists,Mathematics,2.17,08/2021,13
29-1292,29-1292.00,Dental Hygienists,Sales and Marketing,2.08,08/2021,14
29-1292,29-1292.00,Dental Hygienists,Administration and Management,2.03,08/2021,15
29-2011,29-2011.00,Medical and Clinical Laboratory Technologists,Chemistry,4.23,08/2025,1
29-2011,29-2011.00,Medical and Clinical Laboratory Technologists,Customer and Personal Service,4.18,08/2025,2
29-2011,29-2011.00,Medical and Clinical Laboratory Technologists,Computers and Electronics,4.08,08/2025,3
29-2011,29-2011.00,Medical and Clinical Laboratory Technologists,English Language,4.01,08/2025,4
29-2011,29-2011.00,Medical and Clinical Laboratory Technologists,Biology,3.89,08/2025,5
29-2011,29-2011.00,Medical and Clinical Laboratory Technologists,Mathematics,3.88,08/2025,6
29-2011,29-2011.00,Medical and Clinical Laboratory Technologists,Administrative,3.85,08/2025,7
29-2011,29-2011.00,Medical and Clinical Laboratory Technologists,Medicine and Dentistry,3.79,08/2025,8
29-2011,29-2011.00,Medical and Clinical Laboratory Technologists,Education and Training,3.77,08/2025,9
29-2011,29-2011.00,Medical and Clinical Laboratory Technologists,Mechanical,3.65,08/2025,10
29-2011,29-2011.00,Medical and Clinical Laboratory Technologists,Administration and Management,2.92,08/2025,11
29-2011,29-2011.00,Medical and Clinical Laboratory Technologists,Production and Processing,2.9,08/2025,12
29-2011,29-2011.00,Medical and Clinical Laboratory Technologists,Engineering and Technology,2.79,08/2025,13
29-2011,29-2011.00,Medical and Clinical Laboratory Technologists,Physics,2.76,08/2025,14
29-2011,29-2011.00,Medical and Clinical Laboratory Technologists,Psychology,2.57,08/2025,15
29-2012,29-2012.00,Medical and Clinical Laboratory Technicians,Chemistry,3.73,07/2014,1
29-2012,29-2012.00,Medical and Clinical Laboratory Technicians,Biology,3.73,07/2014,2
29-2012,29-2012.00,Medical and Clinical Laboratory Technicians,English Language,3.59,07/2014,3
29-2012,29-2012.00,Medical and Clinical Laboratory Technicians,Mathematics,3.5,07/2014,4
29-2012,29-2012.00,Medical and Clinical Laboratory Technicians,Customer and Personal Service,3.49,07/2014,5
29-2012,29-2012.00,Medical and Clinical Laboratory Technicians,Public Safety and Security,3.44,07/2014,6
29-2012,29-2012.00,Medical and Clinical Laboratory Technicians,Administrative,3.34,07/2014,7
29-2012,29-2012.00,Medical and Clinical Laboratory Technicians,Medicine and Dentistry,3.27,07/2014,8
29-2012,29-2012.00,Medical and Clinical Laboratory Technicians,Education and Training,2.98,07/2014,9
29-2012,29-2012.00,Medical and Clinical Laboratory Technicians,Computers and Electronics,2.91,07/2014,10
29-2012,29-2012.00,Medical and Clinical Laboratory Technicians,Production and Processing,2.9,07/2014,11
29-2012,29-2012.00,Medical and Clinical Laboratory Technicians,Law and Government,2.55,07/2014,12
29-2012,29-2012.00,Medical and Clinical Laboratory Technicians,Mechanical,2.53,07/2014,13
29-2012,29-2012.00,Medical and Clinical Laboratory Technicians,Administration and Management,2.21,07/2014,14
29-2012,29-2012.00,Medical and Clinical Laboratory Technicians,Engineering and Technology,2.19,07/2014,15
29-2031,29-2031.00,Cardiovascular Technologists and Technicians,Customer and Personal Service,4.29,07/2014,1
29-2031,29-2031.00,Cardiovascular Technologists and Technicians,Medicine and Dentistry,3.89,07/2014,2
29-2031,29-2031.00,Cardiovascular Technologists and Technicians,English Language,3.87,07/2014,3
29-2031,29-2031.00,Cardiovascular Technologists and Technicians,Computers and Electronics,3.31,07/2014,4
29-2031,29-2031.00,Cardiovascular Technologists and Technicians,Education and Training,3.27,07/2014,5
29-2031,29-2031.00,Cardiovascular Technologists and Technicians,Mathematics,2.9,07/2014,6
29-2031,29-2031.00,Cardiovascular Technologists and Technicians,Public Safety and Security,2.75,07/2014,7
29-2031,29-2031.00,Cardiovascular Technologists and Technicians,Administrative,2.72,07/2014,8
29-2031,29-2031.00,Cardiovascular Technologists and Technicians,Physics,2.62,07/2014,9
29-2031,29-2031.00,Cardiovascular Technologists and Technicians,Psychology,2.6,07/2014,10
29-2031,29-2031.00,Cardiovascular Technologists and Technicians,Administration and Management,2.47,07/2014,11
29-2031,29-2031.00,Cardiovascular Technologists and Technicians,Biology,2.41,07/2014,12
29-2031,29-2031.00,Cardiovascular Technologists and Technicians,Telecommunications,2.36,07/2014,13
29-2031,29-2031.00,Cardiovascular Technologists and Technicians,Chemistry,2.26,07/2014,14
29-2031,29-2031.00,Cardiovascular Technologists and Technicians,Therapy and Counseling,2.18,07/2014,15
29-2032,29-2032.00,Diagnostic Medical Sonographers,Customer and Personal Service,4.55,07/2013,1
29-2032,29-2032.00,Diagnostic Medical Sonographers,English Language,4.07,07/2013,2
29-2032,29-2032.00,Diagnostic Medical Sonographers,Physics,3.71,07/2013,3
29-2032,29-2032.00,Diagnostic Medical Sonographers,Medicine and Dentistry,3.59,07/2013,4
29-2032,29-2032.00,Diagnostic Medical Sonographers,Administrative,3.33,07/2013,5
29-2032,29-2032.00,Diagnostic Medical Sonographers,Computers and Electronics,3.25,07/2013,6
29-2032,29-2032.00,Diagnostic Medical Sonographers,Psychology,3.23,07/2013,7
29-2032,29-2032.00,Diagnostic Medical Sonographers,Education and Training,3.18,07/2013,8
29-2032,29-2032.00,Diagnostic Medical Sonographers,Public Safety and Security,2.95,07/2013,9
29-2032,29-2032.00,Diagnostic Medical Sonographers,Mathematics,2.89,07/2013,10
29-2032,29-2032.00,Diagnostic Medical Sonographers,Biology,2.84,07/2013,11
29-2032,29-2032.00,Diagnostic Medical Sonographers,Therapy and Counseling,2.51,07/2013,12
29-2032,29-2032.00,Diagnostic Medical Sonographers,Administration and Management,2.48,07/2013,13
29-2032,29-2032.00,Diagnostic Medical Sonographers,Personnel and Human Resources,2.47,07/2013,14
29-2032,29-2032.00,Diagnostic Medical Sonographers,Communications and Media,2.43,07/2013,15
29-2033,29-2033.00,Nuclear Medicine Technologists,Customer and Personal Service,4.66,07/2013,1
29-2033,29-2033.00,Nuclear Medicine Technologists,Biology,4.0,07/2013,2
29-2033,29-2033.00,Nuclear Medicine Technologists,English Language,3.93,07/2013,3
29-2033,29-2033.00,Nuclear Medicine Technologists,Physics,3.92,07/2013,4
29-2033,29-2033.00,Nuclear Medicine Technologists,Medicine and Dentistry,3.82,07/2013,5
29-2033,29-2033.00,Nuclear Medicine Technologists,Chemistry,3.75,07/2013,6
29-2033,29-2033.00,Nuclear Medicine Technologists,Computers and Electronics,3.74,07/2013,7
29-2033,29-2033.00,Nuclear Medicine Technologists,Mathematics,3.67,07/2013,8
29-2033,29-2033.00,Nuclear Medicine Technologists,Public Safety and Security,3.37,07/2013,9
29-2033,29-2033.00,Nuclear Medicine Technologists,Administrative,3.29,07/2013,10
29-2033,29-2033.00,Nuclear Medicine Technologists,Education and Training,3.08,07/2013,11
29-2033,29-2033.00,Nuclear Medicine Technologists,Psychology,3.07,07/2013,12
29-2033,29-2033.00,Nuclear Medicine Technologists,Administration and Management,2.78,07/2013,13
29-2033,29-2033.00,Nuclear Medicine Technologists,Engineering and Technology,2.65,07/2013,14
29-2033,29-2033.00,Nuclear Medicine Technologists,Production and Processing,2.42,07/2013,15
29-2034,29-2034.00,Radiologic Technologists and Technicians,Medicine and Dentistry,4.27,08/2022,1
29-2034,29-2034.00,Radiologic Technologists and Technicians,Customer and Personal Service,4.17,08/2022,2
29-2034,29-2034.00,Radiologic Technologists and Technicians,English Language,4.14,08/2022,3
29-2034,29-2034.00,Radiologic Technologists and Technicians,Computers and Electronics,3.88,08/2022,4
29-2034,29-2034.00,Radiologic Technologists and Technicians,Administrative,3.5,08/2022,5
29-2034,29-2034.00,Radiologic Technologists and Technicians,Education and Training,3.4,08/2022,6
29-2034,29-2034.00,Radiologic Technologists and Technicians,Public Safety and Security,3.31,08/2022,7
29-2034,29-2034.00,Radiologic Technologists and Technicians,Psychology,3.3,08/2022,8
29-2034,29-2034.00,Radiologic Technologists and Technicians,Physics,3.18,08/2022,9
29-2034,29-2034.00,Radiologic Technologists and Technicians,Biology,3.1,08/2022,10
29-2034,29-2034.00,Radiologic Technologists and Technicians,Mathematics,2.91,08/2022,11
29-2034,29-2034.00,Radiologic Technologists and Technicians,Administration and Management,2.88,08/2022,12
29-2034,29-2034.00,Radiologic Technologists and Technicians,Telecommunications,2.75,08/2022,13
29-2034,29-2034.00,Radiologic Technologists and Technicians,Engineering and Technology,2.63,08/2022,14
29-2034,29-2034.00,Radiologic Technologists and Technicians,Communications and Media,2.35,08/2022,15
29-2051,29-2051.00,Dietetic Technicians,Customer and Personal Service,4.78,08/2021,1
29-2051,29-2051.00,Dietetic Technicians,English Language,4.54,08/2021,2
29-2051,29-2051.00,Dietetic Technicians,Education and Training,4.2,08/2021,3
29-2051,29-2051.00,Dietetic Technicians,Mathematics,3.97,08/2021,4
29-2051,29-2051.00,Dietetic Technicians,Public Safety and Security,3.96,08/2021,5
29-2051,29-2051.00,Dietetic Technicians,Administration and Management,3.93,08/2021,6
29-2051,29-2051.00,Dietetic Technicians,Food Production,3.91,08/2021,7
29-2051,29-2051.00,Dietetic Technicians,Administrative,3.81,08/2021,8
29-2051,29-2051.00,Dietetic Technicians,Computers and Electronics,3.77,08/2021,9
29-2051,29-2051.00,Dietetic Technicians,Production and Processing,3.59,08/2021,10
29-2051,29-2051.00,Dietetic Technicians,Personnel and Human Resources,3.41,08/2021,11
29-2051,29-2051.00,Dietetic Technicians,Law and Government,3.13,08/2021,12
29-2051,29-2051.00,Dietetic Technicians,Communications and Media,2.87,08/2021,13
29-2051,29-2051.00,Dietetic Technicians,Psychology,2.83,08/2021,14
29-2051,29-2051.00,Dietetic Technicians,Therapy and Counseling,2.7,08/2021,15
29-2052,29-2052.00,Pharmacy Technicians,Customer and Personal Service,4.59,08/2021,1
29-2052,29-2052.00,Pharmacy Technicians,Medicine and Dentistry,3.85,08/2021,2
29-2052,29-2052.00,Pharmacy Technicians,Mathematics,3.82,08/2021,3
29-2052,29-2052.00,Pharmacy Technicians,English Language,3.75,08/2021,4
29-2052,29-2052.00,Pharmacy Technicians,Computers and Electronics,3.71,08/2021,5
29-2052,29-2052.00,Pharmacy Technicians,Law and Government,3.49,08/2021,6
29-2052,29-2052.00,Pharmacy Technicians,Administrative,3.31,08/2021,7
29-2052,29-2052.00,Pharmacy Technicians,Production and Processing,3.24,08/2021,8
29-2052,29-2052.00,Pharmacy Technicians,Chemistry,2.94,08/2021,9
29-2052,29-2052.00,Pharmacy Technicians,Public Safety and Security,2.92,08/2021,10
29-2052,29-2052.00,Pharmacy Technicians,Education and Training,2.88,08/2021,11
29-2052,29-2052.00,Pharmacy Technicians,Administration and Management,2.87,08/2021,12
29-2052,29-2052.00,Pharmacy Technicians,Personnel and Human Resources,2.62,08/2021,13
29-2052,29-2052.00,Pharmacy Technicians,Telecommunications,2.62,08/2021,14
29-2052,29-2052.00,Pharmacy Technicians,Communications and Media,2.57,08/2021,15
29-2053,29-2053.00,Psychiatric Technicians,Psychology,4.2,08/2023,1
29-2053,29-2053.00,Psychiatric Technicians,Therapy and Counseling,4.08,08/2023,2
29-2053,29-2053.00,Psychiatric Technicians,English Language,4.07,08/2023,3
29-2053,29-2053.00,Psychiatric Technicians,Customer and Personal Service,3.96,08/2023,4
29-2053,29-2053.00,Psychiatric Technicians,Medicine and Dentistry,3.7,08/2023,5
29-2053,29-2053.00,Psychiatric Technicians,Education and Training,3.55,08/2023,6
29-2053,29-2053.00,Psychiatric Technicians,Public Safety and Security,3.53,08/2023,7
29-2053,29-2053.00,Psychiatric Technicians,Law and Government,3.23,08/2023,8
29-2053,29-2053.00,Psychiatric Technicians,Computers and Electronics,3.17,08/2023,9
29-2053,29-2053.00,Psychiatric Technicians,Sociology and Anthropology,3.09,08/2023,10
29-2053,29-2053.00,Psychiatric Technicians,Administration and Management,2.84,08/2023,11
29-2053,29-2053.00,Psychiatric Technicians,Personnel and Human Resources,2.81,08/2023,12
29-2053,29-2053.00,Psychiatric Technicians,Administrative,2.62,08/2023,13
29-2053,29-2053.00,Psychiatric Technicians,Biology,2.46,08/2023,14
29-2053,29-2053.00,Psychiatric Technicians,Transportation,2.44,08/2023,15
29-2055,29-2055.00,Surgical Technologists,Customer and Personal Service,3.73,07/2013,1
29-2055,29-2055.00,Surgical Technologists,Medicine and Dentistry,3.71,07/2013,2
29-2055,29-2055.00,Surgical Technologists,English Language,3.45,07/2013,3
29-2055,29-2055.00,Surgical Technologists,Education and Training,3.1,07/2013,4
29-2055,29-2055.00,Surgical Technologists,Psychology,2.87,07/2013,5
29-2055,29-2055.00,Surgical Technologists,Public Safety and Security,2.87,07/2013,6
29-2055,29-2055.00,Surgical Technologists,Biology,2.8,07/2013,7
29-2055,29-2055.00,Surgical Technologists,Mathematics,2.7,07/2013,8
29-2055,29-2055.00,Surgical Technologists,Computers and Electronics,2.66,07/2013,9
29-2055,29-2055.00,Surgical Technologists,Administration and Management,2.55,07/2013,10
29-2055,29-2055.00,Surgical Technologists,Chemistry,2.43,07/2013,11
29-2055,29-2055.00,Surgical Technologists,Production and Processing,2.41,07/2013,12
29-2055,29-2055.00,Surgical Technologists,Mechanical,2.37,07/2013,13
29-2055,29-2055.00,Surgical Technologists,Therapy and Counseling,2.25,07/2013,14
29-2055,29-2055.00,Surgical Technologists,Law and Government,2.25,07/2013,15
29-2056,29-2056.00,Veterinary Technologists and Technicians,Medicine and Dentistry,4.14,08/2020,1
29-2056,29-2056.00,Veterinary Technologists and Technicians,Customer and Personal Service,4.13,08/2020,2
29-2056,29-2056.00,Veterinary Technologists and Technicians,Biology,3.99,08/2020,3
29-2056,29-2056.00,Veterinary Technologists and Technicians,English Language,3.98,08/2020,4
29-2056,29-2056.00,Veterinary Technologists and Technicians,Mathematics,3.45,08/2020,5
29-2056,29-2056.00,Veterinary Technologists and Technicians,Chemistry,3.3,08/2020,6
29-2056,29-2056.00,Veterinary Technologists and Technicians,Computers and Electronics,2.98,08/2020,7
29-2056,29-2056.00,Veterinary Technologists and Technicians,Administrative,2.93,08/2020,8
29-2056,29-2056.00,Veterinary Technologists and Technicians,Education and Training,2.93,08/2020,9
29-2056,29-2056.00,Veterinary Technologists and Technicians,Sales and Marketing,2.67,08/2020,10
29-2056,29-2056.00,Veterinary Technologists and Technicians,Law and Government,2.57,08/2020,11
29-2056,29-2056.00,Veterinary Technologists and Technicians,Public Safety and Security,2.48,08/2020,12
29-2056,29-2056.00,Veterinary Technologists and Technicians,Administration and Management,2.45,08/2020,13
29-2056,29-2056.00,Veterinary Technologists and Technicians,Therapy and Counseling,2.45,08/2020,14
29-2056,29-2056.00,Veterinary Technologists and Technicians,Psychology,2.37,08/2020,15
29-2061,29-2061.00,Licensed Practical and Licensed Vocational Nurses,Customer and Personal Service,3.99,08/2021,1
29-2061,29-2061.00,Licensed Practical and Licensed Vocational Nurses,English Language,3.9,08/2021,2
29-2061,29-2061.00,Licensed Practical and Licensed Vocational Nurses,Psychology,3.71,08/2021,3
29-2061,29-2061.00,Licensed Practical and Licensed Vocational Nurses,Medicine and Dentistry,3.69,08/2021,4
29-2061,29-2061.00,Licensed Practical and Licensed Vocational Nurses,Administration and Management,3.3,08/2021,5
29-2061,29-2061.00,Licensed Practical and Licensed Vocational Nurses,Education and Training,3.19,08/2021,6
29-2061,29-2061.00,Licensed Practical and Licensed Vocational Nurses,Therapy and Counseling,3.11,08/2021,7
29-2061,29-2061.00,Licensed Practical and Licensed Vocational Nurses,Mathematics,3.03,08/2021,8
29-2061,29-2061.00,Licensed Practical and Licensed Vocational Nurses,Computers and Electronics,2.97,08/2021,9
29-2061,29-2061.00,Licensed Practical and Licensed Vocational Nurses,Administrative,2.96,08/2021,10
29-2061,29-2061.00,Licensed Practical and Licensed Vocational Nurses,Public Safety and Security,2.8,08/2021,11
29-2061,29-2061.00,Licensed Practical and Licensed Vocational Nurses,Telecommunications,2.6,08/2021,12
29-2061,29-2061.00,Licensed Practical and Licensed Vocational Nurses,Biology,2.53,08/2021,13
29-2061,29-2061.00,Licensed Practical and Licensed Vocational Nurses,Sociology and Anthropology,2.36,08/2021,14
29-2061,29-2061.00,Licensed Practical and Licensed Vocational Nurses,Communications and Media,2.33,08/2021,15
29-2092,29-2092.00,Hearing Aid Specialists,Customer and Personal Service,4.75,08/2020,1
29-2092,29-2092.00,Hearing Aid Specialists,Sales and Marketing,4.24,08/2020,2
29-2092,29-2092.00,Hearing Aid Specialists,Therapy and Counseling,4.18,08/2020,3
29-2092,29-2092.00,Hearing Aid Specialists,Medicine and Dentistry,4.13,08/2020,4
29-2092,29-2092.00,Hearing Aid Specialists,Computers and Electronics,4.02,08/2020,5
29-2092,29-2092.00,Hearing Aid Specialists,Administrative,3.96,08/2020,6
29-2092,29-2092.00,Hearing Aid Specialists,English Language,3.81,08/2020,7
29-2092,29-2092.00,Hearing Aid Specialists,Administration and Management,3.73,08/2020,8
29-2092,29-2092.00,Hearing Aid Specialists,Economics and Accounting,3.54,08/2020,9
29-2092,29-2092.00,Hearing Aid Specialists,Psychology,3.51,08/2020,10
29-2092,29-2092.00,Hearing Aid Specialists,Engineering and Technology,3.46,08/2020,11
29-2092,29-2092.00,Hearing Aid Specialists,Education and Training,3.44,08/2020,12
29-2092,29-2092.00,Hearing Aid Specialists,Personnel and Human Resources,3.24,08/2020,13
29-2092,29-2092.00,Hearing Aid Specialists,Communications and Media,2.97,08/2020,14
29-2092,29-2092.00,Hearing Aid Specialists,Production and Processing,2.91,08/2020,15
29-2099,29-2099.08,Patient Representatives,Customer and Personal Service,4.43,08/2020,1
29-2099,29-2099.08,Patient Representatives,Medicine and Dentistry,3.85,08/2020,2
29-2099,29-2099.08,Patient Representatives,Sociology and Anthropology,3.79,08/2020,3
29-2099,29-2099.08,Patient Representatives,Administrative,3.66,08/2020,4
29-2099,29-2099.08,Patient Representatives,Psychology,3.6,08/2020,5
29-2099,29-2099.08,Patient Representatives,Administration and Management,3.43,08/2020,6
29-2099,29-2099.08,Patient Representatives,Computers and Electronics,3.39,08/2020,7
29-2099,29-2099.08,Patient Representatives,English Language,3.3,08/2020,8
29-2099,29-2099.08,Patient Representatives,Education and Training,3.2,08/2020,9
29-2099,29-2099.08,Patient Representatives,Therapy and Counseling,3.02,08/2020,10
29-2099,29-2099.08,Patient Representatives,Telecommunications,2.86,08/2020,11
29-2099,29-2099.08,Patient Representatives,Mathematics,2.75,08/2020,12
29-2099,29-2099.08,Patient Representatives,Public Safety and Security,2.72,08/2020,13
29-2099,29-2099.08,Patient Representatives,Personnel and Human Resources,2.62,08/2020,14
29-2099,29-2099.08,Patient Representatives,Communications and Media,2.57,08/2020,15
29-9091,29-9091.00,Athletic Trainers,Medicine and Dentistry,4.64,08/2021,1
29-9091,29-9091.00,Athletic Trainers,Customer and Personal Service,4.36,08/2021,2
29-9091,29-9091.00,Athletic Trainers,Psychology,4.17,08/2021,3
29-9091,29-9091.00,Athletic Trainers,Therapy and Counseling,3.87,08/2021,4
29-9091,29-9091.00,Athletic Trainers,English Language,3.72,08/2021,5
29-9091,29-9091.00,Athletic Trainers,Education and Training,3.63,08/2021,6
29-9091,29-9091.00,Athletic Trainers,Public Safety and Security,3.24,08/2021,7
29-9091,29-9091.00,Athletic Trainers,Administrative,3.18,08/2021,8
29-9091,29-9091.00,Athletic Trainers,Biology,3.16,08/2021,9
29-9091,29-9091.00,Athletic Trainers,Administration and Management,3.11,08/2021,10
29-9091,29-9091.00,Athletic Trainers,Sociology and Anthropology,2.87,08/2021,11
29-9091,29-9091.00,Athletic Trainers,Computers and Electronics,2.8,08/2021,12
29-9091,29-9091.00,Athletic Trainers,Personnel and Human Resources,2.61,08/2021,13
29-9091,29-9091.00,Athletic Trainers,Mathematics,2.36,08/2021,14
29-9091,29-9091.00,Athletic Trainers,Law and Government,2.26,08/2021,15
29-9093,29-9093.00,Surgical Assistants,Medicine and Dentistry,4.22,07/2015,1
29-9093,29-9093.00,Surgical Assistants,Customer and Personal Service,3.97,07/2015,2
29-9093,29-9093.00,Surgical Assistants,English Language,3.59,07/2015,3
29-9093,29-9093.00,Surgical Assistants,Biology,3.38,07/2015,4
29-9093,29-9093.00,Surgical Assistants,Education and Training,3.36,07/2015,5
29-9093,29-9093.00,Surgical Assistants,Computers and Electronics,2.9,07/2015,6
29-9093,29-9093.00,Surgical Assistants,Public Safety and Security,2.68,07/2015,7
29-9093,29-9093.00,Surgical Assistants,Psychology,2.58,07/2015,8
29-9093,29-9093.00,Surgical Assistants,Therapy and Counseling,2.56,07/2015,9
29-9093,29-9093.00,Surgical Assistants,Mechanical,2.55,07/2015,10
29-9093,29-9093.00,Surgical Assistants,Mathematics,2.49,07/2015,11
29-9093,29-9093.00,Surgical Assistants,Administration and Management,2.48,07/2015,12
29-9093,29-9093.00,Surgical Assistants,Chemistry,2.38,07/2015,13
29-9093,29-9093.00,Surgical Assistants,Communications and Media,2.16,07/2015,14
29-9093,29-9093.00,Surgical Assistants,Production and Processing,2.14,07/2015,15
29-9099,29-9099.01,Midwives,Customer and Personal Service,4.63,08/2021,1
29-9099,29-9099.01,Midwives,Medicine and Dentistry,4.45,08/2021,2
29-9099,29-9099.01,Midwives,Psychology,4.16,08/2021,3
29-9099,29-9099.01,Midwives,Therapy and Counseling,3.9,08/2021,4
29-9099,29-9099.01,Midwives,English Language,3.62,08/2021,5
29-9099,29-9099.01,Midwives,Biology,3.49,08/2021,6
29-9099,29-9099.01,Midwives,Education and Training,3.47,08/2021,7
29-9099,29-9099.01,Midwives,Sociology and Anthropology,3.32,08/2021,8
29-9099,29-9099.01,Midwives,Administration and Management,3.02,08/2021,9
29-9099,29-9099.01,Midwives,Law and Government,2.86,08/2021,10
29-9099,29-9099.01,Midwives,Personnel and Human Resources,2.71,08/2021,11
29-9099,29-9099.01,Midwives,Chemistry,2.6,08/2021,12
29-9099,29-9099.01,Midwives,Computers and Electronics,2.58,08/2021,13
29-9099,29-9099.01,Midwives,Administrative,2.57,08/2021,14
29-9099,29-9099.01,Midwives,Sales and Marketing,2.54,08/2021,15
31-1121,31-1121.00,Home Health Aides,Customer and Personal Service,3.62,07/2014,1
31-1121,31-1121.00,Home Health Aides,English Language,3.45,07/2014,2
31-1121,31-1121.00,Home Health Aides,Psychology,2.6,07/2014,3
31-1121,31-1121.00,Home Health Aides,Public Safety and Security,2.58,07/2014,4
31-1121,31-1121.00,Home Health Aides,Administration and Management,2.52,07/2014,5
31-1121,31-1121.00,Home Health Aides,Medicine and Dentistry,2.43,07/2014,6
31-1121,31-1121.00,Home Health Aides,Telecommunications,2.36,07/2014,7
31-1121,31-1121.00,Home Health Aides,Law and Government,2.35,07/2014,8
31-1121,31-1121.00,Home Health Aides,Transportation,2.34,07/2014,9
31-1121,31-1121.00,Home Health Aides,Education and Training,2.33,07/2014,10
31-1121,31-1121.00,Home Health Aides,Personnel and Human Resources,2.27,07/2014,11
31-1121,31-1121.00,Home Health Aides,Computers and Electronics,2.19,07/2014,12
31-1121,31-1121.00,Home Health Aides,Administrative,2.15,07/2014,13
31-1121,31-1121.00,Home Health Aides,Communications and Media,2.11,07/2014,14
31-1121,31-1121.00,Home Health Aides,Therapy and Counseling,2.09,07/2014,15
31-1122,31-1122.00,Personal Care Aides,English Language,3.63,08/2023,1
31-1122,31-1122.00,Personal Care Aides,Transportation,3.44,08/2023,2
31-1122,31-1122.00,Personal Care Aides,Customer and Personal Service,3.42,08/2023,3
31-1122,31-1122.00,Personal Care Aides,Psychology,3.41,08/2023,4
31-1122,31-1122.00,Personal Care Aides,Education and Training,3.41,08/2023,5
31-1122,31-1122.00,Personal Care Aides,Public Safety and Security,3.19,08/2023,6
31-1122,31-1122.00,Personal Care Aides,Food Production,2.99,08/2023,7
31-1122,31-1122.00,Personal Care Aides,Therapy and Counseling,2.97,08/2023,8
31-1122,31-1122.00,Personal Care Aides,Administration and Management,2.94,08/2023,9
31-1122,31-1122.00,Personal Care Aides,Personnel and Human Resources,2.91,08/2023,10
31-1122,31-1122.00,Personal Care Aides,Sociology and Anthropology,2.79,08/2023,11
31-1122,31-1122.00,Personal Care Aides,Foreign Language,2.71,08/2023,12
31-1122,31-1122.00,Personal Care Aides,Computers and Electronics,2.56,08/2023,13
31-1122,31-1122.00,Personal Care Aides,Medicine and Dentistry,2.54,08/2023,14
31-1122,31-1122.00,Personal Care Aides,Philosophy and Theology,2.5,08/2023,15
31-1131,31-1131.00,Nursing Assistants,Customer and Personal Service,3.92,08/2020,1
31-1131,31-1131.00,Nursing Assistants,Administration and Management,3.34,08/2020,2
31-1131,31-1131.00,Nursing Assistants,English Language,3.27,08/2020,3
31-1131,31-1131.00,Nursing Assistants,Public Safety and Security,3.16,08/2020,4
31-1131,31-1131.00,Nursing Assistants,Medicine and Dentistry,3.15,08/2020,5
31-1131,31-1131.00,Nursing Assistants,Education and Training,3.1,08/2020,6
31-1131,31-1131.00,Nursing Assistants,Therapy and Counseling,3.02,08/2020,7
31-1131,31-1131.00,Nursing Assistants,Psychology,2.95,08/2020,8
31-1131,31-1131.00,Nursing Assistants,Sociology and Anthropology,2.73,08/2020,9
31-1131,31-1131.00,Nursing Assistants,Personnel and Human Resources,2.66,08/2020,10
31-1131,31-1131.00,Nursing Assistants,Administrative,2.61,08/2020,11
31-1131,31-1131.00,Nursing Assistants,Law and Government,2.41,08/2020,12
31-1131,31-1131.00,Nursing Assistants,Transportation,2.4,08/2020,13
31-1131,31-1131.00,Nursing Assistants,Mathematics,2.36,08/2020,14
31-1131,31-1131.00,Nursing Assistants,Sales and Marketing,2.3,08/2020,15
31-1132,31-1132.00,Orderlies,Customer and Personal Service,4.2,07/2016,1
31-1132,31-1132.00,Orderlies,Public Safety and Security,3.12,07/2016,2
31-1132,31-1132.00,Orderlies,English Language,2.97,07/2016,3
31-1132,31-1132.00,Orderlies,Transportation,2.52,07/2016,4
31-1132,31-1132.00,Orderlies,Education and Training,2.4,07/2016,5
31-1132,31-1132.00,Orderlies,Psychology,2.36,07/2016,6
31-1132,31-1132.00,Orderlies,Telecommunications,2.24,07/2016,7
31-1132,31-1132.00,Orderlies,Administration and Management,2.19,07/2016,8
31-1132,31-1132.00,Orderlies,Communications and Media,2.15,07/2016,9
31-1132,31-1132.00,Orderlies,Foreign Language,2.1,07/2016,10
31-1132,31-1132.00,Orderlies,Computers and Electronics,1.97,07/2016,11
31-1132,31-1132.00,Orderlies,Medicine and Dentistry,1.94,07/2016,12
31-1132,31-1132.00,Orderlies,Sociology and Anthropology,1.93,07/2016,13
31-1132,31-1132.00,Orderlies,Administrative,1.79,07/2016,14
31-1132,31-1132.00,Orderlies,Mechanical,1.76,07/2016,15
31-1133,31-1133.00,Psychiatric Aides,Psychology,4.05,08/2023,1
31-1133,31-1133.00,Psychiatric Aides,Customer and Personal Service,3.58,08/2023,2
31-1133,31-1133.00,Psychiatric Aides,Therapy and Counseling,3.13,08/2023,3
31-1133,31-1133.00,Psychiatric Aides,English Language,3.11,08/2023,4
31-1133,31-1133.00,Psychiatric Aides,Administrative,2.99,08/2023,5
31-1133,31-1133.00,Psychiatric Aides,Sociology and Anthropology,2.98,08/2023,6
31-1133,31-1133.00,Psychiatric Aides,Public Safety and Security,2.86,08/2023,7
31-1133,31-1133.00,Psychiatric Aides,Administration and Management,2.52,08/2023,8
31-1133,31-1133.00,Psychiatric Aides,Philosophy and Theology,2.46,08/2023,9
31-1133,31-1133.00,Psychiatric Aides,Education and Training,2.45,08/2023,10
31-1133,31-1133.00,Psychiatric Aides,Medicine and Dentistry,2.36,08/2023,11
31-1133,31-1133.00,Psychiatric Aides,Computers and Electronics,2.34,08/2023,12
31-1133,31-1133.00,Psychiatric Aides,Personnel and Human Resources,2.27,08/2023,13
31-1133,31-1133.00,Psychiatric Aides,Communications and Media,2.21,08/2023,14
31-1133,31-1133.00,Psychiatric Aides,Mathematics,2.06,08/2023,15
31-2011,31-2011.00,Occupational Therapy Assistants,Customer and Personal Service,4.68,08/2022,1
31-2011,31-2011.00,Occupational Therapy Assistants,Psychology,4.3,08/2022,2
31-2011,31-2011.00,Occupational Therapy Assistants,Education and Training,3.89,08/2022,3
31-2011,31-2011.00,Occupational Therapy Assistants,English Language,3.74,08/2022,4
31-2011,31-2011.00,Occupational Therapy Assistants,Therapy and Counseling,3.72,08/2022,5
31-2011,31-2011.00,Occupational Therapy Assistants,Public Safety and Security,3.44,08/2022,6
31-2011,31-2011.00,Occupational Therapy Assistants,Sociology and Anthropology,3.14,08/2022,7
31-2011,31-2011.00,Occupational Therapy Assistants,Administrative,3.13,08/2022,8
31-2011,31-2011.00,Occupational Therapy Assistants,Medicine and Dentistry,3.04,08/2022,9
31-2011,31-2011.00,Occupational Therapy Assistants,Computers and Electronics,3.01,08/2022,10
31-2011,31-2011.00,Occupational Therapy Assistants,Administration and Management,2.94,08/2022,11
31-2011,31-2011.00,Occupational Therapy Assistants,Law and Government,2.74,08/2022,12
31-2011,31-2011.00,Occupational Therapy Assistants,Philosophy and Theology,2.51,08/2022,13
31-2011,31-2011.00,Occupational Therapy Assistants,Personnel and Human Resources,2.46,08/2022,14
31-2011,31-2011.00,Occupational Therapy Assistants,Biology,2.38,08/2022,15
31-2012,31-2012.00,Occupational Therapy Aides,Therapy and Counseling,4.37,08/2020,1
31-2012,31-2012.00,Occupational Therapy Aides,English Language,4.19,08/2020,2
31-2012,31-2012.00,Occupational Therapy Aides,Customer and Personal Service,4.1,08/2020,3
31-2012,31-2012.00,Occupational Therapy Aides,Psychology,3.84,08/2020,4
31-2012,31-2012.00,Occupational Therapy Aides,Computers and Electronics,3.66,08/2020,5
31-2012,31-2012.00,Occupational Therapy Aides,Education and Training,3.59,08/2020,6
31-2012,31-2012.00,Occupational Therapy Aides,Medicine and Dentistry,3.28,08/2020,7
31-2012,31-2012.00,Occupational Therapy Aides,Public Safety and Security,3.14,08/2020,8
31-2012,31-2012.00,Occupational Therapy Aides,Administrative,2.99,08/2020,9
31-2012,31-2012.00,Occupational Therapy Aides,Administration and Management,2.67,08/2020,10
31-2012,31-2012.00,Occupational Therapy Aides,Sociology and Anthropology,2.46,08/2020,11
31-2012,31-2012.00,Occupational Therapy Aides,Communications and Media,2.45,08/2020,12
31-2012,31-2012.00,Occupational Therapy Aides,Mathematics,2.43,08/2020,13
31-2012,31-2012.00,Occupational Therapy Aides,Physics,2.27,08/2020,14
31-2012,31-2012.00,Occupational Therapy Aides,Philosophy and Theology,2.23,08/2020,15
31-2021,31-2021.00,Physical Therapist Assistants,Customer and Personal Service,4.52,08/2020,1
31-2021,31-2021.00,Physical Therapist Assistants,Therapy and Counseling,4.24,08/2020,2
31-2021,31-2021.00,Physical Therapist Assistants,English Language,4.19,08/2020,3
31-2021,31-2021.00,Physical Therapist Assistants,Education and Training,3.92,08/2020,4
31-2021,31-2021.00,Physical Therapist Assistants,Psychology,3.64,08/2020,5
31-2021,31-2021.00,Physical Therapist Assistants,Medicine and Dentistry,3.5,08/2020,6
31-2021,31-2021.00,Physical Therapist Assistants,Computers and Electronics,3.44,08/2020,7
31-2021,31-2021.00,Physical Therapist Assistants,Biology,3.38,08/2020,8
31-2021,31-2021.00,Physical Therapist Assistants,Administrative,2.97,08/2020,9
31-2021,31-2021.00,Physical Therapist Assistants,Public Safety and Security,2.85,08/2020,10
31-2021,31-2021.00,Physical Therapist Assistants,Administration and Management,2.61,08/2020,11
31-2021,31-2021.00,Physical Therapist Assistants,Law and Government,2.57,08/2020,12
31-2021,31-2021.00,Physical Therapist Assistants,Sociology and Anthropology,2.48,08/2020,13
31-2021,31-2021.00,Physical Therapist Assistants,Mathematics,2.43,08/2020,14
31-2021,31-2021.00,Physical Therapist Assistants,Physics,2.39,08/2020,15
31-2022,31-2022.00,Physical Therapist Aides,Customer and Personal Service,4.48,08/2023,1
31-2022,31-2022.00,Physical Therapist Aides,English Language,4.03,08/2023,2
31-2022,31-2022.00,Physical Therapist Aides,Computers and Electronics,3.49,08/2023,3
31-2022,31-2022.00,Physical Therapist Aides,Therapy and Counseling,3.33,08/2023,4
31-2022,31-2022.00,Physical Therapist Aides,Psychology,2.98,08/2023,5
31-2022,31-2022.00,Physical Therapist Aides,Public Safety and Security,2.89,08/2023,6
31-2022,31-2022.00,Physical Therapist Aides,Administrative,2.82,08/2023,7
31-2022,31-2022.00,Physical Therapist Aides,Education and Training,2.62,08/2023,8
31-2022,31-2022.00,Physical Therapist Aides,Telecommunications,2.44,08/2023,9
31-2022,31-2022.00,Physical Therapist Aides,Administration and Management,2.43,08/2023,10
31-2022,31-2022.00,Physical Therapist Aides,Personnel and Human Resources,2.41,08/2023,11
31-2022,31-2022.00,Physical Therapist Aides,Medicine and Dentistry,2.39,08/2023,12
31-2022,31-2022.00,Physical Therapist Aides,Sociology and Anthropology,2.38,08/2023,13
31-2022,31-2022.00,Physical Therapist Aides,Communications and Media,2.36,08/2023,14
31-2022,31-2022.00,Physical Therapist Aides,Mathematics,2.27,08/2023,15
31-9091,31-9091.00,Dental Assistants,Customer and Personal Service,4.54,08/2021,1
31-9091,31-9091.00,Dental Assistants,Medicine and Dentistry,4.41,08/2021,2
31-9091,31-9091.00,Dental Assistants,English Language,3.76,08/2021,3
31-9091,31-9091.00,Dental Assistants,Administration and Management,3.47,08/2021,4
31-9091,31-9091.00,Dental Assistants,Administrative,3.45,08/2021,5
31-9091,31-9091.00,Dental Assistants,Computers and Electronics,3.32,08/2021,6
31-9091,31-9091.00,Dental Assistants,Sales and Marketing,3.31,08/2021,7
31-9091,31-9091.00,Dental Assistants,Production and Processing,3.06,08/2021,8
31-9091,31-9091.00,Dental Assistants,Personnel and Human Resources,2.93,08/2021,9
31-9091,31-9091.00,Dental Assistants,Psychology,2.71,08/2021,10
31-9091,31-9091.00,Dental Assistants,Education and Training,2.58,08/2021,11
31-9091,31-9091.00,Dental Assistants,Biology,2.38,08/2021,12
31-9091,31-9091.00,Dental Assistants,Economics and Accounting,2.35,08/2021,13
31-9091,31-9091.00,Dental Assistants,Therapy and Counseling,2.32,08/2021,14
31-9091,31-9091.00,Dental Assistants,Mathematics,2.16,08/2021,15
31-9092,31-9092.00,Medical Assistants,English Language,4.8,08/2021,1
31-9092,31-9092.00,Medical Assistants,Customer and Personal Service,4.53,08/2021,2
31-9092,31-9092.00,Medical Assistants,Medicine and Dentistry,4.33,08/2021,3
31-9092,31-9092.00,Medical Assistants,Administrative,4.11,08/2021,4
31-9092,31-9092.00,Medical Assistants,Computers and Electronics,3.79,08/2021,5
31-9092,31-9092.00,Medical Assistants,Education and Training,3.5,08/2021,6
31-9092,31-9092.00,Medical Assistants,Public Safety and Security,3.19,08/2021,7
31-9092,31-9092.00,Medical Assistants,Therapy and Counseling,3.04,08/2021,8
31-9092,31-9092.00,Medical Assistants,Psychology,2.95,08/2021,9
31-9092,31-9092.00,Medical Assistants,Administration and Management,2.87,08/2021,10
31-9092,31-9092.00,Medical Assistants,Personnel and Human Resources,2.78,08/2021,11
31-9092,31-9092.00,Medical Assistants,Mathematics,2.73,08/2021,12
31-9092,31-9092.00,Medical Assistants,Law and Government,2.44,08/2021,13
31-9092,31-9092.00,Medical Assistants,Biology,2.38,08/2021,14
31-9092,31-9092.00,Medical Assistants,Foreign Language,2.32,08/2021,15
31-9093,31-9093.00,Medical Equipment Preparers,Customer and Personal Service,4.53,07/2014,1
31-9093,31-9093.00,Medical Equipment Preparers,English Language,3.87,07/2014,2
31-9093,31-9093.00,Medical Equipment Preparers,Biology,3.39,07/2014,3
31-9093,31-9093.00,Medical Equipment Preparers,Production and Processing,3.2,07/2014,4
31-9093,31-9093.00,Medical Equipment Preparers,Public Safety and Security,3.12,07/2014,5
31-9093,31-9093.00,Medical Equipment Preparers,Administrative,2.96,07/2014,6
31-9093,31-9093.00,Medical Equipment Preparers,Chemistry,2.9,07/2014,7
31-9093,31-9093.00,Medical Equipment Preparers,Mechanical,2.68,07/2014,8
31-9093,31-9093.00,Medical Equipment Preparers,Mathematics,2.68,07/2014,9
31-9093,31-9093.00,Medical Equipment Preparers,Computers and Electronics,2.66,07/2014,10
31-9093,31-9093.00,Medical Equipment Preparers,Medicine and Dentistry,2.57,07/2014,11
31-9093,31-9093.00,Medical Equipment Preparers,Telecommunications,2.5,07/2014,12
31-9093,31-9093.00,Medical Equipment Preparers,Education and Training,2.45,07/2014,13
31-9093,31-9093.00,Medical Equipment Preparers,Administration and Management,2.43,07/2014,14
31-9093,31-9093.00,Medical Equipment Preparers,Communications and Media,2.2,07/2014,15
31-9094,31-9094.00,Medical Transcriptionists,English Language,4.54,08/2021,1
31-9094,31-9094.00,Medical Transcriptionists,Administrative,4.25,08/2021,2
31-9094,31-9094.00,Medical Transcriptionists,Computers and Electronics,3.84,08/2021,3
31-9094,31-9094.00,Medical Transcriptionists,Medicine and Dentistry,3.02,08/2021,4
31-9094,31-9094.00,Medical Transcriptionists,Customer and Personal Service,2.7,08/2021,5
31-9094,31-9094.00,Medical Transcriptionists,Telecommunications,2.11,08/2021,6
31-9094,31-9094.00,Medical Transcriptionists,Administration and Management,2.06,08/2021,7
31-9094,31-9094.00,Medical Transcriptionists,Mathematics,1.81,08/2021,8
31-9094,31-9094.00,Medical Transcriptionists,Biology,1.79,08/2021,9
31-9094,31-9094.00,Medical Transcriptionists,Education and Training,1.73,08/2021,10
31-9094,31-9094.00,Medical Transcriptionists,Production and Processing,1.64,08/2021,11
31-9094,31-9094.00,Medical Transcriptionists,Psychology,1.62,08/2021,12
31-9094,31-9094.00,Medical Transcriptionists,Therapy and Counseling,1.54,08/2021,13
31-9094,31-9094.00,Medical Transcriptionists,Communications and Media,1.52,08/2021,14
31-9094,31-9094.00,Medical Transcriptionists,Personnel and Human Resources,1.49,08/2021,15
31-9095,31-9095.00,Pharmacy Aides,Customer and Personal Service,4.77,07/2014,1
31-9095,31-9095.00,Pharmacy Aides,English Language,3.36,07/2014,2
31-9095,31-9095.00,Pharmacy Aides,Administrative,3.08,07/2014,3
31-9095,31-9095.00,Pharmacy Aides,Sales and Marketing,3.03,07/2014,4
31-9095,31-9095.00,Pharmacy Aides,Law and Government,2.93,07/2014,5
31-9095,31-9095.00,Pharmacy Aides,Administration and Management,2.89,07/2014,6
31-9095,31-9095.00,Pharmacy Aides,Mathematics,2.88,07/2014,7
31-9095,31-9095.00,Pharmacy Aides,Medicine and Dentistry,2.58,07/2014,8
31-9095,31-9095.00,Pharmacy Aides,Public Safety and Security,2.42,07/2014,9
31-9095,31-9095.00,Pharmacy Aides,Computers and Electronics,2.33,07/2014,10
31-9095,31-9095.00,Pharmacy Aides,Economics and Accounting,2.17,07/2014,11
31-9095,31-9095.00,Pharmacy Aides,Communications and Media,2.15,07/2014,12
31-9095,31-9095.00,Pharmacy Aides,Telecommunications,2.05,07/2014,13
31-9095,31-9095.00,Pharmacy Aides,Education and Training,2.0,07/2014,14
31-9095,31-9095.00,Pharmacy Aides,Production and Processing,1.9,07/2014,15
31-9096,31-9096.00,Veterinary Assistants and Laboratory Animal Caretakers,Customer and Personal Service,4.33,08/2020,1
31-9096,31-9096.00,Veterinary Assistants and Laboratory Animal Caretakers,English Language,3.83,08/2020,2
31-9096,31-9096.00,Veterinary Assistants and Laboratory Animal Caretakers,Biology,3.56,08/2020,3
31-9096,31-9096.00,Veterinary Assistants and Laboratory Animal Caretakers,Administrative,3.51,08/2020,4
31-9096,31-9096.00,Veterinary Assistants and Laboratory Animal Caretakers,Medicine and Dentistry,3.5,08/2020,5
31-9096,31-9096.00,Veterinary Assistants and Laboratory Animal Caretakers,Computers and Electronics,3.18,08/2020,6
31-9096,31-9096.00,Veterinary Assistants and Laboratory Animal Caretakers,Mathematics,2.87,08/2020,7
31-9096,31-9096.00,Veterinary Assistants and Laboratory Animal Caretakers,Communications and Media,2.63,08/2020,8
31-9096,31-9096.00,Veterinary Assistants and Laboratory Animal Caretakers,Sales and Marketing,2.6,08/2020,9
31-9096,31-9096.00,Veterinary Assistants and Laboratory Animal Caretakers,Telecommunications,2.58,08/2020,10
31-9096,31-9096.00,Veterinary Assistants and Laboratory Animal Caretakers,Chemistry,2.48,08/2020,11
31-9096,31-9096.00,Veterinary Assistants and Laboratory Animal Caretakers,Administration and Management,2.46,08/2020,12
31-9096,31-9096.00,Veterinary Assistants and Laboratory Animal Caretakers,Education and Training,2.38,08/2020,13
31-9096,31-9096.00,Veterinary Assistants and Laboratory Animal Caretakers,Psychology,2.35,08/2020,14
31-9096,31-9096.00,Veterinary Assistants and Laboratory Animal Caretakers,Mechanical,2.34,08/2020,15
31-9099,31-9099.01,Speech-Language Pathology Assistants,English Language,4.55,08/2022,1
31-9099,31-9099.01,Speech-Language Pathology Assistants,Education and Training,4.15,08/2022,2
31-9099,31-9099.01,Speech-Language Pathology Assistants,Therapy and Counseling,3.68,08/2022,3
31-9099,31-9099.01,Speech-Language Pathology Assistants,Psychology,3.61,08/2022,4
31-9099,31-9099.01,Speech-Language Pathology Assistants,Customer and Personal Service,3.38,08/2022,5
31-9099,31-9099.01,Speech-Language Pathology Assistants,Administrative,3.36,08/2022,6
31-9099,31-9099.01,Speech-Language Pathology Assistants,Computers and Electronics,2.76,08/2022,7
31-9099,31-9099.01,Speech-Language Pathology Assistants,Sociology and Anthropology,2.57,08/2022,8
31-9099,31-9099.01,Speech-Language Pathology Assistants,Administration and Management,2.4,08/2022,9
31-9099,31-9099.01,Speech-Language Pathology Assistants,Communications and Media,2.39,08/2022,10
31-9099,31-9099.01,Speech-Language Pathology Assistants,Public Safety and Security,2.19,08/2022,11
31-9099,31-9099.01,Speech-Language Pathology Assistants,Telecommunications,1.93,08/2022,12
31-9099,31-9099.01,Speech-Language Pathology Assistants,Medicine and Dentistry,1.83,08/2022,13
31-9099,31-9099.01,Speech-Language Pathology Assistants,Foreign Language,1.81,08/2022,14
31-9099,31-9099.01,Speech-Language Pathology Assistants,Law and Government,1.74,08/2022,15
33-1011,33-1011.00,First-Line Supervisors of Correctional Officers,Public Safety and Security,4.81,08/2020,1
33-1011,33-1011.00,First-Line Supervisors of Correctional Officers,Law and Government,4.39,08/2020,2
33-1011,33-1011.00,First-Line Supervisors of Correctional Officers,Administration and Management,4.15,08/2020,3
33-1011,33-1011.00,First-Line Supervisors of Correctional Officers,Psychology,4.11,08/2020,4
33-1011,33-1011.00,First-Line Supervisors of Correctional Officers,English Language,4.04,08/2020,5
33-1011,33-1011.00,First-Line Supervisors of Correctional Officers,Administrative,3.69,08/2020,6
33-1011,33-1011.00,First-Line Supervisors of Correctional Officers,Computers and Electronics,3.64,08/2020,7
33-1011,33-1011.00,First-Line Supervisors of Correctional Officers,Education and Training,3.62,08/2020,8
33-1011,33-1011.00,First-Line Supervisors of Correctional Officers,Personnel and Human Resources,3.55,08/2020,9
33-1011,33-1011.00,First-Line Supervisors of Correctional Officers,Customer and Personal Service,3.24,08/2020,10
33-1011,33-1011.00,First-Line Supervisors of Correctional Officers,Sociology and Anthropology,3.24,08/2020,11
33-1011,33-1011.00,First-Line Supervisors of Correctional Officers,Therapy and Counseling,3.19,08/2020,12
33-1011,33-1011.00,First-Line Supervisors of Correctional Officers,Communications and Media,2.77,08/2020,13
33-1011,33-1011.00,First-Line Supervisors of Correctional Officers,Telecommunications,2.76,08/2020,14
33-1011,33-1011.00,First-Line Supervisors of Correctional Officers,Transportation,2.75,08/2020,15
33-1012,33-1012.00,First-Line Supervisors of Police and Detectives,Public Safety and Security,4.66,08/2024,1
33-1012,33-1012.00,First-Line Supervisors of Police and Detectives,Law and Government,4.55,08/2024,2
33-1012,33-1012.00,First-Line Supervisors of Police and Detectives,Customer and Personal Service,4.42,08/2024,3
33-1012,33-1012.00,First-Line Supervisors of Police and Detectives,Administration and Management,3.96,08/2024,4
33-1012,33-1012.00,First-Line Supervisors of Police and Detectives,English Language,3.82,08/2024,5
33-1012,33-1012.00,First-Line Supervisors of Police and Detectives,Psychology,3.81,08/2024,6
33-1012,33-1012.00,First-Line Supervisors of Police and Detectives,Sociology and Anthropology,3.26,08/2024,7
33-1012,33-1012.00,First-Line Supervisors of Police and Detectives,Therapy and Counseling,3.19,08/2024,8
33-1012,33-1012.00,First-Line Supervisors of Police and Detectives,Education and Training,3.18,08/2024,9
33-1012,33-1012.00,First-Line Supervisors of Police and Detectives,Personnel and Human Resources,3.08,08/2024,10
33-1012,33-1012.00,First-Line Supervisors of Police and Detectives,Administrative,2.73,08/2024,11
33-1012,33-1012.00,First-Line Supervisors of Police and Detectives,Computers and Electronics,2.71,08/2024,12
33-1012,33-1012.00,First-Line Supervisors of Police and Detectives,Communications and Media,2.54,08/2024,13
33-1012,33-1012.00,First-Line Supervisors of Police and Detectives,Telecommunications,2.44,08/2024,14
33-1012,33-1012.00,First-Line Supervisors of Police and Detectives,Foreign Language,2.27,08/2024,15
33-1021,33-1021.00,First-Line Supervisors of Firefighting and Prevention Workers,Public Safety and Security,4.69,08/2022,1
33-1021,33-1021.00,First-Line Supervisors of Firefighting and Prevention Workers,Customer and Personal Service,4.36,08/2022,2
33-1021,33-1021.00,First-Line Supervisors of Firefighting and Prevention Workers,Education and Training,4.09,08/2022,3
33-1021,33-1021.00,First-Line Supervisors of Firefighting and Prevention Workers,Building and Construction,4.05,08/2022,4
33-1021,33-1021.00,First-Line Supervisors of Firefighting and Prevention Workers,Administration and Management,4.01,08/2022,5
33-1021,33-1021.00,First-Line Supervisors of Firefighting and Prevention Workers,English Language,3.97,08/2022,6
33-1021,33-1021.00,First-Line Supervisors of Firefighting and Prevention Workers,Mechanical,3.72,08/2022,7
33-1021,33-1021.00,First-Line Supervisors of Firefighting and Prevention Workers,Law and Government,3.61,08/2022,8
33-1021,33-1021.00,First-Line Supervisors of Firefighting and Prevention Workers,Personnel and Human Resources,3.5,08/2022,9
33-1021,33-1021.00,First-Line Supervisors of Firefighting and Prevention Workers,Administrative,3.39,08/2022,10
33-1021,33-1021.00,First-Line Supervisors of Firefighting and Prevention Workers,Medicine and Dentistry,3.36,08/2022,11
33-1021,33-1021.00,First-Line Supervisors of Firefighting and Prevention Workers,Psychology,3.32,08/2022,12
33-1021,33-1021.00,First-Line Supervisors of Firefighting and Prevention Workers,Chemistry,3.25,08/2022,13
33-1021,33-1021.00,First-Line Supervisors of Firefighting and Prevention Workers,Transportation,3.08,08/2022,14
33-1021,33-1021.00,First-Line Supervisors of Firefighting and Prevention Workers,Mathematics,3.06,08/2022,15
33-1091,33-1091.00,First-Line Supervisors of Security Workers,Public Safety and Security,4.88,08/2025,1
33-1091,33-1091.00,First-Line Supervisors of Security Workers,Administration and Management,4.64,08/2025,2
33-1091,33-1091.00,First-Line Supervisors of Security Workers,Customer and Personal Service,4.43,08/2025,3
33-1091,33-1091.00,First-Line Supervisors of Security Workers,Personnel and Human Resources,4.41,08/2025,4
33-1091,33-1091.00,First-Line Supervisors of Security Workers,Law and Government,4.4,08/2025,5
33-1091,33-1091.00,First-Line Supervisors of Security Workers,English Language,4.37,08/2025,6
33-1091,33-1091.00,First-Line Supervisors of Security Workers,Administrative,4.14,08/2025,7
33-1091,33-1091.00,First-Line Supervisors of Security Workers,Education and Training,3.92,08/2025,8
33-1091,33-1091.00,First-Line Supervisors of Security Workers,Computers and Electronics,3.88,08/2025,9
33-1091,33-1091.00,First-Line Supervisors of Security Workers,Psychology,3.76,08/2025,10
33-1091,33-1091.00,First-Line Supervisors of Security Workers,Telecommunications,3.2,08/2025,11
33-1091,33-1091.00,First-Line Supervisors of Security Workers,Engineering and Technology,3.0,08/2025,12
33-1091,33-1091.00,First-Line Supervisors of Security Workers,Communications and Media,2.89,08/2025,13
33-1091,33-1091.00,First-Line Supervisors of Security Workers,Mathematics,2.82,08/2025,14
33-1091,33-1091.00,First-Line Supervisors of Security Workers,Economics and Accounting,2.71,08/2025,15
33-2011,33-2011.00,Firefighters,Public Safety and Security,4.53,08/2022,1
33-2011,33-2011.00,Firefighters,Customer and Personal Service,4.19,08/2022,2
33-2011,33-2011.00,Firefighters,Education and Training,4.13,08/2022,3
33-2011,33-2011.00,Firefighters,Building and Construction,4.03,08/2022,4
33-2011,33-2011.00,Firefighters,English Language,3.91,08/2022,5
33-2011,33-2011.00,Firefighters,Mechanical,3.78,08/2022,6
33-2011,33-2011.00,Firefighters,Medicine and Dentistry,3.62,08/2022,7
33-2011,33-2011.00,Firefighters,Telecommunications,3.58,08/2022,8
33-2011,33-2011.00,Firefighters,Administration and Management,3.43,08/2022,9
33-2011,33-2011.00,Firefighters,Transportation,3.42,08/2022,10
33-2011,33-2011.00,Firefighters,Law and Government,3.4,08/2022,11
33-2011,33-2011.00,Firefighters,Chemistry,3.33,08/2022,12
33-2011,33-2011.00,Firefighters,Psychology,3.24,08/2022,13
33-2011,33-2011.00,Firefighters,Mathematics,3.16,08/2022,14
33-2011,33-2011.00,Firefighters,Personnel and Human Resources,2.92,08/2022,15
33-2021,33-2021.00,Fire Inspectors and Investigators,Public Safety and Security,4.7,08/2022,1
33-2021,33-2021.00,Fire Inspectors and Investigators,Customer and Personal Service,4.28,08/2022,2
33-2021,33-2021.00,Fire Inspectors and Investigators,Building and Construction,4.23,08/2022,3
33-2021,33-2021.00,Fire Inspectors and Investigators,Law and Government,4.09,08/2022,4
33-2021,33-2021.00,Fire Inspectors and Investigators,Education and Training,3.99,08/2022,5
33-2021,33-2021.00,Fire Inspectors and Investigators,English Language,3.71,08/2022,6
33-2021,33-2021.00,Fire Inspectors and Investigators,Administration and Management,3.05,08/2022,7
33-2021,33-2021.00,Fire Inspectors and Investigators,Chemistry,2.93,08/2022,8
33-2021,33-2021.00,Fire Inspectors and Investigators,Psychology,2.92,08/2022,9
33-2021,33-2021.00,Fire Inspectors and Investigators,Computers and Electronics,2.91,08/2022,10
33-2021,33-2021.00,Fire Inspectors and Investigators,Personnel and Human Resources,2.9,08/2022,11
33-2021,33-2021.00,Fire Inspectors and Investigators,Mathematics,2.9,08/2022,12
33-2021,33-2021.00,Fire Inspectors and Investigators,Mechanical,2.88,08/2022,13
33-2021,33-2021.00,Fire Inspectors and Investigators,Physics,2.85,08/2022,14
33-2021,33-2021.00,Fire Inspectors and Investigators,Communications and Media,2.8,08/2022,15
33-2022,33-2022.00,Forest Fire Inspectors and Prevention Specialists,Administration and Management,4.05,08/2019,1
33-2022,33-2022.00,Forest Fire Inspectors and Prevention Specialists,Customer and Personal Service,3.82,08/2019,2
33-2022,33-2022.00,Forest Fire Inspectors and Prevention Specialists,Education and Training,3.74,08/2019,3
33-2022,33-2022.00,Forest Fire Inspectors and Prevention Specialists,Personnel and Human Resources,3.73,08/2019,4
33-2022,33-2022.00,Forest Fire Inspectors and Prevention Specialists,Public Safety and Security,3.69,08/2019,5
33-2022,33-2022.00,Forest Fire Inspectors and Prevention Specialists,Law and Government,3.55,08/2019,6
33-2022,33-2022.00,Forest Fire Inspectors and Prevention Specialists,Computers and Electronics,3.54,08/2019,7
33-2022,33-2022.00,Forest Fire Inspectors and Prevention Specialists,English Language,3.48,08/2019,8
33-2022,33-2022.00,Forest Fire Inspectors and Prevention Specialists,Transportation,3.38,08/2019,9
33-2022,33-2022.00,Forest Fire Inspectors and Prevention Specialists,Administrative,3.23,08/2019,10
33-2022,33-2022.00,Forest Fire Inspectors and Prevention Specialists,Mechanical,3.23,08/2019,11
33-2022,33-2022.00,Forest Fire Inspectors and Prevention Specialists,Communications and Media,3.17,08/2019,12
33-2022,33-2022.00,Forest Fire Inspectors and Prevention Specialists,Geography,3.14,08/2019,13
33-2022,33-2022.00,Forest Fire Inspectors and Prevention Specialists,Mathematics,2.97,08/2019,14
33-2022,33-2022.00,Forest Fire Inspectors and Prevention Specialists,Biology,2.85,08/2019,15
33-3011,33-3011.00,Bailiffs,Public Safety and Security,4.26,08/2020,1
33-3011,33-3011.00,Bailiffs,Law and Government,4.09,08/2020,2
33-3011,33-3011.00,Bailiffs,English Language,3.63,08/2020,3
33-3011,33-3011.00,Bailiffs,Customer and Personal Service,3.04,08/2020,4
33-3011,33-3011.00,Bailiffs,Psychology,3.02,08/2020,5
33-3011,33-3011.00,Bailiffs,Administration and Management,2.92,08/2020,6
33-3011,33-3011.00,Bailiffs,Education and Training,2.72,08/2020,7
33-3011,33-3011.00,Bailiffs,Administrative,2.62,08/2020,8
33-3011,33-3011.00,Bailiffs,Computers and Electronics,2.57,08/2020,9
33-3011,33-3011.00,Bailiffs,Telecommunications,2.41,08/2020,10
33-3011,33-3011.00,Bailiffs,Personnel and Human Resources,2.38,08/2020,11
33-3011,33-3011.00,Bailiffs,Sociology and Anthropology,2.37,08/2020,12
33-3011,33-3011.00,Bailiffs,Therapy and Counseling,2.25,08/2020,13
33-3011,33-3011.00,Bailiffs,Transportation,2.06,08/2020,14
33-3011,33-3011.00,Bailiffs,Mathematics,2.03,08/2020,15
33-3012,33-3012.00,Correctional Officers and Jailers,Public Safety and Security,4.14,08/2023,1
33-3012,33-3012.00,Correctional Officers and Jailers,English Language,4.01,08/2023,2
33-3012,33-3012.00,Correctional Officers and Jailers,Law and Government,3.78,08/2023,3
33-3012,33-3012.00,Correctional Officers and Jailers,Customer and Personal Service,3.52,08/2023,4
33-3012,33-3012.00,Correctional Officers and Jailers,Administration and Management,3.51,08/2023,5
33-3012,33-3012.00,Correctional Officers and Jailers,Computers and Electronics,3.43,08/2023,6
33-3012,33-3012.00,Correctional Officers and Jailers,Psychology,3.41,08/2023,7
33-3012,33-3012.00,Correctional Officers and Jailers,Administrative,3.36,08/2023,8
33-3012,33-3012.00,Correctional Officers and Jailers,Education and Training,3.36,08/2023,9
33-3012,33-3012.00,Correctional Officers and Jailers,Telecommunications,3.17,08/2023,10
33-3012,33-3012.00,Correctional Officers and Jailers,Sociology and Anthropology,2.91,08/2023,11
33-3012,33-3012.00,Correctional Officers and Jailers,Mathematics,2.87,08/2023,12
33-3012,33-3012.00,Correctional Officers and Jailers,Personnel and Human Resources,2.83,08/2023,13
33-3012,33-3012.00,Correctional Officers and Jailers,Therapy and Counseling,2.68,08/2023,14
33-3012,33-3012.00,Correctional Officers and Jailers,Communications and Media,2.59,08/2023,15
33-3021,33-3021.00,Detectives and Criminal Investigators,Law and Government,4.84,08/2022,1
33-3021,33-3021.00,Detectives and Criminal Investigators,Public Safety and Security,4.61,08/2022,2
33-3021,33-3021.02,Police Identification and Records Officers,Law and Government,4.19,08/2025,3
33-3021,33-3021.00,Detectives and Criminal Investigators,English Language,4.18,08/2022,4
33-3021,33-3021.00,Detectives and Criminal Investigators,Customer and Personal Service,4.02,08/2022,5
33-3021,33-3021.00,Detectives and Criminal Investigators,Psychology,3.87,08/2022,6
33-3021,33-3021.02,Police Identification and Records Officers,Administrative,3.81,08/2025,7
33-3021,33-3021.02,Police Identification and Records Officers,English Language,3.76,08/2025,8
33-3021,33-3021.02,Police Identification and Records Officers,Public Safety and Security,3.61,08/2025,9
33-3021,33-3021.00,Detectives and Criminal Investigators,Computers and Electronics,3.57,08/2022,10
33-3021,33-3021.00,Detectives and Criminal Investigators,Education and Training,3.56,08/2022,11
33-3021,33-3021.00,Detectives and Criminal Investigators,Administrative,3.54,08/2022,12
33-3021,33-3021.02,Police Identification and Records Officers,Computers and Electronics,3.5,08/2025,13
33-3021,33-3021.00,Detectives and Criminal Investigators,Administration and Management,3.34,08/2022,14
33-3021,33-3021.00,Detectives and Criminal Investigators,Communications and Media,3.18,08/2022,15
33-3031,33-3031.00,Fish and Game Wardens,Law and Government,4.6,07/2014,1
33-3031,33-3031.00,Fish and Game Wardens,Public Safety and Security,4.49,07/2014,2
33-3031,33-3031.00,Fish and Game Wardens,Biology,4.14,07/2014,3
33-3031,33-3031.00,Fish and Game Wardens,English Language,4.14,07/2014,4
33-3031,33-3031.00,Fish and Game Wardens,Customer and Personal Service,4.11,07/2014,5
33-3031,33-3031.00,Fish and Game Wardens,Psychology,3.76,07/2014,6
33-3031,33-3031.00,Fish and Game Wardens,Geography,3.64,07/2014,7
33-3031,33-3031.00,Fish and Game Wardens,Sociology and Anthropology,3.42,07/2014,8
33-3031,33-3031.00,Fish and Game Wardens,Education and Training,3.39,07/2014,9
33-3031,33-3031.00,Fish and Game Wardens,Administration and Management,3.05,07/2014,10
33-3031,33-3031.00,Fish and Game Wardens,Administrative,3.03,07/2014,11
33-3031,33-3031.00,Fish and Game Wardens,Computers and Electronics,3.02,07/2014,12
33-3031,33-3031.00,Fish and Game Wardens,Communications and Media,3.02,07/2014,13
33-3031,33-3031.00,Fish and Game Wardens,Mathematics,2.88,07/2014,14
33-3031,33-3031.00,Fish and Game Wardens,Personnel and Human Resources,2.84,07/2014,15
33-3041,33-3041.00,Parking Enforcement Workers,English Language,3.77,07/2016,1
33-3041,33-3041.00,Parking Enforcement Workers,Public Safety and Security,3.73,07/2016,2
33-3041,33-3041.00,Parking Enforcement Workers,Law and Government,3.29,07/2016,3
33-3041,33-3041.00,Parking Enforcement Workers,Computers and Electronics,3.14,07/2016,4
33-3041,33-3041.00,Parking Enforcement Workers,Education and Training,3.09,07/2016,5
33-3041,33-3041.00,Parking Enforcement Workers,Psychology,2.76,07/2016,6
33-3041,33-3041.00,Parking Enforcement Workers,Foreign Language,2.74,07/2016,7
33-3041,33-3041.00,Parking Enforcement Workers,Transportation,2.72,07/2016,8
33-3041,33-3041.00,Parking Enforcement Workers,Administration and Management,2.68,07/2016,9
33-3041,33-3041.00,Parking Enforcement Workers,Communications and Media,2.59,07/2016,10
33-3041,33-3041.00,Parking Enforcement Workers,Mathematics,2.57,07/2016,11
33-3041,33-3041.00,Parking Enforcement Workers,Personnel and Human Resources,2.43,07/2016,12
33-3041,33-3041.00,Parking Enforcement Workers,Customer and Personal Service,2.35,07/2016,13
33-3041,33-3041.00,Parking Enforcement Workers,Sociology and Anthropology,2.32,07/2016,14
33-3041,33-3041.00,Parking Enforcement Workers,Physics,2.31,07/2016,15
33-3051,33-3051.00,Police and Sheriff's Patrol Officers,Public Safety and Security,4.83,08/2022,1
33-3051,33-3051.00,Police and Sheriff's Patrol Officers,Law and Government,4.82,08/2022,2
33-3051,33-3051.04,Customs and Border Protection Officers,Law and Government,4.48,07/2012,3
33-3051,33-3051.04,Customs and Border Protection Officers,Public Safety and Security,4.32,07/2012,4
33-3051,33-3051.00,Police and Sheriff's Patrol Officers,English Language,4.26,08/2022,5
33-3051,33-3051.00,Police and Sheriff's Patrol Officers,Psychology,4.09,08/2022,6
33-3051,33-3051.00,Police and Sheriff's Patrol Officers,Customer and Personal Service,3.98,08/2022,7
33-3051,33-3051.04,Customs and Border Protection Officers,English Language,3.91,07/2012,8
33-3051,33-3051.00,Police and Sheriff's Patrol Officers,Education and Training,3.76,08/2022,9
33-3051,33-3051.04,Customs and Border Protection Officers,Customer and Personal Service,3.57,07/2012,10
33-3051,33-3051.00,Police and Sheriff's Patrol Officers,Telecommunications,3.48,08/2022,11
33-3051,33-3051.00,Police and Sheriff's Patrol Officers,Administration and Management,3.47,08/2022,12
33-3051,33-3051.00,Police and Sheriff's Patrol Officers,Administrative,3.43,08/2022,13
33-3051,33-3051.04,Customs and Border Protection Officers,Psychology,3.42,07/2012,14
33-3051,33-3051.00,Police and Sheriff's Patrol Officers,Computers and Electronics,3.38,08/2022,15
33-3052,33-3052.00,Transit and Railroad Police,Public Safety and Security,4.9,07/2017,1
33-3052,33-3052.00,Transit and Railroad Police,Law and Government,4.71,07/2017,2
33-3052,33-3052.00,Transit and Railroad Police,English Language,4.4,07/2017,3
33-3052,33-3052.00,Transit and Railroad Police,Customer and Personal Service,4.13,07/2017,4
33-3052,33-3052.00,Transit and Railroad Police,Transportation,3.66,07/2017,5
33-3052,33-3052.00,Transit and Railroad Police,Education and Training,3.55,07/2017,6
33-3052,33-3052.00,Transit and Railroad Police,Geography,3.53,07/2017,7
33-3052,33-3052.00,Transit and Railroad Police,Psychology,3.51,07/2017,8
33-3052,33-3052.00,Transit and Railroad Police,Computers and Electronics,3.48,07/2017,9
33-3052,33-3052.00,Transit and Railroad Police,Administration and Management,3.46,07/2017,10
33-3052,33-3052.00,Transit and Railroad Police,Telecommunications,3.45,07/2017,11
33-3052,33-3052.00,Transit and Railroad Police,Communications and Media,3.09,07/2017,12
33-3052,33-3052.00,Transit and Railroad Police,Therapy and Counseling,2.92,07/2017,13
33-3052,33-3052.00,Transit and Railroad Police,Administrative,2.88,07/2017,14
33-3052,33-3052.00,Transit and Railroad Police,Sociology and Anthropology,2.87,07/2017,15
33-9021,33-9021.00,Private Detectives and Investigators,English Language,4.21,07/2015,1
33-9021,33-9021.00,Private Detectives and Investigators,Customer and Personal Service,4.16,07/2015,2
33-9021,33-9021.00,Private Detectives and Investigators,Law and Government,4.02,07/2015,3
33-9021,33-9021.00,Private Detectives and Investigators,Computers and Electronics,3.56,07/2015,4
33-9021,33-9021.00,Private Detectives and Investigators,Administrative,3.55,07/2015,5
33-9021,33-9021.00,Private Detectives and Investigators,Administration and Management,3.5,07/2015,6
33-9021,33-9021.00,Private Detectives and Investigators,Public Safety and Security,3.44,07/2015,7
33-9021,33-9021.00,Private Detectives and Investigators,Psychology,3.31,07/2015,8
33-9021,33-9021.00,Private Detectives and Investigators,Communications and Media,2.78,07/2015,9
33-9021,33-9021.00,Private Detectives and Investigators,Education and Training,2.65,07/2015,10
33-9021,33-9021.00,Private Detectives and Investigators,Personnel and Human Resources,2.56,07/2015,11
33-9021,33-9021.00,Private Detectives and Investigators,Sales and Marketing,2.54,07/2015,12
33-9021,33-9021.00,Private Detectives and Investigators,Economics and Accounting,2.45,07/2015,13
33-9021,33-9021.00,Private Detectives and Investigators,Telecommunications,2.41,07/2015,14
33-9021,33-9021.00,Private Detectives and Investigators,Sociology and Anthropology,2.4,07/2015,15
33-9031,33-9031.00,Gambling Surveillance Officers and Gambling Investigators,English Language,4.27,08/2019,1
33-9031,33-9031.00,Gambling Surveillance Officers and Gambling Investigators,Public Safety and Security,4.04,08/2019,2
33-9031,33-9031.00,Gambling Surveillance Officers and Gambling Investigators,Computers and Electronics,3.67,08/2019,3
33-9031,33-9031.00,Gambling Surveillance Officers and Gambling Investigators,Mathematics,3.64,08/2019,4
33-9031,33-9031.00,Gambling Surveillance Officers and Gambling Investigators,Administrative,3.57,08/2019,5
33-9031,33-9031.00,Gambling Surveillance Officers and Gambling Investigators,Education and Training,3.36,08/2019,6
33-9031,33-9031.00,Gambling Surveillance Officers and Gambling Investigators,Customer and Personal Service,3.28,08/2019,7
33-9031,33-9031.00,Gambling Surveillance Officers and Gambling Investigators,Administration and Management,3.25,08/2019,8
33-9031,33-9031.00,Gambling Surveillance Officers and Gambling Investigators,Telecommunications,2.85,08/2019,9
33-9031,33-9031.00,Gambling Surveillance Officers and Gambling Investigators,Psychology,2.79,08/2019,10
33-9031,33-9031.00,Gambling Surveillance Officers and Gambling Investigators,Law and Government,2.77,08/2019,11
33-9031,33-9031.00,Gambling Surveillance Officers and Gambling Investigators,Communications and Media,2.5,08/2019,12
33-9031,33-9031.00,Gambling Surveillance Officers and Gambling Investigators,Personnel and Human Resources,2.44,08/2019,13
33-9031,33-9031.00,Gambling Surveillance Officers and Gambling Investigators,Economics and Accounting,2.16,08/2019,14
33-9031,33-9031.00,Gambling Surveillance Officers and Gambling Investigators,Engineering and Technology,2.07,08/2019,15
33-9032,33-9032.00,Security Guards,Public Safety and Security,4.74,08/2023,1
33-9032,33-9032.00,Security Guards,Customer and Personal Service,4.54,08/2023,2
33-9032,33-9032.00,Security Guards,English Language,4.32,08/2023,3
33-9032,33-9032.00,Security Guards,Computers and Electronics,4.09,08/2023,4
33-9032,33-9032.00,Security Guards,Administration and Management,3.99,08/2023,5
33-9032,33-9032.00,Security Guards,Education and Training,3.83,08/2023,6
33-9032,33-9032.00,Security Guards,Telecommunications,3.81,08/2023,7
33-9032,33-9032.00,Security Guards,Administrative,3.74,08/2023,8
33-9032,33-9032.00,Security Guards,Law and Government,3.55,08/2023,9
33-9032,33-9032.00,Security Guards,Therapy and Counseling,3.15,08/2023,10
33-9032,33-9032.00,Security Guards,Psychology,3.09,08/2023,11
33-9032,33-9032.00,Security Guards,Medicine and Dentistry,3.05,08/2023,12
33-9032,33-9032.00,Security Guards,Foreign Language,2.97,08/2023,13
33-9032,33-9032.00,Security Guards,Communications and Media,2.96,08/2023,14
33-9032,33-9032.00,Security Guards,Transportation,2.96,08/2023,15
33-9091,33-9091.00,Crossing Guards and Flaggers,Public Safety and Security,3.87,07/2016,1
33-9091,33-9091.00,Crossing Guards and Flaggers,Customer and Personal Service,3.17,07/2016,2
33-9091,33-9091.00,Crossing Guards and Flaggers,English Language,3.09,07/2016,3
33-9091,33-9091.00,Crossing Guards and Flaggers,Law and Government,2.39,07/2016,4
33-9091,33-9091.00,Crossing Guards and Flaggers,Psychology,2.38,07/2016,5
33-9091,33-9091.00,Crossing Guards and Flaggers,Education and Training,2.0,07/2016,6
33-9091,33-9091.00,Crossing Guards and Flaggers,Personnel and Human Resources,1.98,07/2016,7
33-9091,33-9091.00,Crossing Guards and Flaggers,Administration and Management,1.97,07/2016,8
33-9091,33-9091.00,Crossing Guards and Flaggers,Transportation,1.97,07/2016,9
33-9091,33-9091.00,Crossing Guards and Flaggers,Communications and Media,1.87,07/2016,10
33-9091,33-9091.00,Crossing Guards and Flaggers,Administrative,1.6,07/2016,11
33-9091,33-9091.00,Crossing Guards and Flaggers,Mathematics,1.51,07/2016,12
33-9091,33-9091.00,Crossing Guards and Flaggers,Foreign Language,1.49,07/2016,13
33-9091,33-9091.00,Crossing Guards and Flaggers,Telecommunications,1.47,07/2016,14
33-9091,33-9091.00,Crossing Guards and Flaggers,Sociology and Anthropology,1.44,07/2016,15
33-9092,33-9092.00,"Lifeguards, Ski Patrol, and Other Recreational Protective Service Workers",Customer and Personal Service,4.0,08/2020,1
33-9092,33-9092.00,"Lifeguards, Ski Patrol, and Other Recreational Protective Service Workers",Public Safety and Security,3.64,08/2020,2
33-9092,33-9092.00,"Lifeguards, Ski Patrol, and Other Recreational Protective Service Workers",English Language,3.45,08/2020,3
33-9092,33-9092.00,"Lifeguards, Ski Patrol, and Other Recreational Protective Service Workers",Education and Training,3.08,08/2020,4
33-9092,33-9092.00,"Lifeguards, Ski Patrol, and Other Recreational Protective Service Workers",Medicine and Dentistry,3.02,08/2020,5
33-9092,33-9092.00,"Lifeguards, Ski Patrol, and Other Recreational Protective Service Workers",Psychology,2.95,08/2020,6
33-9092,33-9092.00,"Lifeguards, Ski Patrol, and Other Recreational Protective Service Workers",Administration and Management,2.68,08/2020,7
33-9092,33-9092.00,"Lifeguards, Ski Patrol, and Other Recreational Protective Service Workers",Chemistry,2.48,08/2020,8
33-9092,33-9092.00,"Lifeguards, Ski Patrol, and Other Recreational Protective Service Workers",Therapy and Counseling,2.44,08/2020,9
33-9092,33-9092.00,"Lifeguards, Ski Patrol, and Other Recreational Protective Service Workers",Foreign Language,2.35,08/2020,10
33-9092,33-9092.00,"Lifeguards, Ski Patrol, and Other Recreational Protective Service Workers",Law and Government,2.29,08/2020,11
33-9092,33-9092.00,"Lifeguards, Ski Patrol, and Other Recreational Protective Service Workers",Personnel and Human Resources,2.27,08/2020,12
33-9092,33-9092.00,"Lifeguards, Ski Patrol, and Other Recreational Protective Service Workers",Administrative,2.24,08/2020,13
33-9092,33-9092.00,"Lifeguards, Ski Patrol, and Other Recreational Protective Service Workers",Sociology and Anthropology,2.18,08/2020,14
33-9092,33-9092.00,"Lifeguards, Ski Patrol, and Other Recreational Protective Service Workers",Telecommunications,2.18,08/2020,15
33-9099,33-9099.02,Retail Loss Prevention Specialists,Public Safety and Security,4.69,07/2014,1
33-9099,33-9099.02,Retail Loss Prevention Specialists,English Language,4.07,07/2014,2
33-9099,33-9099.02,Retail Loss Prevention Specialists,Law and Government,4.0,07/2014,3
33-9099,33-9099.02,Retail Loss Prevention Specialists,Customer and Personal Service,3.68,07/2014,4
33-9099,33-9099.02,Retail Loss Prevention Specialists,Education and Training,3.66,07/2014,5
33-9099,33-9099.02,Retail Loss Prevention Specialists,Administration and Management,3.55,07/2014,6
33-9099,33-9099.02,Retail Loss Prevention Specialists,Computers and Electronics,3.47,07/2014,7
33-9099,33-9099.02,Retail Loss Prevention Specialists,Personnel and Human Resources,3.28,07/2014,8
33-9099,33-9099.02,Retail Loss Prevention Specialists,Administrative,3.23,07/2014,9
33-9099,33-9099.02,Retail Loss Prevention Specialists,Mathematics,3.0,07/2014,10
33-9099,33-9099.02,Retail Loss Prevention Specialists,Psychology,2.83,07/2014,11
33-9099,33-9099.02,Retail Loss Prevention Specialists,Telecommunications,2.57,07/2014,12
33-9099,33-9099.02,Retail Loss Prevention Specialists,Production and Processing,2.53,07/2014,13
33-9099,33-9099.02,Retail Loss Prevention Specialists,Therapy and Counseling,2.4,07/2014,14
33-9099,33-9099.02,Retail Loss Prevention Specialists,Economics and Accounting,2.33,07/2014,15
35-1012,35-1012.00,First-Line Supervisors of Food Preparation and Serving Workers,Customer and Personal Service,4.14,08/2025,1
35-1012,35-1012.00,First-Line Supervisors of Food Preparation and Serving Workers,Administration and Management,3.58,08/2025,2
35-1012,35-1012.00,First-Line Supervisors of Food Preparation and Serving Workers,Food Production,3.51,08/2025,3
35-1012,35-1012.00,First-Line Supervisors of Food Preparation and Serving Workers,English Language,3.5,08/2025,4
35-1012,35-1012.00,First-Line Supervisors of Food Preparation and Serving Workers,Production and Processing,3.34,08/2025,5
35-1012,35-1012.00,First-Line Supervisors of Food Preparation and Serving Workers,Sales and Marketing,3.31,08/2025,6
35-1012,35-1012.00,First-Line Supervisors of Food Preparation and Serving Workers,Education and Training,3.29,08/2025,7
35-1012,35-1012.00,First-Line Supervisors of Food Preparation and Serving Workers,Personnel and Human Resources,3.13,08/2025,8
35-1012,35-1012.00,First-Line Supervisors of Food Preparation and Serving Workers,Economics and Accounting,2.99,08/2025,9
35-1012,35-1012.00,First-Line Supervisors of Food Preparation and Serving Workers,Mathematics,2.96,08/2025,10
35-1012,35-1012.00,First-Line Supervisors of Food Preparation and Serving Workers,Public Safety and Security,2.73,08/2025,11
35-1012,35-1012.00,First-Line Supervisors of Food Preparation and Serving Workers,Transportation,2.61,08/2025,12
35-1012,35-1012.00,First-Line Supervisors of Food Preparation and Serving Workers,Administrative,2.59,08/2025,13
35-1012,35-1012.00,First-Line Supervisors of Food Preparation and Serving Workers,Computers and Electronics,2.53,08/2025,14
35-1012,35-1012.00,First-Line Supervisors of Food Preparation and Serving Workers,Psychology,2.51,08/2025,15
35-2011,35-2011.00,"Cooks, Fast Food",Administration and Management,3.34,08/2019,1
35-2011,35-2011.00,"Cooks, Fast Food",Transportation,3.26,08/2019,2
35-2011,35-2011.00,"Cooks, Fast Food",Communications and Media,3.2,08/2019,3
35-2011,35-2011.00,"Cooks, Fast Food",Customer and Personal Service,3.13,08/2019,4
35-2011,35-2011.00,"Cooks, Fast Food",Public Safety and Security,3.13,08/2019,5
35-2011,35-2011.00,"Cooks, Fast Food",English Language,3.08,08/2019,6
35-2011,35-2011.00,"Cooks, Fast Food",Economics and Accounting,2.69,08/2019,7
35-2011,35-2011.00,"Cooks, Fast Food",Sales and Marketing,2.48,08/2019,8
35-2011,35-2011.00,"Cooks, Fast Food",Production and Processing,2.31,08/2019,9
35-2011,35-2011.00,"Cooks, Fast Food",Computers and Electronics,2.3,08/2019,10
35-2011,35-2011.00,"Cooks, Fast Food",Administrative,2.25,08/2019,11
35-2011,35-2011.00,"Cooks, Fast Food",Food Production,2.11,08/2019,12
35-2011,35-2011.00,"Cooks, Fast Food",Personnel and Human Resources,1.99,08/2019,13
35-2011,35-2011.00,"Cooks, Fast Food",Education and Training,1.93,08/2019,14
35-2011,35-2011.00,"Cooks, Fast Food",Mathematics,1.68,08/2019,15
35-2012,35-2012.00,"Cooks, Institution and Cafeteria",English Language,3.6,08/2019,1
35-2012,35-2012.00,"Cooks, Institution and Cafeteria",Food Production,3.58,08/2019,2
35-2012,35-2012.00,"Cooks, Institution and Cafeteria",Customer and Personal Service,3.56,08/2019,3
35-2012,35-2012.00,"Cooks, Institution and Cafeteria",Mathematics,3.54,08/2019,4
35-2012,35-2012.00,"Cooks, Institution and Cafeteria",Administration and Management,3.34,08/2019,5
35-2012,35-2012.00,"Cooks, Institution and Cafeteria",Production and Processing,3.06,08/2019,6
35-2012,35-2012.00,"Cooks, Institution and Cafeteria",Public Safety and Security,2.99,08/2019,7
35-2012,35-2012.00,"Cooks, Institution and Cafeteria",Education and Training,2.88,08/2019,8
35-2012,35-2012.00,"Cooks, Institution and Cafeteria",Computers and Electronics,2.68,08/2019,9
35-2012,35-2012.00,"Cooks, Institution and Cafeteria",Personnel and Human Resources,2.57,08/2019,10
35-2012,35-2012.00,"Cooks, Institution and Cafeteria",Administrative,2.56,08/2019,11
35-2012,35-2012.00,"Cooks, Institution and Cafeteria",Law and Government,2.33,08/2019,12
35-2012,35-2012.00,"Cooks, Institution and Cafeteria",Psychology,2.2,08/2019,13
35-2012,35-2012.00,"Cooks, Institution and Cafeteria",Chemistry,2.12,08/2019,14
35-2012,35-2012.00,"Cooks, Institution and Cafeteria",Economics and Accounting,2.05,08/2019,15
35-2014,35-2014.00,"Cooks, Restaurant",Food Production,3.39,08/2025,1
35-2014,35-2014.00,"Cooks, Restaurant",English Language,3.08,08/2025,2
35-2014,35-2014.00,"Cooks, Restaurant",Customer and Personal Service,2.65,08/2025,3
35-2014,35-2014.00,"Cooks, Restaurant",Production and Processing,2.3,08/2025,4
35-2014,35-2014.00,"Cooks, Restaurant",Education and Training,2.17,08/2025,5
35-2014,35-2014.00,"Cooks, Restaurant",Mathematics,2.13,08/2025,6
35-2014,35-2014.00,"Cooks, Restaurant",Administration and Management,2.08,08/2025,7
35-2014,35-2014.00,"Cooks, Restaurant",Sales and Marketing,1.93,08/2025,8
35-2014,35-2014.00,"Cooks, Restaurant",Mechanical,1.8,08/2025,9
35-2014,35-2014.00,"Cooks, Restaurant",Chemistry,1.69,08/2025,10
35-2014,35-2014.00,"Cooks, Restaurant",Personnel and Human Resources,1.67,08/2025,11
35-2014,35-2014.00,"Cooks, Restaurant",Transportation,1.65,08/2025,12
35-2014,35-2014.00,"Cooks, Restaurant",Public Safety and Security,1.57,08/2025,13
35-2014,35-2014.00,"Cooks, Restaurant",Computers and Electronics,1.54,08/2025,14
35-2014,35-2014.00,"Cooks, Restaurant",Communications and Media,1.45,08/2025,15
35-2015,35-2015.00,"Cooks, Short Order",Food Production,3.98,08/2025,1
35-2015,35-2015.00,"Cooks, Short Order",Customer and Personal Service,3.41,08/2025,2
35-2015,35-2015.00,"Cooks, Short Order",English Language,3.21,08/2025,3
35-2015,35-2015.00,"Cooks, Short Order",Production and Processing,2.59,08/2025,4
35-2015,35-2015.00,"Cooks, Short Order",Communications and Media,2.48,08/2025,5
35-2015,35-2015.00,"Cooks, Short Order",Chemistry,2.35,08/2025,6
35-2015,35-2015.00,"Cooks, Short Order",Public Safety and Security,2.29,08/2025,7
35-2015,35-2015.00,"Cooks, Short Order",Foreign Language,2.19,08/2025,8
35-2015,35-2015.00,"Cooks, Short Order",Mathematics,2.0,08/2025,9
35-2015,35-2015.00,"Cooks, Short Order",Computers and Electronics,1.86,08/2025,10
35-2015,35-2015.00,"Cooks, Short Order",Sales and Marketing,1.83,08/2025,11
35-2015,35-2015.00,"Cooks, Short Order",Law and Government,1.81,08/2025,12
35-2015,35-2015.00,"Cooks, Short Order",Personnel and Human Resources,1.78,08/2025,13
35-2015,35-2015.00,"Cooks, Short Order",Medicine and Dentistry,1.71,08/2025,14
35-2015,35-2015.00,"Cooks, Short Order",Mechanical,1.61,08/2025,15
35-2021,35-2021.00,Food Preparation Workers,Customer and Personal Service,3.27,08/2024,1
35-2021,35-2021.00,Food Preparation Workers,Food Production,2.94,08/2024,2
35-2021,35-2021.00,Food Preparation Workers,Production and Processing,2.69,08/2024,3
35-2021,35-2021.00,Food Preparation Workers,English Language,2.44,08/2024,4
35-2021,35-2021.00,Food Preparation Workers,Administration and Management,2.34,08/2024,5
35-2021,35-2021.00,Food Preparation Workers,Psychology,1.81,08/2024,6
35-2021,35-2021.00,Food Preparation Workers,Education and Training,1.78,08/2024,7
35-2021,35-2021.00,Food Preparation Workers,Public Safety and Security,1.76,08/2024,8
35-2021,35-2021.00,Food Preparation Workers,Administrative,1.69,08/2024,9
35-2021,35-2021.00,Food Preparation Workers,Personnel and Human Resources,1.67,08/2024,10
35-2021,35-2021.00,Food Preparation Workers,Economics and Accounting,1.62,08/2024,11
35-2021,35-2021.00,Food Preparation Workers,Chemistry,1.62,08/2024,12
35-2021,35-2021.00,Food Preparation Workers,Philosophy and Theology,1.62,08/2024,13
35-2021,35-2021.00,Food Preparation Workers,Communications and Media,1.62,08/2024,14
35-2021,35-2021.00,Food Preparation Workers,Mathematics,1.57,08/2024,15
35-3011,35-3011.00,Bartenders,Customer and Personal Service,4.44,07/2017,1
35-3011,35-3011.00,Bartenders,English Language,3.63,07/2017,2
35-3011,35-3011.00,Bartenders,Education and Training,3.16,07/2017,3
35-3011,35-3011.00,Bartenders,Sales and Marketing,3.14,07/2017,4
35-3011,35-3011.00,Bartenders,Administration and Management,2.99,07/2017,5
35-3011,35-3011.00,Bartenders,Public Safety and Security,2.98,07/2017,6
35-3011,35-3011.00,Bartenders,Mathematics,2.96,07/2017,7
35-3011,35-3011.00,Bartenders,Personnel and Human Resources,2.79,07/2017,8
35-3011,35-3011.00,Bartenders,Law and Government,2.66,07/2017,9
35-3011,35-3011.00,Bartenders,Sociology and Anthropology,2.47,07/2017,10
35-3011,35-3011.00,Bartenders,Food Production,2.46,07/2017,11
35-3011,35-3011.00,Bartenders,Economics and Accounting,2.42,07/2017,12
35-3011,35-3011.00,Bartenders,Psychology,2.39,07/2017,13
35-3011,35-3011.00,Bartenders,Computers and Electronics,2.35,07/2017,14
35-3011,35-3011.00,Bartenders,Production and Processing,2.28,07/2017,15
35-3023,35-3023.01,Baristas,Customer and Personal Service,4.24,07/2015,1
35-3023,35-3023.00,Fast Food and Counter Workers,Customer and Personal Service,3.78,08/2025,2
35-3023,35-3023.00,Fast Food and Counter Workers,English Language,3.53,08/2025,3
35-3023,35-3023.00,Fast Food and Counter Workers,Food Production,3.37,08/2025,4
35-3023,35-3023.01,Baristas,English Language,3.29,07/2015,5
35-3023,35-3023.00,Fast Food and Counter Workers,Mathematics,3.04,08/2025,6
35-3023,35-3023.01,Baristas,Sales and Marketing,3.02,07/2015,7
35-3023,35-3023.01,Baristas,Food Production,2.76,07/2015,8
35-3023,35-3023.00,Fast Food and Counter Workers,Computers and Electronics,2.7,08/2025,9
35-3023,35-3023.00,Fast Food and Counter Workers,Administration and Management,2.58,08/2025,10
35-3023,35-3023.01,Baristas,Administration and Management,2.55,07/2015,11
35-3023,35-3023.00,Fast Food and Counter Workers,Sales and Marketing,2.54,08/2025,12
35-3023,35-3023.01,Baristas,Mathematics,2.53,07/2015,13
35-3023,35-3023.01,Baristas,Computers and Electronics,2.43,07/2015,14
35-3023,35-3023.00,Fast Food and Counter Workers,Production and Processing,2.4,08/2025,15
35-3031,35-3031.00,Waiters and Waitresses,Customer and Personal Service,3.94,08/2025,1
35-3031,35-3031.00,Waiters and Waitresses,English Language,3.62,08/2025,2
35-3031,35-3031.00,Waiters and Waitresses,Sales and Marketing,3.27,08/2025,3
35-3031,35-3031.00,Waiters and Waitresses,Food Production,2.62,08/2025,4
35-3031,35-3031.00,Waiters and Waitresses,Mathematics,2.61,08/2025,5
35-3031,35-3031.00,Waiters and Waitresses,Administration and Management,2.51,08/2025,6
35-3031,35-3031.00,Waiters and Waitresses,Psychology,2.43,08/2025,7
35-3031,35-3031.00,Waiters and Waitresses,Education and Training,2.41,08/2025,8
35-3031,35-3031.00,Waiters and Waitresses,Computers and Electronics,2.38,08/2025,9
35-3031,35-3031.00,Waiters and Waitresses,Sociology and Anthropology,2.34,08/2025,10
35-3031,35-3031.00,Waiters and Waitresses,Telecommunications,2.27,08/2025,11
35-3031,35-3031.00,Waiters and Waitresses,Public Safety and Security,2.12,08/2025,12
35-3031,35-3031.00,Waiters and Waitresses,Communications and Media,2.12,08/2025,13
35-3031,35-3031.00,Waiters and Waitresses,Economics and Accounting,2.06,08/2025,14
35-3031,35-3031.00,Waiters and Waitresses,Administrative,2.05,08/2025,15
35-3041,35-3041.00,"Food Servers, Nonrestaurant",Customer and Personal Service,3.65,08/2020,1
35-3041,35-3041.00,"Food Servers, Nonrestaurant",English Language,3.65,08/2020,2
35-3041,35-3041.00,"Food Servers, Nonrestaurant",Food Production,3.0,08/2020,3
35-3041,35-3041.00,"Food Servers, Nonrestaurant",Administration and Management,2.97,08/2020,4
35-3041,35-3041.00,"Food Servers, Nonrestaurant",Education and Training,2.88,08/2020,5
35-3041,35-3041.00,"Food Servers, Nonrestaurant",Public Safety and Security,2.86,08/2020,6
35-3041,35-3041.00,"Food Servers, Nonrestaurant",Mathematics,2.76,08/2020,7
35-3041,35-3041.00,"Food Servers, Nonrestaurant",Psychology,2.51,08/2020,8
35-3041,35-3041.00,"Food Servers, Nonrestaurant",Law and Government,2.36,08/2020,9
35-3041,35-3041.00,"Food Servers, Nonrestaurant",Computers and Electronics,2.33,08/2020,10
35-3041,35-3041.00,"Food Servers, Nonrestaurant",Administrative,2.31,08/2020,11
35-3041,35-3041.00,"Food Servers, Nonrestaurant",Production and Processing,2.26,08/2020,12
35-3041,35-3041.00,"Food Servers, Nonrestaurant",Telecommunications,2.26,08/2020,13
35-3041,35-3041.00,"Food Servers, Nonrestaurant",Economics and Accounting,2.25,08/2020,14
35-3041,35-3041.00,"Food Servers, Nonrestaurant",Communications and Media,2.22,08/2020,15
35-9011,35-9011.00,Dining Room and Cafeteria Attendants and Bartender Helpers,Customer and Personal Service,4.34,08/2021,1
35-9011,35-9011.00,Dining Room and Cafeteria Attendants and Bartender Helpers,Food Production,3.25,08/2021,2
35-9011,35-9011.00,Dining Room and Cafeteria Attendants and Bartender Helpers,English Language,3.25,08/2021,3
35-9011,35-9011.00,Dining Room and Cafeteria Attendants and Bartender Helpers,Sales and Marketing,3.04,08/2021,4
35-9011,35-9011.00,Dining Room and Cafeteria Attendants and Bartender Helpers,Administration and Management,2.75,08/2021,5
35-9011,35-9011.00,Dining Room and Cafeteria Attendants and Bartender Helpers,Personnel and Human Resources,2.54,08/2021,6
35-9011,35-9011.00,Dining Room and Cafeteria Attendants and Bartender Helpers,Public Safety and Security,2.32,08/2021,7
35-9011,35-9011.00,Dining Room and Cafeteria Attendants and Bartender Helpers,Production and Processing,2.19,08/2021,8
35-9011,35-9011.00,Dining Room and Cafeteria Attendants and Bartender Helpers,Education and Training,2.06,08/2021,9
35-9011,35-9011.00,Dining Room and Cafeteria Attendants and Bartender Helpers,Psychology,2.04,08/2021,10
35-9011,35-9011.00,Dining Room and Cafeteria Attendants and Bartender Helpers,Computers and Electronics,2.01,08/2021,11
35-9011,35-9011.00,Dining Room and Cafeteria Attendants and Bartender Helpers,Administrative,1.98,08/2021,12
35-9011,35-9011.00,Dining Room and Cafeteria Attendants and Bartender Helpers,Transportation,1.9,08/2021,13
35-9011,35-9011.00,Dining Room and Cafeteria Attendants and Bartender Helpers,Communications and Media,1.89,08/2021,14
35-9011,35-9011.00,Dining Room and Cafeteria Attendants and Bartender Helpers,Economics and Accounting,1.84,08/2021,15
35-9021,35-9021.00,Dishwashers,English Language,3.2,08/2025,1
35-9021,35-9021.00,Dishwashers,Food Production,2.76,08/2025,2
35-9021,35-9021.00,Dishwashers,Education and Training,2.46,08/2025,3
35-9021,35-9021.00,Dishwashers,Customer and Personal Service,2.42,08/2025,4
35-9021,35-9021.00,Dishwashers,Public Safety and Security,2.31,08/2025,5
35-9021,35-9021.00,Dishwashers,Administration and Management,1.95,08/2025,6
35-9021,35-9021.00,Dishwashers,Communications and Media,1.86,08/2025,7
35-9021,35-9021.00,Dishwashers,Transportation,1.72,08/2025,8
35-9021,35-9021.00,Dishwashers,Production and Processing,1.71,08/2025,9
35-9021,35-9021.00,Dishwashers,Foreign Language,1.71,08/2025,10
35-9021,35-9021.00,Dishwashers,Mathematics,1.68,08/2025,11
35-9021,35-9021.00,Dishwashers,Sales and Marketing,1.62,08/2025,12
35-9021,35-9021.00,Dishwashers,Chemistry,1.6,08/2025,13
35-9021,35-9021.00,Dishwashers,Personnel and Human Resources,1.51,08/2025,14
35-9021,35-9021.00,Dishwashers,Medicine and Dentistry,1.46,08/2025,15
35-9031,35-9031.00,"Hosts and Hostesses, Restaurant, Lounge, and Coffee Shop",Customer and Personal Service,4.5,08/2025,1
35-9031,35-9031.00,"Hosts and Hostesses, Restaurant, Lounge, and Coffee Shop",English Language,3.69,08/2025,2
35-9031,35-9031.00,"Hosts and Hostesses, Restaurant, Lounge, and Coffee Shop",Food Production,2.99,08/2025,3
35-9031,35-9031.00,"Hosts and Hostesses, Restaurant, Lounge, and Coffee Shop",Psychology,2.47,08/2025,4
35-9031,35-9031.00,"Hosts and Hostesses, Restaurant, Lounge, and Coffee Shop",Computers and Electronics,2.44,08/2025,5
35-9031,35-9031.00,"Hosts and Hostesses, Restaurant, Lounge, and Coffee Shop",Personnel and Human Resources,2.43,08/2025,6
35-9031,35-9031.00,"Hosts and Hostesses, Restaurant, Lounge, and Coffee Shop",Foreign Language,2.42,08/2025,7
35-9031,35-9031.00,"Hosts and Hostesses, Restaurant, Lounge, and Coffee Shop",Administration and Management,2.37,08/2025,8
35-9031,35-9031.00,"Hosts and Hostesses, Restaurant, Lounge, and Coffee Shop",Sales and Marketing,2.36,08/2025,9
35-9031,35-9031.00,"Hosts and Hostesses, Restaurant, Lounge, and Coffee Shop",Public Safety and Security,2.36,08/2025,10
35-9031,35-9031.00,"Hosts and Hostesses, Restaurant, Lounge, and Coffee Shop",Education and Training,2.28,08/2025,11
35-9031,35-9031.00,"Hosts and Hostesses, Restaurant, Lounge, and Coffee Shop",Mathematics,2.25,08/2025,12
35-9031,35-9031.00,"Hosts and Hostesses, Restaurant, Lounge, and Coffee Shop",Communications and Media,2.19,08/2025,13
35-9031,35-9031.00,"Hosts and Hostesses, Restaurant, Lounge, and Coffee Shop",Production and Processing,2.18,08/2025,14
35-9031,35-9031.00,"Hosts and Hostesses, Restaurant, Lounge, and Coffee Shop",Sociology and Anthropology,2.07,08/2025,15
37-1011,37-1011.00,First-Line Supervisors of Housekeeping and Janitorial Workers,Customer and Personal Service,4.41,08/2020,1
37-1011,37-1011.00,First-Line Supervisors of Housekeeping and Janitorial Workers,English Language,3.93,08/2020,2
37-1011,37-1011.00,First-Line Supervisors of Housekeeping and Janitorial Workers,Administration and Management,3.69,08/2020,3
37-1011,37-1011.00,First-Line Supervisors of Housekeeping and Janitorial Workers,Education and Training,3.35,08/2020,4
37-1011,37-1011.00,First-Line Supervisors of Housekeeping and Janitorial Workers,Public Safety and Security,3.29,08/2020,5
37-1011,37-1011.00,First-Line Supervisors of Housekeeping and Janitorial Workers,Personnel and Human Resources,3.19,08/2020,6
37-1011,37-1011.00,First-Line Supervisors of Housekeeping and Janitorial Workers,Administrative,3.11,08/2020,7
37-1011,37-1011.00,First-Line Supervisors of Housekeeping and Janitorial Workers,Production and Processing,2.81,08/2020,8
37-1011,37-1011.00,First-Line Supervisors of Housekeeping and Janitorial Workers,Economics and Accounting,2.72,08/2020,9
37-1011,37-1011.00,First-Line Supervisors of Housekeeping and Janitorial Workers,Mathematics,2.51,08/2020,10
37-1011,37-1011.00,First-Line Supervisors of Housekeeping and Janitorial Workers,Psychology,2.45,08/2020,11
37-1011,37-1011.00,First-Line Supervisors of Housekeeping and Janitorial Workers,Computers and Electronics,2.38,08/2020,12
37-1011,37-1011.00,First-Line Supervisors of Housekeeping and Janitorial Workers,Engineering and Technology,2.2,08/2020,13
37-1011,37-1011.00,First-Line Supervisors of Housekeeping and Janitorial Workers,Foreign Language,2.17,08/2020,14
37-1011,37-1011.00,First-Line Supervisors of Housekeeping and Janitorial Workers,Chemistry,2.1,08/2020,15
37-1012,37-1012.00,"First-Line Supervisors of Landscaping, Lawn Service, and Groundskeeping Workers",Customer and Personal Service,4.0,08/2021,1
37-1012,37-1012.00,"First-Line Supervisors of Landscaping, Lawn Service, and Groundskeeping Workers",English Language,3.92,08/2021,2
37-1012,37-1012.00,"First-Line Supervisors of Landscaping, Lawn Service, and Groundskeeping Workers",Administration and Management,3.85,08/2021,3
37-1012,37-1012.00,"First-Line Supervisors of Landscaping, Lawn Service, and Groundskeeping Workers",Mathematics,3.71,08/2021,4
37-1012,37-1012.00,"First-Line Supervisors of Landscaping, Lawn Service, and Groundskeeping Workers",Public Safety and Security,3.7,08/2021,5
37-1012,37-1012.00,"First-Line Supervisors of Landscaping, Lawn Service, and Groundskeeping Workers",Personnel and Human Resources,3.51,08/2021,6
37-1012,37-1012.00,"First-Line Supervisors of Landscaping, Lawn Service, and Groundskeeping Workers",Mechanical,3.45,08/2021,7
37-1012,37-1012.00,"First-Line Supervisors of Landscaping, Lawn Service, and Groundskeeping Workers",Education and Training,3.29,08/2021,8
37-1012,37-1012.00,"First-Line Supervisors of Landscaping, Lawn Service, and Groundskeeping Workers",Chemistry,3.24,08/2021,9
37-1012,37-1012.00,"First-Line Supervisors of Landscaping, Lawn Service, and Groundskeeping Workers",Building and Construction,3.19,08/2021,10
37-1012,37-1012.00,"First-Line Supervisors of Landscaping, Lawn Service, and Groundskeeping Workers",Design,3.06,08/2021,11
37-1012,37-1012.00,"First-Line Supervisors of Landscaping, Lawn Service, and Groundskeeping Workers",Administrative,3.04,08/2021,12
37-1012,37-1012.00,"First-Line Supervisors of Landscaping, Lawn Service, and Groundskeeping Workers",Computers and Electronics,2.99,08/2021,13
37-1012,37-1012.00,"First-Line Supervisors of Landscaping, Lawn Service, and Groundskeeping Workers",Biology,2.97,08/2021,14
37-1012,37-1012.00,"First-Line Supervisors of Landscaping, Lawn Service, and Groundskeeping Workers",Psychology,2.85,08/2021,15
37-2011,37-2011.00,"Janitors and Cleaners, Except Maids and Housekeeping Cleaners",Public Safety and Security,3.36,08/2023,1
37-2011,37-2011.00,"Janitors and Cleaners, Except Maids and Housekeeping Cleaners",Administration and Management,3.15,08/2023,2
37-2011,37-2011.00,"Janitors and Cleaners, Except Maids and Housekeeping Cleaners",English Language,2.94,08/2023,3
37-2011,37-2011.00,"Janitors and Cleaners, Except Maids and Housekeeping Cleaners",Customer and Personal Service,2.68,08/2023,4
37-2011,37-2011.00,"Janitors and Cleaners, Except Maids and Housekeeping Cleaners",Transportation,2.31,08/2023,5
37-2011,37-2011.00,"Janitors and Cleaners, Except Maids and Housekeeping Cleaners",Law and Government,2.28,08/2023,6
37-2011,37-2011.00,"Janitors and Cleaners, Except Maids and Housekeeping Cleaners",Telecommunications,2.2,08/2023,7
37-2011,37-2011.00,"Janitors and Cleaners, Except Maids and Housekeeping Cleaners",Personnel and Human Resources,2.06,08/2023,8
37-2011,37-2011.00,"Janitors and Cleaners, Except Maids and Housekeeping Cleaners",Communications and Media,1.97,08/2023,9
37-2011,37-2011.00,"Janitors and Cleaners, Except Maids and Housekeeping Cleaners",Administrative,1.91,08/2023,10
37-2011,37-2011.00,"Janitors and Cleaners, Except Maids and Housekeeping Cleaners",Physics,1.9,08/2023,11
37-2011,37-2011.00,"Janitors and Cleaners, Except Maids and Housekeeping Cleaners",Education and Training,1.89,08/2023,12
37-2011,37-2011.00,"Janitors and Cleaners, Except Maids and Housekeeping Cleaners",Economics and Accounting,1.8,08/2023,13
37-2011,37-2011.00,"Janitors and Cleaners, Except Maids and Housekeeping Cleaners",Mechanical,1.8,08/2023,14
37-2011,37-2011.00,"Janitors and Cleaners, Except Maids and Housekeeping Cleaners",Production and Processing,1.76,08/2023,15
37-2012,37-2012.00,Maids and Housekeeping Cleaners,Customer and Personal Service,4.04,08/2020,1
37-2012,37-2012.00,Maids and Housekeeping Cleaners,English Language,3.22,08/2020,2
37-2012,37-2012.00,Maids and Housekeeping Cleaners,Public Safety and Security,3.18,08/2020,3
37-2012,37-2012.00,Maids and Housekeeping Cleaners,Administration and Management,2.91,08/2020,4
37-2012,37-2012.00,Maids and Housekeeping Cleaners,Chemistry,2.45,08/2020,5
37-2012,37-2012.00,Maids and Housekeeping Cleaners,Education and Training,2.35,08/2020,6
37-2012,37-2012.00,Maids and Housekeeping Cleaners,Production and Processing,2.21,08/2020,7
37-2012,37-2012.00,Maids and Housekeeping Cleaners,Communications and Media,2.06,08/2020,8
37-2012,37-2012.00,Maids and Housekeeping Cleaners,Personnel and Human Resources,2.05,08/2020,9
37-2012,37-2012.00,Maids and Housekeeping Cleaners,Telecommunications,2.03,08/2020,10
37-2012,37-2012.00,Maids and Housekeeping Cleaners,Computers and Electronics,2.01,08/2020,11
37-2012,37-2012.00,Maids and Housekeeping Cleaners,Foreign Language,1.95,08/2020,12
37-2012,37-2012.00,Maids and Housekeeping Cleaners,Law and Government,1.88,08/2020,13
37-2012,37-2012.00,Maids and Housekeeping Cleaners,Psychology,1.87,08/2020,14
37-2012,37-2012.00,Maids and Housekeeping Cleaners,Sales and Marketing,1.86,08/2020,15
37-2021,37-2021.00,Pest Control Workers,Customer and Personal Service,3.82,07/2015,1
37-2021,37-2021.00,Pest Control Workers,Public Safety and Security,3.11,07/2015,2
37-2021,37-2021.00,Pest Control Workers,English Language,3.08,07/2015,3
37-2021,37-2021.00,Pest Control Workers,Chemistry,2.96,07/2015,4
37-2021,37-2021.00,Pest Control Workers,Biology,2.94,07/2015,5
37-2021,37-2021.00,Pest Control Workers,Law and Government,2.89,07/2015,6
37-2021,37-2021.00,Pest Control Workers,Sales and Marketing,2.87,07/2015,7
37-2021,37-2021.00,Pest Control Workers,Mechanical,2.62,07/2015,8
37-2021,37-2021.00,Pest Control Workers,Mathematics,2.55,07/2015,9
37-2021,37-2021.00,Pest Control Workers,Administration and Management,2.43,07/2015,10
37-2021,37-2021.00,Pest Control Workers,Administrative,2.43,07/2015,11
37-2021,37-2021.00,Pest Control Workers,Building and Construction,2.42,07/2015,12
37-2021,37-2021.00,Pest Control Workers,Geography,2.33,07/2015,13
37-2021,37-2021.00,Pest Control Workers,Production and Processing,2.3,07/2015,14
37-2021,37-2021.00,Pest Control Workers,Education and Training,2.29,07/2015,15
37-3011,37-3011.00,Landscaping and Groundskeeping Workers,English Language,3.4,07/2015,1
37-3011,37-3011.00,Landscaping and Groundskeeping Workers,Customer and Personal Service,3.24,07/2015,2
37-3011,37-3011.00,Landscaping and Groundskeeping Workers,Chemistry,2.99,07/2015,3
37-3011,37-3011.00,Landscaping and Groundskeeping Workers,Mechanical,2.93,07/2015,4
37-3011,37-3011.00,Landscaping and Groundskeeping Workers,Public Safety and Security,2.75,07/2015,5
37-3011,37-3011.00,Landscaping and Groundskeeping Workers,Administration and Management,2.67,07/2015,6
37-3011,37-3011.00,Landscaping and Groundskeeping Workers,Biology,2.59,07/2015,7
37-3011,37-3011.00,Landscaping and Groundskeeping Workers,Mathematics,2.52,07/2015,8
37-3011,37-3011.00,Landscaping and Groundskeeping Workers,Design,2.34,07/2015,9
37-3011,37-3011.00,Landscaping and Groundskeeping Workers,Transportation,2.28,07/2015,10
37-3011,37-3011.00,Landscaping and Groundskeeping Workers,Production and Processing,2.22,07/2015,11
37-3011,37-3011.00,Landscaping and Groundskeeping Workers,Building and Construction,2.18,07/2015,12
37-3011,37-3011.00,Landscaping and Groundskeeping Workers,Administrative,2.05,07/2015,13
37-3011,37-3011.00,Landscaping and Groundskeeping Workers,Computers and Electronics,2.03,07/2015,14
37-3011,37-3011.00,Landscaping and Groundskeeping Workers,Engineering and Technology,2.03,07/2015,15
37-3012,37-3012.00,"Pesticide Handlers, Sprayers, and Applicators, Vegetation",Customer and Personal Service,3.56,07/2015,1
37-3012,37-3012.00,"Pesticide Handlers, Sprayers, and Applicators, Vegetation",Biology,3.54,07/2015,2
37-3012,37-3012.00,"Pesticide Handlers, Sprayers, and Applicators, Vegetation",Production and Processing,3.51,07/2015,3
37-3012,37-3012.00,"Pesticide Handlers, Sprayers, and Applicators, Vegetation",English Language,3.47,07/2015,4
37-3012,37-3012.00,"Pesticide Handlers, Sprayers, and Applicators, Vegetation",Administration and Management,3.35,07/2015,5
37-3012,37-3012.00,"Pesticide Handlers, Sprayers, and Applicators, Vegetation",Public Safety and Security,3.14,07/2015,6
37-3012,37-3012.00,"Pesticide Handlers, Sprayers, and Applicators, Vegetation",Education and Training,3.12,07/2015,7
37-3012,37-3012.00,"Pesticide Handlers, Sprayers, and Applicators, Vegetation",Mathematics,3.1,07/2015,8
37-3012,37-3012.00,"Pesticide Handlers, Sprayers, and Applicators, Vegetation",Law and Government,3.1,07/2015,9
37-3012,37-3012.00,"Pesticide Handlers, Sprayers, and Applicators, Vegetation",Transportation,3.05,07/2015,10
37-3012,37-3012.00,"Pesticide Handlers, Sprayers, and Applicators, Vegetation",Chemistry,3.04,07/2015,11
37-3012,37-3012.00,"Pesticide Handlers, Sprayers, and Applicators, Vegetation",Mechanical,3.02,07/2015,12
37-3012,37-3012.00,"Pesticide Handlers, Sprayers, and Applicators, Vegetation",Sales and Marketing,2.72,07/2015,13
37-3012,37-3012.00,"Pesticide Handlers, Sprayers, and Applicators, Vegetation",Administrative,2.61,07/2015,14
37-3012,37-3012.00,"Pesticide Handlers, Sprayers, and Applicators, Vegetation",Personnel and Human Resources,2.46,07/2015,15
37-3013,37-3013.00,Tree Trimmers and Pruners,Customer and Personal Service,3.58,08/2018,1
37-3013,37-3013.00,Tree Trimmers and Pruners,Mechanical,3.31,08/2018,2
37-3013,37-3013.00,Tree Trimmers and Pruners,Public Safety and Security,2.88,08/2018,3
37-3013,37-3013.00,Tree Trimmers and Pruners,Production and Processing,2.78,08/2018,4
37-3013,37-3013.00,Tree Trimmers and Pruners,Transportation,2.71,08/2018,5
37-3013,37-3013.00,Tree Trimmers and Pruners,Education and Training,2.7,08/2018,6
37-3013,37-3013.00,Tree Trimmers and Pruners,English Language,2.64,08/2018,7
37-3013,37-3013.00,Tree Trimmers and Pruners,Administration and Management,2.46,08/2018,8
37-3013,37-3013.00,Tree Trimmers and Pruners,Law and Government,2.46,08/2018,9
37-3013,37-3013.00,Tree Trimmers and Pruners,Physics,2.3,08/2018,10
37-3013,37-3013.00,Tree Trimmers and Pruners,Mathematics,2.26,08/2018,11
37-3013,37-3013.00,Tree Trimmers and Pruners,Biology,2.13,08/2018,12
37-3013,37-3013.00,Tree Trimmers and Pruners,Economics and Accounting,2.03,08/2018,13
37-3013,37-3013.00,Tree Trimmers and Pruners,Administrative,2.02,08/2018,14
37-3013,37-3013.00,Tree Trimmers and Pruners,Sales and Marketing,1.98,08/2018,15
39-1013,39-1013.00,First-Line Supervisors of Gambling Services Workers,Customer and Personal Service,4.47,08/2022,1
39-1013,39-1013.00,First-Line Supervisors of Gambling Services Workers,Mathematics,3.86,08/2022,2
39-1013,39-1013.00,First-Line Supervisors of Gambling Services Workers,English Language,3.86,08/2022,3
39-1013,39-1013.00,First-Line Supervisors of Gambling Services Workers,Administration and Management,3.84,08/2022,4
39-1013,39-1013.00,First-Line Supervisors of Gambling Services Workers,Computers and Electronics,3.7,08/2022,5
39-1013,39-1013.00,First-Line Supervisors of Gambling Services Workers,Education and Training,3.49,08/2022,6
39-1013,39-1013.00,First-Line Supervisors of Gambling Services Workers,Economics and Accounting,3.43,08/2022,7
39-1013,39-1013.00,First-Line Supervisors of Gambling Services Workers,Public Safety and Security,3.33,08/2022,8
39-1013,39-1013.00,First-Line Supervisors of Gambling Services Workers,Sales and Marketing,3.3,08/2022,9
39-1013,39-1013.00,First-Line Supervisors of Gambling Services Workers,Personnel and Human Resources,3.29,08/2022,10
39-1013,39-1013.00,First-Line Supervisors of Gambling Services Workers,Administrative,3.13,08/2022,11
39-1013,39-1013.00,First-Line Supervisors of Gambling Services Workers,Psychology,3.05,08/2022,12
39-1013,39-1013.00,First-Line Supervisors of Gambling Services Workers,Production and Processing,2.92,08/2022,13
39-1013,39-1013.00,First-Line Supervisors of Gambling Services Workers,Law and Government,2.62,08/2022,14
39-1013,39-1013.00,First-Line Supervisors of Gambling Services Workers,Engineering and Technology,2.5,08/2022,15
39-1022,39-1022.00,First-Line Supervisors of Personal Service Workers,Customer and Personal Service,4.79,08/2024,1
39-1022,39-1022.00,First-Line Supervisors of Personal Service Workers,English Language,4.3,08/2024,2
39-1022,39-1022.00,First-Line Supervisors of Personal Service Workers,Administration and Management,4.22,08/2024,3
39-1022,39-1022.00,First-Line Supervisors of Personal Service Workers,Public Safety and Security,3.82,08/2024,4
39-1022,39-1022.00,First-Line Supervisors of Personal Service Workers,Psychology,3.81,08/2024,5
39-1022,39-1022.00,First-Line Supervisors of Personal Service Workers,Personnel and Human Resources,3.67,08/2024,6
39-1022,39-1022.00,First-Line Supervisors of Personal Service Workers,Education and Training,3.61,08/2024,7
39-1022,39-1022.00,First-Line Supervisors of Personal Service Workers,Administrative,3.48,08/2024,8
39-1022,39-1022.00,First-Line Supervisors of Personal Service Workers,Computers and Electronics,3.41,08/2024,9
39-1022,39-1022.00,First-Line Supervisors of Personal Service Workers,Medicine and Dentistry,2.89,08/2024,10
39-1022,39-1022.00,First-Line Supervisors of Personal Service Workers,Sales and Marketing,2.7,08/2024,11
39-1022,39-1022.00,First-Line Supervisors of Personal Service Workers,Mathematics,2.58,08/2024,12
39-1022,39-1022.00,First-Line Supervisors of Personal Service Workers,Therapy and Counseling,2.57,08/2024,13
39-1022,39-1022.00,First-Line Supervisors of Personal Service Workers,Communications and Media,2.42,08/2024,14
39-1022,39-1022.00,First-Line Supervisors of Personal Service Workers,Sociology and Anthropology,2.41,08/2024,15
39-2011,39-2011.00,Animal Trainers,Customer and Personal Service,4.05,07/2014,1
39-2011,39-2011.00,Animal Trainers,Education and Training,3.6,07/2014,2
39-2011,39-2011.00,Animal Trainers,Psychology,3.19,07/2014,3
39-2011,39-2011.00,Animal Trainers,Administration and Management,3.12,07/2014,4
39-2011,39-2011.00,Animal Trainers,English Language,3.11,07/2014,5
39-2011,39-2011.00,Animal Trainers,Sales and Marketing,2.82,07/2014,6
39-2011,39-2011.00,Animal Trainers,Administrative,2.74,07/2014,7
39-2011,39-2011.00,Animal Trainers,Personnel and Human Resources,2.67,07/2014,8
39-2011,39-2011.00,Animal Trainers,Biology,2.59,07/2014,9
39-2011,39-2011.00,Animal Trainers,Public Safety and Security,2.52,07/2014,10
39-2011,39-2011.00,Animal Trainers,Economics and Accounting,2.47,07/2014,11
39-2011,39-2011.00,Animal Trainers,Computers and Electronics,2.4,07/2014,12
39-2011,39-2011.00,Animal Trainers,Sociology and Anthropology,2.36,07/2014,13
39-2011,39-2011.00,Animal Trainers,Law and Government,2.31,07/2014,14
39-2011,39-2011.00,Animal Trainers,Mathematics,2.15,07/2014,15
39-2021,39-2021.00,Animal Caretakers,Customer and Personal Service,4.2,08/2019,1
39-2021,39-2021.00,Animal Caretakers,Administrative,3.13,08/2019,2
39-2021,39-2021.00,Animal Caretakers,English Language,3.07,08/2019,3
39-2021,39-2021.00,Animal Caretakers,Education and Training,2.62,08/2019,4
39-2021,39-2021.00,Animal Caretakers,Administration and Management,2.54,08/2019,5
39-2021,39-2021.00,Animal Caretakers,Psychology,2.52,08/2019,6
39-2021,39-2021.00,Animal Caretakers,Mathematics,2.45,08/2019,7
39-2021,39-2021.00,Animal Caretakers,Public Safety and Security,2.42,08/2019,8
39-2021,39-2021.00,Animal Caretakers,Chemistry,2.39,08/2019,9
39-2021,39-2021.00,Animal Caretakers,Biology,2.38,08/2019,10
39-2021,39-2021.00,Animal Caretakers,Computers and Electronics,2.25,08/2019,11
39-2021,39-2021.00,Animal Caretakers,Communications and Media,2.23,08/2019,12
39-2021,39-2021.00,Animal Caretakers,Personnel and Human Resources,2.15,08/2019,13
39-2021,39-2021.00,Animal Caretakers,Medicine and Dentistry,2.12,08/2019,14
39-2021,39-2021.00,Animal Caretakers,Sales and Marketing,2.11,08/2019,15
39-3011,39-3011.00,Gambling Dealers,Customer and Personal Service,4.23,08/2019,1
39-3011,39-3011.00,Gambling Dealers,Mathematics,3.86,08/2019,2
39-3011,39-3011.00,Gambling Dealers,English Language,3.27,08/2019,3
39-3011,39-3011.00,Gambling Dealers,Administration and Management,2.86,08/2019,4
39-3011,39-3011.00,Gambling Dealers,Public Safety and Security,2.77,08/2019,5
39-3011,39-3011.00,Gambling Dealers,Law and Government,2.75,08/2019,6
39-3011,39-3011.00,Gambling Dealers,Sales and Marketing,2.72,08/2019,7
39-3011,39-3011.00,Gambling Dealers,Education and Training,2.27,08/2019,8
39-3011,39-3011.00,Gambling Dealers,Computers and Electronics,2.18,08/2019,9
39-3011,39-3011.00,Gambling Dealers,Psychology,2.03,08/2019,10
39-3011,39-3011.00,Gambling Dealers,Communications and Media,1.97,08/2019,11
39-3011,39-3011.00,Gambling Dealers,Economics and Accounting,1.91,08/2019,12
39-3011,39-3011.00,Gambling Dealers,Administrative,1.87,08/2019,13
39-3011,39-3011.00,Gambling Dealers,Transportation,1.84,08/2019,14
39-3011,39-3011.00,Gambling Dealers,Personnel and Human Resources,1.82,08/2019,15
39-3012,39-3012.00,Gambling and Sports Book Writers and Runners,Customer and Personal Service,4.1,07/2014,1
39-3012,39-3012.00,Gambling and Sports Book Writers and Runners,Mathematics,3.92,07/2014,2
39-3012,39-3012.00,Gambling and Sports Book Writers and Runners,English Language,2.98,07/2014,3
39-3012,39-3012.00,Gambling and Sports Book Writers and Runners,Economics and Accounting,2.67,07/2014,4
39-3012,39-3012.00,Gambling and Sports Book Writers and Runners,Computers and Electronics,2.58,07/2014,5
39-3012,39-3012.00,Gambling and Sports Book Writers and Runners,Sales and Marketing,2.57,07/2014,6
39-3012,39-3012.00,Gambling and Sports Book Writers and Runners,Personnel and Human Resources,2.43,07/2014,7
39-3012,39-3012.00,Gambling and Sports Book Writers and Runners,Administration and Management,2.42,07/2014,8
39-3012,39-3012.00,Gambling and Sports Book Writers and Runners,Public Safety and Security,2.34,07/2014,9
39-3012,39-3012.00,Gambling and Sports Book Writers and Runners,Administrative,2.29,07/2014,10
39-3012,39-3012.00,Gambling and Sports Book Writers and Runners,Education and Training,2.17,07/2014,11
39-3012,39-3012.00,Gambling and Sports Book Writers and Runners,Production and Processing,2.14,07/2014,12
39-3012,39-3012.00,Gambling and Sports Book Writers and Runners,Communications and Media,2.1,07/2014,13
39-3012,39-3012.00,Gambling and Sports Book Writers and Runners,Psychology,2.01,07/2014,14
39-3012,39-3012.00,Gambling and Sports Book Writers and Runners,Law and Government,1.93,07/2014,15
39-3021,39-3021.00,Motion Picture Projectionists,Computers and Electronics,4.06,08/2020,1
39-3021,39-3021.00,Motion Picture Projectionists,Customer and Personal Service,3.29,08/2020,2
39-3021,39-3021.00,Motion Picture Projectionists,Mechanical,3.18,08/2020,3
39-3021,39-3021.00,Motion Picture Projectionists,English Language,3.17,08/2020,4
39-3021,39-3021.00,Motion Picture Projectionists,Administration and Management,2.8,08/2020,5
39-3021,39-3021.00,Motion Picture Projectionists,Communications and Media,2.67,08/2020,6
39-3021,39-3021.00,Motion Picture Projectionists,Public Safety and Security,2.5,08/2020,7
39-3021,39-3021.00,Motion Picture Projectionists,Engineering and Technology,2.49,08/2020,8
39-3021,39-3021.00,Motion Picture Projectionists,Mathematics,2.41,08/2020,9
39-3021,39-3021.00,Motion Picture Projectionists,Administrative,2.37,08/2020,10
39-3021,39-3021.00,Motion Picture Projectionists,Education and Training,2.3,08/2020,11
39-3021,39-3021.00,Motion Picture Projectionists,Telecommunications,2.23,08/2020,12
39-3021,39-3021.00,Motion Picture Projectionists,Personnel and Human Resources,1.97,08/2020,13
39-3021,39-3021.00,Motion Picture Projectionists,Production and Processing,1.95,08/2020,14
39-3021,39-3021.00,Motion Picture Projectionists,Sales and Marketing,1.89,08/2020,15
39-3031,39-3031.00,"Ushers, Lobby Attendants, and Ticket Takers",Customer and Personal Service,4.25,07/2015,1
39-3031,39-3031.00,"Ushers, Lobby Attendants, and Ticket Takers",English Language,3.39,07/2015,2
39-3031,39-3031.00,"Ushers, Lobby Attendants, and Ticket Takers",Public Safety and Security,3.24,07/2015,3
39-3031,39-3031.00,"Ushers, Lobby Attendants, and Ticket Takers",Communications and Media,3.07,07/2015,4
39-3031,39-3031.00,"Ushers, Lobby Attendants, and Ticket Takers",Sales and Marketing,2.9,07/2015,5
39-3031,39-3031.00,"Ushers, Lobby Attendants, and Ticket Takers",Administration and Management,2.65,07/2015,6
39-3031,39-3031.00,"Ushers, Lobby Attendants, and Ticket Takers",Computers and Electronics,2.47,07/2015,7
39-3031,39-3031.00,"Ushers, Lobby Attendants, and Ticket Takers",Education and Training,2.41,07/2015,8
39-3031,39-3031.00,"Ushers, Lobby Attendants, and Ticket Takers",Economics and Accounting,2.37,07/2015,9
39-3031,39-3031.00,"Ushers, Lobby Attendants, and Ticket Takers",Mathematics,2.32,07/2015,10
39-3031,39-3031.00,"Ushers, Lobby Attendants, and Ticket Takers",Administrative,2.23,07/2015,11
39-3031,39-3031.00,"Ushers, Lobby Attendants, and Ticket Takers",Psychology,2.18,07/2015,12
39-3031,39-3031.00,"Ushers, Lobby Attendants, and Ticket Takers",Food Production,2.09,07/2015,13
39-3031,39-3031.00,"Ushers, Lobby Attendants, and Ticket Takers",Telecommunications,1.96,07/2015,14
39-3031,39-3031.00,"Ushers, Lobby Attendants, and Ticket Takers",Personnel and Human Resources,1.94,07/2015,15
39-3091,39-3091.00,Amusement and Recreation Attendants,Customer and Personal Service,4.14,08/2020,1
39-3091,39-3091.00,Amusement and Recreation Attendants,English Language,3.51,08/2020,2
39-3091,39-3091.00,Amusement and Recreation Attendants,Public Safety and Security,3.24,08/2020,3
39-3091,39-3091.00,Amusement and Recreation Attendants,Administration and Management,2.98,08/2020,4
39-3091,39-3091.00,Amusement and Recreation Attendants,Sales and Marketing,2.68,08/2020,5
39-3091,39-3091.00,Amusement and Recreation Attendants,Computers and Electronics,2.67,08/2020,6
39-3091,39-3091.00,Amusement and Recreation Attendants,Communications and Media,2.47,08/2020,7
39-3091,39-3091.00,Amusement and Recreation Attendants,Mathematics,2.45,08/2020,8
39-3091,39-3091.00,Amusement and Recreation Attendants,Education and Training,2.41,08/2020,9
39-3091,39-3091.00,Amusement and Recreation Attendants,Mechanical,2.15,08/2020,10
39-3091,39-3091.00,Amusement and Recreation Attendants,Foreign Language,2.15,08/2020,11
39-3091,39-3091.00,Amusement and Recreation Attendants,Psychology,1.98,08/2020,12
39-3091,39-3091.00,Amusement and Recreation Attendants,Geography,1.91,08/2020,13
39-3091,39-3091.00,Amusement and Recreation Attendants,Administrative,1.88,08/2020,14
39-3091,39-3091.00,Amusement and Recreation Attendants,Personnel and Human Resources,1.86,08/2020,15
39-3092,39-3092.00,Costume Attendants,Fine Arts,3.65,07/2016,1
39-3092,39-3092.00,Costume Attendants,Design,3.23,07/2016,2
39-3092,39-3092.00,Costume Attendants,Production and Processing,3.21,07/2016,3
39-3092,39-3092.00,Costume Attendants,Customer and Personal Service,3.15,07/2016,4
39-3092,39-3092.00,Costume Attendants,English Language,3.13,07/2016,5
39-3092,39-3092.00,Costume Attendants,Psychology,3.08,07/2016,6
39-3092,39-3092.00,Costume Attendants,Administration and Management,2.96,07/2016,7
39-3092,39-3092.00,Costume Attendants,Mechanical,2.81,07/2016,8
39-3092,39-3092.00,Costume Attendants,Mathematics,2.76,07/2016,9
39-3092,39-3092.00,Costume Attendants,Education and Training,2.63,07/2016,10
39-3092,39-3092.00,Costume Attendants,Personnel and Human Resources,2.62,07/2016,11
39-3092,39-3092.00,Costume Attendants,Administrative,2.43,07/2016,12
39-3092,39-3092.00,Costume Attendants,Engineering and Technology,2.42,07/2016,13
39-3092,39-3092.00,Costume Attendants,Sociology and Anthropology,2.4,07/2016,14
39-3092,39-3092.00,Costume Attendants,Public Safety and Security,2.32,07/2016,15
39-3093,39-3093.00,"Locker Room, Coatroom, and Dressing Room Attendants",Customer and Personal Service,3.68,07/2011,1
39-3093,39-3093.00,"Locker Room, Coatroom, and Dressing Room Attendants",English Language,3.42,07/2011,2
39-3093,39-3093.00,"Locker Room, Coatroom, and Dressing Room Attendants",Public Safety and Security,2.3,07/2011,3
39-3093,39-3093.00,"Locker Room, Coatroom, and Dressing Room Attendants",Education and Training,2.2,07/2011,4
39-3093,39-3093.00,"Locker Room, Coatroom, and Dressing Room Attendants",Sales and Marketing,2.15,07/2011,5
39-3093,39-3093.00,"Locker Room, Coatroom, and Dressing Room Attendants",Administration and Management,2.13,07/2011,6
39-3093,39-3093.00,"Locker Room, Coatroom, and Dressing Room Attendants",Mathematics,2.13,07/2011,7
39-3093,39-3093.00,"Locker Room, Coatroom, and Dressing Room Attendants",Communications and Media,2.13,07/2011,8
39-3093,39-3093.00,"Locker Room, Coatroom, and Dressing Room Attendants",Telecommunications,2.11,07/2011,9
39-3093,39-3093.00,"Locker Room, Coatroom, and Dressing Room Attendants",Administrative,1.98,07/2011,10
39-3093,39-3093.00,"Locker Room, Coatroom, and Dressing Room Attendants",Psychology,1.92,07/2011,11
39-3093,39-3093.00,"Locker Room, Coatroom, and Dressing Room Attendants",Economics and Accounting,1.77,07/2011,12
39-3093,39-3093.00,"Locker Room, Coatroom, and Dressing Room Attendants",Computers and Electronics,1.73,07/2011,13
39-3093,39-3093.00,"Locker Room, Coatroom, and Dressing Room Attendants",Food Production,1.72,07/2011,14
39-3093,39-3093.00,"Locker Room, Coatroom, and Dressing Room Attendants",Transportation,1.72,07/2011,15
39-4011,39-4011.00,Embalmers,Customer and Personal Service,4.68,08/2021,1
39-4011,39-4011.00,Embalmers,Chemistry,3.62,08/2021,2
39-4011,39-4011.00,Embalmers,Psychology,3.59,08/2021,3
39-4011,39-4011.00,Embalmers,English Language,3.49,08/2021,4
39-4011,39-4011.00,Embalmers,Law and Government,3.4,08/2021,5
39-4011,39-4011.00,Embalmers,Biology,3.23,08/2021,6
39-4011,39-4011.00,Embalmers,Administration and Management,3.2,08/2021,7
39-4011,39-4011.00,Embalmers,Administrative,3.15,08/2021,8
39-4011,39-4011.00,Embalmers,Philosophy and Theology,3.07,08/2021,9
39-4011,39-4011.00,Embalmers,Education and Training,2.99,08/2021,10
39-4011,39-4011.00,Embalmers,Therapy and Counseling,2.96,08/2021,11
39-4011,39-4011.00,Embalmers,Computers and Electronics,2.85,08/2021,12
39-4011,39-4011.00,Embalmers,Public Safety and Security,2.81,08/2021,13
39-4011,39-4011.00,Embalmers,Medicine and Dentistry,2.75,08/2021,14
39-4011,39-4011.00,Embalmers,Sociology and Anthropology,2.63,08/2021,15
39-4021,39-4021.00,Funeral Attendants,Customer and Personal Service,4.41,08/2024,1
39-4021,39-4021.00,Funeral Attendants,English Language,3.86,08/2024,2
39-4021,39-4021.00,Funeral Attendants,Administrative,3.39,08/2024,3
39-4021,39-4021.00,Funeral Attendants,Transportation,3.05,08/2024,4
39-4021,39-4021.00,Funeral Attendants,Computers and Electronics,2.89,08/2024,5
39-4021,39-4021.00,Funeral Attendants,Law and Government,2.67,08/2024,6
39-4021,39-4021.00,Funeral Attendants,Communications and Media,2.66,08/2024,7
39-4021,39-4021.00,Funeral Attendants,Sales and Marketing,2.48,08/2024,8
39-4021,39-4021.00,Funeral Attendants,Administration and Management,2.46,08/2024,9
39-4021,39-4021.00,Funeral Attendants,Mathematics,2.45,08/2024,10
39-4021,39-4021.00,Funeral Attendants,Public Safety and Security,2.32,08/2024,11
39-4021,39-4021.00,Funeral Attendants,Production and Processing,2.3,08/2024,12
39-4021,39-4021.00,Funeral Attendants,Education and Training,2.29,08/2024,13
39-4021,39-4021.00,Funeral Attendants,Telecommunications,2.29,08/2024,14
39-4021,39-4021.00,Funeral Attendants,Psychology,2.25,08/2024,15
39-4031,39-4031.00,"Morticians, Undertakers, and Funeral Arrangers",Customer and Personal Service,4.72,08/2024,1
39-4031,39-4031.00,"Morticians, Undertakers, and Funeral Arrangers",English Language,3.82,08/2024,2
39-4031,39-4031.00,"Morticians, Undertakers, and Funeral Arrangers",Administrative,3.73,08/2024,3
39-4031,39-4031.00,"Morticians, Undertakers, and Funeral Arrangers",Administration and Management,3.64,08/2024,4
39-4031,39-4031.00,"Morticians, Undertakers, and Funeral Arrangers",Psychology,3.41,08/2024,5
39-4031,39-4031.00,"Morticians, Undertakers, and Funeral Arrangers",Personnel and Human Resources,3.21,08/2024,6
39-4031,39-4031.00,"Morticians, Undertakers, and Funeral Arrangers",Computers and Electronics,3.19,08/2024,7
39-4031,39-4031.00,"Morticians, Undertakers, and Funeral Arrangers",Sales and Marketing,3.08,08/2024,8
39-4031,39-4031.00,"Morticians, Undertakers, and Funeral Arrangers",Biology,3.08,08/2024,9
39-4031,39-4031.00,"Morticians, Undertakers, and Funeral Arrangers",Philosophy and Theology,3.06,08/2024,10
39-4031,39-4031.00,"Morticians, Undertakers, and Funeral Arrangers",Public Safety and Security,3.06,08/2024,11
39-4031,39-4031.00,"Morticians, Undertakers, and Funeral Arrangers",Therapy and Counseling,2.94,08/2024,12
39-4031,39-4031.00,"Morticians, Undertakers, and Funeral Arrangers",Transportation,2.89,08/2024,13
39-4031,39-4031.00,"Morticians, Undertakers, and Funeral Arrangers",Law and Government,2.87,08/2024,14
39-4031,39-4031.00,"Morticians, Undertakers, and Funeral Arrangers",Mathematics,2.84,08/2024,15
39-5011,39-5011.00,Barbers,Customer and Personal Service,4.42,08/2018,1
39-5011,39-5011.00,Barbers,Administration and Management,3.16,08/2018,2
39-5011,39-5011.00,Barbers,English Language,3.14,08/2018,3
39-5011,39-5011.00,Barbers,Economics and Accounting,3.03,08/2018,4
39-5011,39-5011.00,Barbers,Psychology,3.0,08/2018,5
39-5011,39-5011.00,Barbers,Mathematics,2.82,08/2018,6
39-5011,39-5011.00,Barbers,Production and Processing,2.71,08/2018,7
39-5011,39-5011.00,Barbers,Sales and Marketing,2.65,08/2018,8
39-5011,39-5011.00,Barbers,Education and Training,2.56,08/2018,9
39-5011,39-5011.00,Barbers,Administrative,2.4,08/2018,10
39-5011,39-5011.00,Barbers,Public Safety and Security,2.39,08/2018,11
39-5011,39-5011.00,Barbers,Design,2.37,08/2018,12
39-5011,39-5011.00,Barbers,Chemistry,2.31,08/2018,13
39-5011,39-5011.00,Barbers,Communications and Media,2.3,08/2018,14
39-5011,39-5011.00,Barbers,Law and Government,2.27,08/2018,15
39-5012,39-5012.00,"Hairdressers, Hairstylists, and Cosmetologists",Customer and Personal Service,4.43,07/2016,1
39-5012,39-5012.00,"Hairdressers, Hairstylists, and Cosmetologists",Sales and Marketing,3.67,07/2016,2
39-5012,39-5012.00,"Hairdressers, Hairstylists, and Cosmetologists",Administration and Management,3.01,07/2016,3
39-5012,39-5012.00,"Hairdressers, Hairstylists, and Cosmetologists",Education and Training,2.97,07/2016,4
39-5012,39-5012.00,"Hairdressers, Hairstylists, and Cosmetologists",English Language,2.87,07/2016,5
39-5012,39-5012.00,"Hairdressers, Hairstylists, and Cosmetologists",Chemistry,2.79,07/2016,6
39-5012,39-5012.00,"Hairdressers, Hairstylists, and Cosmetologists",Administrative,2.54,07/2016,7
39-5012,39-5012.00,"Hairdressers, Hairstylists, and Cosmetologists",Economics and Accounting,2.53,07/2016,8
39-5012,39-5012.00,"Hairdressers, Hairstylists, and Cosmetologists",Personnel and Human Resources,2.53,07/2016,9
39-5012,39-5012.00,"Hairdressers, Hairstylists, and Cosmetologists",Mathematics,2.19,07/2016,10
39-5012,39-5012.00,"Hairdressers, Hairstylists, and Cosmetologists",Production and Processing,2.15,07/2016,11
39-5012,39-5012.00,"Hairdressers, Hairstylists, and Cosmetologists",Computers and Electronics,2.09,07/2016,12
39-5012,39-5012.00,"Hairdressers, Hairstylists, and Cosmetologists",Law and Government,2.01,07/2016,13
39-5012,39-5012.00,"Hairdressers, Hairstylists, and Cosmetologists",Psychology,2.0,07/2016,14
39-5012,39-5012.00,"Hairdressers, Hairstylists, and Cosmetologists",Public Safety and Security,2.0,07/2016,15
39-5092,39-5092.00,Manicurists and Pedicurists,Customer and Personal Service,3.37,07/2015,1
39-5092,39-5092.00,Manicurists and Pedicurists,English Language,2.64,07/2015,2
39-5092,39-5092.00,Manicurists and Pedicurists,Administration and Management,2.59,07/2015,3
39-5092,39-5092.00,Manicurists and Pedicurists,Personnel and Human Resources,2.47,07/2015,4
39-5092,39-5092.00,Manicurists and Pedicurists,Sales and Marketing,2.44,07/2015,5
39-5092,39-5092.00,Manicurists and Pedicurists,Production and Processing,2.41,07/2015,6
39-5092,39-5092.00,Manicurists and Pedicurists,Mathematics,2.38,07/2015,7
39-5092,39-5092.00,Manicurists and Pedicurists,Psychology,2.29,07/2015,8
39-5092,39-5092.00,Manicurists and Pedicurists,Sociology and Anthropology,2.29,07/2015,9
39-5092,39-5092.00,Manicurists and Pedicurists,Design,2.22,07/2015,10
39-5092,39-5092.00,Manicurists and Pedicurists,Administrative,2.08,07/2015,11
39-5092,39-5092.00,Manicurists and Pedicurists,Education and Training,2.05,07/2015,12
39-5092,39-5092.00,Manicurists and Pedicurists,Chemistry,2.03,07/2015,13
39-5092,39-5092.00,Manicurists and Pedicurists,Computers and Electronics,1.97,07/2015,14
39-5092,39-5092.00,Manicurists and Pedicurists,Mechanical,1.96,07/2015,15
39-5093,39-5093.00,Shampooers,Customer and Personal Service,4.23,06/2008,1
39-5093,39-5093.00,Shampooers,English Language,4.09,06/2008,2
39-5093,39-5093.00,Shampooers,Sales and Marketing,3.22,06/2008,3
39-5093,39-5093.00,Shampooers,Public Safety and Security,2.74,06/2008,4
39-5093,39-5093.00,Shampooers,Chemistry,2.73,06/2008,5
39-5093,39-5093.00,Shampooers,Education and Training,2.73,06/2008,6
39-5093,39-5093.00,Shampooers,Psychology,2.59,06/2008,7
39-5093,39-5093.00,Shampooers,Administration and Management,2.24,06/2008,8
39-5093,39-5093.00,Shampooers,Production and Processing,2.2,06/2008,9
39-5093,39-5093.00,Shampooers,Mathematics,2.0,06/2008,10
39-5093,39-5093.00,Shampooers,Communications and Media,1.97,06/2008,11
39-5093,39-5093.00,Shampooers,Sociology and Anthropology,1.88,06/2008,12
39-5093,39-5093.00,Shampooers,Personnel and Human Resources,1.66,06/2008,13
39-5093,39-5093.00,Shampooers,Administrative,1.64,06/2008,14
39-5093,39-5093.00,Shampooers,Design,1.6,06/2008,15
39-5094,39-5094.00,Skincare Specialists,Customer and Personal Service,4.3,08/2025,1
39-5094,39-5094.00,Skincare Specialists,Sales and Marketing,3.66,08/2025,2
39-5094,39-5094.00,Skincare Specialists,Administration and Management,3.62,08/2025,3
39-5094,39-5094.00,Skincare Specialists,Education and Training,3.61,08/2025,4
39-5094,39-5094.00,Skincare Specialists,English Language,3.5,08/2025,5
39-5094,39-5094.00,Skincare Specialists,Administrative,3.41,08/2025,6
39-5094,39-5094.00,Skincare Specialists,Communications and Media,3.07,08/2025,7
39-5094,39-5094.00,Skincare Specialists,Therapy and Counseling,2.81,08/2025,8
39-5094,39-5094.00,Skincare Specialists,Economics and Accounting,2.78,08/2025,9
39-5094,39-5094.00,Skincare Specialists,Psychology,2.75,08/2025,10
39-5094,39-5094.00,Skincare Specialists,Chemistry,2.73,08/2025,11
39-5094,39-5094.00,Skincare Specialists,Personnel and Human Resources,2.69,08/2025,12
39-5094,39-5094.00,Skincare Specialists,Medicine and Dentistry,2.65,08/2025,13
39-5094,39-5094.00,Skincare Specialists,Production and Processing,2.62,08/2025,14
39-5094,39-5094.00,Skincare Specialists,Computers and Electronics,2.44,08/2025,15
39-6011,39-6011.00,Baggage Porters and Bellhops,Customer and Personal Service,4.58,08/2018,1
39-6011,39-6011.00,Baggage Porters and Bellhops,English Language,3.69,08/2018,2
39-6011,39-6011.00,Baggage Porters and Bellhops,Public Safety and Security,3.41,08/2018,3
39-6011,39-6011.00,Baggage Porters and Bellhops,Transportation,3.39,08/2018,4
39-6011,39-6011.00,Baggage Porters and Bellhops,Sales and Marketing,2.78,08/2018,5
39-6011,39-6011.00,Baggage Porters and Bellhops,Education and Training,2.68,08/2018,6
39-6011,39-6011.00,Baggage Porters and Bellhops,Computers and Electronics,2.67,08/2018,7
39-6011,39-6011.00,Baggage Porters and Bellhops,Telecommunications,2.55,08/2018,8
39-6011,39-6011.00,Baggage Porters and Bellhops,Mathematics,2.45,08/2018,9
39-6011,39-6011.00,Baggage Porters and Bellhops,Geography,2.4,08/2018,10
39-6011,39-6011.00,Baggage Porters and Bellhops,Administrative,2.37,08/2018,11
39-6011,39-6011.00,Baggage Porters and Bellhops,Law and Government,2.37,08/2018,12
39-6011,39-6011.00,Baggage Porters and Bellhops,Administration and Management,2.35,08/2018,13
39-6011,39-6011.00,Baggage Porters and Bellhops,Communications and Media,2.32,08/2018,14
39-6011,39-6011.00,Baggage Porters and Bellhops,Foreign Language,2.14,08/2018,15
39-7011,39-7011.00,Tour Guides and Escorts,Customer and Personal Service,4.42,08/2020,1
39-7011,39-7011.00,Tour Guides and Escorts,English Language,4.13,08/2020,2
39-7011,39-7011.00,Tour Guides and Escorts,History and Archeology,3.63,08/2020,3
39-7011,39-7011.00,Tour Guides and Escorts,Communications and Media,3.23,08/2020,4
39-7011,39-7011.00,Tour Guides and Escorts,Education and Training,3.18,08/2020,5
39-7011,39-7011.00,Tour Guides and Escorts,Geography,2.88,08/2020,6
39-7011,39-7011.00,Tour Guides and Escorts,Fine Arts,2.83,08/2020,7
39-7011,39-7011.00,Tour Guides and Escorts,Public Safety and Security,2.8,08/2020,8
39-7011,39-7011.00,Tour Guides and Escorts,Transportation,2.71,08/2020,9
39-7011,39-7011.00,Tour Guides and Escorts,Psychology,2.62,08/2020,10
39-7011,39-7011.00,Tour Guides and Escorts,Sociology and Anthropology,2.6,08/2020,11
39-7011,39-7011.00,Tour Guides and Escorts,Administration and Management,2.48,08/2020,12
39-7011,39-7011.00,Tour Guides and Escorts,Sales and Marketing,2.23,08/2020,13
39-7011,39-7011.00,Tour Guides and Escorts,Computers and Electronics,2.17,08/2020,14
39-7011,39-7011.00,Tour Guides and Escorts,Administrative,2.1,08/2020,15
39-7012,39-7012.00,Travel Guides,Customer and Personal Service,4.33,08/2022,1
39-7012,39-7012.00,Travel Guides,English Language,3.27,08/2022,2
39-7012,39-7012.00,Travel Guides,Sales and Marketing,3.19,08/2022,3
39-7012,39-7012.00,Travel Guides,Administrative,3.0,08/2022,4
39-7012,39-7012.00,Travel Guides,Transportation,2.94,08/2022,5
39-7012,39-7012.00,Travel Guides,Administration and Management,2.91,08/2022,6
39-7012,39-7012.00,Travel Guides,Geography,2.86,08/2022,7
39-7012,39-7012.00,Travel Guides,Economics and Accounting,2.74,08/2022,8
39-7012,39-7012.00,Travel Guides,Education and Training,2.71,08/2022,9
39-7012,39-7012.00,Travel Guides,Public Safety and Security,2.68,08/2022,10
39-7012,39-7012.00,Travel Guides,Personnel and Human Resources,2.62,08/2022,11
39-7012,39-7012.00,Travel Guides,Mathematics,2.37,08/2022,12
39-7012,39-7012.00,Travel Guides,Computers and Electronics,2.3,08/2022,13
39-7012,39-7012.00,Travel Guides,Psychology,2.15,08/2022,14
39-7012,39-7012.00,Travel Guides,Communications and Media,2.06,08/2022,15
39-9011,39-9011.00,Childcare Workers,Customer and Personal Service,3.73,08/2018,1
39-9011,39-9011.00,Childcare Workers,English Language,3.51,08/2018,2
39-9011,39-9011.00,Childcare Workers,Education and Training,3.36,08/2018,3
39-9011,39-9011.00,Childcare Workers,Public Safety and Security,3.18,08/2018,4
39-9011,39-9011.00,Childcare Workers,Psychology,3.04,08/2018,5
39-9011,39-9011.00,Childcare Workers,Administration and Management,2.87,08/2018,6
39-9011,39-9011.00,Childcare Workers,Personnel and Human Resources,2.6,08/2018,7
39-9011,39-9011.00,Childcare Workers,Mathematics,2.48,08/2018,8
39-9011,39-9011.00,Childcare Workers,Administrative,2.44,08/2018,9
39-9011,39-9011.00,Childcare Workers,Computers and Electronics,2.18,08/2018,10
39-9011,39-9011.00,Childcare Workers,Sociology and Anthropology,2.18,08/2018,11
39-9011,39-9011.00,Childcare Workers,Food Production,2.1,08/2018,12
39-9011,39-9011.00,Childcare Workers,Medicine and Dentistry,2.1,08/2018,13
39-9011,39-9011.00,Childcare Workers,Sales and Marketing,2.03,08/2018,14
39-9011,39-9011.00,Childcare Workers,Production and Processing,2.02,08/2018,15
39-9032,39-9032.00,Recreation Workers,English Language,4.11,07/2017,1
39-9032,39-9032.00,Recreation Workers,Public Safety and Security,3.82,07/2017,2
39-9032,39-9032.00,Recreation Workers,Customer and Personal Service,3.65,07/2017,3
39-9032,39-9032.00,Recreation Workers,Education and Training,3.52,07/2017,4
39-9032,39-9032.00,Recreation Workers,Law and Government,3.43,07/2017,5
39-9032,39-9032.00,Recreation Workers,Psychology,3.17,07/2017,6
39-9032,39-9032.00,Recreation Workers,Administrative,3.14,07/2017,7
39-9032,39-9032.00,Recreation Workers,Computers and Electronics,3.04,07/2017,8
39-9032,39-9032.00,Recreation Workers,Mathematics,3.0,07/2017,9
39-9032,39-9032.00,Recreation Workers,Administration and Management,2.97,07/2017,10
39-9032,39-9032.00,Recreation Workers,Communications and Media,2.74,07/2017,11
39-9032,39-9032.00,Recreation Workers,Therapy and Counseling,2.67,07/2017,12
39-9032,39-9032.00,Recreation Workers,Transportation,2.66,07/2017,13
39-9032,39-9032.00,Recreation Workers,Sociology and Anthropology,2.57,07/2017,14
39-9032,39-9032.00,Recreation Workers,Philosophy and Theology,2.53,07/2017,15
39-9041,39-9041.00,Residential Advisors,Customer and Personal Service,4.45,08/2019,1
39-9041,39-9041.00,Residential Advisors,Administration and Management,4.21,08/2019,2
39-9041,39-9041.00,Residential Advisors,Public Safety and Security,4.05,08/2019,3
39-9041,39-9041.00,Residential Advisors,Education and Training,3.99,08/2019,4
39-9041,39-9041.00,Residential Advisors,English Language,3.92,08/2019,5
39-9041,39-9041.00,Residential Advisors,Sociology and Anthropology,3.74,08/2019,6
39-9041,39-9041.00,Residential Advisors,Administrative,3.51,08/2019,7
39-9041,39-9041.00,Residential Advisors,Personnel and Human Resources,3.48,08/2019,8
39-9041,39-9041.00,Residential Advisors,Therapy and Counseling,3.45,08/2019,9
39-9041,39-9041.00,Residential Advisors,Psychology,3.17,08/2019,10
39-9041,39-9041.00,Residential Advisors,Communications and Media,3.1,08/2019,11
39-9041,39-9041.00,Residential Advisors,Computers and Electronics,3.07,08/2019,12
39-9041,39-9041.00,Residential Advisors,Law and Government,3.01,08/2019,13
39-9041,39-9041.00,Residential Advisors,Medicine and Dentistry,2.79,08/2019,14
39-9041,39-9041.00,Residential Advisors,Telecommunications,2.79,08/2019,15
41-1011,41-1011.00,First-Line Supervisors of Retail Sales Workers,Customer and Personal Service,4.82,08/2018,1
41-1011,41-1011.00,First-Line Supervisors of Retail Sales Workers,Administration and Management,4.48,08/2018,2
41-1011,41-1011.00,First-Line Supervisors of Retail Sales Workers,Sales and Marketing,3.93,08/2018,3
41-1011,41-1011.00,First-Line Supervisors of Retail Sales Workers,English Language,3.86,08/2018,4
41-1011,41-1011.00,First-Line Supervisors of Retail Sales Workers,Education and Training,3.6,08/2018,5
41-1011,41-1011.00,First-Line Supervisors of Retail Sales Workers,Personnel and Human Resources,3.33,08/2018,6
41-1011,41-1011.00,First-Line Supervisors of Retail Sales Workers,Computers and Electronics,3.31,08/2018,7
41-1011,41-1011.00,First-Line Supervisors of Retail Sales Workers,Mathematics,3.31,08/2018,8
41-1011,41-1011.00,First-Line Supervisors of Retail Sales Workers,Economics and Accounting,3.21,08/2018,9
41-1011,41-1011.00,First-Line Supervisors of Retail Sales Workers,Administrative,3.18,08/2018,10
41-1011,41-1011.00,First-Line Supervisors of Retail Sales Workers,Public Safety and Security,2.88,08/2018,11
41-1011,41-1011.00,First-Line Supervisors of Retail Sales Workers,Production and Processing,2.78,08/2018,12
41-1011,41-1011.00,First-Line Supervisors of Retail Sales Workers,Foreign Language,2.58,08/2018,13
41-1011,41-1011.00,First-Line Supervisors of Retail Sales Workers,Communications and Media,2.45,08/2018,14
41-1011,41-1011.00,First-Line Supervisors of Retail Sales Workers,Psychology,2.17,08/2018,15
41-1012,41-1012.00,First-Line Supervisors of Non-Retail Sales Workers,Customer and Personal Service,4.05,08/2020,1
41-1012,41-1012.00,First-Line Supervisors of Non-Retail Sales Workers,Administration and Management,3.91,08/2020,2
41-1012,41-1012.00,First-Line Supervisors of Non-Retail Sales Workers,English Language,3.77,08/2020,3
41-1012,41-1012.00,First-Line Supervisors of Non-Retail Sales Workers,Personnel and Human Resources,3.54,08/2020,4
41-1012,41-1012.00,First-Line Supervisors of Non-Retail Sales Workers,Economics and Accounting,3.36,08/2020,5
41-1012,41-1012.00,First-Line Supervisors of Non-Retail Sales Workers,Sales and Marketing,3.32,08/2020,6
41-1012,41-1012.00,First-Line Supervisors of Non-Retail Sales Workers,Mathematics,3.1,08/2020,7
41-1012,41-1012.00,First-Line Supervisors of Non-Retail Sales Workers,Education and Training,3.06,08/2020,8
41-1012,41-1012.00,First-Line Supervisors of Non-Retail Sales Workers,Computers and Electronics,2.8,08/2020,9
41-1012,41-1012.00,First-Line Supervisors of Non-Retail Sales Workers,Administrative,2.6,08/2020,10
41-1012,41-1012.00,First-Line Supervisors of Non-Retail Sales Workers,Communications and Media,2.53,08/2020,11
41-1012,41-1012.00,First-Line Supervisors of Non-Retail Sales Workers,Production and Processing,2.48,08/2020,12
41-1012,41-1012.00,First-Line Supervisors of Non-Retail Sales Workers,Law and Government,2.42,08/2020,13
41-1012,41-1012.00,First-Line Supervisors of Non-Retail Sales Workers,Transportation,2.35,08/2020,14
41-1012,41-1012.00,First-Line Supervisors of Non-Retail Sales Workers,Public Safety and Security,2.24,08/2020,15
41-2011,41-2011.00,Cashiers,Customer and Personal Service,4.05,08/2024,1
41-2011,41-2011.00,Cashiers,English Language,3.37,08/2024,2
41-2011,41-2011.00,Cashiers,Sales and Marketing,3.07,08/2024,3
41-2011,41-2011.00,Cashiers,Administration and Management,2.87,08/2024,4
41-2011,41-2011.00,Cashiers,Mathematics,2.86,08/2024,5
41-2011,41-2011.00,Cashiers,Administrative,2.84,08/2024,6
41-2011,41-2011.00,Cashiers,Computers and Electronics,2.69,08/2024,7
41-2011,41-2011.00,Cashiers,Public Safety and Security,2.62,08/2024,8
41-2011,41-2011.00,Cashiers,Law and Government,2.52,08/2024,9
41-2011,41-2011.00,Cashiers,Economics and Accounting,2.38,08/2024,10
41-2011,41-2011.00,Cashiers,Education and Training,2.37,08/2024,11
41-2011,41-2011.00,Cashiers,Telecommunications,2.14,08/2024,12
41-2011,41-2011.00,Cashiers,Personnel and Human Resources,2.09,08/2024,13
41-2011,41-2011.00,Cashiers,Communications and Media,2.09,08/2024,14
41-2011,41-2011.00,Cashiers,Transportation,1.94,08/2024,15
41-2012,41-2012.00,Gambling Change Persons and Booth Cashiers,Customer and Personal Service,4.15,08/2019,1
41-2012,41-2012.00,Gambling Change Persons and Booth Cashiers,Mathematics,3.73,08/2019,2
41-2012,41-2012.00,Gambling Change Persons and Booth Cashiers,English Language,2.97,08/2019,3
41-2012,41-2012.00,Gambling Change Persons and Booth Cashiers,Public Safety and Security,2.75,08/2019,4
41-2012,41-2012.00,Gambling Change Persons and Booth Cashiers,Administrative,2.72,08/2019,5
41-2012,41-2012.00,Gambling Change Persons and Booth Cashiers,Computers and Electronics,2.63,08/2019,6
41-2012,41-2012.00,Gambling Change Persons and Booth Cashiers,Law and Government,2.59,08/2019,7
41-2012,41-2012.00,Gambling Change Persons and Booth Cashiers,Psychology,2.46,08/2019,8
41-2012,41-2012.00,Gambling Change Persons and Booth Cashiers,Economics and Accounting,2.24,08/2019,9
41-2012,41-2012.00,Gambling Change Persons and Booth Cashiers,Telecommunications,2.24,08/2019,10
41-2012,41-2012.00,Gambling Change Persons and Booth Cashiers,Education and Training,2.16,08/2019,11
41-2012,41-2012.00,Gambling Change Persons and Booth Cashiers,Communications and Media,2.06,08/2019,12
41-2012,41-2012.00,Gambling Change Persons and Booth Cashiers,Sociology and Anthropology,1.75,08/2019,13
41-2012,41-2012.00,Gambling Change Persons and Booth Cashiers,Administration and Management,1.68,08/2019,14
41-2012,41-2012.00,Gambling Change Persons and Booth Cashiers,Sales and Marketing,1.68,08/2019,15
41-2021,41-2021.00,Counter and Rental Clerks,Customer and Personal Service,4.45,08/2019,1
41-2021,41-2021.00,Counter and Rental Clerks,English Language,3.72,08/2019,2
41-2021,41-2021.00,Counter and Rental Clerks,Administrative,3.5,08/2019,3
41-2021,41-2021.00,Counter and Rental Clerks,Sales and Marketing,3.42,08/2019,4
41-2021,41-2021.00,Counter and Rental Clerks,Administration and Management,3.05,08/2019,5
41-2021,41-2021.00,Counter and Rental Clerks,Mathematics,3.01,08/2019,6
41-2021,41-2021.00,Counter and Rental Clerks,Transportation,2.74,08/2019,7
41-2021,41-2021.00,Counter and Rental Clerks,Computers and Electronics,2.65,08/2019,8
41-2021,41-2021.00,Counter and Rental Clerks,Production and Processing,2.5,08/2019,9
41-2021,41-2021.00,Counter and Rental Clerks,Public Safety and Security,2.5,08/2019,10
41-2021,41-2021.00,Counter and Rental Clerks,Communications and Media,2.41,08/2019,11
41-2021,41-2021.00,Counter and Rental Clerks,Economics and Accounting,2.33,08/2019,12
41-2021,41-2021.00,Counter and Rental Clerks,Education and Training,2.31,08/2019,13
41-2021,41-2021.00,Counter and Rental Clerks,Telecommunications,2.16,08/2019,14
41-2021,41-2021.00,Counter and Rental Clerks,Personnel and Human Resources,2.08,08/2019,15
41-2022,41-2022.00,Parts Salespersons,Customer and Personal Service,4.44,08/2023,1
41-2022,41-2022.00,Parts Salespersons,Sales and Marketing,4.1,08/2023,2
41-2022,41-2022.00,Parts Salespersons,Administration and Management,3.98,08/2023,3
41-2022,41-2022.00,Parts Salespersons,Administrative,3.87,08/2023,4
41-2022,41-2022.00,Parts Salespersons,Computers and Electronics,3.81,08/2023,5
41-2022,41-2022.00,Parts Salespersons,English Language,3.57,08/2023,6
41-2022,41-2022.00,Parts Salespersons,Economics and Accounting,3.46,08/2023,7
41-2022,41-2022.00,Parts Salespersons,Production and Processing,3.34,08/2023,8
41-2022,41-2022.00,Parts Salespersons,Personnel and Human Resources,3.27,08/2023,9
41-2022,41-2022.00,Parts Salespersons,Mathematics,3.22,08/2023,10
41-2022,41-2022.00,Parts Salespersons,Mechanical,3.12,08/2023,11
41-2022,41-2022.00,Parts Salespersons,Education and Training,2.89,08/2023,12
41-2022,41-2022.00,Parts Salespersons,Public Safety and Security,2.88,08/2023,13
41-2022,41-2022.00,Parts Salespersons,Telecommunications,2.87,08/2023,14
41-2022,41-2022.00,Parts Salespersons,Transportation,2.81,08/2023,15
41-2031,41-2031.00,Retail Salespersons,Sales and Marketing,4.52,08/2018,1
41-2031,41-2031.00,Retail Salespersons,Customer and Personal Service,4.34,08/2018,2
41-2031,41-2031.00,Retail Salespersons,English Language,3.67,08/2018,3
41-2031,41-2031.00,Retail Salespersons,Administration and Management,3.04,08/2018,4
41-2031,41-2031.00,Retail Salespersons,Mathematics,3.03,08/2018,5
41-2031,41-2031.00,Retail Salespersons,Administrative,3.01,08/2018,6
41-2031,41-2031.00,Retail Salespersons,Psychology,2.89,08/2018,7
41-2031,41-2031.00,Retail Salespersons,Computers and Electronics,2.75,08/2018,8
41-2031,41-2031.00,Retail Salespersons,Education and Training,2.69,08/2018,9
41-2031,41-2031.00,Retail Salespersons,Communications and Media,2.45,08/2018,10
41-2031,41-2031.00,Retail Salespersons,Public Safety and Security,2.35,08/2018,11
41-2031,41-2031.00,Retail Salespersons,Economics and Accounting,2.28,08/2018,12
41-2031,41-2031.00,Retail Salespersons,Production and Processing,2.25,08/2018,13
41-2031,41-2031.00,Retail Salespersons,Telecommunications,2.05,08/2018,14
41-2031,41-2031.00,Retail Salespersons,Design,1.99,08/2018,15
41-3011,41-3011.00,Advertising Sales Agents,Sales and Marketing,4.86,08/2018,1
41-3011,41-3011.00,Advertising Sales Agents,Customer and Personal Service,4.53,08/2018,2
41-3011,41-3011.00,Advertising Sales Agents,English Language,3.96,08/2018,3
41-3011,41-3011.00,Advertising Sales Agents,Communications and Media,3.84,08/2018,4
41-3011,41-3011.00,Advertising Sales Agents,Mathematics,3.56,08/2018,5
41-3011,41-3011.00,Advertising Sales Agents,Administrative,3.35,08/2018,6
41-3011,41-3011.00,Advertising Sales Agents,Computers and Electronics,3.29,08/2018,7
41-3011,41-3011.00,Advertising Sales Agents,Administration and Management,3.13,08/2018,8
41-3011,41-3011.00,Advertising Sales Agents,Education and Training,2.69,08/2018,9
41-3011,41-3011.00,Advertising Sales Agents,Production and Processing,2.66,08/2018,10
41-3011,41-3011.00,Advertising Sales Agents,Economics and Accounting,2.64,08/2018,11
41-3011,41-3011.00,Advertising Sales Agents,Telecommunications,2.51,08/2018,12
41-3011,41-3011.00,Advertising Sales Agents,Personnel and Human Resources,2.5,08/2018,13
41-3011,41-3011.00,Advertising Sales Agents,Law and Government,2.29,08/2018,14
41-3011,41-3011.00,Advertising Sales Agents,Psychology,2.15,08/2018,15
41-3021,41-3021.00,Insurance Sales Agents,Customer and Personal Service,4.69,08/2018,1
41-3021,41-3021.00,Insurance Sales Agents,Sales and Marketing,4.62,08/2018,2
41-3021,41-3021.00,Insurance Sales Agents,English Language,4.1,08/2018,3
41-3021,41-3021.00,Insurance Sales Agents,Mathematics,3.58,08/2018,4
41-3021,41-3021.00,Insurance Sales Agents,Law and Government,3.54,08/2018,5
41-3021,41-3021.00,Insurance Sales Agents,Transportation,3.46,08/2018,6
41-3021,41-3021.00,Insurance Sales Agents,Administration and Management,3.39,08/2018,7
41-3021,41-3021.00,Insurance Sales Agents,Education and Training,3.09,08/2018,8
41-3021,41-3021.00,Insurance Sales Agents,Communications and Media,3.07,08/2018,9
41-3021,41-3021.00,Insurance Sales Agents,Computers and Electronics,2.9,08/2018,10
41-3021,41-3021.00,Insurance Sales Agents,Personnel and Human Resources,2.83,08/2018,11
41-3021,41-3021.00,Insurance Sales Agents,Economics and Accounting,2.69,08/2018,12
41-3021,41-3021.00,Insurance Sales Agents,Administrative,2.56,08/2018,13
41-3021,41-3021.00,Insurance Sales Agents,Public Safety and Security,2.47,08/2018,14
41-3021,41-3021.00,Insurance Sales Agents,Telecommunications,2.45,08/2018,15
41-3031,41-3031.00,"Securities, Commodities, and Financial Services Sales Agents",Customer and Personal Service,4.32,08/2022,1
41-3031,41-3031.00,"Securities, Commodities, and Financial Services Sales Agents",Economics and Accounting,3.93,08/2022,2
41-3031,41-3031.00,"Securities, Commodities, and Financial Services Sales Agents",English Language,3.82,08/2022,3
41-3031,41-3031.00,"Securities, Commodities, and Financial Services Sales Agents",Mathematics,3.73,08/2022,4
41-3031,41-3031.00,"Securities, Commodities, and Financial Services Sales Agents",Sales and Marketing,3.71,08/2022,5
41-3031,41-3031.00,"Securities, Commodities, and Financial Services Sales Agents",Computers and Electronics,3.5,08/2022,6
41-3031,41-3031.00,"Securities, Commodities, and Financial Services Sales Agents",Administration and Management,3.42,08/2022,7
41-3031,41-3031.00,"Securities, Commodities, and Financial Services Sales Agents",Law and Government,3.11,08/2022,8
41-3031,41-3031.00,"Securities, Commodities, and Financial Services Sales Agents",Administrative,3.0,08/2022,9
41-3031,41-3031.00,"Securities, Commodities, and Financial Services Sales Agents",Communications and Media,2.68,08/2022,10
41-3031,41-3031.00,"Securities, Commodities, and Financial Services Sales Agents",Education and Training,2.65,08/2022,11
41-3031,41-3031.00,"Securities, Commodities, and Financial Services Sales Agents",Personnel and Human Resources,2.63,08/2022,12
41-3031,41-3031.00,"Securities, Commodities, and Financial Services Sales Agents",Psychology,2.59,08/2022,13
41-3031,41-3031.00,"Securities, Commodities, and Financial Services Sales Agents",Telecommunications,2.35,08/2022,14
41-3031,41-3031.00,"Securities, Commodities, and Financial Services Sales Agents",Transportation,2.04,08/2022,15
41-3041,41-3041.00,Travel Agents,Customer and Personal Service,4.25,07/2016,1
41-3041,41-3041.00,Travel Agents,English Language,3.97,07/2016,2
41-3041,41-3041.00,Travel Agents,Sales and Marketing,3.88,07/2016,3
41-3041,41-3041.00,Travel Agents,Geography,3.43,07/2016,4
41-3041,41-3041.00,Travel Agents,Computers and Electronics,3.36,07/2016,5
41-3041,41-3041.00,Travel Agents,Administrative,3.17,07/2016,6
41-3041,41-3041.00,Travel Agents,Telecommunications,3.17,07/2016,7
41-3041,41-3041.00,Travel Agents,Transportation,3.09,07/2016,8
41-3041,41-3041.00,Travel Agents,Administration and Management,2.89,07/2016,9
41-3041,41-3041.00,Travel Agents,Communications and Media,2.85,07/2016,10
41-3041,41-3041.00,Travel Agents,Economics and Accounting,2.72,07/2016,11
41-3041,41-3041.00,Travel Agents,Education and Training,2.63,07/2016,12
41-3041,41-3041.00,Travel Agents,Foreign Language,2.28,07/2016,13
41-3041,41-3041.00,Travel Agents,Mathematics,2.06,07/2016,14
41-3041,41-3041.00,Travel Agents,Personnel and Human Resources,1.95,07/2016,15
41-4011,41-4011.07,Solar Sales Representatives and Assessors,Customer and Personal Service,4.49,08/2024,1
41-4011,41-4011.07,Solar Sales Representatives and Assessors,Sales and Marketing,4.46,08/2024,2
41-4011,41-4011.00,"Sales Representatives, Wholesale and Manufacturing, Technical and Scientific Products",Customer and Personal Service,4.42,07/2014,3
41-4011,41-4011.00,"Sales Representatives, Wholesale and Manufacturing, Technical and Scientific Products",Sales and Marketing,4.31,07/2014,4
41-4011,41-4011.07,Solar Sales Representatives and Assessors,Design,3.84,08/2024,5
41-4011,41-4011.07,Solar Sales Representatives and Assessors,English Language,3.67,08/2024,6
41-4011,41-4011.00,"Sales Representatives, Wholesale and Manufacturing, Technical and Scientific Products",English Language,3.66,07/2014,7
41-4011,41-4011.07,Solar Sales Representatives and Assessors,Mathematics,3.59,08/2024,8
41-4011,41-4011.07,Solar Sales Representatives and Assessors,Building and Construction,3.26,08/2024,9
41-4011,41-4011.07,Solar Sales Representatives and Assessors,Administrative,3.18,08/2024,10
41-4011,41-4011.00,"Sales Representatives, Wholesale and Manufacturing, Technical and Scientific Products",Administration and Management,3.17,07/2014,11
41-4011,41-4011.00,"Sales Representatives, Wholesale and Manufacturing, Technical and Scientific Products",Mathematics,3.16,07/2014,12
41-4011,41-4011.00,"Sales Representatives, Wholesale and Manufacturing, Technical and Scientific Products",Production and Processing,3.1,07/2014,13
41-4011,41-4011.07,Solar Sales Representatives and Assessors,Administration and Management,3.07,08/2024,14
41-4011,41-4011.07,Solar Sales Representatives and Assessors,Computers and Electronics,3.07,08/2024,15
41-4012,41-4012.00,"Sales Representatives, Wholesale and Manufacturing, Except Technical and Scientific Products",Sales and Marketing,4.92,08/2020,1
41-4012,41-4012.00,"Sales Representatives, Wholesale and Manufacturing, Except Technical and Scientific Products",Customer and Personal Service,4.84,08/2020,2
41-4012,41-4012.00,"Sales Representatives, Wholesale and Manufacturing, Except Technical and Scientific Products",English Language,4.36,08/2020,3
41-4012,41-4012.00,"Sales Representatives, Wholesale and Manufacturing, Except Technical and Scientific Products",Mathematics,3.94,08/2020,4
41-4012,41-4012.00,"Sales Representatives, Wholesale and Manufacturing, Except Technical and Scientific Products",Transportation,3.7,08/2020,5
41-4012,41-4012.00,"Sales Representatives, Wholesale and Manufacturing, Except Technical and Scientific Products",Computers and Electronics,3.17,08/2020,6
41-4012,41-4012.00,"Sales Representatives, Wholesale and Manufacturing, Except Technical and Scientific Products",Administration and Management,2.91,08/2020,7
41-4012,41-4012.00,"Sales Representatives, Wholesale and Manufacturing, Except Technical and Scientific Products",Communications and Media,2.77,08/2020,8
41-4012,41-4012.00,"Sales Representatives, Wholesale and Manufacturing, Except Technical and Scientific Products",Telecommunications,2.65,08/2020,9
41-4012,41-4012.00,"Sales Representatives, Wholesale and Manufacturing, Except Technical and Scientific Products",Psychology,2.57,08/2020,10
41-4012,41-4012.00,"Sales Representatives, Wholesale and Manufacturing, Except Technical and Scientific Products",Economics and Accounting,2.37,08/2020,11
41-4012,41-4012.00,"Sales Representatives, Wholesale and Manufacturing, Except Technical and Scientific Products",Production and Processing,2.33,08/2020,12
41-4012,41-4012.00,"Sales Representatives, Wholesale and Manufacturing, Except Technical and Scientific Products",Administrative,2.17,08/2020,13
41-4012,41-4012.00,"Sales Representatives, Wholesale and Manufacturing, Except Technical and Scientific Products",Design,2.04,08/2020,14
41-4012,41-4012.00,"Sales Representatives, Wholesale and Manufacturing, Except Technical and Scientific Products",Food Production,1.91,08/2020,15
41-9011,41-9011.00,Demonstrators and Product Promoters,Customer and Personal Service,4.02,07/2016,1
41-9011,41-9011.00,Demonstrators and Product Promoters,Sales and Marketing,3.7,07/2016,2
41-9011,41-9011.00,Demonstrators and Product Promoters,English Language,3.7,07/2016,3
41-9011,41-9011.00,Demonstrators and Product Promoters,Food Production,3.29,07/2016,4
41-9011,41-9011.00,Demonstrators and Product Promoters,Public Safety and Security,3.0,07/2016,5
41-9011,41-9011.00,Demonstrators and Product Promoters,Psychology,2.54,07/2016,6
41-9011,41-9011.00,Demonstrators and Product Promoters,Administrative,2.5,07/2016,7
41-9011,41-9011.00,Demonstrators and Product Promoters,Communications and Media,2.45,07/2016,8
41-9011,41-9011.00,Demonstrators and Product Promoters,Computers and Electronics,2.44,07/2016,9
41-9011,41-9011.00,Demonstrators and Product Promoters,Education and Training,2.29,07/2016,10
41-9011,41-9011.00,Demonstrators and Product Promoters,Administration and Management,2.27,07/2016,11
41-9011,41-9011.00,Demonstrators and Product Promoters,Mathematics,2.13,07/2016,12
41-9011,41-9011.00,Demonstrators and Product Promoters,Telecommunications,2.12,07/2016,13
41-9011,41-9011.00,Demonstrators and Product Promoters,Sociology and Anthropology,2.06,07/2016,14
41-9011,41-9011.00,Demonstrators and Product Promoters,Transportation,2.06,07/2016,15
41-9012,41-9012.00,Models,Customer and Personal Service,2.72,08/2021,1
41-9012,41-9012.00,Models,English Language,2.48,08/2021,2
41-9012,41-9012.00,Models,Fine Arts,2.38,08/2021,3
41-9012,41-9012.00,Models,Transportation,1.84,08/2021,4
41-9012,41-9012.00,Models,Communications and Media,1.78,08/2021,5
41-9012,41-9012.00,Models,Administration and Management,1.77,08/2021,6
41-9012,41-9012.00,Models,Computers and Electronics,1.63,08/2021,7
41-9012,41-9012.00,Models,Public Safety and Security,1.51,08/2021,8
41-9012,41-9012.00,Models,Psychology,1.49,08/2021,9
41-9012,41-9012.00,Models,Administrative,1.47,08/2021,10
41-9012,41-9012.00,Models,Design,1.47,08/2021,11
41-9012,41-9012.00,Models,Personnel and Human Resources,1.41,08/2021,12
41-9012,41-9012.00,Models,Telecommunications,1.39,08/2021,13
41-9012,41-9012.00,Models,Education and Training,1.38,08/2021,14
41-9012,41-9012.00,Models,Law and Government,1.36,08/2021,15
41-9021,41-9021.00,Real Estate Brokers,Sales and Marketing,4.49,07/2015,1
41-9021,41-9021.00,Real Estate Brokers,Customer and Personal Service,4.26,07/2015,2
41-9021,41-9021.00,Real Estate Brokers,English Language,4.13,07/2015,3
41-9021,41-9021.00,Real Estate Brokers,Law and Government,4.0,07/2015,4
41-9021,41-9021.00,Real Estate Brokers,Administration and Management,3.94,07/2015,5
41-9021,41-9021.00,Real Estate Brokers,Economics and Accounting,3.52,07/2015,6
41-9021,41-9021.00,Real Estate Brokers,Computers and Electronics,3.38,07/2015,7
41-9021,41-9021.00,Real Estate Brokers,Mathematics,3.31,07/2015,8
41-9021,41-9021.00,Real Estate Brokers,Communications and Media,3.23,07/2015,9
41-9021,41-9021.00,Real Estate Brokers,Building and Construction,3.2,07/2015,10
41-9021,41-9021.00,Real Estate Brokers,Administrative,3.18,07/2015,11
41-9021,41-9021.00,Real Estate Brokers,Education and Training,3.16,07/2015,12
41-9021,41-9021.00,Real Estate Brokers,Psychology,3.12,07/2015,13
41-9021,41-9021.00,Real Estate Brokers,Personnel and Human Resources,2.87,07/2015,14
41-9021,41-9021.00,Real Estate Brokers,Geography,2.67,07/2015,15
41-9031,41-9031.00,Sales Engineers,Customer and Personal Service,4.54,08/2022,1
41-9031,41-9031.00,Sales Engineers,Sales and Marketing,4.34,08/2022,2
41-9031,41-9031.00,Sales Engineers,Engineering and Technology,4.3,08/2022,3
41-9031,41-9031.00,Sales Engineers,English Language,4.28,08/2022,4
41-9031,41-9031.00,Sales Engineers,Mathematics,3.79,08/2022,5
41-9031,41-9031.00,Sales Engineers,Administration and Management,3.67,08/2022,6
41-9031,41-9031.00,Sales Engineers,Design,3.37,08/2022,7
41-9031,41-9031.00,Sales Engineers,Administrative,3.21,08/2022,8
41-9031,41-9031.00,Sales Engineers,Mechanical,2.99,08/2022,9
41-9031,41-9031.00,Sales Engineers,Computers and Electronics,2.93,08/2022,10
41-9031,41-9031.00,Sales Engineers,Economics and Accounting,2.9,08/2022,11
41-9031,41-9031.00,Sales Engineers,Physics,2.86,08/2022,12
41-9031,41-9031.00,Sales Engineers,Personnel and Human Resources,2.85,08/2022,13
41-9031,41-9031.00,Sales Engineers,Education and Training,2.74,08/2022,14
41-9031,41-9031.00,Sales Engineers,Production and Processing,2.53,08/2022,15
41-9041,41-9041.00,Telemarketers,Sales and Marketing,4.32,08/2023,1
41-9041,41-9041.00,Telemarketers,Customer and Personal Service,4.02,08/2023,2
41-9041,41-9041.00,Telemarketers,English Language,3.77,08/2023,3
41-9041,41-9041.00,Telemarketers,Administration and Management,3.12,08/2023,4
41-9041,41-9041.00,Telemarketers,Computers and Electronics,3.12,08/2023,5
41-9041,41-9041.00,Telemarketers,Communications and Media,3.06,08/2023,6
41-9041,41-9041.00,Telemarketers,Administrative,2.73,08/2023,7
41-9041,41-9041.00,Telemarketers,Law and Government,2.53,08/2023,8
41-9041,41-9041.00,Telemarketers,Telecommunications,2.48,08/2023,9
41-9041,41-9041.00,Telemarketers,Mathematics,2.33,08/2023,10
41-9041,41-9041.00,Telemarketers,Economics and Accounting,2.3,08/2023,11
41-9041,41-9041.00,Telemarketers,Education and Training,2.23,08/2023,12
41-9041,41-9041.00,Telemarketers,Psychology,2.09,08/2023,13
41-9041,41-9041.00,Telemarketers,Geography,2.0,08/2023,14
41-9041,41-9041.00,Telemarketers,Philosophy and Theology,1.99,08/2023,15
43-1011,43-1011.00,First-Line Supervisors of Office and Administrative Support Workers,Administration and Management,4.48,07/2015,1
43-1011,43-1011.00,First-Line Supervisors of Office and Administrative Support Workers,Customer and Personal Service,4.23,07/2015,2
43-1011,43-1011.00,First-Line Supervisors of Office and Administrative Support Workers,English Language,3.71,07/2015,3
43-1011,43-1011.00,First-Line Supervisors of Office and Administrative Support Workers,Administrative,3.7,07/2015,4
43-1011,43-1011.00,First-Line Supervisors of Office and Administrative Support Workers,Computers and Electronics,3.28,07/2015,5
43-1011,43-1011.00,First-Line Supervisors of Office and Administrative Support Workers,Personnel and Human Resources,3.17,07/2015,6
43-1011,43-1011.00,First-Line Supervisors of Office and Administrative Support Workers,Economics and Accounting,3.1,07/2015,7
43-1011,43-1011.00,First-Line Supervisors of Office and Administrative Support Workers,Education and Training,2.96,07/2015,8
43-1011,43-1011.00,First-Line Supervisors of Office and Administrative Support Workers,Mathematics,2.91,07/2015,9
43-1011,43-1011.00,First-Line Supervisors of Office and Administrative Support Workers,Law and Government,2.6,07/2015,10
43-1011,43-1011.00,First-Line Supervisors of Office and Administrative Support Workers,Public Safety and Security,2.55,07/2015,11
43-1011,43-1011.00,First-Line Supervisors of Office and Administrative Support Workers,Production and Processing,2.33,07/2015,12
43-1011,43-1011.00,First-Line Supervisors of Office and Administrative Support Workers,Communications and Media,2.33,07/2015,13
43-1011,43-1011.00,First-Line Supervisors of Office and Administrative Support Workers,Sales and Marketing,2.31,07/2015,14
43-1011,43-1011.00,First-Line Supervisors of Office and Administrative Support Workers,Telecommunications,2.22,07/2015,15
43-2011,43-2011.00,"Switchboard Operators, Including Answering Service",Customer and Personal Service,4.34,08/2022,1
43-2011,43-2011.00,"Switchboard Operators, Including Answering Service",English Language,3.85,08/2022,2
43-2011,43-2011.00,"Switchboard Operators, Including Answering Service",Administrative,3.68,08/2022,3
43-2011,43-2011.00,"Switchboard Operators, Including Answering Service",Computers and Electronics,3.49,08/2022,4
43-2011,43-2011.00,"Switchboard Operators, Including Answering Service",Telecommunications,3.34,08/2022,5
43-2011,43-2011.00,"Switchboard Operators, Including Answering Service",Administration and Management,2.79,08/2022,6
43-2011,43-2011.00,"Switchboard Operators, Including Answering Service",Communications and Media,2.73,08/2022,7
43-2011,43-2011.00,"Switchboard Operators, Including Answering Service",Public Safety and Security,2.54,08/2022,8
43-2011,43-2011.00,"Switchboard Operators, Including Answering Service",Personnel and Human Resources,2.52,08/2022,9
43-2011,43-2011.00,"Switchboard Operators, Including Answering Service",Mathematics,2.45,08/2022,10
43-2011,43-2011.00,"Switchboard Operators, Including Answering Service",Psychology,2.33,08/2022,11
43-2011,43-2011.00,"Switchboard Operators, Including Answering Service",Economics and Accounting,1.96,08/2022,12
43-2011,43-2011.00,"Switchboard Operators, Including Answering Service",Education and Training,1.94,08/2022,13
43-2011,43-2011.00,"Switchboard Operators, Including Answering Service",Law and Government,1.94,08/2022,14
43-2011,43-2011.00,"Switchboard Operators, Including Answering Service",Mechanical,1.77,08/2022,15
43-2021,43-2021.00,Telephone Operators,Customer and Personal Service,4.24,08/2024,1
43-2021,43-2021.00,Telephone Operators,Telecommunications,3.75,08/2024,2
43-2021,43-2021.00,Telephone Operators,Administrative,3.59,08/2024,3
43-2021,43-2021.00,Telephone Operators,English Language,3.2,08/2024,4
43-2021,43-2021.00,Telephone Operators,Computers and Electronics,3.11,08/2024,5
43-2021,43-2021.00,Telephone Operators,Administration and Management,2.59,08/2024,6
43-2021,43-2021.00,Telephone Operators,Public Safety and Security,2.43,08/2024,7
43-2021,43-2021.00,Telephone Operators,Education and Training,2.31,08/2024,8
43-2021,43-2021.00,Telephone Operators,Personnel and Human Resources,2.24,08/2024,9
43-2021,43-2021.00,Telephone Operators,Communications and Media,2.13,08/2024,10
43-2021,43-2021.00,Telephone Operators,Sales and Marketing,1.79,08/2024,11
43-2021,43-2021.00,Telephone Operators,Production and Processing,1.79,08/2024,12
43-2021,43-2021.00,Telephone Operators,Foreign Language,1.72,08/2024,13
43-2021,43-2021.00,Telephone Operators,Mathematics,1.7,08/2024,14
43-2021,43-2021.00,Telephone Operators,Psychology,1.65,08/2024,15
43-3011,43-3011.00,Bill and Account Collectors,English Language,4.09,08/2018,1
43-3011,43-3011.00,Bill and Account Collectors,Customer and Personal Service,3.77,08/2018,2
43-3011,43-3011.00,Bill and Account Collectors,Mathematics,3.31,08/2018,3
43-3011,43-3011.00,Bill and Account Collectors,Economics and Accounting,3.26,08/2018,4
43-3011,43-3011.00,Bill and Account Collectors,Law and Government,3.25,08/2018,5
43-3011,43-3011.00,Bill and Account Collectors,Computers and Electronics,3.12,08/2018,6
43-3011,43-3011.00,Bill and Account Collectors,Administration and Management,3.07,08/2018,7
43-3011,43-3011.00,Bill and Account Collectors,Administrative,3.07,08/2018,8
43-3011,43-3011.00,Bill and Account Collectors,Production and Processing,2.35,08/2018,9
43-3011,43-3011.00,Bill and Account Collectors,Education and Training,2.24,08/2018,10
43-3011,43-3011.00,Bill and Account Collectors,Communications and Media,2.23,08/2018,11
43-3011,43-3011.00,Bill and Account Collectors,Sales and Marketing,2.14,08/2018,12
43-3011,43-3011.00,Bill and Account Collectors,Foreign Language,2.04,08/2018,13
43-3011,43-3011.00,Bill and Account Collectors,Telecommunications,1.91,08/2018,14
43-3011,43-3011.00,Bill and Account Collectors,Psychology,1.85,08/2018,15
43-3021,43-3021.00,Billing and Posting Clerks,Administrative,4.41,08/2022,1
43-3021,43-3021.00,Billing and Posting Clerks,Customer and Personal Service,4.24,08/2022,2
43-3021,43-3021.00,Billing and Posting Clerks,English Language,3.72,08/2022,3
43-3021,43-3021.00,Billing and Posting Clerks,Economics and Accounting,3.53,08/2022,4
43-3021,43-3021.00,Billing and Posting Clerks,Mathematics,3.49,08/2022,5
43-3021,43-3021.00,Billing and Posting Clerks,Computers and Electronics,3.42,08/2022,6
43-3021,43-3021.00,Billing and Posting Clerks,Administration and Management,3.41,08/2022,7
43-3021,43-3021.00,Billing and Posting Clerks,Personnel and Human Resources,2.79,08/2022,8
43-3021,43-3021.00,Billing and Posting Clerks,Public Safety and Security,2.49,08/2022,9
43-3021,43-3021.00,Billing and Posting Clerks,Psychology,2.48,08/2022,10
43-3021,43-3021.00,Billing and Posting Clerks,Law and Government,2.46,08/2022,11
43-3021,43-3021.00,Billing and Posting Clerks,Education and Training,2.44,08/2022,12
43-3021,43-3021.00,Billing and Posting Clerks,Sales and Marketing,2.33,08/2022,13
43-3021,43-3021.00,Billing and Posting Clerks,Medicine and Dentistry,2.33,08/2022,14
43-3021,43-3021.00,Billing and Posting Clerks,Production and Processing,2.28,08/2022,15
43-3031,43-3031.00,"Bookkeeping, Accounting, and Auditing Clerks",Customer and Personal Service,4.18,07/2017,1
43-3031,43-3031.00,"Bookkeeping, Accounting, and Auditing Clerks",Administrative,3.89,07/2017,2
43-3031,43-3031.00,"Bookkeeping, Accounting, and Auditing Clerks",Mathematics,3.82,07/2017,3
43-3031,43-3031.00,"Bookkeeping, Accounting, and Auditing Clerks",English Language,3.36,07/2017,4
43-3031,43-3031.00,"Bookkeeping, Accounting, and Auditing Clerks",Economics and Accounting,3.35,07/2017,5
43-3031,43-3031.00,"Bookkeeping, Accounting, and Auditing Clerks",Computers and Electronics,3.17,07/2017,6
43-3031,43-3031.00,"Bookkeeping, Accounting, and Auditing Clerks",Administration and Management,2.87,07/2017,7
43-3031,43-3031.00,"Bookkeeping, Accounting, and Auditing Clerks",Education and Training,2.66,07/2017,8
43-3031,43-3031.00,"Bookkeeping, Accounting, and Auditing Clerks",Personnel and Human Resources,2.15,07/2017,9
43-3031,43-3031.00,"Bookkeeping, Accounting, and Auditing Clerks",Law and Government,2.05,07/2017,10
43-3031,43-3031.00,"Bookkeeping, Accounting, and Auditing Clerks",Telecommunications,2.01,07/2017,11
43-3031,43-3031.00,"Bookkeeping, Accounting, and Auditing Clerks",Sales and Marketing,1.85,07/2017,12
43-3031,43-3031.00,"Bookkeeping, Accounting, and Auditing Clerks",Psychology,1.78,07/2017,13
43-3031,43-3031.00,"Bookkeeping, Accounting, and Auditing Clerks",Communications and Media,1.74,07/2017,14
43-3031,43-3031.00,"Bookkeeping, Accounting, and Auditing Clerks",Public Safety and Security,1.71,07/2017,15
43-3041,43-3041.00,Gambling Cage Workers,Customer and Personal Service,4.73,08/2023,1
43-3041,43-3041.00,Gambling Cage Workers,Mathematics,3.76,08/2023,2
43-3041,43-3041.00,Gambling Cage Workers,English Language,3.19,08/2023,3
43-3041,43-3041.00,Gambling Cage Workers,Administration and Management,3.08,08/2023,4
43-3041,43-3041.00,Gambling Cage Workers,Administrative,3.05,08/2023,5
43-3041,43-3041.00,Gambling Cage Workers,Economics and Accounting,2.82,08/2023,6
43-3041,43-3041.00,Gambling Cage Workers,Computers and Electronics,2.61,08/2023,7
43-3041,43-3041.00,Gambling Cage Workers,Public Safety and Security,2.26,08/2023,8
43-3041,43-3041.00,Gambling Cage Workers,Sales and Marketing,2.19,08/2023,9
43-3041,43-3041.00,Gambling Cage Workers,Personnel and Human Resources,2.05,08/2023,10
43-3041,43-3041.00,Gambling Cage Workers,Law and Government,2.0,08/2023,11
43-3041,43-3041.00,Gambling Cage Workers,Communications and Media,2.0,08/2023,12
43-3041,43-3041.00,Gambling Cage Workers,Education and Training,1.87,08/2023,13
43-3041,43-3041.00,Gambling Cage Workers,Psychology,1.75,08/2023,14
43-3041,43-3041.00,Gambling Cage Workers,Mechanical,1.57,08/2023,15
43-3051,43-3051.00,Payroll and Timekeeping Clerks,Administrative,4.49,08/2022,1
43-3051,43-3051.00,Payroll and Timekeeping Clerks,Mathematics,4.21,08/2022,2
43-3051,43-3051.00,Payroll and Timekeeping Clerks,English Language,4.19,08/2022,3
43-3051,43-3051.00,Payroll and Timekeeping Clerks,Economics and Accounting,4.07,08/2022,4
43-3051,43-3051.00,Payroll and Timekeeping Clerks,Personnel and Human Resources,3.9,08/2022,5
43-3051,43-3051.00,Payroll and Timekeeping Clerks,Administration and Management,3.83,08/2022,6
43-3051,43-3051.00,Payroll and Timekeeping Clerks,Customer and Personal Service,3.21,08/2022,7
43-3051,43-3051.00,Payroll and Timekeeping Clerks,Computers and Electronics,3.15,08/2022,8
43-3051,43-3051.00,Payroll and Timekeeping Clerks,Communications and Media,2.59,08/2022,9
43-3051,43-3051.00,Payroll and Timekeeping Clerks,Education and Training,2.2,08/2022,10
43-3051,43-3051.00,Payroll and Timekeeping Clerks,Law and Government,1.93,08/2022,11
43-3051,43-3051.00,Payroll and Timekeeping Clerks,Public Safety and Security,1.79,08/2022,12
43-3051,43-3051.00,Payroll and Timekeeping Clerks,Psychology,1.77,08/2022,13
43-3051,43-3051.00,Payroll and Timekeeping Clerks,Sociology and Anthropology,1.51,08/2022,14
43-3051,43-3051.00,Payroll and Timekeeping Clerks,Foreign Language,1.46,08/2022,15
43-3061,43-3061.00,Procurement Clerks,English Language,3.95,08/2022,1
43-3061,43-3061.00,Procurement Clerks,Administrative,3.78,08/2022,2
43-3061,43-3061.00,Procurement Clerks,Customer and Personal Service,3.76,08/2022,3
43-3061,43-3061.00,Procurement Clerks,Economics and Accounting,3.47,08/2022,4
43-3061,43-3061.00,Procurement Clerks,Administration and Management,3.44,08/2022,5
43-3061,43-3061.00,Procurement Clerks,Mathematics,3.43,08/2022,6
43-3061,43-3061.00,Procurement Clerks,Computers and Electronics,3.18,08/2022,7
43-3061,43-3061.00,Procurement Clerks,Transportation,3.13,08/2022,8
43-3061,43-3061.00,Procurement Clerks,Public Safety and Security,2.99,08/2022,9
43-3061,43-3061.00,Procurement Clerks,Production and Processing,2.72,08/2022,10
43-3061,43-3061.00,Procurement Clerks,Education and Training,2.72,08/2022,11
43-3061,43-3061.00,Procurement Clerks,Telecommunications,2.62,08/2022,12
43-3061,43-3061.00,Procurement Clerks,Communications and Media,2.55,08/2022,13
43-3061,43-3061.00,Procurement Clerks,Law and Government,2.46,08/2022,14
43-3061,43-3061.00,Procurement Clerks,Personnel and Human Resources,2.39,08/2022,15
43-3071,43-3071.00,Tellers,Customer and Personal Service,3.88,08/2018,1
43-3071,43-3071.00,Tellers,English Language,3.63,08/2018,2
43-3071,43-3071.00,Tellers,Mathematics,3.47,08/2018,3
43-3071,43-3071.00,Tellers,Economics and Accounting,3.11,08/2018,4
43-3071,43-3071.00,Tellers,Public Safety and Security,3.0,08/2018,5
43-3071,43-3071.00,Tellers,Administration and Management,2.91,08/2018,6
43-3071,43-3071.00,Tellers,Administrative,2.85,08/2018,7
43-3071,43-3071.00,Tellers,Sales and Marketing,2.85,08/2018,8
43-3071,43-3071.00,Tellers,Computers and Electronics,2.63,08/2018,9
43-3071,43-3071.00,Tellers,Law and Government,2.45,08/2018,10
43-3071,43-3071.00,Tellers,Education and Training,2.35,08/2018,11
43-3071,43-3071.00,Tellers,Personnel and Human Resources,2.02,08/2018,12
43-3071,43-3071.00,Tellers,Communications and Media,1.95,08/2018,13
43-3071,43-3071.00,Tellers,Psychology,1.88,08/2018,14
43-3071,43-3071.00,Tellers,Production and Processing,1.78,08/2018,15
43-4011,43-4011.00,Brokerage Clerks,English Language,4.09,07/2014,1
43-4011,43-4011.00,Brokerage Clerks,Customer and Personal Service,3.82,07/2014,2
43-4011,43-4011.00,Brokerage Clerks,Mathematics,3.52,07/2014,3
43-4011,43-4011.00,Brokerage Clerks,Computers and Electronics,3.32,07/2014,4
43-4011,43-4011.00,Brokerage Clerks,Economics and Accounting,3.2,07/2014,5
43-4011,43-4011.00,Brokerage Clerks,Administrative,3.07,07/2014,6
43-4011,43-4011.00,Brokerage Clerks,Sales and Marketing,2.83,07/2014,7
43-4011,43-4011.00,Brokerage Clerks,Law and Government,2.66,07/2014,8
43-4011,43-4011.00,Brokerage Clerks,Communications and Media,2.41,07/2014,9
43-4011,43-4011.00,Brokerage Clerks,Education and Training,2.23,07/2014,10
43-4011,43-4011.00,Brokerage Clerks,Foreign Language,2.18,07/2014,11
43-4011,43-4011.00,Brokerage Clerks,Telecommunications,2.16,07/2014,12
43-4011,43-4011.00,Brokerage Clerks,Public Safety and Security,2.08,07/2014,13
43-4011,43-4011.00,Brokerage Clerks,Personnel and Human Resources,2.07,07/2014,14
43-4011,43-4011.00,Brokerage Clerks,Administration and Management,1.98,07/2014,15
43-4021,43-4021.00,Correspondence Clerks,Administrative,4.43,08/2023,1
43-4021,43-4021.00,Correspondence Clerks,English Language,3.95,08/2023,2
43-4021,43-4021.00,Correspondence Clerks,Customer and Personal Service,3.77,08/2023,3
43-4021,43-4021.00,Correspondence Clerks,Economics and Accounting,3.63,08/2023,4
43-4021,43-4021.00,Correspondence Clerks,Mathematics,3.47,08/2023,5
43-4021,43-4021.00,Correspondence Clerks,Computers and Electronics,3.37,08/2023,6
43-4021,43-4021.00,Correspondence Clerks,Administration and Management,2.92,08/2023,7
43-4021,43-4021.00,Correspondence Clerks,Public Safety and Security,2.81,08/2023,8
43-4021,43-4021.00,Correspondence Clerks,Law and Government,2.76,08/2023,9
43-4021,43-4021.00,Correspondence Clerks,Communications and Media,2.56,08/2023,10
43-4021,43-4021.00,Correspondence Clerks,Personnel and Human Resources,2.39,08/2023,11
43-4021,43-4021.00,Correspondence Clerks,Production and Processing,2.39,08/2023,12
43-4021,43-4021.00,Correspondence Clerks,Education and Training,2.39,08/2023,13
43-4021,43-4021.00,Correspondence Clerks,Telecommunications,2.2,08/2023,14
43-4021,43-4021.00,Correspondence Clerks,Transportation,1.95,08/2023,15
43-4031,43-4031.00,"Court, Municipal, and License Clerks",Customer and Personal Service,4.47,08/2022,1
43-4031,43-4031.00,"Court, Municipal, and License Clerks",Administrative,4.3,08/2022,2
43-4031,43-4031.00,"Court, Municipal, and License Clerks",Law and Government,4.1,08/2022,3
43-4031,43-4031.00,"Court, Municipal, and License Clerks",English Language,4.05,08/2022,4
43-4031,43-4031.00,"Court, Municipal, and License Clerks",Administration and Management,3.46,08/2022,5
43-4031,43-4031.00,"Court, Municipal, and License Clerks",Computers and Electronics,3.4,08/2022,6
43-4031,43-4031.00,"Court, Municipal, and License Clerks",Mathematics,2.89,08/2022,7
43-4031,43-4031.00,"Court, Municipal, and License Clerks",Personnel and Human Resources,2.83,08/2022,8
43-4031,43-4031.00,"Court, Municipal, and License Clerks",Public Safety and Security,2.73,08/2022,9
43-4031,43-4031.00,"Court, Municipal, and License Clerks",Economics and Accounting,2.68,08/2022,10
43-4031,43-4031.00,"Court, Municipal, and License Clerks",Education and Training,2.63,08/2022,11
43-4031,43-4031.00,"Court, Municipal, and License Clerks",Telecommunications,2.37,08/2022,12
43-4031,43-4031.00,"Court, Municipal, and License Clerks",Communications and Media,2.32,08/2022,13
43-4031,43-4031.00,"Court, Municipal, and License Clerks",Psychology,2.07,08/2022,14
43-4031,43-4031.00,"Court, Municipal, and License Clerks",Production and Processing,1.92,08/2022,15
43-4041,43-4041.00,"Credit Authorizers, Checkers, and Clerks",Customer and Personal Service,4.06,11/2020,1
43-4041,43-4041.00,"Credit Authorizers, Checkers, and Clerks",English Language,3.67,11/2020,2
43-4041,43-4041.00,"Credit Authorizers, Checkers, and Clerks",Mathematics,3.61,11/2020,3
43-4041,43-4041.00,"Credit Authorizers, Checkers, and Clerks",Law and Government,3.37,11/2020,4
43-4041,43-4041.00,"Credit Authorizers, Checkers, and Clerks",Administrative,3.34,11/2020,5
43-4041,43-4041.00,"Credit Authorizers, Checkers, and Clerks",Economics and Accounting,3.33,11/2020,6
43-4041,43-4041.00,"Credit Authorizers, Checkers, and Clerks",Computers and Electronics,3.19,11/2020,7
43-4041,43-4041.00,"Credit Authorizers, Checkers, and Clerks",Administration and Management,3.13,11/2020,8
43-4041,43-4041.00,"Credit Authorizers, Checkers, and Clerks",Sales and Marketing,2.7,11/2020,9
43-4041,43-4041.00,"Credit Authorizers, Checkers, and Clerks",Psychology,2.37,11/2020,10
43-4041,43-4041.00,"Credit Authorizers, Checkers, and Clerks",Education and Training,2.36,11/2020,11
43-4041,43-4041.00,"Credit Authorizers, Checkers, and Clerks",Transportation,2.35,11/2020,12
43-4041,43-4041.00,"Credit Authorizers, Checkers, and Clerks",Personnel and Human Resources,2.3,11/2020,13
43-4041,43-4041.00,"Credit Authorizers, Checkers, and Clerks",Communications and Media,2.21,11/2020,14
43-4041,43-4041.00,"Credit Authorizers, Checkers, and Clerks",Telecommunications,2.12,11/2020,15
43-4051,43-4051.00,Customer Service Representatives,Customer and Personal Service,4.7,08/2022,1
43-4051,43-4051.00,Customer Service Representatives,English Language,3.92,08/2022,2
43-4051,43-4051.00,Customer Service Representatives,Administration and Management,3.51,08/2022,3
43-4051,43-4051.00,Customer Service Representatives,Sales and Marketing,3.45,08/2022,4
43-4051,43-4051.00,Customer Service Representatives,Mathematics,3.34,08/2022,5
43-4051,43-4051.00,Customer Service Representatives,Administrative,3.29,08/2022,6
43-4051,43-4051.00,Customer Service Representatives,Computers and Electronics,3.28,08/2022,7
43-4051,43-4051.00,Customer Service Representatives,Economics and Accounting,2.91,08/2022,8
43-4051,43-4051.00,Customer Service Representatives,Public Safety and Security,2.82,08/2022,9
43-4051,43-4051.00,Customer Service Representatives,Education and Training,2.55,08/2022,10
43-4051,43-4051.00,Customer Service Representatives,Personnel and Human Resources,2.46,08/2022,11
43-4051,43-4051.00,Customer Service Representatives,Telecommunications,2.39,08/2022,12
43-4051,43-4051.00,Customer Service Representatives,Psychology,2.22,08/2022,13
43-4051,43-4051.00,Customer Service Representatives,Communications and Media,2.13,08/2022,14
43-4051,43-4051.00,Customer Service Representatives,Transportation,2.13,08/2022,15
43-4061,43-4061.00,"Eligibility Interviewers, Government Programs",Customer and Personal Service,4.91,08/2023,1
43-4061,43-4061.00,"Eligibility Interviewers, Government Programs",English Language,4.36,08/2023,2
43-4061,43-4061.00,"Eligibility Interviewers, Government Programs",Administration and Management,3.84,08/2023,3
43-4061,43-4061.00,"Eligibility Interviewers, Government Programs",Administrative,3.77,08/2023,4
43-4061,43-4061.00,"Eligibility Interviewers, Government Programs",Personnel and Human Resources,3.53,08/2023,5
43-4061,43-4061.00,"Eligibility Interviewers, Government Programs",Education and Training,3.44,08/2023,6
43-4061,43-4061.00,"Eligibility Interviewers, Government Programs",Computers and Electronics,3.35,08/2023,7
43-4061,43-4061.00,"Eligibility Interviewers, Government Programs",Mathematics,3.34,08/2023,8
43-4061,43-4061.00,"Eligibility Interviewers, Government Programs",Law and Government,3.1,08/2023,9
43-4061,43-4061.00,"Eligibility Interviewers, Government Programs",Public Safety and Security,3.01,08/2023,10
43-4061,43-4061.00,"Eligibility Interviewers, Government Programs",Communications and Media,2.77,08/2023,11
43-4061,43-4061.00,"Eligibility Interviewers, Government Programs",Economics and Accounting,2.49,08/2023,12
43-4061,43-4061.00,"Eligibility Interviewers, Government Programs",Sociology and Anthropology,2.48,08/2023,13
43-4061,43-4061.00,"Eligibility Interviewers, Government Programs",Psychology,2.46,08/2023,14
43-4061,43-4061.00,"Eligibility Interviewers, Government Programs",Production and Processing,2.39,08/2023,15
43-4071,43-4071.00,File Clerks,Administrative,4.51,08/2025,1
43-4071,43-4071.00,File Clerks,English Language,4.32,08/2025,2
43-4071,43-4071.00,File Clerks,Customer and Personal Service,4.24,08/2025,3
43-4071,43-4071.00,File Clerks,Law and Government,3.36,08/2025,4
43-4071,43-4071.00,File Clerks,Computers and Electronics,3.33,08/2025,5
43-4071,43-4071.00,File Clerks,Telecommunications,3.28,08/2025,6
43-4071,43-4071.00,File Clerks,Mathematics,3.21,08/2025,7
43-4071,43-4071.00,File Clerks,Public Safety and Security,3.12,08/2025,8
43-4071,43-4071.00,File Clerks,Administration and Management,2.88,08/2025,9
43-4071,43-4071.00,File Clerks,Education and Training,2.66,08/2025,10
43-4071,43-4071.00,File Clerks,Communications and Media,2.51,08/2025,11
43-4071,43-4071.00,File Clerks,Personnel and Human Resources,2.5,08/2025,12
43-4071,43-4071.00,File Clerks,Economics and Accounting,2.35,08/2025,13
43-4071,43-4071.00,File Clerks,Foreign Language,2.2,08/2025,14
43-4071,43-4071.00,File Clerks,Transportation,2.2,08/2025,15
43-4081,43-4081.00,"Hotel, Motel, and Resort Desk Clerks",Customer and Personal Service,4.35,07/2017,1
43-4081,43-4081.00,"Hotel, Motel, and Resort Desk Clerks",English Language,4.19,07/2017,2
43-4081,43-4081.00,"Hotel, Motel, and Resort Desk Clerks",Public Safety and Security,3.67,07/2017,3
43-4081,43-4081.00,"Hotel, Motel, and Resort Desk Clerks",Administrative,3.64,07/2017,4
43-4081,43-4081.00,"Hotel, Motel, and Resort Desk Clerks",Computers and Electronics,3.35,07/2017,5
43-4081,43-4081.00,"Hotel, Motel, and Resort Desk Clerks",Administration and Management,3.18,07/2017,6
43-4081,43-4081.00,"Hotel, Motel, and Resort Desk Clerks",Mathematics,3.05,07/2017,7
43-4081,43-4081.00,"Hotel, Motel, and Resort Desk Clerks",Sales and Marketing,2.87,07/2017,8
43-4081,43-4081.00,"Hotel, Motel, and Resort Desk Clerks",Economics and Accounting,2.82,07/2017,9
43-4081,43-4081.00,"Hotel, Motel, and Resort Desk Clerks",Telecommunications,2.59,07/2017,10
43-4081,43-4081.00,"Hotel, Motel, and Resort Desk Clerks",Personnel and Human Resources,2.55,07/2017,11
43-4081,43-4081.00,"Hotel, Motel, and Resort Desk Clerks",Education and Training,2.53,07/2017,12
43-4081,43-4081.00,"Hotel, Motel, and Resort Desk Clerks",Communications and Media,2.46,07/2017,13
43-4081,43-4081.00,"Hotel, Motel, and Resort Desk Clerks",Law and Government,2.31,07/2017,14
43-4081,43-4081.00,"Hotel, Motel, and Resort Desk Clerks",Psychology,2.16,07/2017,15
43-4111,43-4111.00,"Interviewers, Except Eligibility and Loan",Customer and Personal Service,4.48,08/2021,1
43-4111,43-4111.00,"Interviewers, Except Eligibility and Loan",English Language,3.72,08/2021,2
43-4111,43-4111.00,"Interviewers, Except Eligibility and Loan",Administrative,3.69,08/2021,3
43-4111,43-4111.00,"Interviewers, Except Eligibility and Loan",Computers and Electronics,3.47,08/2021,4
43-4111,43-4111.00,"Interviewers, Except Eligibility and Loan",Mathematics,3.26,08/2021,5
43-4111,43-4111.00,"Interviewers, Except Eligibility and Loan",Administration and Management,3.08,08/2021,6
43-4111,43-4111.00,"Interviewers, Except Eligibility and Loan",Communications and Media,2.69,08/2021,7
43-4111,43-4111.00,"Interviewers, Except Eligibility and Loan",Personnel and Human Resources,2.54,08/2021,8
43-4111,43-4111.00,"Interviewers, Except Eligibility and Loan",Therapy and Counseling,2.54,08/2021,9
43-4111,43-4111.00,"Interviewers, Except Eligibility and Loan",Public Safety and Security,2.5,08/2021,10
43-4111,43-4111.00,"Interviewers, Except Eligibility and Loan",Law and Government,2.47,08/2021,11
43-4111,43-4111.00,"Interviewers, Except Eligibility and Loan",Education and Training,2.45,08/2021,12
43-4111,43-4111.00,"Interviewers, Except Eligibility and Loan",Economics and Accounting,2.42,08/2021,13
43-4111,43-4111.00,"Interviewers, Except Eligibility and Loan",Telecommunications,2.29,08/2021,14
43-4111,43-4111.00,"Interviewers, Except Eligibility and Loan",Psychology,2.21,08/2021,15
43-4121,43-4121.00,"Library Assistants, Clerical",Customer and Personal Service,3.74,08/2018,1
43-4121,43-4121.00,"Library Assistants, Clerical",Administrative,3.7,08/2018,2
43-4121,43-4121.00,"Library Assistants, Clerical",English Language,3.57,08/2018,3
43-4121,43-4121.00,"Library Assistants, Clerical",Education and Training,3.03,08/2018,4
43-4121,43-4121.00,"Library Assistants, Clerical",Psychology,2.99,08/2018,5
43-4121,43-4121.00,"Library Assistants, Clerical",Computers and Electronics,2.97,08/2018,6
43-4121,43-4121.00,"Library Assistants, Clerical",Public Safety and Security,2.92,08/2018,7
43-4121,43-4121.00,"Library Assistants, Clerical",History and Archeology,2.37,08/2018,8
43-4121,43-4121.00,"Library Assistants, Clerical",Sociology and Anthropology,2.36,08/2018,9
43-4121,43-4121.00,"Library Assistants, Clerical",Administration and Management,2.34,08/2018,10
43-4121,43-4121.00,"Library Assistants, Clerical",Communications and Media,2.32,08/2018,11
43-4121,43-4121.00,"Library Assistants, Clerical",Mathematics,2.31,08/2018,12
43-4121,43-4121.00,"Library Assistants, Clerical",Sales and Marketing,2.19,08/2018,13
43-4121,43-4121.00,"Library Assistants, Clerical",Geography,2.16,08/2018,14
43-4121,43-4121.00,"Library Assistants, Clerical",Telecommunications,2.07,08/2018,15
43-4131,43-4131.00,Loan Interviewers and Clerks,Customer and Personal Service,4.39,07/2017,1
43-4131,43-4131.00,Loan Interviewers and Clerks,English Language,4.2,07/2017,2
43-4131,43-4131.00,Loan Interviewers and Clerks,Administrative,3.71,07/2017,3
43-4131,43-4131.00,Loan Interviewers and Clerks,Computers and Electronics,3.42,07/2017,4
43-4131,43-4131.00,Loan Interviewers and Clerks,Law and Government,3.41,07/2017,5
43-4131,43-4131.00,Loan Interviewers and Clerks,Mathematics,3.37,07/2017,6
43-4131,43-4131.00,Loan Interviewers and Clerks,Administration and Management,2.88,07/2017,7
43-4131,43-4131.00,Loan Interviewers and Clerks,Education and Training,2.85,07/2017,8
43-4131,43-4131.00,Loan Interviewers and Clerks,Sales and Marketing,2.8,07/2017,9
43-4131,43-4131.00,Loan Interviewers and Clerks,Economics and Accounting,2.75,07/2017,10
43-4131,43-4131.00,Loan Interviewers and Clerks,Production and Processing,2.26,07/2017,11
43-4131,43-4131.00,Loan Interviewers and Clerks,Communications and Media,2.19,07/2017,12
43-4131,43-4131.00,Loan Interviewers and Clerks,Telecommunications,2.18,07/2017,13
43-4131,43-4131.00,Loan Interviewers and Clerks,Personnel and Human Resources,2.17,07/2017,14
43-4131,43-4131.00,Loan Interviewers and Clerks,Geography,1.8,07/2017,15
43-4141,43-4141.00,New Accounts Clerks,Customer and Personal Service,4.78,08/2020,1
43-4141,43-4141.00,New Accounts Clerks,Sales and Marketing,4.4,08/2020,2
43-4141,43-4141.00,New Accounts Clerks,Administrative,4.12,08/2020,3
43-4141,43-4141.00,New Accounts Clerks,English Language,3.96,08/2020,4
43-4141,43-4141.00,New Accounts Clerks,Computers and Electronics,3.53,08/2020,5
43-4141,43-4141.00,New Accounts Clerks,Mathematics,3.47,08/2020,6
43-4141,43-4141.00,New Accounts Clerks,Economics and Accounting,3.34,08/2020,7
43-4141,43-4141.00,New Accounts Clerks,Public Safety and Security,3.14,08/2020,8
43-4141,43-4141.00,New Accounts Clerks,Education and Training,3.1,08/2020,9
43-4141,43-4141.00,New Accounts Clerks,Administration and Management,2.96,08/2020,10
43-4141,43-4141.00,New Accounts Clerks,Law and Government,2.86,08/2020,11
43-4141,43-4141.00,New Accounts Clerks,Psychology,2.13,08/2020,12
43-4141,43-4141.00,New Accounts Clerks,Communications and Media,2.11,08/2020,13
43-4141,43-4141.00,New Accounts Clerks,Production and Processing,2.06,08/2020,14
43-4141,43-4141.00,New Accounts Clerks,Personnel and Human Resources,2.02,08/2020,15
43-4151,43-4151.00,Order Clerks,Customer and Personal Service,4.36,08/2023,1
43-4151,43-4151.00,Order Clerks,Production and Processing,4.16,08/2023,2
43-4151,43-4151.00,Order Clerks,Computers and Electronics,4.05,08/2023,3
43-4151,43-4151.00,Order Clerks,Education and Training,3.92,08/2023,4
43-4151,43-4151.00,Order Clerks,English Language,3.81,08/2023,5
43-4151,43-4151.00,Order Clerks,Administrative,3.74,08/2023,6
43-4151,43-4151.00,Order Clerks,Mathematics,3.67,08/2023,7
43-4151,43-4151.00,Order Clerks,Sales and Marketing,3.61,08/2023,8
43-4151,43-4151.00,Order Clerks,Transportation,3.42,08/2023,9
43-4151,43-4151.00,Order Clerks,Public Safety and Security,3.31,08/2023,10
43-4151,43-4151.00,Order Clerks,Personnel and Human Resources,3.22,08/2023,11
43-4151,43-4151.00,Order Clerks,Administration and Management,3.18,08/2023,12
43-4151,43-4151.00,Order Clerks,Engineering and Technology,3.1,08/2023,13
43-4151,43-4151.00,Order Clerks,Economics and Accounting,2.66,08/2023,14
43-4151,43-4151.00,Order Clerks,Communications and Media,2.35,08/2023,15
43-4161,43-4161.00,"Human Resources Assistants, Except Payroll and Timekeeping",Personnel and Human Resources,4.41,07/2017,1
43-4161,43-4161.00,"Human Resources Assistants, Except Payroll and Timekeeping",Administrative,4.11,07/2017,2
43-4161,43-4161.00,"Human Resources Assistants, Except Payroll and Timekeeping",Customer and Personal Service,3.74,07/2017,3
43-4161,43-4161.00,"Human Resources Assistants, Except Payroll and Timekeeping",Administration and Management,3.47,07/2017,4
43-4161,43-4161.00,"Human Resources Assistants, Except Payroll and Timekeeping",English Language,3.44,07/2017,5
43-4161,43-4161.00,"Human Resources Assistants, Except Payroll and Timekeeping",Computers and Electronics,2.87,07/2017,6
43-4161,43-4161.00,"Human Resources Assistants, Except Payroll and Timekeeping",Education and Training,2.65,07/2017,7
43-4161,43-4161.00,"Human Resources Assistants, Except Payroll and Timekeeping",Mathematics,2.44,07/2017,8
43-4161,43-4161.00,"Human Resources Assistants, Except Payroll and Timekeeping",Public Safety and Security,2.34,07/2017,9
43-4161,43-4161.00,"Human Resources Assistants, Except Payroll and Timekeeping",Communications and Media,2.24,07/2017,10
43-4161,43-4161.00,"Human Resources Assistants, Except Payroll and Timekeeping",Law and Government,2.21,07/2017,11
43-4161,43-4161.00,"Human Resources Assistants, Except Payroll and Timekeeping",Economics and Accounting,2.2,07/2017,12
43-4161,43-4161.00,"Human Resources Assistants, Except Payroll and Timekeeping",Telecommunications,1.89,07/2017,13
43-4161,43-4161.00,"Human Resources Assistants, Except Payroll and Timekeeping",Therapy and Counseling,1.62,07/2017,14
43-4161,43-4161.00,"Human Resources Assistants, Except Payroll and Timekeeping",Psychology,1.56,07/2017,15
43-4171,43-4171.00,Receptionists and Information Clerks,Customer and Personal Service,4.21,08/2023,1
43-4171,43-4171.00,Receptionists and Information Clerks,Administrative,3.87,08/2023,2
43-4171,43-4171.00,Receptionists and Information Clerks,English Language,3.73,08/2023,3
43-4171,43-4171.00,Receptionists and Information Clerks,Computers and Electronics,3.4,08/2023,4
43-4171,43-4171.00,Receptionists and Information Clerks,Mathematics,2.73,08/2023,5
43-4171,43-4171.00,Receptionists and Information Clerks,Public Safety and Security,2.72,08/2023,6
43-4171,43-4171.00,Receptionists and Information Clerks,Administration and Management,2.67,08/2023,7
43-4171,43-4171.00,Receptionists and Information Clerks,Telecommunications,2.66,08/2023,8
43-4171,43-4171.00,Receptionists and Information Clerks,Personnel and Human Resources,2.55,08/2023,9
43-4171,43-4171.00,Receptionists and Information Clerks,Communications and Media,2.5,08/2023,10
43-4171,43-4171.00,Receptionists and Information Clerks,Education and Training,2.47,08/2023,11
43-4171,43-4171.00,Receptionists and Information Clerks,Law and Government,2.32,08/2023,12
43-4171,43-4171.00,Receptionists and Information Clerks,Medicine and Dentistry,2.01,08/2023,13
43-4171,43-4171.00,Receptionists and Information Clerks,Production and Processing,1.92,08/2023,14
43-4171,43-4171.00,Receptionists and Information Clerks,Foreign Language,1.87,08/2023,15
43-4181,43-4181.00,Reservation and Transportation Ticket Agents and Travel Clerks,Customer and Personal Service,4.84,07/2013,1
43-4181,43-4181.00,Reservation and Transportation Ticket Agents and Travel Clerks,English Language,3.8,07/2013,2
43-4181,43-4181.00,Reservation and Transportation Ticket Agents and Travel Clerks,Computers and Electronics,3.75,07/2013,3
43-4181,43-4181.00,Reservation and Transportation Ticket Agents and Travel Clerks,Public Safety and Security,3.74,07/2013,4
43-4181,43-4181.00,Reservation and Transportation Ticket Agents and Travel Clerks,Transportation,3.55,07/2013,5
43-4181,43-4181.00,Reservation and Transportation Ticket Agents and Travel Clerks,Geography,3.44,07/2013,6
43-4181,43-4181.00,Reservation and Transportation Ticket Agents and Travel Clerks,Psychology,3.09,07/2013,7
43-4181,43-4181.00,Reservation and Transportation Ticket Agents and Travel Clerks,Foreign Language,2.87,07/2013,8
43-4181,43-4181.00,Reservation and Transportation Ticket Agents and Travel Clerks,Mathematics,2.82,07/2013,9
43-4181,43-4181.00,Reservation and Transportation Ticket Agents and Travel Clerks,Communications and Media,2.78,07/2013,10
43-4181,43-4181.00,Reservation and Transportation Ticket Agents and Travel Clerks,Sales and Marketing,2.69,07/2013,11
43-4181,43-4181.00,Reservation and Transportation Ticket Agents and Travel Clerks,Administrative,2.58,07/2013,12
43-4181,43-4181.00,Reservation and Transportation Ticket Agents and Travel Clerks,Education and Training,2.55,07/2013,13
43-4181,43-4181.00,Reservation and Transportation Ticket Agents and Travel Clerks,Law and Government,2.53,07/2013,14
43-4181,43-4181.00,Reservation and Transportation Ticket Agents and Travel Clerks,Personnel and Human Resources,2.28,07/2013,15
43-5011,43-5011.01,Freight Forwarders,Transportation,4.8,08/2024,1
43-5011,43-5011.01,Freight Forwarders,Administrative,4.59,08/2024,2
43-5011,43-5011.00,Cargo and Freight Agents,Transportation,4.57,08/2021,3
43-5011,43-5011.01,Freight Forwarders,Customer and Personal Service,4.51,08/2024,4
43-5011,43-5011.00,Cargo and Freight Agents,Geography,4.5,08/2021,5
43-5011,43-5011.01,Freight Forwarders,Administration and Management,4.29,08/2024,6
43-5011,43-5011.01,Freight Forwarders,English Language,4.25,08/2024,7
43-5011,43-5011.00,Cargo and Freight Agents,Public Safety and Security,4.03,08/2021,8
43-5011,43-5011.01,Freight Forwarders,Computers and Electronics,4.03,08/2024,9
43-5011,43-5011.00,Cargo and Freight Agents,English Language,3.92,08/2021,10
43-5011,43-5011.01,Freight Forwarders,Public Safety and Security,3.9,08/2024,11
43-5011,43-5011.00,Cargo and Freight Agents,Administration and Management,3.89,08/2021,12
43-5011,43-5011.01,Freight Forwarders,Geography,3.87,08/2024,13
43-5011,43-5011.01,Freight Forwarders,Personnel and Human Resources,3.76,08/2024,14
43-5011,43-5011.01,Freight Forwarders,Mathematics,3.59,08/2024,15
43-5021,43-5021.00,Couriers and Messengers,Customer and Personal Service,3.81,07/2016,1
43-5021,43-5021.00,Couriers and Messengers,Transportation,3.8,07/2016,2
43-5021,43-5021.00,Couriers and Messengers,English Language,3.49,07/2016,3
43-5021,43-5021.00,Couriers and Messengers,Public Safety and Security,2.4,07/2016,4
43-5021,43-5021.00,Couriers and Messengers,Administrative,2.28,07/2016,5
43-5021,43-5021.00,Couriers and Messengers,Geography,2.23,07/2016,6
43-5021,43-5021.00,Couriers and Messengers,Law and Government,2.11,07/2016,7
43-5021,43-5021.00,Couriers and Messengers,Medicine and Dentistry,1.95,07/2016,8
43-5021,43-5021.00,Couriers and Messengers,Administration and Management,1.86,07/2016,9
43-5021,43-5021.00,Couriers and Messengers,Computers and Electronics,1.86,07/2016,10
43-5021,43-5021.00,Couriers and Messengers,Mathematics,1.86,07/2016,11
43-5021,43-5021.00,Couriers and Messengers,Telecommunications,1.75,07/2016,12
43-5021,43-5021.00,Couriers and Messengers,Production and Processing,1.64,07/2016,13
43-5021,43-5021.00,Couriers and Messengers,Chemistry,1.6,07/2016,14
43-5021,43-5021.00,Couriers and Messengers,Education and Training,1.6,07/2016,15
43-5031,43-5031.00,Public Safety Telecommunicators,Public Safety and Security,4.93,08/2023,1
43-5031,43-5031.00,Public Safety Telecommunicators,Law and Government,4.55,08/2023,2
43-5031,43-5031.00,Public Safety Telecommunicators,English Language,4.48,08/2023,3
43-5031,43-5031.00,Public Safety Telecommunicators,Telecommunications,4.45,08/2023,4
43-5031,43-5031.00,Public Safety Telecommunicators,Customer and Personal Service,4.4,08/2023,5
43-5031,43-5031.00,Public Safety Telecommunicators,Geography,4.25,08/2023,6
43-5031,43-5031.00,Public Safety Telecommunicators,Communications and Media,4.17,08/2023,7
43-5031,43-5031.00,Public Safety Telecommunicators,Computers and Electronics,4.03,08/2023,8
43-5031,43-5031.00,Public Safety Telecommunicators,Administrative,3.85,08/2023,9
43-5031,43-5031.00,Public Safety Telecommunicators,Education and Training,3.52,08/2023,10
43-5031,43-5031.00,Public Safety Telecommunicators,Psychology,3.37,08/2023,11
43-5031,43-5031.00,Public Safety Telecommunicators,Personnel and Human Resources,3.26,08/2023,12
43-5031,43-5031.00,Public Safety Telecommunicators,Therapy and Counseling,3.21,08/2023,13
43-5031,43-5031.00,Public Safety Telecommunicators,Administration and Management,3.12,08/2023,14
43-5031,43-5031.00,Public Safety Telecommunicators,Sociology and Anthropology,2.65,08/2023,15
43-5032,43-5032.00,"Dispatchers, Except Police, Fire, and Ambulance",Customer and Personal Service,4.34,08/2021,1
43-5032,43-5032.00,"Dispatchers, Except Police, Fire, and Ambulance",Public Safety and Security,4.02,08/2021,2
43-5032,43-5032.00,"Dispatchers, Except Police, Fire, and Ambulance",Administration and Management,3.86,08/2021,3
43-5032,43-5032.00,"Dispatchers, Except Police, Fire, and Ambulance",Administrative,3.74,08/2021,4
43-5032,43-5032.00,"Dispatchers, Except Police, Fire, and Ambulance",English Language,3.53,08/2021,5
43-5032,43-5032.00,"Dispatchers, Except Police, Fire, and Ambulance",Transportation,3.46,08/2021,6
43-5032,43-5032.00,"Dispatchers, Except Police, Fire, and Ambulance",Personnel and Human Resources,3.25,08/2021,7
43-5032,43-5032.00,"Dispatchers, Except Police, Fire, and Ambulance",Computers and Electronics,3.07,08/2021,8
43-5032,43-5032.00,"Dispatchers, Except Police, Fire, and Ambulance",Education and Training,2.77,08/2021,9
43-5032,43-5032.00,"Dispatchers, Except Police, Fire, and Ambulance",Psychology,2.52,08/2021,10
43-5032,43-5032.00,"Dispatchers, Except Police, Fire, and Ambulance",Mathematics,2.41,08/2021,11
43-5032,43-5032.00,"Dispatchers, Except Police, Fire, and Ambulance",Law and Government,2.19,08/2021,12
43-5032,43-5032.00,"Dispatchers, Except Police, Fire, and Ambulance",Geography,2.18,08/2021,13
43-5032,43-5032.00,"Dispatchers, Except Police, Fire, and Ambulance",Communications and Media,2.1,08/2021,14
43-5032,43-5032.00,"Dispatchers, Except Police, Fire, and Ambulance",Telecommunications,2.06,08/2021,15
43-5041,43-5041.00,"Meter Readers, Utilities",Customer and Personal Service,3.71,07/2016,1
43-5041,43-5041.00,"Meter Readers, Utilities",Public Safety and Security,3.47,07/2016,2
43-5041,43-5041.00,"Meter Readers, Utilities",English Language,3.35,07/2016,3
43-5041,43-5041.00,"Meter Readers, Utilities",Mathematics,3.07,07/2016,4
43-5041,43-5041.00,"Meter Readers, Utilities",Mechanical,2.92,07/2016,5
43-5041,43-5041.00,"Meter Readers, Utilities",Computers and Electronics,2.85,07/2016,6
43-5041,43-5041.00,"Meter Readers, Utilities",Administration and Management,2.58,07/2016,7
43-5041,43-5041.00,"Meter Readers, Utilities",Administrative,2.51,07/2016,8
43-5041,43-5041.00,"Meter Readers, Utilities",Building and Construction,2.34,07/2016,9
43-5041,43-5041.00,"Meter Readers, Utilities",Transportation,2.34,07/2016,10
43-5041,43-5041.00,"Meter Readers, Utilities",Education and Training,2.2,07/2016,11
43-5041,43-5041.00,"Meter Readers, Utilities",Physics,2.19,07/2016,12
43-5041,43-5041.00,"Meter Readers, Utilities",Law and Government,2.19,07/2016,13
43-5041,43-5041.00,"Meter Readers, Utilities",Engineering and Technology,2.11,07/2016,14
43-5041,43-5041.00,"Meter Readers, Utilities",Design,2.11,07/2016,15
43-5051,43-5051.00,Postal Service Clerks,Customer and Personal Service,3.96,07/2016,1
43-5051,43-5051.00,Postal Service Clerks,English Language,3.4,07/2016,2
43-5051,43-5051.00,Postal Service Clerks,Mathematics,3.35,07/2016,3
43-5051,43-5051.00,Postal Service Clerks,Sales and Marketing,3.03,07/2016,4
43-5051,43-5051.00,Postal Service Clerks,Administrative,3.02,07/2016,5
43-5051,43-5051.00,Postal Service Clerks,Computers and Electronics,3.0,07/2016,6
43-5051,43-5051.00,Postal Service Clerks,Transportation,3.0,07/2016,7
43-5051,43-5051.00,Postal Service Clerks,Administration and Management,2.94,07/2016,8
43-5051,43-5051.00,Postal Service Clerks,Public Safety and Security,2.92,07/2016,9
43-5051,43-5051.00,Postal Service Clerks,Production and Processing,2.82,07/2016,10
43-5051,43-5051.00,Postal Service Clerks,Education and Training,2.66,07/2016,11
43-5051,43-5051.00,Postal Service Clerks,Personnel and Human Resources,2.39,07/2016,12
43-5051,43-5051.00,Postal Service Clerks,Psychology,2.37,07/2016,13
43-5051,43-5051.00,Postal Service Clerks,Economics and Accounting,2.33,07/2016,14
43-5051,43-5051.00,Postal Service Clerks,Mechanical,2.2,07/2016,15
43-5052,43-5052.00,Postal Service Mail Carriers,Customer and Personal Service,4.25,07/2016,1
43-5052,43-5052.00,Postal Service Mail Carriers,English Language,3.25,07/2016,2
43-5052,43-5052.00,Postal Service Mail Carriers,Public Safety and Security,3.21,07/2016,3
43-5052,43-5052.00,Postal Service Mail Carriers,Sales and Marketing,3.15,07/2016,4
43-5052,43-5052.00,Postal Service Mail Carriers,Transportation,2.96,07/2016,5
43-5052,43-5052.00,Postal Service Mail Carriers,Administration and Management,2.86,07/2016,6
43-5052,43-5052.00,Postal Service Mail Carriers,Production and Processing,2.73,07/2016,7
43-5052,43-5052.00,Postal Service Mail Carriers,Education and Training,2.65,07/2016,8
43-5052,43-5052.00,Postal Service Mail Carriers,Administrative,2.47,07/2016,9
43-5052,43-5052.00,Postal Service Mail Carriers,Mathematics,2.35,07/2016,10
43-5052,43-5052.00,Postal Service Mail Carriers,Geography,2.27,07/2016,11
43-5052,43-5052.00,Postal Service Mail Carriers,Personnel and Human Resources,2.18,07/2016,12
43-5052,43-5052.00,Postal Service Mail Carriers,Law and Government,2.14,07/2016,13
43-5052,43-5052.00,Postal Service Mail Carriers,Psychology,2.13,07/2016,14
43-5052,43-5052.00,Postal Service Mail Carriers,Computers and Electronics,2.06,07/2016,15
43-5053,43-5053.00,"Postal Service Mail Sorters, Processors, and Processing Machine Operators",English Language,3.04,07/2016,1
43-5053,43-5053.00,"Postal Service Mail Sorters, Processors, and Processing Machine Operators",Production and Processing,2.46,07/2016,2
43-5053,43-5053.00,"Postal Service Mail Sorters, Processors, and Processing Machine Operators",Customer and Personal Service,2.4,07/2016,3
43-5053,43-5053.00,"Postal Service Mail Sorters, Processors, and Processing Machine Operators",Administrative,2.25,07/2016,4
43-5053,43-5053.00,"Postal Service Mail Sorters, Processors, and Processing Machine Operators",Administration and Management,2.17,07/2016,5
43-5053,43-5053.00,"Postal Service Mail Sorters, Processors, and Processing Machine Operators",Public Safety and Security,2.07,07/2016,6
43-5053,43-5053.00,"Postal Service Mail Sorters, Processors, and Processing Machine Operators",Transportation,2.07,07/2016,7
43-5053,43-5053.00,"Postal Service Mail Sorters, Processors, and Processing Machine Operators",Computers and Electronics,1.93,07/2016,8
43-5053,43-5053.00,"Postal Service Mail Sorters, Processors, and Processing Machine Operators",Education and Training,1.78,07/2016,9
43-5053,43-5053.00,"Postal Service Mail Sorters, Processors, and Processing Machine Operators",Mathematics,1.74,07/2016,10
43-5053,43-5053.00,"Postal Service Mail Sorters, Processors, and Processing Machine Operators",Personnel and Human Resources,1.71,07/2016,11
43-5053,43-5053.00,"Postal Service Mail Sorters, Processors, and Processing Machine Operators",Communications and Media,1.68,07/2016,12
43-5053,43-5053.00,"Postal Service Mail Sorters, Processors, and Processing Machine Operators",Telecommunications,1.65,07/2016,13
43-5053,43-5053.00,"Postal Service Mail Sorters, Processors, and Processing Machine Operators",Economics and Accounting,1.59,07/2016,14
43-5053,43-5053.00,"Postal Service Mail Sorters, Processors, and Processing Machine Operators",Law and Government,1.56,07/2016,15
43-5061,43-5061.00,"Production, Planning, and Expediting Clerks",Production and Processing,4.31,08/2022,1
43-5061,43-5061.00,"Production, Planning, and Expediting Clerks",Customer and Personal Service,3.76,08/2022,2
43-5061,43-5061.00,"Production, Planning, and Expediting Clerks",English Language,3.63,08/2022,3
43-5061,43-5061.00,"Production, Planning, and Expediting Clerks",Administrative,3.56,08/2022,4
43-5061,43-5061.00,"Production, Planning, and Expediting Clerks",Administration and Management,3.51,08/2022,5
43-5061,43-5061.00,"Production, Planning, and Expediting Clerks",Computers and Electronics,3.26,08/2022,6
43-5061,43-5061.00,"Production, Planning, and Expediting Clerks",Mathematics,2.84,08/2022,7
43-5061,43-5061.00,"Production, Planning, and Expediting Clerks",Transportation,2.57,08/2022,8
43-5061,43-5061.00,"Production, Planning, and Expediting Clerks",Public Safety and Security,2.31,08/2022,9
43-5061,43-5061.00,"Production, Planning, and Expediting Clerks",Personnel and Human Resources,2.15,08/2022,10
43-5061,43-5061.00,"Production, Planning, and Expediting Clerks",Education and Training,2.13,08/2022,11
43-5061,43-5061.00,"Production, Planning, and Expediting Clerks",Engineering and Technology,2.06,08/2022,12
43-5061,43-5061.00,"Production, Planning, and Expediting Clerks",Sales and Marketing,2.01,08/2022,13
43-5061,43-5061.00,"Production, Planning, and Expediting Clerks",Economics and Accounting,1.99,08/2022,14
43-5061,43-5061.00,"Production, Planning, and Expediting Clerks",Mechanical,1.98,08/2022,15
43-5071,43-5071.00,"Shipping, Receiving, and Inventory Clerks",Administrative,3.44,08/2019,1
43-5071,43-5071.00,"Shipping, Receiving, and Inventory Clerks",Computers and Electronics,3.14,08/2019,2
43-5071,43-5071.00,"Shipping, Receiving, and Inventory Clerks",Production and Processing,3.08,08/2019,3
43-5071,43-5071.00,"Shipping, Receiving, and Inventory Clerks",Mathematics,3.04,08/2019,4
43-5071,43-5071.00,"Shipping, Receiving, and Inventory Clerks",English Language,3.03,08/2019,5
43-5071,43-5071.00,"Shipping, Receiving, and Inventory Clerks",Administration and Management,2.99,08/2019,6
43-5071,43-5071.00,"Shipping, Receiving, and Inventory Clerks",Customer and Personal Service,2.9,08/2019,7
43-5071,43-5071.00,"Shipping, Receiving, and Inventory Clerks",Education and Training,2.89,08/2019,8
43-5071,43-5071.00,"Shipping, Receiving, and Inventory Clerks",Transportation,2.84,08/2019,9
43-5071,43-5071.00,"Shipping, Receiving, and Inventory Clerks",Public Safety and Security,2.7,08/2019,10
43-5071,43-5071.00,"Shipping, Receiving, and Inventory Clerks",Mechanical,2.52,08/2019,11
43-5071,43-5071.00,"Shipping, Receiving, and Inventory Clerks",Economics and Accounting,2.47,08/2019,12
43-5071,43-5071.00,"Shipping, Receiving, and Inventory Clerks",Telecommunications,2.39,08/2019,13
43-5071,43-5071.00,"Shipping, Receiving, and Inventory Clerks",Personnel and Human Resources,2.23,08/2019,14
43-5071,43-5071.00,"Shipping, Receiving, and Inventory Clerks",Engineering and Technology,2.14,08/2019,15
43-5111,43-5111.00,"Weighers, Measurers, Checkers, and Samplers, Recordkeeping",Production and Processing,4.11,08/2018,1
43-5111,43-5111.00,"Weighers, Measurers, Checkers, and Samplers, Recordkeeping",Mathematics,3.7,08/2018,2
43-5111,43-5111.00,"Weighers, Measurers, Checkers, and Samplers, Recordkeeping",English Language,3.15,08/2018,3
43-5111,43-5111.00,"Weighers, Measurers, Checkers, and Samplers, Recordkeeping",Administration and Management,3.08,08/2018,4
43-5111,43-5111.00,"Weighers, Measurers, Checkers, and Samplers, Recordkeeping",Administrative,3.07,08/2018,5
43-5111,43-5111.00,"Weighers, Measurers, Checkers, and Samplers, Recordkeeping",Customer and Personal Service,2.86,08/2018,6
43-5111,43-5111.00,"Weighers, Measurers, Checkers, and Samplers, Recordkeeping",Computers and Electronics,2.81,08/2018,7
43-5111,43-5111.00,"Weighers, Measurers, Checkers, and Samplers, Recordkeeping",Public Safety and Security,2.64,08/2018,8
43-5111,43-5111.00,"Weighers, Measurers, Checkers, and Samplers, Recordkeeping",Economics and Accounting,2.52,08/2018,9
43-5111,43-5111.00,"Weighers, Measurers, Checkers, and Samplers, Recordkeeping",Education and Training,2.47,08/2018,10
43-5111,43-5111.00,"Weighers, Measurers, Checkers, and Samplers, Recordkeeping",Food Production,2.45,08/2018,11
43-5111,43-5111.00,"Weighers, Measurers, Checkers, and Samplers, Recordkeeping",Chemistry,2.26,08/2018,12
43-5111,43-5111.00,"Weighers, Measurers, Checkers, and Samplers, Recordkeeping",Personnel and Human Resources,2.22,08/2018,13
43-5111,43-5111.00,"Weighers, Measurers, Checkers, and Samplers, Recordkeeping",Mechanical,2.12,08/2018,14
43-5111,43-5111.00,"Weighers, Measurers, Checkers, and Samplers, Recordkeeping",Foreign Language,2.02,08/2018,15
43-6011,43-6011.00,Executive Secretaries and Executive Administrative Assistants,Administrative,4.52,07/2017,1
43-6011,43-6011.00,Executive Secretaries and Executive Administrative Assistants,English Language,4.16,07/2017,2
43-6011,43-6011.00,Executive Secretaries and Executive Administrative Assistants,Customer and Personal Service,3.46,07/2017,3
43-6011,43-6011.00,Executive Secretaries and Executive Administrative Assistants,Computers and Electronics,3.3,07/2017,4
43-6011,43-6011.00,Executive Secretaries and Executive Administrative Assistants,Administration and Management,3.18,07/2017,5
43-6011,43-6011.00,Executive Secretaries and Executive Administrative Assistants,Personnel and Human Resources,2.77,07/2017,6
43-6011,43-6011.00,Executive Secretaries and Executive Administrative Assistants,Communications and Media,2.67,07/2017,7
43-6011,43-6011.00,Executive Secretaries and Executive Administrative Assistants,Mathematics,2.52,07/2017,8
43-6011,43-6011.00,Executive Secretaries and Executive Administrative Assistants,Public Safety and Security,2.31,07/2017,9
43-6011,43-6011.00,Executive Secretaries and Executive Administrative Assistants,Telecommunications,2.14,07/2017,10
43-6011,43-6011.00,Executive Secretaries and Executive Administrative Assistants,Education and Training,2.11,07/2017,11
43-6011,43-6011.00,Executive Secretaries and Executive Administrative Assistants,Law and Government,2.11,07/2017,12
43-6011,43-6011.00,Executive Secretaries and Executive Administrative Assistants,Economics and Accounting,2.09,07/2017,13
43-6011,43-6011.00,Executive Secretaries and Executive Administrative Assistants,Transportation,2.01,07/2017,14
43-6011,43-6011.00,Executive Secretaries and Executive Administrative Assistants,Psychology,1.94,07/2017,15
43-6012,43-6012.00,Legal Secretaries and Administrative Assistants,Administrative,4.45,08/2024,1
43-6012,43-6012.00,Legal Secretaries and Administrative Assistants,English Language,4.37,08/2024,2
43-6012,43-6012.00,Legal Secretaries and Administrative Assistants,Law and Government,4.18,08/2024,3
43-6012,43-6012.00,Legal Secretaries and Administrative Assistants,Customer and Personal Service,3.93,08/2024,4
43-6012,43-6012.00,Legal Secretaries and Administrative Assistants,Computers and Electronics,3.9,08/2024,5
43-6012,43-6012.00,Legal Secretaries and Administrative Assistants,Administration and Management,3.16,08/2024,6
43-6012,43-6012.00,Legal Secretaries and Administrative Assistants,Public Safety and Security,3.11,08/2024,7
43-6012,43-6012.00,Legal Secretaries and Administrative Assistants,Communications and Media,2.8,08/2024,8
43-6012,43-6012.00,Legal Secretaries and Administrative Assistants,Economics and Accounting,2.67,08/2024,9
43-6012,43-6012.00,Legal Secretaries and Administrative Assistants,Education and Training,2.63,08/2024,10
43-6012,43-6012.00,Legal Secretaries and Administrative Assistants,Personnel and Human Resources,2.59,08/2024,11
43-6012,43-6012.00,Legal Secretaries and Administrative Assistants,Telecommunications,2.56,08/2024,12
43-6012,43-6012.00,Legal Secretaries and Administrative Assistants,Sales and Marketing,2.51,08/2024,13
43-6012,43-6012.00,Legal Secretaries and Administrative Assistants,Mathematics,2.33,08/2024,14
43-6012,43-6012.00,Legal Secretaries and Administrative Assistants,Production and Processing,2.25,08/2024,15
43-6013,43-6013.00,Medical Secretaries and Administrative Assistants,Customer and Personal Service,4.44,08/2021,1
43-6013,43-6013.00,Medical Secretaries and Administrative Assistants,English Language,4.27,08/2021,2
43-6013,43-6013.00,Medical Secretaries and Administrative Assistants,Administrative,3.93,08/2021,3
43-6013,43-6013.00,Medical Secretaries and Administrative Assistants,Medicine and Dentistry,3.61,08/2021,4
43-6013,43-6013.00,Medical Secretaries and Administrative Assistants,Personnel and Human Resources,3.41,08/2021,5
43-6013,43-6013.00,Medical Secretaries and Administrative Assistants,Computers and Electronics,3.39,08/2021,6
43-6013,43-6013.00,Medical Secretaries and Administrative Assistants,Administration and Management,3.27,08/2021,7
43-6013,43-6013.00,Medical Secretaries and Administrative Assistants,Economics and Accounting,3.01,08/2021,8
43-6013,43-6013.00,Medical Secretaries and Administrative Assistants,Mathematics,2.89,08/2021,9
43-6013,43-6013.00,Medical Secretaries and Administrative Assistants,Communications and Media,2.32,08/2021,10
43-6013,43-6013.00,Medical Secretaries and Administrative Assistants,Telecommunications,2.26,08/2021,11
43-6013,43-6013.00,Medical Secretaries and Administrative Assistants,Education and Training,2.23,08/2021,12
43-6013,43-6013.00,Medical Secretaries and Administrative Assistants,Sales and Marketing,2.22,08/2021,13
43-6013,43-6013.00,Medical Secretaries and Administrative Assistants,Public Safety and Security,2.18,08/2021,14
43-6013,43-6013.00,Medical Secretaries and Administrative Assistants,Foreign Language,2.17,08/2021,15
43-6014,43-6014.00,"Secretaries and Administrative Assistants, Except Legal, Medical, and Executive",Administrative,4.52,08/2019,1
43-6014,43-6014.00,"Secretaries and Administrative Assistants, Except Legal, Medical, and Executive",English Language,4.29,08/2019,2
43-6014,43-6014.00,"Secretaries and Administrative Assistants, Except Legal, Medical, and Executive",Computers and Electronics,3.84,08/2019,3
43-6014,43-6014.00,"Secretaries and Administrative Assistants, Except Legal, Medical, and Executive",Customer and Personal Service,3.76,08/2019,4
43-6014,43-6014.00,"Secretaries and Administrative Assistants, Except Legal, Medical, and Executive",Administration and Management,3.43,08/2019,5
43-6014,43-6014.00,"Secretaries and Administrative Assistants, Except Legal, Medical, and Executive",Mathematics,2.91,08/2019,6
43-6014,43-6014.00,"Secretaries and Administrative Assistants, Except Legal, Medical, and Executive",Communications and Media,2.76,08/2019,7
43-6014,43-6014.00,"Secretaries and Administrative Assistants, Except Legal, Medical, and Executive",Economics and Accounting,2.75,08/2019,8
43-6014,43-6014.00,"Secretaries and Administrative Assistants, Except Legal, Medical, and Executive",Personnel and Human Resources,2.73,08/2019,9
43-6014,43-6014.00,"Secretaries and Administrative Assistants, Except Legal, Medical, and Executive",Public Safety and Security,2.7,08/2019,10
43-6014,43-6014.00,"Secretaries and Administrative Assistants, Except Legal, Medical, and Executive",Education and Training,2.56,08/2019,11
43-6014,43-6014.00,"Secretaries and Administrative Assistants, Except Legal, Medical, and Executive",Telecommunications,2.48,08/2019,12
43-6014,43-6014.00,"Secretaries and Administrative Assistants, Except Legal, Medical, and Executive",Law and Government,2.44,08/2019,13
43-6014,43-6014.00,"Secretaries and Administrative Assistants, Except Legal, Medical, and Executive",Psychology,2.14,08/2019,14
43-6014,43-6014.00,"Secretaries and Administrative Assistants, Except Legal, Medical, and Executive",Medicine and Dentistry,2.11,08/2019,15
43-9021,43-9021.00,Data Entry Keyers,English Language,4.77,08/2018,1
43-9021,43-9021.00,Data Entry Keyers,Administrative,4.56,08/2018,2
43-9021,43-9021.00,Data Entry Keyers,Customer and Personal Service,3.59,08/2018,3
43-9021,43-9021.00,Data Entry Keyers,Law and Government,3.55,08/2018,4
43-9021,43-9021.00,Data Entry Keyers,Public Safety and Security,2.9,08/2018,5
43-9021,43-9021.00,Data Entry Keyers,Mathematics,2.86,08/2018,6
43-9021,43-9021.00,Data Entry Keyers,Computers and Electronics,2.8,08/2018,7
43-9021,43-9021.00,Data Entry Keyers,Administration and Management,2.72,08/2018,8
43-9021,43-9021.00,Data Entry Keyers,Education and Training,2.67,08/2018,9
43-9021,43-9021.00,Data Entry Keyers,Economics and Accounting,2.47,08/2018,10
43-9021,43-9021.00,Data Entry Keyers,Communications and Media,2.37,08/2018,11
43-9021,43-9021.00,Data Entry Keyers,Production and Processing,2.32,08/2018,12
43-9021,43-9021.00,Data Entry Keyers,Foreign Language,2.04,08/2018,13
43-9021,43-9021.00,Data Entry Keyers,Personnel and Human Resources,2.02,08/2018,14
43-9021,43-9021.00,Data Entry Keyers,Sales and Marketing,1.97,08/2018,15
43-9022,43-9022.00,Word Processors and Typists,Administrative,4.81,07/2017,1
43-9022,43-9022.00,Word Processors and Typists,English Language,4.26,07/2017,2
43-9022,43-9022.00,Word Processors and Typists,Customer and Personal Service,4.19,07/2017,3
43-9022,43-9022.00,Word Processors and Typists,Computers and Electronics,3.51,07/2017,4
43-9022,43-9022.00,Word Processors and Typists,Law and Government,2.58,07/2017,5
43-9022,43-9022.00,Word Processors and Typists,Administration and Management,2.42,07/2017,6
43-9022,43-9022.00,Word Processors and Typists,Mathematics,2.18,07/2017,7
43-9022,43-9022.00,Word Processors and Typists,Communications and Media,2.11,07/2017,8
43-9022,43-9022.00,Word Processors and Typists,Psychology,2.07,07/2017,9
43-9022,43-9022.00,Word Processors and Typists,Telecommunications,1.81,07/2017,10
43-9022,43-9022.00,Word Processors and Typists,Public Safety and Security,1.74,07/2017,11
43-9022,43-9022.00,Word Processors and Typists,Education and Training,1.73,07/2017,12
43-9022,43-9022.00,Word Processors and Typists,Economics and Accounting,1.71,07/2017,13
43-9022,43-9022.00,Word Processors and Typists,Personnel and Human Resources,1.56,07/2017,14
43-9022,43-9022.00,Word Processors and Typists,Sales and Marketing,1.45,07/2017,15
43-9031,43-9031.00,Desktop Publishers,Computers and Electronics,3.96,08/2021,1
43-9031,43-9031.00,Desktop Publishers,Communications and Media,3.61,08/2021,2
43-9031,43-9031.00,Desktop Publishers,English Language,3.39,08/2021,3
43-9031,43-9031.00,Desktop Publishers,Administrative,2.83,08/2021,4
43-9031,43-9031.00,Desktop Publishers,Production and Processing,2.76,08/2021,5
43-9031,43-9031.00,Desktop Publishers,Design,2.56,08/2021,6
43-9031,43-9031.00,Desktop Publishers,Mathematics,2.5,08/2021,7
43-9031,43-9031.00,Desktop Publishers,Education and Training,2.21,08/2021,8
43-9031,43-9031.00,Desktop Publishers,Fine Arts,2.15,08/2021,9
43-9031,43-9031.00,Desktop Publishers,Customer and Personal Service,2.09,08/2021,10
43-9031,43-9031.00,Desktop Publishers,Administration and Management,2.07,08/2021,11
43-9031,43-9031.00,Desktop Publishers,Sales and Marketing,1.82,08/2021,12
43-9031,43-9031.00,Desktop Publishers,Psychology,1.67,08/2021,13
43-9031,43-9031.00,Desktop Publishers,Sociology and Anthropology,1.5,08/2021,14
43-9031,43-9031.00,Desktop Publishers,Geography,1.46,08/2021,15
43-9041,43-9041.00,Insurance Claims and Policy Processing Clerks,Customer and Personal Service,4.22,08/2022,1
43-9041,43-9041.00,Insurance Claims and Policy Processing Clerks,Administrative,3.88,08/2022,2
43-9041,43-9041.00,Insurance Claims and Policy Processing Clerks,English Language,3.59,08/2022,3
43-9041,43-9041.00,Insurance Claims and Policy Processing Clerks,Computers and Electronics,3.0,08/2022,4
43-9041,43-9041.00,Insurance Claims and Policy Processing Clerks,Mathematics,2.91,08/2022,5
43-9041,43-9041.00,Insurance Claims and Policy Processing Clerks,Administration and Management,2.44,08/2022,6
43-9041,43-9041.00,Insurance Claims and Policy Processing Clerks,Communications and Media,2.23,08/2022,7
43-9041,43-9041.00,Insurance Claims and Policy Processing Clerks,Production and Processing,2.22,08/2022,8
43-9041,43-9041.00,Insurance Claims and Policy Processing Clerks,Law and Government,2.16,08/2022,9
43-9041,43-9041.00,Insurance Claims and Policy Processing Clerks,Economics and Accounting,2.06,08/2022,10
43-9041,43-9041.00,Insurance Claims and Policy Processing Clerks,Education and Training,1.99,08/2022,11
43-9041,43-9041.00,Insurance Claims and Policy Processing Clerks,Telecommunications,1.92,08/2022,12
43-9041,43-9041.00,Insurance Claims and Policy Processing Clerks,Personnel and Human Resources,1.84,08/2022,13
43-9041,43-9041.00,Insurance Claims and Policy Processing Clerks,Psychology,1.8,08/2022,14
43-9041,43-9041.00,Insurance Claims and Policy Processing Clerks,Sales and Marketing,1.75,08/2022,15
43-9051,43-9051.00,"Mail Clerks and Mail Machine Operators, Except Postal Service",Customer and Personal Service,3.85,07/2016,1
43-9051,43-9051.00,"Mail Clerks and Mail Machine Operators, Except Postal Service",English Language,3.36,07/2016,2
43-9051,43-9051.00,"Mail Clerks and Mail Machine Operators, Except Postal Service",Mathematics,2.97,07/2016,3
43-9051,43-9051.00,"Mail Clerks and Mail Machine Operators, Except Postal Service",Law and Government,2.55,07/2016,4
43-9051,43-9051.00,"Mail Clerks and Mail Machine Operators, Except Postal Service",Education and Training,2.54,07/2016,5
43-9051,43-9051.00,"Mail Clerks and Mail Machine Operators, Except Postal Service",Administrative,2.53,07/2016,6
43-9051,43-9051.00,"Mail Clerks and Mail Machine Operators, Except Postal Service",Administration and Management,2.42,07/2016,7
43-9051,43-9051.00,"Mail Clerks and Mail Machine Operators, Except Postal Service",Public Safety and Security,2.27,07/2016,8
43-9051,43-9051.00,"Mail Clerks and Mail Machine Operators, Except Postal Service",Transportation,2.06,07/2016,9
43-9051,43-9051.00,"Mail Clerks and Mail Machine Operators, Except Postal Service",Computers and Electronics,2.0,07/2016,10
43-9051,43-9051.00,"Mail Clerks and Mail Machine Operators, Except Postal Service",Economics and Accounting,1.82,07/2016,11
43-9051,43-9051.00,"Mail Clerks and Mail Machine Operators, Except Postal Service",Communications and Media,1.82,07/2016,12
43-9051,43-9051.00,"Mail Clerks and Mail Machine Operators, Except Postal Service",Sales and Marketing,1.67,07/2016,13
43-9051,43-9051.00,"Mail Clerks and Mail Machine Operators, Except Postal Service",Telecommunications,1.65,07/2016,14
43-9051,43-9051.00,"Mail Clerks and Mail Machine Operators, Except Postal Service",Foreign Language,1.63,07/2016,15
43-9061,43-9061.00,"Office Clerks, General",Administrative,4.19,08/2018,1
43-9061,43-9061.00,"Office Clerks, General",English Language,3.81,08/2018,2
43-9061,43-9061.00,"Office Clerks, General",Customer and Personal Service,3.44,08/2018,3
43-9061,43-9061.00,"Office Clerks, General",Administration and Management,3.01,08/2018,4
43-9061,43-9061.00,"Office Clerks, General",Computers and Electronics,2.89,08/2018,5
43-9061,43-9061.00,"Office Clerks, General",Mathematics,2.71,08/2018,6
43-9061,43-9061.00,"Office Clerks, General",Economics and Accounting,2.44,08/2018,7
43-9061,43-9061.00,"Office Clerks, General",Public Safety and Security,2.44,08/2018,8
43-9061,43-9061.00,"Office Clerks, General",Personnel and Human Resources,2.33,08/2018,9
43-9061,43-9061.00,"Office Clerks, General",Communications and Media,2.33,08/2018,10
43-9061,43-9061.00,"Office Clerks, General",Education and Training,2.25,08/2018,11
43-9061,43-9061.00,"Office Clerks, General",Law and Government,2.08,08/2018,12
43-9061,43-9061.00,"Office Clerks, General",Psychology,2.07,08/2018,13
43-9061,43-9061.00,"Office Clerks, General",Sales and Marketing,2.05,08/2018,14
43-9061,43-9061.00,"Office Clerks, General",Telecommunications,1.95,08/2018,15
43-9071,43-9071.00,"Office Machine Operators, Except Computer",English Language,3.87,07/2017,1
43-9071,43-9071.00,"Office Machine Operators, Except Computer",Customer and Personal Service,3.75,07/2017,2
43-9071,43-9071.00,"Office Machine Operators, Except Computer",Production and Processing,3.42,07/2017,3
43-9071,43-9071.00,"Office Machine Operators, Except Computer",Computers and Electronics,3.03,07/2017,4
43-9071,43-9071.00,"Office Machine Operators, Except Computer",Mathematics,2.92,07/2017,5
43-9071,43-9071.00,"Office Machine Operators, Except Computer",Administrative,2.67,07/2017,6
43-9071,43-9071.00,"Office Machine Operators, Except Computer",Communications and Media,2.31,07/2017,7
43-9071,43-9071.00,"Office Machine Operators, Except Computer",Mechanical,2.3,07/2017,8
43-9071,43-9071.00,"Office Machine Operators, Except Computer",Administration and Management,2.19,07/2017,9
43-9071,43-9071.00,"Office Machine Operators, Except Computer",Design,2.19,07/2017,10
43-9071,43-9071.00,"Office Machine Operators, Except Computer",Telecommunications,2.14,07/2017,11
43-9071,43-9071.00,"Office Machine Operators, Except Computer",Education and Training,1.9,07/2017,12
43-9071,43-9071.00,"Office Machine Operators, Except Computer",Psychology,1.89,07/2017,13
43-9071,43-9071.00,"Office Machine Operators, Except Computer",Public Safety and Security,1.83,07/2017,14
43-9071,43-9071.00,"Office Machine Operators, Except Computer",Economics and Accounting,1.72,07/2017,15
43-9081,43-9081.00,Proofreaders and Copy Markers,English Language,4.95,07/2016,1
43-9081,43-9081.00,Proofreaders and Copy Markers,Communications and Media,3.36,07/2016,2
43-9081,43-9081.00,Proofreaders and Copy Markers,Computers and Electronics,3.03,07/2016,3
43-9081,43-9081.00,Proofreaders and Copy Markers,Administrative,2.56,07/2016,4
43-9081,43-9081.00,Proofreaders and Copy Markers,Administration and Management,2.41,07/2016,5
43-9081,43-9081.00,Proofreaders and Copy Markers,Customer and Personal Service,2.21,07/2016,6
43-9081,43-9081.00,Proofreaders and Copy Markers,Design,2.17,07/2016,7
43-9081,43-9081.00,Proofreaders and Copy Markers,Mathematics,2.05,07/2016,8
43-9081,43-9081.00,Proofreaders and Copy Markers,Philosophy and Theology,1.95,07/2016,9
43-9081,43-9081.00,Proofreaders and Copy Markers,Education and Training,1.94,07/2016,10
43-9081,43-9081.00,Proofreaders and Copy Markers,Geography,1.92,07/2016,11
43-9081,43-9081.00,Proofreaders and Copy Markers,Sociology and Anthropology,1.79,07/2016,12
43-9081,43-9081.00,Proofreaders and Copy Markers,Psychology,1.75,07/2016,13
43-9081,43-9081.00,Proofreaders and Copy Markers,Law and Government,1.75,07/2016,14
43-9081,43-9081.00,Proofreaders and Copy Markers,History and Archeology,1.56,07/2016,15
43-9111,43-9111.00,Statistical Assistants,English Language,4.05,07/2015,1
43-9111,43-9111.00,Statistical Assistants,Mathematics,3.98,07/2015,2
43-9111,43-9111.00,Statistical Assistants,Computers and Electronics,3.85,07/2015,3
43-9111,43-9111.00,Statistical Assistants,Customer and Personal Service,3.38,07/2015,4
43-9111,43-9111.00,Statistical Assistants,Education and Training,3.15,07/2015,5
43-9111,43-9111.00,Statistical Assistants,Administrative,3.0,07/2015,6
43-9111,43-9111.00,Statistical Assistants,Administration and Management,2.92,07/2015,7
43-9111,43-9111.00,Statistical Assistants,Law and Government,2.89,07/2015,8
43-9111,43-9111.00,Statistical Assistants,Economics and Accounting,2.76,07/2015,9
43-9111,43-9111.00,Statistical Assistants,Personnel and Human Resources,2.5,07/2015,10
43-9111,43-9111.00,Statistical Assistants,Public Safety and Security,2.49,07/2015,11
43-9111,43-9111.00,Statistical Assistants,Communications and Media,2.41,07/2015,12
43-9111,43-9111.00,Statistical Assistants,Engineering and Technology,2.37,07/2015,13
43-9111,43-9111.00,Statistical Assistants,Production and Processing,2.25,07/2015,14
43-9111,43-9111.00,Statistical Assistants,Sales and Marketing,2.08,07/2015,15
45-1011,45-1011.00,"First-Line Supervisors of Farming, Fishing, and Forestry Workers",Administration and Management,3.89,08/2022,1
45-1011,45-1011.00,"First-Line Supervisors of Farming, Fishing, and Forestry Workers",Production and Processing,3.7,08/2022,2
45-1011,45-1011.00,"First-Line Supervisors of Farming, Fishing, and Forestry Workers",Customer and Personal Service,3.52,08/2022,3
45-1011,45-1011.00,"First-Line Supervisors of Farming, Fishing, and Forestry Workers",English Language,3.42,08/2022,4
45-1011,45-1011.00,"First-Line Supervisors of Farming, Fishing, and Forestry Workers",Mechanical,3.41,08/2022,5
45-1011,45-1011.00,"First-Line Supervisors of Farming, Fishing, and Forestry Workers",Education and Training,3.31,08/2022,6
45-1011,45-1011.00,"First-Line Supervisors of Farming, Fishing, and Forestry Workers",Biology,3.23,08/2022,7
45-1011,45-1011.00,"First-Line Supervisors of Farming, Fishing, and Forestry Workers",Food Production,3.02,08/2022,8
45-1011,45-1011.00,"First-Line Supervisors of Farming, Fishing, and Forestry Workers",Mathematics,3.02,08/2022,9
45-1011,45-1011.00,"First-Line Supervisors of Farming, Fishing, and Forestry Workers",Public Safety and Security,2.97,08/2022,10
45-1011,45-1011.00,"First-Line Supervisors of Farming, Fishing, and Forestry Workers",Transportation,2.9,08/2022,11
45-1011,45-1011.00,"First-Line Supervisors of Farming, Fishing, and Forestry Workers",Administrative,2.84,08/2022,12
45-1011,45-1011.00,"First-Line Supervisors of Farming, Fishing, and Forestry Workers",Personnel and Human Resources,2.82,08/2022,13
45-1011,45-1011.00,"First-Line Supervisors of Farming, Fishing, and Forestry Workers",Psychology,2.71,08/2022,14
45-1011,45-1011.00,"First-Line Supervisors of Farming, Fishing, and Forestry Workers",Building and Construction,2.68,08/2022,15
45-2011,45-2011.00,Agricultural Inspectors,Customer and Personal Service,3.51,07/2013,1
45-2011,45-2011.00,Agricultural Inspectors,Administration and Management,3.35,07/2013,2
45-2011,45-2011.00,Agricultural Inspectors,Law and Government,3.32,07/2013,3
45-2011,45-2011.00,Agricultural Inspectors,Administrative,3.31,07/2013,4
45-2011,45-2011.00,Agricultural Inspectors,Mathematics,3.21,07/2013,5
45-2011,45-2011.00,Agricultural Inspectors,Public Safety and Security,3.21,07/2013,6
45-2011,45-2011.00,Agricultural Inspectors,English Language,3.15,07/2013,7
45-2011,45-2011.00,Agricultural Inspectors,Education and Training,2.94,07/2013,8
45-2011,45-2011.00,Agricultural Inspectors,Food Production,2.91,07/2013,9
45-2011,45-2011.00,Agricultural Inspectors,Computers and Electronics,2.89,07/2013,10
45-2011,45-2011.00,Agricultural Inspectors,Production and Processing,2.83,07/2013,11
45-2011,45-2011.00,Agricultural Inspectors,Transportation,2.81,07/2013,12
45-2011,45-2011.00,Agricultural Inspectors,Personnel and Human Resources,2.64,07/2013,13
45-2011,45-2011.00,Agricultural Inspectors,Biology,2.51,07/2013,14
45-2011,45-2011.00,Agricultural Inspectors,Mechanical,2.29,07/2013,15
45-2021,45-2021.00,Animal Breeders,Customer and Personal Service,4.17,08/2018,1
45-2021,45-2021.00,Animal Breeders,Sales and Marketing,3.93,08/2018,2
45-2021,45-2021.00,Animal Breeders,Administration and Management,3.53,08/2018,3
45-2021,45-2021.00,Animal Breeders,Biology,3.31,08/2018,4
45-2021,45-2021.00,Animal Breeders,Mathematics,3.17,08/2018,5
45-2021,45-2021.00,Animal Breeders,Administrative,3.12,08/2018,6
45-2021,45-2021.00,Animal Breeders,Production and Processing,2.89,08/2018,7
45-2021,45-2021.00,Animal Breeders,English Language,2.8,08/2018,8
45-2021,45-2021.00,Animal Breeders,Mechanical,2.72,08/2018,9
45-2021,45-2021.00,Animal Breeders,Economics and Accounting,2.71,08/2018,10
45-2021,45-2021.00,Animal Breeders,Computers and Electronics,2.63,08/2018,11
45-2021,45-2021.00,Animal Breeders,Education and Training,2.55,08/2018,12
45-2021,45-2021.00,Animal Breeders,Transportation,2.53,08/2018,13
45-2021,45-2021.00,Animal Breeders,Chemistry,2.48,08/2018,14
45-2021,45-2021.00,Animal Breeders,Medicine and Dentistry,2.42,08/2018,15
45-2041,45-2041.00,"Graders and Sorters, Agricultural Products",Production and Processing,3.62,07/2017,1
45-2041,45-2041.00,"Graders and Sorters, Agricultural Products",English Language,3.05,07/2017,2
45-2041,45-2041.00,"Graders and Sorters, Agricultural Products",Mechanical,2.99,07/2017,3
45-2041,45-2041.00,"Graders and Sorters, Agricultural Products",Food Production,2.78,07/2017,4
45-2041,45-2041.00,"Graders and Sorters, Agricultural Products",Education and Training,2.73,07/2017,5
45-2041,45-2041.00,"Graders and Sorters, Agricultural Products",Foreign Language,2.36,07/2017,6
45-2041,45-2041.00,"Graders and Sorters, Agricultural Products",Public Safety and Security,2.32,07/2017,7
45-2041,45-2041.00,"Graders and Sorters, Agricultural Products",Administration and Management,2.28,07/2017,8
45-2041,45-2041.00,"Graders and Sorters, Agricultural Products",Customer and Personal Service,2.13,07/2017,9
45-2041,45-2041.00,"Graders and Sorters, Agricultural Products",Mathematics,2.08,07/2017,10
45-2041,45-2041.00,"Graders and Sorters, Agricultural Products",Computers and Electronics,2.01,07/2017,11
45-2041,45-2041.00,"Graders and Sorters, Agricultural Products",Transportation,1.97,07/2017,12
45-2041,45-2041.00,"Graders and Sorters, Agricultural Products",Personnel and Human Resources,1.94,07/2017,13
45-2041,45-2041.00,"Graders and Sorters, Agricultural Products",Engineering and Technology,1.93,07/2017,14
45-2041,45-2041.00,"Graders and Sorters, Agricultural Products",Sales and Marketing,1.84,07/2017,15
45-2091,45-2091.00,Agricultural Equipment Operators,English Language,3.38,08/2019,1
45-2091,45-2091.00,Agricultural Equipment Operators,Mechanical,2.86,08/2019,2
45-2091,45-2091.00,Agricultural Equipment Operators,Public Safety and Security,2.79,08/2019,3
45-2091,45-2091.00,Agricultural Equipment Operators,Mathematics,2.76,08/2019,4
45-2091,45-2091.00,Agricultural Equipment Operators,Transportation,2.72,08/2019,5
45-2091,45-2091.00,Agricultural Equipment Operators,Production and Processing,2.69,08/2019,6
45-2091,45-2091.00,Agricultural Equipment Operators,Customer and Personal Service,2.64,08/2019,7
45-2091,45-2091.00,Agricultural Equipment Operators,Chemistry,2.61,08/2019,8
45-2091,45-2091.00,Agricultural Equipment Operators,Law and Government,2.57,08/2019,9
45-2091,45-2091.00,Agricultural Equipment Operators,Design,2.37,08/2019,10
45-2091,45-2091.00,Agricultural Equipment Operators,Education and Training,2.34,08/2019,11
45-2091,45-2091.00,Agricultural Equipment Operators,Physics,2.33,08/2019,12
45-2091,45-2091.00,Agricultural Equipment Operators,Building and Construction,2.19,08/2019,13
45-2091,45-2091.00,Agricultural Equipment Operators,Administrative,2.18,08/2019,14
45-2091,45-2091.00,Agricultural Equipment Operators,Computers and Electronics,2.17,08/2019,15
45-2092,45-2092.00,"Farmworkers and Laborers, Crop, Nursery, and Greenhouse",Food Production,2.84,08/2022,1
45-2092,45-2092.00,"Farmworkers and Laborers, Crop, Nursery, and Greenhouse",Biology,2.84,08/2022,2
45-2092,45-2092.00,"Farmworkers and Laborers, Crop, Nursery, and Greenhouse",Mechanical,2.71,08/2022,3
45-2092,45-2092.00,"Farmworkers and Laborers, Crop, Nursery, and Greenhouse",Administration and Management,2.68,08/2022,4
45-2092,45-2092.00,"Farmworkers and Laborers, Crop, Nursery, and Greenhouse",Chemistry,2.64,08/2022,5
45-2092,45-2092.00,"Farmworkers and Laborers, Crop, Nursery, and Greenhouse",Mathematics,2.59,08/2022,6
45-2092,45-2092.00,"Farmworkers and Laborers, Crop, Nursery, and Greenhouse",English Language,2.52,08/2022,7
45-2092,45-2092.00,"Farmworkers and Laborers, Crop, Nursery, and Greenhouse",Production and Processing,2.43,08/2022,8
45-2092,45-2092.00,"Farmworkers and Laborers, Crop, Nursery, and Greenhouse",Customer and Personal Service,2.18,08/2022,9
45-2092,45-2092.00,"Farmworkers and Laborers, Crop, Nursery, and Greenhouse",Transportation,2.16,08/2022,10
45-2092,45-2092.00,"Farmworkers and Laborers, Crop, Nursery, and Greenhouse",Public Safety and Security,2.15,08/2022,11
45-2092,45-2092.00,"Farmworkers and Laborers, Crop, Nursery, and Greenhouse",Administrative,2.13,08/2022,12
45-2092,45-2092.00,"Farmworkers and Laborers, Crop, Nursery, and Greenhouse",Engineering and Technology,2.13,08/2022,13
45-2092,45-2092.00,"Farmworkers and Laborers, Crop, Nursery, and Greenhouse",Education and Training,2.13,08/2022,14
45-2092,45-2092.00,"Farmworkers and Laborers, Crop, Nursery, and Greenhouse",Economics and Accounting,2.09,08/2022,15
45-2093,45-2093.00,"Farmworkers, Farm, Ranch, and Aquacultural Animals",Production and Processing,3.2,08/2019,1
45-2093,45-2093.00,"Farmworkers, Farm, Ranch, and Aquacultural Animals",Biology,3.16,08/2019,2
45-2093,45-2093.00,"Farmworkers, Farm, Ranch, and Aquacultural Animals",Administration and Management,3.15,08/2019,3
45-2093,45-2093.00,"Farmworkers, Farm, Ranch, and Aquacultural Animals",English Language,3.14,08/2019,4
45-2093,45-2093.00,"Farmworkers, Farm, Ranch, and Aquacultural Animals",Mechanical,3.12,08/2019,5
45-2093,45-2093.00,"Farmworkers, Farm, Ranch, and Aquacultural Animals",Food Production,3.05,08/2019,6
45-2093,45-2093.00,"Farmworkers, Farm, Ranch, and Aquacultural Animals",Mathematics,3.0,08/2019,7
45-2093,45-2093.00,"Farmworkers, Farm, Ranch, and Aquacultural Animals",Public Safety and Security,2.97,08/2019,8
45-2093,45-2093.00,"Farmworkers, Farm, Ranch, and Aquacultural Animals",Transportation,2.81,08/2019,9
45-2093,45-2093.00,"Farmworkers, Farm, Ranch, and Aquacultural Animals",Economics and Accounting,2.77,08/2019,10
45-2093,45-2093.00,"Farmworkers, Farm, Ranch, and Aquacultural Animals",Administrative,2.72,08/2019,11
45-2093,45-2093.00,"Farmworkers, Farm, Ranch, and Aquacultural Animals",Sales and Marketing,2.72,08/2019,12
45-2093,45-2093.00,"Farmworkers, Farm, Ranch, and Aquacultural Animals",Education and Training,2.62,08/2019,13
45-2093,45-2093.00,"Farmworkers, Farm, Ranch, and Aquacultural Animals",Law and Government,2.53,08/2019,14
45-2093,45-2093.00,"Farmworkers, Farm, Ranch, and Aquacultural Animals",Chemistry,2.52,08/2019,15
45-4011,45-4011.00,Forest and Conservation Workers,Public Safety and Security,3.48,08/2023,1
45-4011,45-4011.00,Forest and Conservation Workers,English Language,3.47,08/2023,2
45-4011,45-4011.00,Forest and Conservation Workers,Customer and Personal Service,3.19,08/2023,3
45-4011,45-4011.00,Forest and Conservation Workers,Administration and Management,3.18,08/2023,4
45-4011,45-4011.00,Forest and Conservation Workers,Geography,3.04,08/2023,5
45-4011,45-4011.00,Forest and Conservation Workers,Biology,3.02,08/2023,6
45-4011,45-4011.00,Forest and Conservation Workers,Communications and Media,2.88,08/2023,7
45-4011,45-4011.00,Forest and Conservation Workers,Transportation,2.85,08/2023,8
45-4011,45-4011.00,Forest and Conservation Workers,Education and Training,2.82,08/2023,9
45-4011,45-4011.00,Forest and Conservation Workers,Computers and Electronics,2.72,08/2023,10
45-4011,45-4011.00,Forest and Conservation Workers,Law and Government,2.72,08/2023,11
45-4011,45-4011.00,Forest and Conservation Workers,Personnel and Human Resources,2.7,08/2023,12
45-4011,45-4011.00,Forest and Conservation Workers,Mechanical,2.69,08/2023,13
45-4011,45-4011.00,Forest and Conservation Workers,Administrative,2.48,08/2023,14
45-4011,45-4011.00,Forest and Conservation Workers,Mathematics,2.37,08/2023,15
45-4021,45-4021.00,Fallers,Mechanical,2.86,06/2007,1
45-4021,45-4021.00,Fallers,Production and Processing,2.73,06/2007,2
45-4021,45-4021.00,Fallers,Administration and Management,2.5,06/2007,3
45-4021,45-4021.00,Fallers,Public Safety and Security,2.43,06/2007,4
45-4021,45-4021.00,Fallers,Customer and Personal Service,2.35,06/2007,5
45-4021,45-4021.00,Fallers,Mathematics,2.23,06/2007,6
45-4021,45-4021.00,Fallers,Economics and Accounting,2.18,06/2007,7
45-4021,45-4021.00,Fallers,Law and Government,2.1,06/2007,8
45-4021,45-4021.00,Fallers,Engineering and Technology,2.07,06/2007,9
45-4021,45-4021.00,Fallers,Education and Training,2.07,06/2007,10
45-4021,45-4021.00,Fallers,Transportation,2.07,06/2007,11
45-4021,45-4021.00,Fallers,Physics,1.86,06/2007,12
45-4021,45-4021.00,Fallers,Design,1.84,06/2007,13
45-4021,45-4021.00,Fallers,Biology,1.83,06/2007,14
45-4021,45-4021.00,Fallers,Geography,1.81,06/2007,15
45-4022,45-4022.00,Logging Equipment Operators,Mechanical,4.21,07/2017,1
45-4022,45-4022.00,Logging Equipment Operators,Public Safety and Security,3.5,07/2017,2
45-4022,45-4022.00,Logging Equipment Operators,Production and Processing,3.38,07/2017,3
45-4022,45-4022.00,Logging Equipment Operators,Transportation,2.66,07/2017,4
45-4022,45-4022.00,Logging Equipment Operators,Administration and Management,2.3,07/2017,5
45-4022,45-4022.00,Logging Equipment Operators,Customer and Personal Service,2.08,07/2017,6
45-4022,45-4022.00,Logging Equipment Operators,Engineering and Technology,2.0,07/2017,7
45-4022,45-4022.00,Logging Equipment Operators,Mathematics,1.92,07/2017,8
45-4022,45-4022.00,Logging Equipment Operators,Physics,1.92,07/2017,9
45-4022,45-4022.00,Logging Equipment Operators,Education and Training,1.9,07/2017,10
45-4022,45-4022.00,Logging Equipment Operators,English Language,1.9,07/2017,11
45-4022,45-4022.00,Logging Equipment Operators,Law and Government,1.88,07/2017,12
45-4022,45-4022.00,Logging Equipment Operators,Geography,1.81,07/2017,13
45-4022,45-4022.00,Logging Equipment Operators,Design,1.7,07/2017,14
45-4022,45-4022.00,Logging Equipment Operators,Psychology,1.59,07/2017,15
45-4023,45-4023.00,Log Graders and Scalers,Production and Processing,3.79,07/2017,1
45-4023,45-4023.00,Log Graders and Scalers,Mathematics,3.33,07/2017,2
45-4023,45-4023.00,Log Graders and Scalers,Customer and Personal Service,3.12,07/2017,3
45-4023,45-4023.00,Log Graders and Scalers,Administration and Management,3.03,07/2017,4
45-4023,45-4023.00,Log Graders and Scalers,Mechanical,2.7,07/2017,5
45-4023,45-4023.00,Log Graders and Scalers,Education and Training,2.69,07/2017,6
45-4023,45-4023.00,Log Graders and Scalers,Transportation,2.64,07/2017,7
45-4023,45-4023.00,Log Graders and Scalers,English Language,2.52,07/2017,8
45-4023,45-4023.00,Log Graders and Scalers,Sales and Marketing,2.44,07/2017,9
45-4023,45-4023.00,Log Graders and Scalers,Computers and Electronics,2.33,07/2017,10
45-4023,45-4023.00,Log Graders and Scalers,Economics and Accounting,2.27,07/2017,11
45-4023,45-4023.00,Log Graders and Scalers,Administrative,2.11,07/2017,12
45-4023,45-4023.00,Log Graders and Scalers,Personnel and Human Resources,2.09,07/2017,13
45-4023,45-4023.00,Log Graders and Scalers,Engineering and Technology,1.98,07/2017,14
45-4023,45-4023.00,Log Graders and Scalers,Public Safety and Security,1.96,07/2017,15
47-1011,47-1011.03,Solar Energy Installation Managers,Building and Construction,4.41,08/2024,1
47-1011,47-1011.03,Solar Energy Installation Managers,Customer and Personal Service,4.21,08/2024,2
47-1011,47-1011.00,First-Line Supervisors of Construction Trades and Extraction Workers,Administration and Management,4.1,08/2020,3
47-1011,47-1011.00,First-Line Supervisors of Construction Trades and Extraction Workers,Building and Construction,4.1,08/2020,4
47-1011,47-1011.00,First-Line Supervisors of Construction Trades and Extraction Workers,Mechanical,3.97,08/2020,5
47-1011,47-1011.00,First-Line Supervisors of Construction Trades and Extraction Workers,Customer and Personal Service,3.73,08/2020,6
47-1011,47-1011.00,First-Line Supervisors of Construction Trades and Extraction Workers,English Language,3.72,08/2020,7
47-1011,47-1011.03,Solar Energy Installation Managers,Administration and Management,3.66,08/2024,8
47-1011,47-1011.03,Solar Energy Installation Managers,Design,3.46,08/2024,9
47-1011,47-1011.00,First-Line Supervisors of Construction Trades and Extraction Workers,Design,3.45,08/2020,10
47-1011,47-1011.03,Solar Energy Installation Managers,Mechanical,3.45,08/2024,11
47-1011,47-1011.00,First-Line Supervisors of Construction Trades and Extraction Workers,Public Safety and Security,3.38,08/2020,12
47-1011,47-1011.03,Solar Energy Installation Managers,Transportation,3.32,08/2024,13
47-1011,47-1011.00,First-Line Supervisors of Construction Trades and Extraction Workers,Mathematics,3.3,08/2020,14
47-1011,47-1011.00,First-Line Supervisors of Construction Trades and Extraction Workers,Engineering and Technology,3.14,08/2020,15
47-2011,47-2011.00,Boilermakers,Mechanical,4.15,08/2025,1
47-2011,47-2011.00,Boilermakers,English Language,3.28,08/2025,2
47-2011,47-2011.00,Boilermakers,Mathematics,3.19,08/2025,3
47-2011,47-2011.00,Boilermakers,Administration and Management,2.92,08/2025,4
47-2011,47-2011.00,Boilermakers,Building and Construction,2.82,08/2025,5
47-2011,47-2011.00,Boilermakers,Computers and Electronics,2.61,08/2025,6
47-2011,47-2011.00,Boilermakers,Physics,2.5,08/2025,7
47-2011,47-2011.00,Boilermakers,Engineering and Technology,2.49,08/2025,8
47-2011,47-2011.00,Boilermakers,Design,2.48,08/2025,9
47-2011,47-2011.00,Boilermakers,Customer and Personal Service,2.36,08/2025,10
47-2011,47-2011.00,Boilermakers,Production and Processing,2.16,08/2025,11
47-2011,47-2011.00,Boilermakers,Administrative,2.13,08/2025,12
47-2011,47-2011.00,Boilermakers,Education and Training,2.12,08/2025,13
47-2011,47-2011.00,Boilermakers,Transportation,2.09,08/2025,14
47-2011,47-2011.00,Boilermakers,Chemistry,2.0,08/2025,15
47-2021,47-2021.00,Brickmasons and Blockmasons,Building and Construction,4.76,08/2018,1
47-2021,47-2021.00,Brickmasons and Blockmasons,Mathematics,3.46,08/2018,2
47-2021,47-2021.00,Brickmasons and Blockmasons,English Language,3.26,08/2018,3
47-2021,47-2021.00,Brickmasons and Blockmasons,Public Safety and Security,3.15,08/2018,4
47-2021,47-2021.00,Brickmasons and Blockmasons,Production and Processing,3.12,08/2018,5
47-2021,47-2021.00,Brickmasons and Blockmasons,Design,3.11,08/2018,6
47-2021,47-2021.00,Brickmasons and Blockmasons,Administration and Management,3.02,08/2018,7
47-2021,47-2021.00,Brickmasons and Blockmasons,Mechanical,3.01,08/2018,8
47-2021,47-2021.00,Brickmasons and Blockmasons,Customer and Personal Service,2.78,08/2018,9
47-2021,47-2021.00,Brickmasons and Blockmasons,Engineering and Technology,2.76,08/2018,10
47-2021,47-2021.00,Brickmasons and Blockmasons,Education and Training,2.64,08/2018,11
47-2021,47-2021.00,Brickmasons and Blockmasons,Chemistry,2.2,08/2018,12
47-2021,47-2021.00,Brickmasons and Blockmasons,Personnel and Human Resources,2.19,08/2018,13
47-2021,47-2021.00,Brickmasons and Blockmasons,Sales and Marketing,2.0,08/2018,14
47-2021,47-2021.00,Brickmasons and Blockmasons,Law and Government,1.96,08/2018,15
47-2022,47-2022.00,Stonemasons,Building and Construction,4.68,08/2025,1
47-2022,47-2022.00,Stonemasons,Design,3.68,08/2025,2
47-2022,47-2022.00,Stonemasons,Mathematics,3.66,08/2025,3
47-2022,47-2022.00,Stonemasons,Mechanical,3.06,08/2025,4
47-2022,47-2022.00,Stonemasons,Customer and Personal Service,3.05,08/2025,5
47-2022,47-2022.00,Stonemasons,Administration and Management,3.03,08/2025,6
47-2022,47-2022.00,Stonemasons,English Language,3.02,08/2025,7
47-2022,47-2022.00,Stonemasons,Production and Processing,2.85,08/2025,8
47-2022,47-2022.00,Stonemasons,Sales and Marketing,2.82,08/2025,9
47-2022,47-2022.00,Stonemasons,Public Safety and Security,2.71,08/2025,10
47-2022,47-2022.00,Stonemasons,Education and Training,2.7,08/2025,11
47-2022,47-2022.00,Stonemasons,Engineering and Technology,2.3,08/2025,12
47-2022,47-2022.00,Stonemasons,Personnel and Human Resources,2.23,08/2025,13
47-2022,47-2022.00,Stonemasons,Administrative,2.02,08/2025,14
47-2022,47-2022.00,Stonemasons,Chemistry,1.97,08/2025,15
47-2031,47-2031.00,Carpenters,Building and Construction,4.66,08/2022,1
47-2031,47-2031.00,Carpenters,Administration and Management,3.91,08/2022,2
47-2031,47-2031.00,Carpenters,Mathematics,3.91,08/2022,3
47-2031,47-2031.00,Carpenters,Design,3.86,08/2022,4
47-2031,47-2031.00,Carpenters,Engineering and Technology,3.6,08/2022,5
47-2031,47-2031.00,Carpenters,Public Safety and Security,3.48,08/2022,6
47-2031,47-2031.00,Carpenters,Mechanical,3.3,08/2022,7
47-2031,47-2031.00,Carpenters,Education and Training,3.23,08/2022,8
47-2031,47-2031.00,Carpenters,Customer and Personal Service,3.08,08/2022,9
47-2031,47-2031.00,Carpenters,Physics,3.05,08/2022,10
47-2031,47-2031.00,Carpenters,English Language,2.93,08/2022,11
47-2031,47-2031.00,Carpenters,Production and Processing,2.9,08/2022,12
47-2031,47-2031.00,Carpenters,Transportation,2.7,08/2022,13
47-2031,47-2031.00,Carpenters,Computers and Electronics,2.54,08/2022,14
47-2031,47-2031.00,Carpenters,Personnel and Human Resources,2.53,08/2022,15
47-2041,47-2041.00,Carpet Installers,Customer and Personal Service,3.67,07/2011,1
47-2041,47-2041.00,Carpet Installers,Mathematics,3.42,07/2011,2
47-2041,47-2041.00,Carpet Installers,Administration and Management,3.4,07/2011,3
47-2041,47-2041.00,Carpet Installers,English Language,3.31,07/2011,4
47-2041,47-2041.00,Carpet Installers,Building and Construction,3.29,07/2011,5
47-2041,47-2041.00,Carpet Installers,Production and Processing,3.07,07/2011,6
47-2041,47-2041.00,Carpet Installers,Education and Training,2.97,07/2011,7
47-2041,47-2041.00,Carpet Installers,Mechanical,2.94,07/2011,8
47-2041,47-2041.00,Carpet Installers,Design,2.72,07/2011,9
47-2041,47-2041.00,Carpet Installers,Public Safety and Security,2.55,07/2011,10
47-2041,47-2041.00,Carpet Installers,Sales and Marketing,2.5,07/2011,11
47-2041,47-2041.00,Carpet Installers,Transportation,2.44,07/2011,12
47-2041,47-2041.00,Carpet Installers,Personnel and Human Resources,2.33,07/2011,13
47-2041,47-2041.00,Carpet Installers,Administrative,2.21,07/2011,14
47-2041,47-2041.00,Carpet Installers,Economics and Accounting,2.19,07/2011,15
47-2042,47-2042.00,"Floor Layers, Except Carpet, Wood, and Hard Tiles",Building and Construction,3.93,12/2005,1
47-2042,47-2042.00,"Floor Layers, Except Carpet, Wood, and Hard Tiles",Customer and Personal Service,3.88,12/2005,2
47-2042,47-2042.00,"Floor Layers, Except Carpet, Wood, and Hard Tiles",Mathematics,3.83,12/2005,3
47-2042,47-2042.00,"Floor Layers, Except Carpet, Wood, and Hard Tiles",Mechanical,3.42,12/2005,4
47-2042,47-2042.00,"Floor Layers, Except Carpet, Wood, and Hard Tiles",Production and Processing,3.33,12/2005,5
47-2042,47-2042.00,"Floor Layers, Except Carpet, Wood, and Hard Tiles",Design,3.11,12/2005,6
47-2042,47-2042.00,"Floor Layers, Except Carpet, Wood, and Hard Tiles",English Language,2.88,12/2005,7
47-2042,47-2042.00,"Floor Layers, Except Carpet, Wood, and Hard Tiles",Education and Training,2.86,12/2005,8
47-2042,47-2042.00,"Floor Layers, Except Carpet, Wood, and Hard Tiles",Public Safety and Security,2.75,12/2005,9
47-2042,47-2042.00,"Floor Layers, Except Carpet, Wood, and Hard Tiles",Transportation,2.54,12/2005,10
47-2042,47-2042.00,"Floor Layers, Except Carpet, Wood, and Hard Tiles",Administration and Management,2.47,12/2005,11
47-2042,47-2042.00,"Floor Layers, Except Carpet, Wood, and Hard Tiles",Engineering and Technology,2.33,12/2005,12
47-2042,47-2042.00,"Floor Layers, Except Carpet, Wood, and Hard Tiles",Chemistry,2.2,12/2005,13
47-2042,47-2042.00,"Floor Layers, Except Carpet, Wood, and Hard Tiles",Physics,2.1,12/2005,14
47-2042,47-2042.00,"Floor Layers, Except Carpet, Wood, and Hard Tiles",Sales and Marketing,2.03,12/2005,15
47-2043,47-2043.00,Floor Sanders and Finishers,Building and Construction,4.11,08/2021,1
47-2043,47-2043.00,Floor Sanders and Finishers,Customer and Personal Service,4.08,08/2021,2
47-2043,47-2043.00,Floor Sanders and Finishers,English Language,3.65,08/2021,3
47-2043,47-2043.00,Floor Sanders and Finishers,Production and Processing,3.31,08/2021,4
47-2043,47-2043.00,Floor Sanders and Finishers,Administration and Management,3.02,08/2021,5
47-2043,47-2043.00,Floor Sanders and Finishers,Mechanical,3.0,08/2021,6
47-2043,47-2043.00,Floor Sanders and Finishers,Mathematics,2.91,08/2021,7
47-2043,47-2043.00,Floor Sanders and Finishers,Design,2.84,08/2021,8
47-2043,47-2043.00,Floor Sanders and Finishers,Public Safety and Security,2.72,08/2021,9
47-2043,47-2043.00,Floor Sanders and Finishers,Sales and Marketing,2.64,08/2021,10
47-2043,47-2043.00,Floor Sanders and Finishers,Education and Training,2.55,08/2021,11
47-2043,47-2043.00,Floor Sanders and Finishers,Administrative,2.5,08/2021,12
47-2043,47-2043.00,Floor Sanders and Finishers,Engineering and Technology,2.48,08/2021,13
47-2043,47-2043.00,Floor Sanders and Finishers,Transportation,2.46,08/2021,14
47-2043,47-2043.00,Floor Sanders and Finishers,Chemistry,2.34,08/2021,15
47-2044,47-2044.00,Tile and Stone Setters,Building and Construction,3.97,08/2023,1
47-2044,47-2044.00,Tile and Stone Setters,Mathematics,3.35,08/2023,2
47-2044,47-2044.00,Tile and Stone Setters,Customer and Personal Service,3.04,08/2023,3
47-2044,47-2044.00,Tile and Stone Setters,Design,3.01,08/2023,4
47-2044,47-2044.00,Tile and Stone Setters,Administration and Management,2.57,08/2023,5
47-2044,47-2044.00,Tile and Stone Setters,Mechanical,2.57,08/2023,6
47-2044,47-2044.00,Tile and Stone Setters,English Language,2.52,08/2023,7
47-2044,47-2044.00,Tile and Stone Setters,Education and Training,2.45,08/2023,8
47-2044,47-2044.00,Tile and Stone Setters,Economics and Accounting,2.44,08/2023,9
47-2044,47-2044.00,Tile and Stone Setters,Production and Processing,2.4,08/2023,10
47-2044,47-2044.00,Tile and Stone Setters,Transportation,2.4,08/2023,11
47-2044,47-2044.00,Tile and Stone Setters,Sales and Marketing,2.37,08/2023,12
47-2044,47-2044.00,Tile and Stone Setters,Public Safety and Security,2.15,08/2023,13
47-2044,47-2044.00,Tile and Stone Setters,Engineering and Technology,2.08,08/2023,14
47-2044,47-2044.00,Tile and Stone Setters,Administrative,2.04,08/2023,15
47-2051,47-2051.00,Cement Masons and Concrete Finishers,English Language,3.69,08/2018,1
47-2051,47-2051.00,Cement Masons and Concrete Finishers,Building and Construction,3.52,08/2018,2
47-2051,47-2051.00,Cement Masons and Concrete Finishers,Mathematics,3.09,08/2018,3
47-2051,47-2051.00,Cement Masons and Concrete Finishers,Public Safety and Security,3.09,08/2018,4
47-2051,47-2051.00,Cement Masons and Concrete Finishers,Mechanical,2.64,08/2018,5
47-2051,47-2051.00,Cement Masons and Concrete Finishers,Administration and Management,2.6,08/2018,6
47-2051,47-2051.00,Cement Masons and Concrete Finishers,Transportation,2.48,08/2018,7
47-2051,47-2051.00,Cement Masons and Concrete Finishers,Customer and Personal Service,2.32,08/2018,8
47-2051,47-2051.00,Cement Masons and Concrete Finishers,Education and Training,2.31,08/2018,9
47-2051,47-2051.00,Cement Masons and Concrete Finishers,Foreign Language,2.22,08/2018,10
47-2051,47-2051.00,Cement Masons and Concrete Finishers,Design,2.18,08/2018,11
47-2051,47-2051.00,Cement Masons and Concrete Finishers,Production and Processing,2.17,08/2018,12
47-2051,47-2051.00,Cement Masons and Concrete Finishers,Computers and Electronics,2.08,08/2018,13
47-2051,47-2051.00,Cement Masons and Concrete Finishers,Telecommunications,1.94,08/2018,14
47-2051,47-2051.00,Cement Masons and Concrete Finishers,Chemistry,1.91,08/2018,15
47-2053,47-2053.00,Terrazzo Workers and Finishers,Building and Construction,4.05,07/2015,1
47-2053,47-2053.00,Terrazzo Workers and Finishers,Design,3.58,07/2015,2
47-2053,47-2053.00,Terrazzo Workers and Finishers,Mathematics,3.39,07/2015,3
47-2053,47-2053.00,Terrazzo Workers and Finishers,English Language,3.26,07/2015,4
47-2053,47-2053.00,Terrazzo Workers and Finishers,Administration and Management,3.23,07/2015,5
47-2053,47-2053.00,Terrazzo Workers and Finishers,Customer and Personal Service,3.23,07/2015,6
47-2053,47-2053.00,Terrazzo Workers and Finishers,Chemistry,3.15,07/2015,7
47-2053,47-2053.00,Terrazzo Workers and Finishers,Mechanical,3.1,07/2015,8
47-2053,47-2053.00,Terrazzo Workers and Finishers,Public Safety and Security,3.02,07/2015,9
47-2053,47-2053.00,Terrazzo Workers and Finishers,Production and Processing,2.96,07/2015,10
47-2053,47-2053.00,Terrazzo Workers and Finishers,Education and Training,2.64,07/2015,11
47-2053,47-2053.00,Terrazzo Workers and Finishers,Physics,2.34,07/2015,12
47-2053,47-2053.00,Terrazzo Workers and Finishers,Engineering and Technology,2.3,07/2015,13
47-2053,47-2053.00,Terrazzo Workers and Finishers,Personnel and Human Resources,2.24,07/2015,14
47-2053,47-2053.00,Terrazzo Workers and Finishers,Transportation,2.24,07/2015,15
47-2061,47-2061.00,Construction Laborers,Building and Construction,3.98,08/2020,1
47-2061,47-2061.00,Construction Laborers,Public Safety and Security,3.17,08/2020,2
47-2061,47-2061.00,Construction Laborers,Mechanical,3.03,08/2020,3
47-2061,47-2061.00,Construction Laborers,Customer and Personal Service,2.79,08/2020,4
47-2061,47-2061.00,Construction Laborers,Education and Training,2.36,08/2020,5
47-2061,47-2061.00,Construction Laborers,Administration and Management,2.28,08/2020,6
47-2061,47-2061.00,Construction Laborers,Design,2.23,08/2020,7
47-2061,47-2061.00,Construction Laborers,Mathematics,2.2,08/2020,8
47-2061,47-2061.00,Construction Laborers,English Language,2.09,08/2020,9
47-2061,47-2061.00,Construction Laborers,Engineering and Technology,2.08,08/2020,10
47-2061,47-2061.00,Construction Laborers,Production and Processing,1.93,08/2020,11
47-2061,47-2061.00,Construction Laborers,Transportation,1.84,08/2020,12
47-2061,47-2061.00,Construction Laborers,Philosophy and Theology,1.73,08/2020,13
47-2061,47-2061.00,Construction Laborers,Administrative,1.64,08/2020,14
47-2061,47-2061.00,Construction Laborers,Physics,1.58,08/2020,15
47-2071,47-2071.00,"Paving, Surfacing, and Tamping Equipment Operators",Building and Construction,3.65,08/2020,1
47-2071,47-2071.00,"Paving, Surfacing, and Tamping Equipment Operators",Mechanical,3.26,08/2020,2
47-2071,47-2071.00,"Paving, Surfacing, and Tamping Equipment Operators",Mathematics,2.77,08/2020,3
47-2071,47-2071.00,"Paving, Surfacing, and Tamping Equipment Operators",Physics,2.74,08/2020,4
47-2071,47-2071.00,"Paving, Surfacing, and Tamping Equipment Operators",Public Safety and Security,2.74,08/2020,5
47-2071,47-2071.00,"Paving, Surfacing, and Tamping Equipment Operators",Customer and Personal Service,2.73,08/2020,6
47-2071,47-2071.00,"Paving, Surfacing, and Tamping Equipment Operators",Chemistry,2.49,08/2020,7
47-2071,47-2071.00,"Paving, Surfacing, and Tamping Equipment Operators",Administration and Management,2.43,08/2020,8
47-2071,47-2071.00,"Paving, Surfacing, and Tamping Equipment Operators",Design,2.43,08/2020,9
47-2071,47-2071.00,"Paving, Surfacing, and Tamping Equipment Operators",Law and Government,2.41,08/2020,10
47-2071,47-2071.00,"Paving, Surfacing, and Tamping Equipment Operators",English Language,2.37,08/2020,11
47-2071,47-2071.00,"Paving, Surfacing, and Tamping Equipment Operators",Education and Training,2.27,08/2020,12
47-2071,47-2071.00,"Paving, Surfacing, and Tamping Equipment Operators",Engineering and Technology,2.26,08/2020,13
47-2071,47-2071.00,"Paving, Surfacing, and Tamping Equipment Operators",Geography,2.2,08/2020,14
47-2071,47-2071.00,"Paving, Surfacing, and Tamping Equipment Operators",Production and Processing,2.18,08/2020,15
47-2072,47-2072.00,Pile Driver Operators,Building and Construction,4.12,08/2018,1
47-2072,47-2072.00,Pile Driver Operators,Mechanical,3.65,08/2018,2
47-2072,47-2072.00,Pile Driver Operators,Mathematics,3.59,08/2018,3
47-2072,47-2072.00,Pile Driver Operators,Transportation,3.47,08/2018,4
47-2072,47-2072.00,Pile Driver Operators,Engineering and Technology,3.41,08/2018,5
47-2072,47-2072.00,Pile Driver Operators,Public Safety and Security,3.4,08/2018,6
47-2072,47-2072.00,Pile Driver Operators,Design,3.15,08/2018,7
47-2072,47-2072.00,Pile Driver Operators,Production and Processing,2.95,08/2018,8
47-2072,47-2072.00,Pile Driver Operators,Administration and Management,2.93,08/2018,9
47-2072,47-2072.00,Pile Driver Operators,English Language,2.82,08/2018,10
47-2072,47-2072.00,Pile Driver Operators,Customer and Personal Service,2.79,08/2018,11
47-2072,47-2072.00,Pile Driver Operators,Physics,2.73,08/2018,12
47-2072,47-2072.00,Pile Driver Operators,Education and Training,2.58,08/2018,13
47-2072,47-2072.00,Pile Driver Operators,Administrative,2.34,08/2018,14
47-2072,47-2072.00,Pile Driver Operators,Geography,2.26,08/2018,15
47-2073,47-2073.00,Operating Engineers and Other Construction Equipment Operators,Mechanical,3.56,08/2020,1
47-2073,47-2073.00,Operating Engineers and Other Construction Equipment Operators,English Language,3.33,08/2020,2
47-2073,47-2073.00,Operating Engineers and Other Construction Equipment Operators,Public Safety and Security,3.13,08/2020,3
47-2073,47-2073.00,Operating Engineers and Other Construction Equipment Operators,Mathematics,2.81,08/2020,4
47-2073,47-2073.00,Operating Engineers and Other Construction Equipment Operators,Administration and Management,2.78,08/2020,5
47-2073,47-2073.00,Operating Engineers and Other Construction Equipment Operators,Customer and Personal Service,2.73,08/2020,6
47-2073,47-2073.00,Operating Engineers and Other Construction Equipment Operators,Education and Training,2.59,08/2020,7
47-2073,47-2073.00,Operating Engineers and Other Construction Equipment Operators,Transportation,2.54,08/2020,8
47-2073,47-2073.00,Operating Engineers and Other Construction Equipment Operators,Building and Construction,2.46,08/2020,9
47-2073,47-2073.00,Operating Engineers and Other Construction Equipment Operators,Engineering and Technology,2.35,08/2020,10
47-2073,47-2073.00,Operating Engineers and Other Construction Equipment Operators,Design,2.24,08/2020,11
47-2073,47-2073.00,Operating Engineers and Other Construction Equipment Operators,Law and Government,2.16,08/2020,12
47-2073,47-2073.00,Operating Engineers and Other Construction Equipment Operators,Production and Processing,2.02,08/2020,13
47-2073,47-2073.00,Operating Engineers and Other Construction Equipment Operators,Personnel and Human Resources,1.96,08/2020,14
47-2073,47-2073.00,Operating Engineers and Other Construction Equipment Operators,Geography,1.76,08/2020,15
47-2081,47-2081.00,Drywall and Ceiling Tile Installers,Building and Construction,4.47,07/2016,1
47-2081,47-2081.00,Drywall and Ceiling Tile Installers,Mathematics,3.5,07/2016,2
47-2081,47-2081.00,Drywall and Ceiling Tile Installers,Mechanical,3.25,07/2016,3
47-2081,47-2081.00,Drywall and Ceiling Tile Installers,Public Safety and Security,3.18,07/2016,4
47-2081,47-2081.00,Drywall and Ceiling Tile Installers,Administration and Management,3.09,07/2016,5
47-2081,47-2081.00,Drywall and Ceiling Tile Installers,Design,2.97,07/2016,6
47-2081,47-2081.00,Drywall and Ceiling Tile Installers,English Language,2.96,07/2016,7
47-2081,47-2081.00,Drywall and Ceiling Tile Installers,Engineering and Technology,2.74,07/2016,8
47-2081,47-2081.00,Drywall and Ceiling Tile Installers,Customer and Personal Service,2.73,07/2016,9
47-2081,47-2081.00,Drywall and Ceiling Tile Installers,Production and Processing,2.53,07/2016,10
47-2081,47-2081.00,Drywall and Ceiling Tile Installers,Transportation,2.53,07/2016,11
47-2081,47-2081.00,Drywall and Ceiling Tile Installers,Education and Training,2.42,07/2016,12
47-2081,47-2081.00,Drywall and Ceiling Tile Installers,Sales and Marketing,2.4,07/2016,13
47-2081,47-2081.00,Drywall and Ceiling Tile Installers,Economics and Accounting,2.28,07/2016,14
47-2081,47-2081.00,Drywall and Ceiling Tile Installers,Personnel and Human Resources,2.21,07/2016,15
47-2082,47-2082.00,Tapers,Building and Construction,4.03,07/2015,1
47-2082,47-2082.00,Tapers,English Language,2.64,07/2015,2
47-2082,47-2082.00,Tapers,Education and Training,2.53,07/2015,3
47-2082,47-2082.00,Tapers,Customer and Personal Service,2.48,07/2015,4
47-2082,47-2082.00,Tapers,Mechanical,2.38,07/2015,5
47-2082,47-2082.00,Tapers,Administration and Management,2.35,07/2015,6
47-2082,47-2082.00,Tapers,Mathematics,2.31,07/2015,7
47-2082,47-2082.00,Tapers,Public Safety and Security,2.3,07/2015,8
47-2082,47-2082.00,Tapers,Transportation,2.07,07/2015,9
47-2082,47-2082.00,Tapers,Design,1.66,07/2015,10
47-2082,47-2082.00,Tapers,Law and Government,1.61,07/2015,11
47-2082,47-2082.00,Tapers,Engineering and Technology,1.57,07/2015,12
47-2082,47-2082.00,Tapers,Economics and Accounting,1.56,07/2015,13
47-2082,47-2082.00,Tapers,Physics,1.56,07/2015,14
47-2082,47-2082.00,Tapers,Chemistry,1.51,07/2015,15
47-2111,47-2111.00,Electricians,Building and Construction,3.67,08/2022,1
47-2111,47-2111.00,Electricians,Administration and Management,3.58,08/2022,2
47-2111,47-2111.00,Electricians,Mechanical,3.42,08/2022,3
47-2111,47-2111.00,Electricians,Mathematics,3.4,08/2022,4
47-2111,47-2111.00,Electricians,Design,3.32,08/2022,5
47-2111,47-2111.00,Electricians,Customer and Personal Service,3.17,08/2022,6
47-2111,47-2111.00,Electricians,Public Safety and Security,2.87,08/2022,7
47-2111,47-2111.00,Electricians,Psychology,2.68,08/2022,8
47-2111,47-2111.00,Electricians,English Language,2.64,08/2022,9
47-2111,47-2111.00,Electricians,Production and Processing,2.5,08/2022,10
47-2111,47-2111.00,Electricians,Transportation,2.5,08/2022,11
47-2111,47-2111.00,Electricians,Telecommunications,2.48,08/2022,12
47-2111,47-2111.00,Electricians,Law and Government,2.43,08/2022,13
47-2111,47-2111.00,Electricians,Administrative,2.33,08/2022,14
47-2111,47-2111.00,Electricians,Physics,2.27,08/2022,15
47-2121,47-2121.00,Glaziers,Building and Construction,4.3,08/2023,1
47-2121,47-2121.00,Glaziers,Mechanical,3.5,08/2023,2
47-2121,47-2121.00,Glaziers,Mathematics,3.47,08/2023,3
47-2121,47-2121.00,Glaziers,Administration and Management,3.46,08/2023,4
47-2121,47-2121.00,Glaziers,Design,3.39,08/2023,5
47-2121,47-2121.00,Glaziers,Customer and Personal Service,3.35,08/2023,6
47-2121,47-2121.00,Glaziers,Engineering and Technology,2.75,08/2023,7
47-2121,47-2121.00,Glaziers,Production and Processing,2.6,08/2023,8
47-2121,47-2121.00,Glaziers,English Language,2.6,08/2023,9
47-2121,47-2121.00,Glaziers,Public Safety and Security,2.59,08/2023,10
47-2121,47-2121.00,Glaziers,Education and Training,2.55,08/2023,11
47-2121,47-2121.00,Glaziers,Personnel and Human Resources,2.12,08/2023,12
47-2121,47-2121.00,Glaziers,Administrative,2.06,08/2023,13
47-2121,47-2121.00,Glaziers,Physics,1.93,08/2023,14
47-2121,47-2121.00,Glaziers,Transportation,1.93,08/2023,15
47-2131,47-2131.00,"Insulation Workers, Floor, Ceiling, and Wall",Building and Construction,3.35,07/2015,1
47-2131,47-2131.00,"Insulation Workers, Floor, Ceiling, and Wall",Customer and Personal Service,3.04,07/2015,2
47-2131,47-2131.00,"Insulation Workers, Floor, Ceiling, and Wall",Mechanical,3.02,07/2015,3
47-2131,47-2131.00,"Insulation Workers, Floor, Ceiling, and Wall",English Language,2.91,07/2015,4
47-2131,47-2131.00,"Insulation Workers, Floor, Ceiling, and Wall",Administration and Management,2.78,07/2015,5
47-2131,47-2131.00,"Insulation Workers, Floor, Ceiling, and Wall",Transportation,2.61,07/2015,6
47-2131,47-2131.00,"Insulation Workers, Floor, Ceiling, and Wall",Mathematics,2.51,07/2015,7
47-2131,47-2131.00,"Insulation Workers, Floor, Ceiling, and Wall",Public Safety and Security,2.48,07/2015,8
47-2131,47-2131.00,"Insulation Workers, Floor, Ceiling, and Wall",Design,2.29,07/2015,9
47-2131,47-2131.00,"Insulation Workers, Floor, Ceiling, and Wall",Education and Training,2.28,07/2015,10
47-2131,47-2131.00,"Insulation Workers, Floor, Ceiling, and Wall",Production and Processing,2.16,07/2015,11
47-2131,47-2131.00,"Insulation Workers, Floor, Ceiling, and Wall",Physics,2.12,07/2015,12
47-2131,47-2131.00,"Insulation Workers, Floor, Ceiling, and Wall",Sales and Marketing,2.04,07/2015,13
47-2131,47-2131.00,"Insulation Workers, Floor, Ceiling, and Wall",Personnel and Human Resources,1.98,07/2015,14
47-2131,47-2131.00,"Insulation Workers, Floor, Ceiling, and Wall",Law and Government,1.95,07/2015,15
47-2132,47-2132.00,"Insulation Workers, Mechanical",Building and Construction,4.32,08/2023,1
47-2132,47-2132.00,"Insulation Workers, Mechanical",Customer and Personal Service,4.09,08/2023,2
47-2132,47-2132.00,"Insulation Workers, Mechanical",Mechanical,4.07,08/2023,3
47-2132,47-2132.00,"Insulation Workers, Mechanical",Administration and Management,4.02,08/2023,4
47-2132,47-2132.00,"Insulation Workers, Mechanical",Education and Training,3.87,08/2023,5
47-2132,47-2132.00,"Insulation Workers, Mechanical",Mathematics,3.83,08/2023,6
47-2132,47-2132.00,"Insulation Workers, Mechanical",Production and Processing,3.66,08/2023,7
47-2132,47-2132.00,"Insulation Workers, Mechanical",Public Safety and Security,3.66,08/2023,8
47-2132,47-2132.00,"Insulation Workers, Mechanical",English Language,3.62,08/2023,9
47-2132,47-2132.00,"Insulation Workers, Mechanical",Design,3.55,08/2023,10
47-2132,47-2132.00,"Insulation Workers, Mechanical",Sales and Marketing,3.34,08/2023,11
47-2132,47-2132.00,"Insulation Workers, Mechanical",Personnel and Human Resources,3.32,08/2023,12
47-2132,47-2132.00,"Insulation Workers, Mechanical",Transportation,3.08,08/2023,13
47-2132,47-2132.00,"Insulation Workers, Mechanical",Economics and Accounting,2.86,08/2023,14
47-2132,47-2132.00,"Insulation Workers, Mechanical",Psychology,2.78,08/2023,15
47-2141,47-2141.00,"Painters, Construction and Maintenance",Customer and Personal Service,3.17,08/2025,1
47-2141,47-2141.00,"Painters, Construction and Maintenance",Building and Construction,3.03,08/2025,2
47-2141,47-2141.00,"Painters, Construction and Maintenance",Administration and Management,2.87,08/2025,3
47-2141,47-2141.00,"Painters, Construction and Maintenance",Public Safety and Security,2.8,08/2025,4
47-2141,47-2141.00,"Painters, Construction and Maintenance",Chemistry,2.67,08/2025,5
47-2141,47-2141.00,"Painters, Construction and Maintenance",Transportation,2.65,08/2025,6
47-2141,47-2141.00,"Painters, Construction and Maintenance",Education and Training,2.64,08/2025,7
47-2141,47-2141.00,"Painters, Construction and Maintenance",Production and Processing,2.63,08/2025,8
47-2141,47-2141.00,"Painters, Construction and Maintenance",Mathematics,2.53,08/2025,9
47-2141,47-2141.00,"Painters, Construction and Maintenance",Mechanical,2.43,08/2025,10
47-2141,47-2141.00,"Painters, Construction and Maintenance",English Language,2.43,08/2025,11
47-2141,47-2141.00,"Painters, Construction and Maintenance",Design,2.19,08/2025,12
47-2141,47-2141.00,"Painters, Construction and Maintenance",Personnel and Human Resources,2.17,08/2025,13
47-2141,47-2141.00,"Painters, Construction and Maintenance",Psychology,2.02,08/2025,14
47-2141,47-2141.00,"Painters, Construction and Maintenance",Engineering and Technology,2.0,08/2025,15
47-2142,47-2142.00,Paperhangers,Customer and Personal Service,3.73,06/2008,1
47-2142,47-2142.00,Paperhangers,Building and Construction,3.54,06/2008,2
47-2142,47-2142.00,Paperhangers,Mathematics,3.27,06/2008,3
47-2142,47-2142.00,Paperhangers,Mechanical,3.05,06/2008,4
47-2142,47-2142.00,Paperhangers,Administration and Management,3.02,06/2008,5
47-2142,47-2142.00,Paperhangers,Public Safety and Security,3.02,06/2008,6
47-2142,47-2142.00,Paperhangers,English Language,2.98,06/2008,7
47-2142,47-2142.00,Paperhangers,Design,2.94,06/2008,8
47-2142,47-2142.00,Paperhangers,Education and Training,2.82,06/2008,9
47-2142,47-2142.00,Paperhangers,Sales and Marketing,2.75,06/2008,10
47-2142,47-2142.00,Paperhangers,Production and Processing,2.72,06/2008,11
47-2142,47-2142.00,Paperhangers,Chemistry,2.65,06/2008,12
47-2142,47-2142.00,Paperhangers,Engineering and Technology,2.57,06/2008,13
47-2142,47-2142.00,Paperhangers,Personnel and Human Resources,2.54,06/2008,14
47-2142,47-2142.00,Paperhangers,Economics and Accounting,2.53,06/2008,15
47-2151,47-2151.00,Pipelayers,Building and Construction,3.7,08/2025,1
47-2151,47-2151.00,Pipelayers,Public Safety and Security,3.01,08/2025,2
47-2151,47-2151.00,Pipelayers,Engineering and Technology,2.98,08/2025,3
47-2151,47-2151.00,Pipelayers,Mechanical,2.98,08/2025,4
47-2151,47-2151.00,Pipelayers,Administration and Management,2.92,08/2025,5
47-2151,47-2151.00,Pipelayers,Production and Processing,2.84,08/2025,6
47-2151,47-2151.00,Pipelayers,English Language,2.84,08/2025,7
47-2151,47-2151.00,Pipelayers,Design,2.79,08/2025,8
47-2151,47-2151.00,Pipelayers,Education and Training,2.75,08/2025,9
47-2151,47-2151.00,Pipelayers,Mathematics,2.71,08/2025,10
47-2151,47-2151.00,Pipelayers,Customer and Personal Service,2.51,08/2025,11
47-2151,47-2151.00,Pipelayers,Computers and Electronics,2.5,08/2025,12
47-2151,47-2151.00,Pipelayers,Chemistry,2.5,08/2025,13
47-2151,47-2151.00,Pipelayers,Transportation,2.5,08/2025,14
47-2151,47-2151.00,Pipelayers,Physics,2.37,08/2025,15
47-2152,47-2152.04,Solar Thermal Installers and Technicians,Mechanical,4.73,07/2015,1
47-2152,47-2152.04,Solar Thermal Installers and Technicians,Building and Construction,4.65,07/2015,2
47-2152,47-2152.04,Solar Thermal Installers and Technicians,Customer and Personal Service,4.45,07/2015,3
47-2152,47-2152.00,"Plumbers, Pipefitters, and Steamfitters",Building and Construction,4.35,08/2022,4
47-2152,47-2152.00,"Plumbers, Pipefitters, and Steamfitters",Mechanical,4.33,08/2022,5
47-2152,47-2152.04,Solar Thermal Installers and Technicians,English Language,4.07,07/2015,6
47-2152,47-2152.04,Solar Thermal Installers and Technicians,Engineering and Technology,4.01,07/2015,7
47-2152,47-2152.04,Solar Thermal Installers and Technicians,Education and Training,3.93,07/2015,8
47-2152,47-2152.04,Solar Thermal Installers and Technicians,Design,3.92,07/2015,9
47-2152,47-2152.04,Solar Thermal Installers and Technicians,Public Safety and Security,3.78,07/2015,10
47-2152,47-2152.00,"Plumbers, Pipefitters, and Steamfitters",Design,3.76,08/2022,11
47-2152,47-2152.00,"Plumbers, Pipefitters, and Steamfitters",Mathematics,3.75,08/2022,12
47-2152,47-2152.00,"Plumbers, Pipefitters, and Steamfitters",Customer and Personal Service,3.6,08/2022,13
47-2152,47-2152.04,Solar Thermal Installers and Technicians,Computers and Electronics,3.58,07/2015,14
47-2152,47-2152.04,Solar Thermal Installers and Technicians,Production and Processing,3.51,07/2015,15
47-2161,47-2161.00,Plasterers and Stucco Masons,Building and Construction,4.06,07/2015,1
47-2161,47-2161.00,Plasterers and Stucco Masons,Administration and Management,3.23,07/2015,2
47-2161,47-2161.00,Plasterers and Stucco Masons,Design,3.22,07/2015,3
47-2161,47-2161.00,Plasterers and Stucco Masons,English Language,3.07,07/2015,4
47-2161,47-2161.00,Plasterers and Stucco Masons,Customer and Personal Service,3.05,07/2015,5
47-2161,47-2161.00,Plasterers and Stucco Masons,Public Safety and Security,2.96,07/2015,6
47-2161,47-2161.00,Plasterers and Stucco Masons,Mathematics,2.9,07/2015,7
47-2161,47-2161.00,Plasterers and Stucco Masons,Mechanical,2.83,07/2015,8
47-2161,47-2161.00,Plasterers and Stucco Masons,Production and Processing,2.53,07/2015,9
47-2161,47-2161.00,Plasterers and Stucco Masons,Education and Training,2.44,07/2015,10
47-2161,47-2161.00,Plasterers and Stucco Masons,Transportation,2.33,07/2015,11
47-2161,47-2161.00,Plasterers and Stucco Masons,Sales and Marketing,2.32,07/2015,12
47-2161,47-2161.00,Plasterers and Stucco Masons,Personnel and Human Resources,2.27,07/2015,13
47-2161,47-2161.00,Plasterers and Stucco Masons,Economics and Accounting,2.01,07/2015,14
47-2161,47-2161.00,Plasterers and Stucco Masons,Engineering and Technology,1.87,07/2015,15
47-2171,47-2171.00,Reinforcing Iron and Rebar Workers,Building and Construction,4.58,07/2015,1
47-2171,47-2171.00,Reinforcing Iron and Rebar Workers,Mathematics,3.43,07/2015,2
47-2171,47-2171.00,Reinforcing Iron and Rebar Workers,Administration and Management,3.37,07/2015,3
47-2171,47-2171.00,Reinforcing Iron and Rebar Workers,Design,3.29,07/2015,4
47-2171,47-2171.00,Reinforcing Iron and Rebar Workers,English Language,3.27,07/2015,5
47-2171,47-2171.00,Reinforcing Iron and Rebar Workers,Engineering and Technology,3.04,07/2015,6
47-2171,47-2171.00,Reinforcing Iron and Rebar Workers,Mechanical,2.72,07/2015,7
47-2171,47-2171.00,Reinforcing Iron and Rebar Workers,Education and Training,2.65,07/2015,8
47-2171,47-2171.00,Reinforcing Iron and Rebar Workers,Public Safety and Security,2.65,07/2015,9
47-2171,47-2171.00,Reinforcing Iron and Rebar Workers,Customer and Personal Service,2.46,07/2015,10
47-2171,47-2171.00,Reinforcing Iron and Rebar Workers,Personnel and Human Resources,2.45,07/2015,11
47-2171,47-2171.00,Reinforcing Iron and Rebar Workers,Transportation,2.35,07/2015,12
47-2171,47-2171.00,Reinforcing Iron and Rebar Workers,Psychology,2.33,07/2015,13
47-2171,47-2171.00,Reinforcing Iron and Rebar Workers,Production and Processing,2.32,07/2015,14
47-2171,47-2171.00,Reinforcing Iron and Rebar Workers,Chemistry,2.18,07/2015,15
47-2181,47-2181.00,Roofers,Building and Construction,4.58,07/2015,1
47-2181,47-2181.00,Roofers,Customer and Personal Service,3.52,07/2015,2
47-2181,47-2181.00,Roofers,English Language,3.37,07/2015,3
47-2181,47-2181.00,Roofers,Public Safety and Security,3.32,07/2015,4
47-2181,47-2181.00,Roofers,Education and Training,3.22,07/2015,5
47-2181,47-2181.00,Roofers,Mathematics,3.21,07/2015,6
47-2181,47-2181.00,Roofers,Design,3.19,07/2015,7
47-2181,47-2181.00,Roofers,Mechanical,3.08,07/2015,8
47-2181,47-2181.00,Roofers,Administration and Management,3.01,07/2015,9
47-2181,47-2181.00,Roofers,Transportation,2.61,07/2015,10
47-2181,47-2181.00,Roofers,Administrative,2.6,07/2015,11
47-2181,47-2181.00,Roofers,Engineering and Technology,2.57,07/2015,12
47-2181,47-2181.00,Roofers,Foreign Language,2.49,07/2015,13
47-2181,47-2181.00,Roofers,Production and Processing,2.42,07/2015,14
47-2181,47-2181.00,Roofers,Chemistry,2.32,07/2015,15
47-2211,47-2211.00,Sheet Metal Workers,Mechanical,4.18,08/2023,1
47-2211,47-2211.00,Sheet Metal Workers,Building and Construction,3.77,08/2023,2
47-2211,47-2211.00,Sheet Metal Workers,Mathematics,3.76,08/2023,3
47-2211,47-2211.00,Sheet Metal Workers,Design,3.63,08/2023,4
47-2211,47-2211.00,Sheet Metal Workers,English Language,3.41,08/2023,5
47-2211,47-2211.00,Sheet Metal Workers,Administration and Management,3.1,08/2023,6
47-2211,47-2211.00,Sheet Metal Workers,Education and Training,3.1,08/2023,7
47-2211,47-2211.00,Sheet Metal Workers,Production and Processing,3.08,08/2023,8
47-2211,47-2211.00,Sheet Metal Workers,Engineering and Technology,3.04,08/2023,9
47-2211,47-2211.00,Sheet Metal Workers,Computers and Electronics,2.86,08/2023,10
47-2211,47-2211.00,Sheet Metal Workers,Customer and Personal Service,2.81,08/2023,11
47-2211,47-2211.00,Sheet Metal Workers,Public Safety and Security,2.75,08/2023,12
47-2211,47-2211.00,Sheet Metal Workers,Physics,2.61,08/2023,13
47-2211,47-2211.00,Sheet Metal Workers,Transportation,2.41,08/2023,14
47-2211,47-2211.00,Sheet Metal Workers,Administrative,2.33,08/2023,15
47-2221,47-2221.00,Structural Iron and Steel Workers,Building and Construction,4.58,07/2015,1
47-2221,47-2221.00,Structural Iron and Steel Workers,Mechanical,3.67,07/2015,2
47-2221,47-2221.00,Structural Iron and Steel Workers,Mathematics,3.48,07/2015,3
47-2221,47-2221.00,Structural Iron and Steel Workers,Public Safety and Security,3.31,07/2015,4
47-2221,47-2221.00,Structural Iron and Steel Workers,Administration and Management,3.01,07/2015,5
47-2221,47-2221.00,Structural Iron and Steel Workers,English Language,2.89,07/2015,6
47-2221,47-2221.00,Structural Iron and Steel Workers,Customer and Personal Service,2.87,07/2015,7
47-2221,47-2221.00,Structural Iron and Steel Workers,Design,2.83,07/2015,8
47-2221,47-2221.00,Structural Iron and Steel Workers,Education and Training,2.75,07/2015,9
47-2221,47-2221.00,Structural Iron and Steel Workers,Transportation,2.45,07/2015,10
47-2221,47-2221.00,Structural Iron and Steel Workers,Engineering and Technology,2.36,07/2015,11
47-2221,47-2221.00,Structural Iron and Steel Workers,Personnel and Human Resources,2.3,07/2015,12
47-2221,47-2221.00,Structural Iron and Steel Workers,Physics,2.29,07/2015,13
47-2221,47-2221.00,Structural Iron and Steel Workers,Psychology,2.06,07/2015,14
47-2221,47-2221.00,Structural Iron and Steel Workers,Production and Processing,1.97,07/2015,15
47-2231,47-2231.00,Solar Photovoltaic Installers,Building and Construction,4.8,08/2024,1
47-2231,47-2231.00,Solar Photovoltaic Installers,Engineering and Technology,4.38,08/2024,2
47-2231,47-2231.00,Solar Photovoltaic Installers,Mechanical,4.29,08/2024,3
47-2231,47-2231.00,Solar Photovoltaic Installers,Design,4.12,08/2024,4
47-2231,47-2231.00,Solar Photovoltaic Installers,Administration and Management,4.11,08/2024,5
47-2231,47-2231.00,Solar Photovoltaic Installers,Customer and Personal Service,3.98,08/2024,6
47-2231,47-2231.00,Solar Photovoltaic Installers,Mathematics,3.95,08/2024,7
47-2231,47-2231.00,Solar Photovoltaic Installers,Public Safety and Security,3.76,08/2024,8
47-2231,47-2231.00,Solar Photovoltaic Installers,Education and Training,3.72,08/2024,9
47-2231,47-2231.00,Solar Photovoltaic Installers,Production and Processing,3.42,08/2024,10
47-2231,47-2231.00,Solar Photovoltaic Installers,English Language,3.26,08/2024,11
47-2231,47-2231.00,Solar Photovoltaic Installers,Computers and Electronics,3.1,08/2024,12
47-2231,47-2231.00,Solar Photovoltaic Installers,Telecommunications,2.99,08/2024,13
47-2231,47-2231.00,Solar Photovoltaic Installers,Transportation,2.91,08/2024,14
47-2231,47-2231.00,Solar Photovoltaic Installers,Administrative,2.75,08/2024,15
47-3011,47-3011.00,"Helpers--Brickmasons, Blockmasons, Stonemasons, and Tile and Marble Setters",Building and Construction,4.22,07/2013,1
47-3011,47-3011.00,"Helpers--Brickmasons, Blockmasons, Stonemasons, and Tile and Marble Setters",Mechanical,3.2,07/2013,2
47-3011,47-3011.00,"Helpers--Brickmasons, Blockmasons, Stonemasons, and Tile and Marble Setters",Design,3.12,07/2013,3
47-3011,47-3011.00,"Helpers--Brickmasons, Blockmasons, Stonemasons, and Tile and Marble Setters",Mathematics,3.02,07/2013,4
47-3011,47-3011.00,"Helpers--Brickmasons, Blockmasons, Stonemasons, and Tile and Marble Setters",English Language,2.99,07/2013,5
47-3011,47-3011.00,"Helpers--Brickmasons, Blockmasons, Stonemasons, and Tile and Marble Setters",Public Safety and Security,2.72,07/2013,6
47-3011,47-3011.00,"Helpers--Brickmasons, Blockmasons, Stonemasons, and Tile and Marble Setters",Production and Processing,2.41,07/2013,7
47-3011,47-3011.00,"Helpers--Brickmasons, Blockmasons, Stonemasons, and Tile and Marble Setters",Chemistry,2.25,07/2013,8
47-3011,47-3011.00,"Helpers--Brickmasons, Blockmasons, Stonemasons, and Tile and Marble Setters",Administration and Management,2.24,07/2013,9
47-3011,47-3011.00,"Helpers--Brickmasons, Blockmasons, Stonemasons, and Tile and Marble Setters",Customer and Personal Service,2.21,07/2013,10
47-3011,47-3011.00,"Helpers--Brickmasons, Blockmasons, Stonemasons, and Tile and Marble Setters",Engineering and Technology,2.19,07/2013,11
47-3011,47-3011.00,"Helpers--Brickmasons, Blockmasons, Stonemasons, and Tile and Marble Setters",Education and Training,2.03,07/2013,12
47-3011,47-3011.00,"Helpers--Brickmasons, Blockmasons, Stonemasons, and Tile and Marble Setters",Transportation,1.98,07/2013,13
47-3011,47-3011.00,"Helpers--Brickmasons, Blockmasons, Stonemasons, and Tile and Marble Setters",Physics,1.71,07/2013,14
47-3011,47-3011.00,"Helpers--Brickmasons, Blockmasons, Stonemasons, and Tile and Marble Setters",Law and Government,1.65,07/2013,15
47-3012,47-3012.00,Helpers--Carpenters,Building and Construction,4.59,07/2013,1
47-3012,47-3012.00,Helpers--Carpenters,Mechanical,4.09,07/2013,2
47-3012,47-3012.00,Helpers--Carpenters,Mathematics,4.09,07/2013,3
47-3012,47-3012.00,Helpers--Carpenters,Transportation,3.95,07/2013,4
47-3012,47-3012.00,Helpers--Carpenters,English Language,3.92,07/2013,5
47-3012,47-3012.00,Helpers--Carpenters,Customer and Personal Service,3.5,07/2013,6
47-3012,47-3012.00,Helpers--Carpenters,Production and Processing,3.33,07/2013,7
47-3012,47-3012.00,Helpers--Carpenters,Design,3.27,07/2013,8
47-3012,47-3012.00,Helpers--Carpenters,Public Safety and Security,3.21,07/2013,9
47-3012,47-3012.00,Helpers--Carpenters,Administration and Management,3.14,07/2013,10
47-3012,47-3012.00,Helpers--Carpenters,Education and Training,3.07,07/2013,11
47-3012,47-3012.00,Helpers--Carpenters,Telecommunications,3.01,07/2013,12
47-3012,47-3012.00,Helpers--Carpenters,Law and Government,2.86,07/2013,13
47-3012,47-3012.00,Helpers--Carpenters,Engineering and Technology,2.82,07/2013,14
47-3012,47-3012.00,Helpers--Carpenters,Chemistry,2.57,07/2013,15
47-3013,47-3013.00,Helpers--Electricians,Building and Construction,3.98,08/2023,1
47-3013,47-3013.00,Helpers--Electricians,Mechanical,3.9,08/2023,2
47-3013,47-3013.00,Helpers--Electricians,Public Safety and Security,3.89,08/2023,3
47-3013,47-3013.00,Helpers--Electricians,Design,3.8,08/2023,4
47-3013,47-3013.00,Helpers--Electricians,Customer and Personal Service,3.79,08/2023,5
47-3013,47-3013.00,Helpers--Electricians,Administration and Management,3.73,08/2023,6
47-3013,47-3013.00,Helpers--Electricians,Education and Training,3.63,08/2023,7
47-3013,47-3013.00,Helpers--Electricians,English Language,3.57,08/2023,8
47-3013,47-3013.00,Helpers--Electricians,Mathematics,3.53,08/2023,9
47-3013,47-3013.00,Helpers--Electricians,Engineering and Technology,3.33,08/2023,10
47-3013,47-3013.00,Helpers--Electricians,Physics,3.25,08/2023,11
47-3013,47-3013.00,Helpers--Electricians,Transportation,3.22,08/2023,12
47-3013,47-3013.00,Helpers--Electricians,Telecommunications,2.87,08/2023,13
47-3013,47-3013.00,Helpers--Electricians,Computers and Electronics,2.78,08/2023,14
47-3013,47-3013.00,Helpers--Electricians,Production and Processing,2.75,08/2023,15
47-3014,47-3014.00,"Helpers--Painters, Paperhangers, Plasterers, and Stucco Masons",Building and Construction,3.13,06/2007,1
47-3014,47-3014.00,"Helpers--Painters, Paperhangers, Plasterers, and Stucco Masons",English Language,3.1,06/2007,2
47-3014,47-3014.00,"Helpers--Painters, Paperhangers, Plasterers, and Stucco Masons",Administration and Management,2.26,06/2007,3
47-3014,47-3014.00,"Helpers--Painters, Paperhangers, Plasterers, and Stucco Masons",Public Safety and Security,2.21,06/2007,4
47-3014,47-3014.00,"Helpers--Painters, Paperhangers, Plasterers, and Stucco Masons",Mathematics,2.2,06/2007,5
47-3014,47-3014.00,"Helpers--Painters, Paperhangers, Plasterers, and Stucco Masons",Customer and Personal Service,2.18,06/2007,6
47-3014,47-3014.00,"Helpers--Painters, Paperhangers, Plasterers, and Stucco Masons",Design,2.14,06/2007,7
47-3014,47-3014.00,"Helpers--Painters, Paperhangers, Plasterers, and Stucco Masons",Education and Training,2.02,06/2007,8
47-3014,47-3014.00,"Helpers--Painters, Paperhangers, Plasterers, and Stucco Masons",Transportation,1.99,06/2007,9
47-3014,47-3014.00,"Helpers--Painters, Paperhangers, Plasterers, and Stucco Masons",Mechanical,1.89,06/2007,10
47-3014,47-3014.00,"Helpers--Painters, Paperhangers, Plasterers, and Stucco Masons",Personnel and Human Resources,1.86,06/2007,11
47-3014,47-3014.00,"Helpers--Painters, Paperhangers, Plasterers, and Stucco Masons",Engineering and Technology,1.84,06/2007,12
47-3014,47-3014.00,"Helpers--Painters, Paperhangers, Plasterers, and Stucco Masons",Administrative,1.77,06/2007,13
47-3014,47-3014.00,"Helpers--Painters, Paperhangers, Plasterers, and Stucco Masons",Foreign Language,1.76,06/2007,14
47-3014,47-3014.00,"Helpers--Painters, Paperhangers, Plasterers, and Stucco Masons",Production and Processing,1.73,06/2007,15
47-3015,47-3015.00,"Helpers--Pipelayers, Plumbers, Pipefitters, and Steamfitters",Building and Construction,4.46,07/2011,1
47-3015,47-3015.00,"Helpers--Pipelayers, Plumbers, Pipefitters, and Steamfitters",Customer and Personal Service,3.67,07/2011,2
47-3015,47-3015.00,"Helpers--Pipelayers, Plumbers, Pipefitters, and Steamfitters",Mechanical,3.64,07/2011,3
47-3015,47-3015.00,"Helpers--Pipelayers, Plumbers, Pipefitters, and Steamfitters",Mathematics,3.5,07/2011,4
47-3015,47-3015.00,"Helpers--Pipelayers, Plumbers, Pipefitters, and Steamfitters",English Language,3.28,07/2011,5
47-3015,47-3015.00,"Helpers--Pipelayers, Plumbers, Pipefitters, and Steamfitters",Administration and Management,3.13,07/2011,6
47-3015,47-3015.00,"Helpers--Pipelayers, Plumbers, Pipefitters, and Steamfitters",Design,2.92,07/2011,7
47-3015,47-3015.00,"Helpers--Pipelayers, Plumbers, Pipefitters, and Steamfitters",Engineering and Technology,2.87,07/2011,8
47-3015,47-3015.00,"Helpers--Pipelayers, Plumbers, Pipefitters, and Steamfitters",Education and Training,2.81,07/2011,9
47-3015,47-3015.00,"Helpers--Pipelayers, Plumbers, Pipefitters, and Steamfitters",Public Safety and Security,2.81,07/2011,10
47-3015,47-3015.00,"Helpers--Pipelayers, Plumbers, Pipefitters, and Steamfitters",Transportation,2.72,07/2011,11
47-3015,47-3015.00,"Helpers--Pipelayers, Plumbers, Pipefitters, and Steamfitters",Production and Processing,2.37,07/2011,12
47-3015,47-3015.00,"Helpers--Pipelayers, Plumbers, Pipefitters, and Steamfitters",Administrative,2.34,07/2011,13
47-3015,47-3015.00,"Helpers--Pipelayers, Plumbers, Pipefitters, and Steamfitters",Law and Government,2.33,07/2011,14
47-3015,47-3015.00,"Helpers--Pipelayers, Plumbers, Pipefitters, and Steamfitters",Personnel and Human Resources,2.19,07/2011,15
47-3016,47-3016.00,Helpers--Roofers,Building and Construction,3.85,06/2008,1
47-3016,47-3016.00,Helpers--Roofers,Administration and Management,3.62,06/2008,2
47-3016,47-3016.00,Helpers--Roofers,Customer and Personal Service,3.5,06/2008,3
47-3016,47-3016.00,Helpers--Roofers,Public Safety and Security,3.4,06/2008,4
47-3016,47-3016.00,Helpers--Roofers,Mathematics,3.39,06/2008,5
47-3016,47-3016.00,Helpers--Roofers,Transportation,3.29,06/2008,6
47-3016,47-3016.00,Helpers--Roofers,Mechanical,3.28,06/2008,7
47-3016,47-3016.00,Helpers--Roofers,Education and Training,3.01,06/2008,8
47-3016,47-3016.00,Helpers--Roofers,English Language,2.85,06/2008,9
47-3016,47-3016.00,Helpers--Roofers,Medicine and Dentistry,2.79,06/2008,10
47-3016,47-3016.00,Helpers--Roofers,Personnel and Human Resources,2.64,06/2008,11
47-3016,47-3016.00,Helpers--Roofers,Design,2.4,06/2008,12
47-3016,47-3016.00,Helpers--Roofers,Sales and Marketing,2.33,06/2008,13
47-3016,47-3016.00,Helpers--Roofers,Chemistry,2.12,06/2008,14
47-3016,47-3016.00,Helpers--Roofers,Physics,2.09,06/2008,15
47-4021,47-4021.00,Elevator and Escalator Installers and Repairers,Mechanical,4.33,08/2023,1
47-4021,47-4021.00,Elevator and Escalator Installers and Repairers,Customer and Personal Service,3.77,08/2023,2
47-4021,47-4021.00,Elevator and Escalator Installers and Repairers,Building and Construction,3.65,08/2023,3
47-4021,47-4021.00,Elevator and Escalator Installers and Repairers,Public Safety and Security,3.57,08/2023,4
47-4021,47-4021.00,Elevator and Escalator Installers and Repairers,Computers and Electronics,3.4,08/2023,5
47-4021,47-4021.00,Elevator and Escalator Installers and Repairers,Mathematics,3.25,08/2023,6
47-4021,47-4021.00,Elevator and Escalator Installers and Repairers,Engineering and Technology,3.17,08/2023,7
47-4021,47-4021.00,Elevator and Escalator Installers and Repairers,English Language,3.12,08/2023,8
47-4021,47-4021.00,Elevator and Escalator Installers and Repairers,Administration and Management,3.06,08/2023,9
47-4021,47-4021.00,Elevator and Escalator Installers and Repairers,Design,2.96,08/2023,10
47-4021,47-4021.00,Elevator and Escalator Installers and Repairers,Administrative,2.93,08/2023,11
47-4021,47-4021.00,Elevator and Escalator Installers and Repairers,Education and Training,2.91,08/2023,12
47-4021,47-4021.00,Elevator and Escalator Installers and Repairers,Physics,2.82,08/2023,13
47-4021,47-4021.00,Elevator and Escalator Installers and Repairers,Transportation,2.71,08/2023,14
47-4021,47-4021.00,Elevator and Escalator Installers and Repairers,Telecommunications,2.68,08/2023,15
47-4031,47-4031.00,Fence Erectors,Customer and Personal Service,4.02,08/2019,1
47-4031,47-4031.00,Fence Erectors,Building and Construction,4.0,08/2019,2
47-4031,47-4031.00,Fence Erectors,Transportation,3.88,08/2019,3
47-4031,47-4031.00,Fence Erectors,Administration and Management,3.78,08/2019,4
47-4031,47-4031.00,Fence Erectors,Design,3.72,08/2019,5
47-4031,47-4031.00,Fence Erectors,Mathematics,3.49,08/2019,6
47-4031,47-4031.00,Fence Erectors,English Language,3.35,08/2019,7
47-4031,47-4031.00,Fence Erectors,Education and Training,3.34,08/2019,8
47-4031,47-4031.00,Fence Erectors,Mechanical,3.26,08/2019,9
47-4031,47-4031.00,Fence Erectors,Sales and Marketing,3.23,08/2019,10
47-4031,47-4031.00,Fence Erectors,Production and Processing,3.08,08/2019,11
47-4031,47-4031.00,Fence Erectors,Engineering and Technology,3.07,08/2019,12
47-4031,47-4031.00,Fence Erectors,Public Safety and Security,3.03,08/2019,13
47-4031,47-4031.00,Fence Erectors,Geography,2.59,08/2019,14
47-4031,47-4031.00,Fence Erectors,Personnel and Human Resources,2.55,08/2019,15
47-4041,47-4041.00,Hazardous Materials Removal Workers,Public Safety and Security,3.6,07/2015,1
47-4041,47-4041.00,Hazardous Materials Removal Workers,Administration and Management,3.46,07/2015,2
47-4041,47-4041.00,Hazardous Materials Removal Workers,Transportation,3.41,07/2015,3
47-4041,47-4041.00,Hazardous Materials Removal Workers,Customer and Personal Service,3.4,07/2015,4
47-4041,47-4041.00,Hazardous Materials Removal Workers,Building and Construction,3.24,07/2015,5
47-4041,47-4041.00,Hazardous Materials Removal Workers,Mechanical,3.1,07/2015,6
47-4041,47-4041.00,Hazardous Materials Removal Workers,English Language,3.09,07/2015,7
47-4041,47-4041.00,Hazardous Materials Removal Workers,Mathematics,2.84,07/2015,8
47-4041,47-4041.00,Hazardous Materials Removal Workers,Administrative,2.58,07/2015,9
47-4041,47-4041.00,Hazardous Materials Removal Workers,Chemistry,2.58,07/2015,10
47-4041,47-4041.00,Hazardous Materials Removal Workers,Law and Government,2.57,07/2015,11
47-4041,47-4041.00,Hazardous Materials Removal Workers,Engineering and Technology,2.56,07/2015,12
47-4041,47-4041.00,Hazardous Materials Removal Workers,Personnel and Human Resources,2.53,07/2015,13
47-4041,47-4041.00,Hazardous Materials Removal Workers,Education and Training,2.52,07/2015,14
47-4041,47-4041.00,Hazardous Materials Removal Workers,Design,2.51,07/2015,15
47-4051,47-4051.00,Highway Maintenance Workers,Public Safety and Security,4.23,07/2017,1
47-4051,47-4051.00,Highway Maintenance Workers,English Language,3.51,07/2017,2
47-4051,47-4051.00,Highway Maintenance Workers,Transportation,3.26,07/2017,3
47-4051,47-4051.00,Highway Maintenance Workers,Building and Construction,3.21,07/2017,4
47-4051,47-4051.00,Highway Maintenance Workers,Education and Training,3.03,07/2017,5
47-4051,47-4051.00,Highway Maintenance Workers,Administration and Management,3.0,07/2017,6
47-4051,47-4051.00,Highway Maintenance Workers,Mechanical,2.99,07/2017,7
47-4051,47-4051.00,Highway Maintenance Workers,Customer and Personal Service,2.95,07/2017,8
47-4051,47-4051.00,Highway Maintenance Workers,Engineering and Technology,2.87,07/2017,9
47-4051,47-4051.00,Highway Maintenance Workers,Mathematics,2.8,07/2017,10
47-4051,47-4051.00,Highway Maintenance Workers,Production and Processing,2.62,07/2017,11
47-4051,47-4051.00,Highway Maintenance Workers,Design,2.58,07/2017,12
47-4051,47-4051.00,Highway Maintenance Workers,Geography,2.53,07/2017,13
47-4051,47-4051.00,Highway Maintenance Workers,Law and Government,2.35,07/2017,14
47-4051,47-4051.00,Highway Maintenance Workers,Communications and Media,2.31,07/2017,15
47-4061,47-4061.00,Rail-Track Laying and Maintenance Equipment Operators,Transportation,3.66,07/2015,1
47-4061,47-4061.00,Rail-Track Laying and Maintenance Equipment Operators,Mechanical,3.65,07/2015,2
47-4061,47-4061.00,Rail-Track Laying and Maintenance Equipment Operators,Building and Construction,3.51,07/2015,3
47-4061,47-4061.00,Rail-Track Laying and Maintenance Equipment Operators,Public Safety and Security,3.25,07/2015,4
47-4061,47-4061.00,Rail-Track Laying and Maintenance Equipment Operators,Administration and Management,3.04,07/2015,5
47-4061,47-4061.00,Rail-Track Laying and Maintenance Equipment Operators,Engineering and Technology,2.99,07/2015,6
47-4061,47-4061.00,Rail-Track Laying and Maintenance Equipment Operators,Mathematics,2.94,07/2015,7
47-4061,47-4061.00,Rail-Track Laying and Maintenance Equipment Operators,Education and Training,2.92,07/2015,8
47-4061,47-4061.00,Rail-Track Laying and Maintenance Equipment Operators,Production and Processing,2.86,07/2015,9
47-4061,47-4061.00,Rail-Track Laying and Maintenance Equipment Operators,Customer and Personal Service,2.82,07/2015,10
47-4061,47-4061.00,Rail-Track Laying and Maintenance Equipment Operators,English Language,2.64,07/2015,11
47-4061,47-4061.00,Rail-Track Laying and Maintenance Equipment Operators,Physics,2.58,07/2015,12
47-4061,47-4061.00,Rail-Track Laying and Maintenance Equipment Operators,Administrative,2.55,07/2015,13
47-4061,47-4061.00,Rail-Track Laying and Maintenance Equipment Operators,Design,2.55,07/2015,14
47-4061,47-4061.00,Rail-Track Laying and Maintenance Equipment Operators,Personnel and Human Resources,2.46,07/2015,15
47-4071,47-4071.00,Septic Tank Servicers and Sewer Pipe Cleaners,Customer and Personal Service,3.94,07/2017,1
47-4071,47-4071.00,Septic Tank Servicers and Sewer Pipe Cleaners,Transportation,3.52,07/2017,2
47-4071,47-4071.00,Septic Tank Servicers and Sewer Pipe Cleaners,Mechanical,3.49,07/2017,3
47-4071,47-4071.00,Septic Tank Servicers and Sewer Pipe Cleaners,English Language,3.39,07/2017,4
47-4071,47-4071.00,Septic Tank Servicers and Sewer Pipe Cleaners,Public Safety and Security,3.38,07/2017,5
47-4071,47-4071.00,Septic Tank Servicers and Sewer Pipe Cleaners,Mathematics,3.19,07/2017,6
47-4071,47-4071.00,Septic Tank Servicers and Sewer Pipe Cleaners,Administration and Management,3.04,07/2017,7
47-4071,47-4071.00,Septic Tank Servicers and Sewer Pipe Cleaners,Education and Training,2.81,07/2017,8
47-4071,47-4071.00,Septic Tank Servicers and Sewer Pipe Cleaners,Building and Construction,2.8,07/2017,9
47-4071,47-4071.00,Septic Tank Servicers and Sewer Pipe Cleaners,Law and Government,2.61,07/2017,10
47-4071,47-4071.00,Septic Tank Servicers and Sewer Pipe Cleaners,Engineering and Technology,2.57,07/2017,11
47-4071,47-4071.00,Septic Tank Servicers and Sewer Pipe Cleaners,Production and Processing,2.54,07/2017,12
47-4071,47-4071.00,Septic Tank Servicers and Sewer Pipe Cleaners,Design,2.49,07/2017,13
47-4071,47-4071.00,Septic Tank Servicers and Sewer Pipe Cleaners,Personnel and Human Resources,2.47,07/2017,14
47-4071,47-4071.00,Septic Tank Servicers and Sewer Pipe Cleaners,Physics,2.39,07/2017,15
47-4091,47-4091.00,Segmental Pavers,Mechanical,3.72,06/2008,1
47-4091,47-4091.00,Segmental Pavers,Building and Construction,3.09,06/2008,2
47-4091,47-4091.00,Segmental Pavers,Administration and Management,2.98,06/2008,3
47-4091,47-4091.00,Segmental Pavers,Transportation,2.98,06/2008,4
47-4091,47-4091.00,Segmental Pavers,Customer and Personal Service,2.97,06/2008,5
47-4091,47-4091.00,Segmental Pavers,Public Safety and Security,2.66,06/2008,6
47-4091,47-4091.00,Segmental Pavers,Design,2.52,06/2008,7
47-4091,47-4091.00,Segmental Pavers,Engineering and Technology,2.49,06/2008,8
47-4091,47-4091.00,Segmental Pavers,Mathematics,2.45,06/2008,9
47-4091,47-4091.00,Segmental Pavers,Education and Training,2.18,06/2008,10
47-4091,47-4091.00,Segmental Pavers,Chemistry,2.1,06/2008,11
47-4091,47-4091.00,Segmental Pavers,Economics and Accounting,2.0,06/2008,12
47-4091,47-4091.00,Segmental Pavers,Law and Government,1.94,06/2008,13
47-4091,47-4091.00,Segmental Pavers,English Language,1.9,06/2008,14
47-4091,47-4091.00,Segmental Pavers,Sales and Marketing,1.79,06/2008,15
47-5011,47-5011.00,"Derrick Operators, Oil and Gas",Mechanical,3.58,06/2006,1
47-5011,47-5011.00,"Derrick Operators, Oil and Gas",Mathematics,3.31,06/2006,2
47-5011,47-5011.00,"Derrick Operators, Oil and Gas",English Language,3.21,06/2006,3
47-5011,47-5011.00,"Derrick Operators, Oil and Gas",Education and Training,3.03,06/2006,4
47-5011,47-5011.00,"Derrick Operators, Oil and Gas",Public Safety and Security,2.84,06/2006,5
47-5011,47-5011.00,"Derrick Operators, Oil and Gas",Transportation,2.75,06/2006,6
47-5011,47-5011.00,"Derrick Operators, Oil and Gas",Administration and Management,2.68,06/2006,7
47-5011,47-5011.00,"Derrick Operators, Oil and Gas",Building and Construction,2.48,06/2006,8
47-5011,47-5011.00,"Derrick Operators, Oil and Gas",Physics,2.41,06/2006,9
47-5011,47-5011.00,"Derrick Operators, Oil and Gas",Chemistry,2.41,06/2006,10
47-5011,47-5011.00,"Derrick Operators, Oil and Gas",Law and Government,2.4,06/2006,11
47-5011,47-5011.00,"Derrick Operators, Oil and Gas",Personnel and Human Resources,2.37,06/2006,12
47-5011,47-5011.00,"Derrick Operators, Oil and Gas",Customer and Personal Service,2.36,06/2006,13
47-5011,47-5011.00,"Derrick Operators, Oil and Gas",Engineering and Technology,2.23,06/2006,14
47-5011,47-5011.00,"Derrick Operators, Oil and Gas",Psychology,2.23,06/2006,15
47-5012,47-5012.00,"Rotary Drill Operators, Oil and Gas",Mechanical,3.87,12/2005,1
47-5012,47-5012.00,"Rotary Drill Operators, Oil and Gas",Mathematics,3.76,12/2005,2
47-5012,47-5012.00,"Rotary Drill Operators, Oil and Gas",Administration and Management,3.33,12/2005,3
47-5012,47-5012.00,"Rotary Drill Operators, Oil and Gas",Education and Training,3.2,12/2005,4
47-5012,47-5012.00,"Rotary Drill Operators, Oil and Gas",Personnel and Human Resources,3.08,12/2005,5
47-5012,47-5012.00,"Rotary Drill Operators, Oil and Gas",Public Safety and Security,2.84,12/2005,6
47-5012,47-5012.00,"Rotary Drill Operators, Oil and Gas",Chemistry,2.75,12/2005,7
47-5012,47-5012.00,"Rotary Drill Operators, Oil and Gas",Production and Processing,2.74,12/2005,8
47-5012,47-5012.00,"Rotary Drill Operators, Oil and Gas",Transportation,2.74,12/2005,9
47-5012,47-5012.00,"Rotary Drill Operators, Oil and Gas",Engineering and Technology,2.62,12/2005,10
47-5012,47-5012.00,"Rotary Drill Operators, Oil and Gas",English Language,2.61,12/2005,11
47-5012,47-5012.00,"Rotary Drill Operators, Oil and Gas",Psychology,2.53,12/2005,12
47-5012,47-5012.00,"Rotary Drill Operators, Oil and Gas",Customer and Personal Service,2.4,12/2005,13
47-5012,47-5012.00,"Rotary Drill Operators, Oil and Gas",Physics,2.38,12/2005,14
47-5012,47-5012.00,"Rotary Drill Operators, Oil and Gas",Administrative,2.33,12/2005,15
47-5013,47-5013.00,"Service Unit Operators, Oil and Gas",Mechanical,4.05,07/2013,1
47-5013,47-5013.00,"Service Unit Operators, Oil and Gas",Mathematics,3.85,07/2013,2
47-5013,47-5013.00,"Service Unit Operators, Oil and Gas",Customer and Personal Service,3.68,07/2013,3
47-5013,47-5013.00,"Service Unit Operators, Oil and Gas",Engineering and Technology,3.37,07/2013,4
47-5013,47-5013.00,"Service Unit Operators, Oil and Gas",Public Safety and Security,3.25,07/2013,5
47-5013,47-5013.00,"Service Unit Operators, Oil and Gas",Education and Training,3.21,07/2013,6
47-5013,47-5013.00,"Service Unit Operators, Oil and Gas",English Language,3.15,07/2013,7
47-5013,47-5013.00,"Service Unit Operators, Oil and Gas",Sales and Marketing,3.14,07/2013,8
47-5013,47-5013.00,"Service Unit Operators, Oil and Gas",Chemistry,3.14,07/2013,9
47-5013,47-5013.00,"Service Unit Operators, Oil and Gas",Administration and Management,3.12,07/2013,10
47-5013,47-5013.00,"Service Unit Operators, Oil and Gas",Transportation,3.12,07/2013,11
47-5013,47-5013.00,"Service Unit Operators, Oil and Gas",Production and Processing,3.07,07/2013,12
47-5013,47-5013.00,"Service Unit Operators, Oil and Gas",Physics,2.9,07/2013,13
47-5013,47-5013.00,"Service Unit Operators, Oil and Gas",Personnel and Human Resources,2.87,07/2013,14
47-5013,47-5013.00,"Service Unit Operators, Oil and Gas",Computers and Electronics,2.84,07/2013,15
47-5022,47-5022.00,"Excavating and Loading Machine and Dragline Operators, Surface Mining",Mechanical,3.24,07/2013,1
47-5022,47-5022.00,"Excavating and Loading Machine and Dragline Operators, Surface Mining",Building and Construction,3.17,07/2013,2
47-5022,47-5022.00,"Excavating and Loading Machine and Dragline Operators, Surface Mining",Public Safety and Security,2.97,07/2013,3
47-5022,47-5022.00,"Excavating and Loading Machine and Dragline Operators, Surface Mining",English Language,2.65,07/2013,4
47-5022,47-5022.00,"Excavating and Loading Machine and Dragline Operators, Surface Mining",Mathematics,2.63,07/2013,5
47-5022,47-5022.00,"Excavating and Loading Machine and Dragline Operators, Surface Mining",Design,2.41,07/2013,6
47-5022,47-5022.00,"Excavating and Loading Machine and Dragline Operators, Surface Mining",Administration and Management,2.4,07/2013,7
47-5022,47-5022.00,"Excavating and Loading Machine and Dragline Operators, Surface Mining",Transportation,2.29,07/2013,8
47-5022,47-5022.00,"Excavating and Loading Machine and Dragline Operators, Surface Mining",Customer and Personal Service,2.26,07/2013,9
47-5022,47-5022.00,"Excavating and Loading Machine and Dragline Operators, Surface Mining",Education and Training,2.22,07/2013,10
47-5022,47-5022.00,"Excavating and Loading Machine and Dragline Operators, Surface Mining",Engineering and Technology,2.1,07/2013,11
47-5022,47-5022.00,"Excavating and Loading Machine and Dragline Operators, Surface Mining",Production and Processing,1.94,07/2013,12
47-5022,47-5022.00,"Excavating and Loading Machine and Dragline Operators, Surface Mining",Physics,1.92,07/2013,13
47-5022,47-5022.00,"Excavating and Loading Machine and Dragline Operators, Surface Mining",Personnel and Human Resources,1.85,07/2013,14
47-5022,47-5022.00,"Excavating and Loading Machine and Dragline Operators, Surface Mining",Chemistry,1.82,07/2013,15
47-5023,47-5023.00,"Earth Drillers, Except Oil and Gas",Mechanical,3.5,07/2017,1
47-5023,47-5023.00,"Earth Drillers, Except Oil and Gas",Administration and Management,3.32,07/2017,2
47-5023,47-5023.00,"Earth Drillers, Except Oil and Gas",Transportation,3.31,07/2017,3
47-5023,47-5023.00,"Earth Drillers, Except Oil and Gas",Public Safety and Security,3.3,07/2017,4
47-5023,47-5023.00,"Earth Drillers, Except Oil and Gas",Design,3.08,07/2017,5
47-5023,47-5023.00,"Earth Drillers, Except Oil and Gas",Mathematics,2.98,07/2017,6
47-5023,47-5023.00,"Earth Drillers, Except Oil and Gas",Production and Processing,2.93,07/2017,7
47-5023,47-5023.00,"Earth Drillers, Except Oil and Gas",Law and Government,2.83,07/2017,8
47-5023,47-5023.00,"Earth Drillers, Except Oil and Gas",Customer and Personal Service,2.79,07/2017,9
47-5023,47-5023.00,"Earth Drillers, Except Oil and Gas",English Language,2.77,07/2017,10
47-5023,47-5023.00,"Earth Drillers, Except Oil and Gas",Engineering and Technology,2.76,07/2017,11
47-5023,47-5023.00,"Earth Drillers, Except Oil and Gas",Education and Training,2.68,07/2017,12
47-5023,47-5023.00,"Earth Drillers, Except Oil and Gas",Administrative,2.36,07/2017,13
47-5023,47-5023.00,"Earth Drillers, Except Oil and Gas",Physics,2.26,07/2017,14
47-5023,47-5023.00,"Earth Drillers, Except Oil and Gas",Geography,2.2,07/2017,15
47-5041,47-5041.00,Continuous Mining Machine Operators,Mechanical,3.94,07/2016,1
47-5041,47-5041.00,Continuous Mining Machine Operators,Production and Processing,3.71,07/2016,2
47-5041,47-5041.00,Continuous Mining Machine Operators,Law and Government,3.37,07/2016,3
47-5041,47-5041.00,Continuous Mining Machine Operators,Education and Training,3.25,07/2016,4
47-5041,47-5041.00,Continuous Mining Machine Operators,English Language,2.83,07/2016,5
47-5041,47-5041.00,Continuous Mining Machine Operators,Administration and Management,2.81,07/2016,6
47-5041,47-5041.00,Continuous Mining Machine Operators,Transportation,2.7,07/2016,7
47-5041,47-5041.00,Continuous Mining Machine Operators,Public Safety and Security,2.67,07/2016,8
47-5041,47-5041.00,Continuous Mining Machine Operators,Design,2.57,07/2016,9
47-5041,47-5041.00,Continuous Mining Machine Operators,Engineering and Technology,2.56,07/2016,10
47-5041,47-5041.00,Continuous Mining Machine Operators,Mathematics,2.55,07/2016,11
47-5041,47-5041.00,Continuous Mining Machine Operators,Building and Construction,2.53,07/2016,12
47-5041,47-5041.00,Continuous Mining Machine Operators,Telecommunications,2.44,07/2016,13
47-5041,47-5041.00,Continuous Mining Machine Operators,Personnel and Human Resources,2.34,07/2016,14
47-5041,47-5041.00,Continuous Mining Machine Operators,Customer and Personal Service,2.17,07/2016,15
47-5043,47-5043.00,"Roof Bolters, Mining",Production and Processing,3.69,07/2017,1
47-5043,47-5043.00,"Roof Bolters, Mining",Education and Training,3.52,07/2017,2
47-5043,47-5043.00,"Roof Bolters, Mining",Mechanical,3.45,07/2017,3
47-5043,47-5043.00,"Roof Bolters, Mining",Public Safety and Security,3.45,07/2017,4
47-5043,47-5043.00,"Roof Bolters, Mining",Administration and Management,2.95,07/2017,5
47-5043,47-5043.00,"Roof Bolters, Mining",Law and Government,2.95,07/2017,6
47-5043,47-5043.00,"Roof Bolters, Mining",English Language,2.63,07/2017,7
47-5043,47-5043.00,"Roof Bolters, Mining",Customer and Personal Service,2.52,07/2017,8
47-5043,47-5043.00,"Roof Bolters, Mining",Personnel and Human Resources,2.51,07/2017,9
47-5043,47-5043.00,"Roof Bolters, Mining",Transportation,2.48,07/2017,10
47-5043,47-5043.00,"Roof Bolters, Mining",Engineering and Technology,2.46,07/2017,11
47-5043,47-5043.00,"Roof Bolters, Mining",Design,2.28,07/2017,12
47-5043,47-5043.00,"Roof Bolters, Mining",Mathematics,2.19,07/2017,13
47-5043,47-5043.00,"Roof Bolters, Mining",Sales and Marketing,2.17,07/2017,14
47-5043,47-5043.00,"Roof Bolters, Mining",Computers and Electronics,2.08,07/2017,15
47-5044,47-5044.00,"Loading and Moving Machine Operators, Underground Mining",Mechanical,3.28,08/2022,1
47-5044,47-5044.00,"Loading and Moving Machine Operators, Underground Mining",Education and Training,3.04,08/2022,2
47-5044,47-5044.00,"Loading and Moving Machine Operators, Underground Mining",Law and Government,2.81,08/2022,3
47-5044,47-5044.00,"Loading and Moving Machine Operators, Underground Mining",English Language,2.8,08/2022,4
47-5044,47-5044.00,"Loading and Moving Machine Operators, Underground Mining",Production and Processing,2.77,08/2022,5
47-5044,47-5044.00,"Loading and Moving Machine Operators, Underground Mining",Public Safety and Security,2.59,08/2022,6
47-5044,47-5044.00,"Loading and Moving Machine Operators, Underground Mining",Transportation,2.55,08/2022,7
47-5044,47-5044.00,"Loading and Moving Machine Operators, Underground Mining",Administration and Management,2.51,08/2022,8
47-5044,47-5044.00,"Loading and Moving Machine Operators, Underground Mining",Engineering and Technology,2.32,08/2022,9
47-5044,47-5044.00,"Loading and Moving Machine Operators, Underground Mining",Design,2.18,08/2022,10
47-5044,47-5044.00,"Loading and Moving Machine Operators, Underground Mining",Mathematics,2.13,08/2022,11
47-5044,47-5044.00,"Loading and Moving Machine Operators, Underground Mining",Physics,2.11,08/2022,12
47-5044,47-5044.00,"Loading and Moving Machine Operators, Underground Mining",Building and Construction,2.0,08/2022,13
47-5044,47-5044.00,"Loading and Moving Machine Operators, Underground Mining",Geography,2.0,08/2022,14
47-5044,47-5044.00,"Loading and Moving Machine Operators, Underground Mining",Personnel and Human Resources,1.96,08/2022,15
47-5051,47-5051.00,"Rock Splitters, Quarry",Production and Processing,2.96,06/2008,1
47-5051,47-5051.00,"Rock Splitters, Quarry",Mechanical,2.86,06/2008,2
47-5051,47-5051.00,"Rock Splitters, Quarry",Mathematics,2.81,06/2008,3
47-5051,47-5051.00,"Rock Splitters, Quarry",Education and Training,2.75,06/2008,4
47-5051,47-5051.00,"Rock Splitters, Quarry",Public Safety and Security,2.75,06/2008,5
47-5051,47-5051.00,"Rock Splitters, Quarry",Administration and Management,2.74,06/2008,6
47-5051,47-5051.00,"Rock Splitters, Quarry",English Language,2.65,06/2008,7
47-5051,47-5051.00,"Rock Splitters, Quarry",Personnel and Human Resources,2.59,06/2008,8
47-5051,47-5051.00,"Rock Splitters, Quarry",Customer and Personal Service,2.57,06/2008,9
47-5051,47-5051.00,"Rock Splitters, Quarry",Transportation,2.54,06/2008,10
47-5051,47-5051.00,"Rock Splitters, Quarry",Therapy and Counseling,2.44,06/2008,11
47-5051,47-5051.00,"Rock Splitters, Quarry",Building and Construction,2.38,06/2008,12
47-5051,47-5051.00,"Rock Splitters, Quarry",Medicine and Dentistry,2.29,06/2008,13
47-5051,47-5051.00,"Rock Splitters, Quarry",Sales and Marketing,2.26,06/2008,14
47-5051,47-5051.00,"Rock Splitters, Quarry",Administrative,2.25,06/2008,15
47-5071,47-5071.00,"Roustabouts, Oil and Gas",Mechanical,3.62,08/2023,1
47-5071,47-5071.00,"Roustabouts, Oil and Gas",Customer and Personal Service,3.07,08/2023,2
47-5071,47-5071.00,"Roustabouts, Oil and Gas",Production and Processing,2.53,08/2023,3
47-5071,47-5071.00,"Roustabouts, Oil and Gas",Transportation,2.5,08/2023,4
47-5071,47-5071.00,"Roustabouts, Oil and Gas",Mathematics,2.49,08/2023,5
47-5071,47-5071.00,"Roustabouts, Oil and Gas",English Language,2.41,08/2023,6
47-5071,47-5071.00,"Roustabouts, Oil and Gas",Physics,2.37,08/2023,7
47-5071,47-5071.00,"Roustabouts, Oil and Gas",Education and Training,2.34,08/2023,8
47-5071,47-5071.00,"Roustabouts, Oil and Gas",Engineering and Technology,2.33,08/2023,9
47-5071,47-5071.00,"Roustabouts, Oil and Gas",Building and Construction,2.25,08/2023,10
47-5071,47-5071.00,"Roustabouts, Oil and Gas",Design,2.16,08/2023,11
47-5071,47-5071.00,"Roustabouts, Oil and Gas",Administration and Management,2.08,08/2023,12
47-5071,47-5071.00,"Roustabouts, Oil and Gas",Chemistry,2.03,08/2023,13
47-5071,47-5071.00,"Roustabouts, Oil and Gas",Public Safety and Security,1.89,08/2023,14
47-5071,47-5071.00,"Roustabouts, Oil and Gas",Administrative,1.88,08/2023,15
47-5081,47-5081.00,Helpers--Extraction Workers,Mechanical,4.04,08/2018,1
47-5081,47-5081.00,Helpers--Extraction Workers,English Language,3.53,08/2018,2
47-5081,47-5081.00,Helpers--Extraction Workers,Transportation,3.34,08/2018,3
47-5081,47-5081.00,Helpers--Extraction Workers,Mathematics,3.03,08/2018,4
47-5081,47-5081.00,Helpers--Extraction Workers,Administration and Management,2.93,08/2018,5
47-5081,47-5081.00,Helpers--Extraction Workers,Public Safety and Security,2.93,08/2018,6
47-5081,47-5081.00,Helpers--Extraction Workers,Education and Training,2.86,08/2018,7
47-5081,47-5081.00,Helpers--Extraction Workers,Production and Processing,2.81,08/2018,8
47-5081,47-5081.00,Helpers--Extraction Workers,Customer and Personal Service,2.77,08/2018,9
47-5081,47-5081.00,Helpers--Extraction Workers,Engineering and Technology,2.56,08/2018,10
47-5081,47-5081.00,Helpers--Extraction Workers,Personnel and Human Resources,2.48,08/2018,11
47-5081,47-5081.00,Helpers--Extraction Workers,Physics,2.42,08/2018,12
47-5081,47-5081.00,Helpers--Extraction Workers,Chemistry,2.35,08/2018,13
47-5081,47-5081.00,Helpers--Extraction Workers,Building and Construction,2.23,08/2018,14
47-5081,47-5081.00,Helpers--Extraction Workers,Law and Government,2.17,08/2018,15
49-1011,49-1011.00,"First-Line Supervisors of Mechanics, Installers, and Repairers",Administration and Management,3.95,08/2021,1
49-1011,49-1011.00,"First-Line Supervisors of Mechanics, Installers, and Repairers",Mechanical,3.83,08/2021,2
49-1011,49-1011.00,"First-Line Supervisors of Mechanics, Installers, and Repairers",Customer and Personal Service,3.72,08/2021,3
49-1011,49-1011.00,"First-Line Supervisors of Mechanics, Installers, and Repairers",Administrative,3.33,08/2021,4
49-1011,49-1011.00,"First-Line Supervisors of Mechanics, Installers, and Repairers",Personnel and Human Resources,3.19,08/2021,5
49-1011,49-1011.00,"First-Line Supervisors of Mechanics, Installers, and Repairers",English Language,3.19,08/2021,6
49-1011,49-1011.00,"First-Line Supervisors of Mechanics, Installers, and Repairers",Mathematics,3.1,08/2021,7
49-1011,49-1011.00,"First-Line Supervisors of Mechanics, Installers, and Repairers",Computers and Electronics,2.95,08/2021,8
49-1011,49-1011.00,"First-Line Supervisors of Mechanics, Installers, and Repairers",Economics and Accounting,2.9,08/2021,9
49-1011,49-1011.00,"First-Line Supervisors of Mechanics, Installers, and Repairers",Production and Processing,2.87,08/2021,10
49-1011,49-1011.00,"First-Line Supervisors of Mechanics, Installers, and Repairers",Public Safety and Security,2.84,08/2021,11
49-1011,49-1011.00,"First-Line Supervisors of Mechanics, Installers, and Repairers",Sales and Marketing,2.81,08/2021,12
49-1011,49-1011.00,"First-Line Supervisors of Mechanics, Installers, and Repairers",Education and Training,2.8,08/2021,13
49-1011,49-1011.00,"First-Line Supervisors of Mechanics, Installers, and Repairers",Engineering and Technology,2.53,08/2021,14
49-1011,49-1011.00,"First-Line Supervisors of Mechanics, Installers, and Repairers",Chemistry,2.44,08/2021,15
49-2011,49-2011.00,"Computer, Automated Teller, and Office Machine Repairers",Computers and Electronics,4.34,07/2015,1
49-2011,49-2011.00,"Computer, Automated Teller, and Office Machine Repairers",Customer and Personal Service,4.01,07/2015,2
49-2011,49-2011.00,"Computer, Automated Teller, and Office Machine Repairers",Mechanical,3.64,07/2015,3
49-2011,49-2011.00,"Computer, Automated Teller, and Office Machine Repairers",Engineering and Technology,3.09,07/2015,4
49-2011,49-2011.00,"Computer, Automated Teller, and Office Machine Repairers",English Language,3.04,07/2015,5
49-2011,49-2011.00,"Computer, Automated Teller, and Office Machine Repairers",Education and Training,2.4,07/2015,6
49-2011,49-2011.00,"Computer, Automated Teller, and Office Machine Repairers",Transportation,2.37,07/2015,7
49-2011,49-2011.00,"Computer, Automated Teller, and Office Machine Repairers",Telecommunications,2.33,07/2015,8
49-2011,49-2011.00,"Computer, Automated Teller, and Office Machine Repairers",Production and Processing,2.05,07/2015,9
49-2011,49-2011.00,"Computer, Automated Teller, and Office Machine Repairers",Mathematics,1.98,07/2015,10
49-2011,49-2011.00,"Computer, Automated Teller, and Office Machine Repairers",Communications and Media,1.87,07/2015,11
49-2011,49-2011.00,"Computer, Automated Teller, and Office Machine Repairers",Physics,1.82,07/2015,12
49-2011,49-2011.00,"Computer, Automated Teller, and Office Machine Repairers",Public Safety and Security,1.82,07/2015,13
49-2011,49-2011.00,"Computer, Automated Teller, and Office Machine Repairers",Administrative,1.79,07/2015,14
49-2011,49-2011.00,"Computer, Automated Teller, and Office Machine Repairers",Sales and Marketing,1.76,07/2015,15
49-2021,49-2021.00,"Radio, Cellular, and Tower Equipment Installers and Repairers",Computers and Electronics,4.08,08/2022,1
49-2021,49-2021.00,"Radio, Cellular, and Tower Equipment Installers and Repairers",Telecommunications,3.91,08/2022,2
49-2021,49-2021.00,"Radio, Cellular, and Tower Equipment Installers and Repairers",Customer and Personal Service,3.88,08/2022,3
49-2021,49-2021.00,"Radio, Cellular, and Tower Equipment Installers and Repairers",Mechanical,3.36,08/2022,4
49-2021,49-2021.00,"Radio, Cellular, and Tower Equipment Installers and Repairers",Administration and Management,3.26,08/2022,5
49-2021,49-2021.00,"Radio, Cellular, and Tower Equipment Installers and Repairers",Engineering and Technology,3.21,08/2022,6
49-2021,49-2021.00,"Radio, Cellular, and Tower Equipment Installers and Repairers",English Language,3.2,08/2022,7
49-2021,49-2021.00,"Radio, Cellular, and Tower Equipment Installers and Repairers",Public Safety and Security,3.15,08/2022,8
49-2021,49-2021.00,"Radio, Cellular, and Tower Equipment Installers and Repairers",Mathematics,3.02,08/2022,9
49-2021,49-2021.00,"Radio, Cellular, and Tower Equipment Installers and Repairers",Communications and Media,3.02,08/2022,10
49-2021,49-2021.00,"Radio, Cellular, and Tower Equipment Installers and Repairers",Education and Training,2.91,08/2022,11
49-2021,49-2021.00,"Radio, Cellular, and Tower Equipment Installers and Repairers",Administrative,2.81,08/2022,12
49-2021,49-2021.00,"Radio, Cellular, and Tower Equipment Installers and Repairers",Economics and Accounting,2.5,08/2022,13
49-2021,49-2021.00,"Radio, Cellular, and Tower Equipment Installers and Repairers",Production and Processing,2.5,08/2022,14
49-2021,49-2021.00,"Radio, Cellular, and Tower Equipment Installers and Repairers",Building and Construction,2.5,08/2022,15
49-2022,49-2022.00,"Telecommunications Equipment Installers and Repairers, Except Line Installers",Customer and Personal Service,4.43,07/2017,1
49-2022,49-2022.00,"Telecommunications Equipment Installers and Repairers, Except Line Installers",Telecommunications,4.38,07/2017,2
49-2022,49-2022.00,"Telecommunications Equipment Installers and Repairers, Except Line Installers",Computers and Electronics,4.2,07/2017,3
49-2022,49-2022.00,"Telecommunications Equipment Installers and Repairers, Except Line Installers",English Language,4.0,07/2017,4
49-2022,49-2022.00,"Telecommunications Equipment Installers and Repairers, Except Line Installers",Mathematics,3.49,07/2017,5
49-2022,49-2022.00,"Telecommunications Equipment Installers and Repairers, Except Line Installers",Public Safety and Security,3.34,07/2017,6
49-2022,49-2022.00,"Telecommunications Equipment Installers and Repairers, Except Line Installers",Mechanical,3.21,07/2017,7
49-2022,49-2022.00,"Telecommunications Equipment Installers and Repairers, Except Line Installers",Engineering and Technology,3.17,07/2017,8
49-2022,49-2022.00,"Telecommunications Equipment Installers and Repairers, Except Line Installers",Education and Training,3.02,07/2017,9
49-2022,49-2022.00,"Telecommunications Equipment Installers and Repairers, Except Line Installers",Administrative,2.89,07/2017,10
49-2022,49-2022.00,"Telecommunications Equipment Installers and Repairers, Except Line Installers",Administration and Management,2.87,07/2017,11
49-2022,49-2022.00,"Telecommunications Equipment Installers and Repairers, Except Line Installers",Communications and Media,2.8,07/2017,12
49-2022,49-2022.00,"Telecommunications Equipment Installers and Repairers, Except Line Installers",Sales and Marketing,2.69,07/2017,13
49-2022,49-2022.00,"Telecommunications Equipment Installers and Repairers, Except Line Installers",Production and Processing,2.61,07/2017,14
49-2022,49-2022.00,"Telecommunications Equipment Installers and Repairers, Except Line Installers",Personnel and Human Resources,2.49,07/2017,15
49-2091,49-2091.00,Avionics Technicians,Computers and Electronics,4.37,07/2015,1
49-2091,49-2091.00,Avionics Technicians,Mechanical,4.22,07/2015,2
49-2091,49-2091.00,Avionics Technicians,English Language,4.2,07/2015,3
49-2091,49-2091.00,Avionics Technicians,Engineering and Technology,3.76,07/2015,4
49-2091,49-2091.00,Avionics Technicians,Customer and Personal Service,3.5,07/2015,5
49-2091,49-2091.00,Avionics Technicians,Telecommunications,3.44,07/2015,6
49-2091,49-2091.00,Avionics Technicians,Design,3.42,07/2015,7
49-2091,49-2091.00,Avionics Technicians,Mathematics,3.4,07/2015,8
49-2091,49-2091.00,Avionics Technicians,Education and Training,3.15,07/2015,9
49-2091,49-2091.00,Avionics Technicians,Public Safety and Security,3.11,07/2015,10
49-2091,49-2091.00,Avionics Technicians,Production and Processing,2.97,07/2015,11
49-2091,49-2091.00,Avionics Technicians,Administrative,2.81,07/2015,12
49-2091,49-2091.00,Avionics Technicians,Transportation,2.81,07/2015,13
49-2091,49-2091.00,Avionics Technicians,Physics,2.79,07/2015,14
49-2091,49-2091.00,Avionics Technicians,Chemistry,2.64,07/2015,15
49-2092,49-2092.00,"Electric Motor, Power Tool, and Related Repairers",Mechanical,4.23,07/2017,1
49-2092,49-2092.00,"Electric Motor, Power Tool, and Related Repairers",Production and Processing,3.24,07/2017,2
49-2092,49-2092.00,"Electric Motor, Power Tool, and Related Repairers",English Language,3.22,07/2017,3
49-2092,49-2092.00,"Electric Motor, Power Tool, and Related Repairers",Administration and Management,3.03,07/2017,4
49-2092,49-2092.00,"Electric Motor, Power Tool, and Related Repairers",Customer and Personal Service,3.01,07/2017,5
49-2092,49-2092.00,"Electric Motor, Power Tool, and Related Repairers",Mathematics,2.99,07/2017,6
49-2092,49-2092.00,"Electric Motor, Power Tool, and Related Repairers",Education and Training,2.86,07/2017,7
49-2092,49-2092.00,"Electric Motor, Power Tool, and Related Repairers",Public Safety and Security,2.62,07/2017,8
49-2092,49-2092.00,"Electric Motor, Power Tool, and Related Repairers",Engineering and Technology,2.56,07/2017,9
49-2092,49-2092.00,"Electric Motor, Power Tool, and Related Repairers",Administrative,2.51,07/2017,10
49-2092,49-2092.00,"Electric Motor, Power Tool, and Related Repairers",Design,2.49,07/2017,11
49-2092,49-2092.00,"Electric Motor, Power Tool, and Related Repairers",Physics,2.46,07/2017,12
49-2092,49-2092.00,"Electric Motor, Power Tool, and Related Repairers",Building and Construction,2.41,07/2017,13
49-2092,49-2092.00,"Electric Motor, Power Tool, and Related Repairers",Computers and Electronics,2.39,07/2017,14
49-2092,49-2092.00,"Electric Motor, Power Tool, and Related Repairers",Personnel and Human Resources,2.06,07/2017,15
49-2093,49-2093.00,"Electrical and Electronics Installers and Repairers, Transportation Equipment",Engineering and Technology,4.36,08/2019,1
49-2093,49-2093.00,"Electrical and Electronics Installers and Repairers, Transportation Equipment",Computers and Electronics,4.25,08/2019,2
49-2093,49-2093.00,"Electrical and Electronics Installers and Repairers, Transportation Equipment",Mathematics,3.88,08/2019,3
49-2093,49-2093.00,"Electrical and Electronics Installers and Repairers, Transportation Equipment",Public Safety and Security,3.82,08/2019,4
49-2093,49-2093.00,"Electrical and Electronics Installers and Repairers, Transportation Equipment",Mechanical,3.63,08/2019,5
49-2093,49-2093.00,"Electrical and Electronics Installers and Repairers, Transportation Equipment",Design,3.55,08/2019,6
49-2093,49-2093.00,"Electrical and Electronics Installers and Repairers, Transportation Equipment",English Language,3.46,08/2019,7
49-2093,49-2093.00,"Electrical and Electronics Installers and Repairers, Transportation Equipment",Telecommunications,3.43,08/2019,8
49-2093,49-2093.00,"Electrical and Electronics Installers and Repairers, Transportation Equipment",Education and Training,3.4,08/2019,9
49-2093,49-2093.00,"Electrical and Electronics Installers and Repairers, Transportation Equipment",Customer and Personal Service,3.37,08/2019,10
49-2093,49-2093.00,"Electrical and Electronics Installers and Repairers, Transportation Equipment",Production and Processing,3.34,08/2019,11
49-2093,49-2093.00,"Electrical and Electronics Installers and Repairers, Transportation Equipment",Transportation,3.3,08/2019,12
49-2093,49-2093.00,"Electrical and Electronics Installers and Repairers, Transportation Equipment",Physics,3.06,08/2019,13
49-2093,49-2093.00,"Electrical and Electronics Installers and Repairers, Transportation Equipment",Administrative,2.88,08/2019,14
49-2093,49-2093.00,"Electrical and Electronics Installers and Repairers, Transportation Equipment",Administration and Management,2.8,08/2019,15
49-2094,49-2094.00,"Electrical and Electronics Repairers, Commercial and Industrial Equipment",Computers and Electronics,4.22,08/2021,1
49-2094,49-2094.00,"Electrical and Electronics Repairers, Commercial and Industrial Equipment",Mechanical,4.11,08/2021,2
49-2094,49-2094.00,"Electrical and Electronics Repairers, Commercial and Industrial Equipment",Production and Processing,3.92,08/2021,3
49-2094,49-2094.00,"Electrical and Electronics Repairers, Commercial and Industrial Equipment",Customer and Personal Service,3.66,08/2021,4
49-2094,49-2094.00,"Electrical and Electronics Repairers, Commercial and Industrial Equipment",Mathematics,3.57,08/2021,5
49-2094,49-2094.00,"Electrical and Electronics Repairers, Commercial and Industrial Equipment",Administration and Management,3.53,08/2021,6
49-2094,49-2094.00,"Electrical and Electronics Repairers, Commercial and Industrial Equipment",Engineering and Technology,3.52,08/2021,7
49-2094,49-2094.00,"Electrical and Electronics Repairers, Commercial and Industrial Equipment",English Language,3.52,08/2021,8
49-2094,49-2094.00,"Electrical and Electronics Repairers, Commercial and Industrial Equipment",Design,3.27,08/2021,9
49-2094,49-2094.00,"Electrical and Electronics Repairers, Commercial and Industrial Equipment",Education and Training,3.15,08/2021,10
49-2094,49-2094.00,"Electrical and Electronics Repairers, Commercial and Industrial Equipment",Physics,2.85,08/2021,11
49-2094,49-2094.00,"Electrical and Electronics Repairers, Commercial and Industrial Equipment",Telecommunications,2.76,08/2021,12
49-2094,49-2094.00,"Electrical and Electronics Repairers, Commercial and Industrial Equipment",Administrative,2.67,08/2021,13
49-2094,49-2094.00,"Electrical and Electronics Repairers, Commercial and Industrial Equipment",Public Safety and Security,2.51,08/2021,14
49-2094,49-2094.00,"Electrical and Electronics Repairers, Commercial and Industrial Equipment",Communications and Media,2.44,08/2021,15
49-2095,49-2095.00,"Electrical and Electronics Repairers, Powerhouse, Substation, and Relay",Mechanical,4.3,07/2017,1
49-2095,49-2095.00,"Electrical and Electronics Repairers, Powerhouse, Substation, and Relay",Mathematics,3.92,07/2017,2
49-2095,49-2095.00,"Electrical and Electronics Repairers, Powerhouse, Substation, and Relay",Engineering and Technology,3.91,07/2017,3
49-2095,49-2095.00,"Electrical and Electronics Repairers, Powerhouse, Substation, and Relay",Public Safety and Security,3.87,07/2017,4
49-2095,49-2095.00,"Electrical and Electronics Repairers, Powerhouse, Substation, and Relay",English Language,3.81,07/2017,5
49-2095,49-2095.00,"Electrical and Electronics Repairers, Powerhouse, Substation, and Relay",Computers and Electronics,3.73,07/2017,6
49-2095,49-2095.00,"Electrical and Electronics Repairers, Powerhouse, Substation, and Relay",Design,3.73,07/2017,7
49-2095,49-2095.00,"Electrical and Electronics Repairers, Powerhouse, Substation, and Relay",Physics,3.54,07/2017,8
49-2095,49-2095.00,"Electrical and Electronics Repairers, Powerhouse, Substation, and Relay",Building and Construction,3.43,07/2017,9
49-2095,49-2095.00,"Electrical and Electronics Repairers, Powerhouse, Substation, and Relay",Education and Training,3.24,07/2017,10
49-2095,49-2095.00,"Electrical and Electronics Repairers, Powerhouse, Substation, and Relay",Telecommunications,2.94,07/2017,11
49-2095,49-2095.00,"Electrical and Electronics Repairers, Powerhouse, Substation, and Relay",Customer and Personal Service,2.81,07/2017,12
49-2095,49-2095.00,"Electrical and Electronics Repairers, Powerhouse, Substation, and Relay",Administration and Management,2.72,07/2017,13
49-2095,49-2095.00,"Electrical and Electronics Repairers, Powerhouse, Substation, and Relay",Administrative,2.65,07/2017,14
49-2095,49-2095.00,"Electrical and Electronics Repairers, Powerhouse, Substation, and Relay",Law and Government,2.59,07/2017,15
49-2096,49-2096.00,"Electronic Equipment Installers and Repairers, Motor Vehicles",Mechanical,4.08,07/2016,1
49-2096,49-2096.00,"Electronic Equipment Installers and Repairers, Motor Vehicles",Computers and Electronics,4.03,07/2016,2
49-2096,49-2096.00,"Electronic Equipment Installers and Repairers, Motor Vehicles",Customer and Personal Service,3.56,07/2016,3
49-2096,49-2096.00,"Electronic Equipment Installers and Repairers, Motor Vehicles",Mathematics,3.56,07/2016,4
49-2096,49-2096.00,"Electronic Equipment Installers and Repairers, Motor Vehicles",English Language,3.32,07/2016,5
49-2096,49-2096.00,"Electronic Equipment Installers and Repairers, Motor Vehicles",Engineering and Technology,3.21,07/2016,6
49-2096,49-2096.00,"Electronic Equipment Installers and Repairers, Motor Vehicles",Education and Training,3.11,07/2016,7
49-2096,49-2096.00,"Electronic Equipment Installers and Repairers, Motor Vehicles",Administration and Management,2.88,07/2016,8
49-2096,49-2096.00,"Electronic Equipment Installers and Repairers, Motor Vehicles",Sales and Marketing,2.82,07/2016,9
49-2096,49-2096.00,"Electronic Equipment Installers and Repairers, Motor Vehicles",Design,2.69,07/2016,10
49-2096,49-2096.00,"Electronic Equipment Installers and Repairers, Motor Vehicles",Public Safety and Security,2.54,07/2016,11
49-2096,49-2096.00,"Electronic Equipment Installers and Repairers, Motor Vehicles",Transportation,2.42,07/2016,12
49-2096,49-2096.00,"Electronic Equipment Installers and Repairers, Motor Vehicles",Building and Construction,2.39,07/2016,13
49-2096,49-2096.00,"Electronic Equipment Installers and Repairers, Motor Vehicles",Administrative,2.19,07/2016,14
49-2096,49-2096.00,"Electronic Equipment Installers and Repairers, Motor Vehicles",Communications and Media,2.17,07/2016,15
49-2097,49-2097.00,Audiovisual Equipment Installers and Repairers,Computers and Electronics,4.26,08/2023,1
49-2097,49-2097.00,Audiovisual Equipment Installers and Repairers,Customer and Personal Service,4.11,08/2023,2
49-2097,49-2097.00,Audiovisual Equipment Installers and Repairers,Telecommunications,3.32,08/2023,3
49-2097,49-2097.00,Audiovisual Equipment Installers and Repairers,Mechanical,3.27,08/2023,4
49-2097,49-2097.00,Audiovisual Equipment Installers and Repairers,English Language,3.23,08/2023,5
49-2097,49-2097.00,Audiovisual Equipment Installers and Repairers,Engineering and Technology,3.2,08/2023,6
49-2097,49-2097.00,Audiovisual Equipment Installers and Repairers,Administration and Management,3.12,08/2023,7
49-2097,49-2097.00,Audiovisual Equipment Installers and Repairers,Building and Construction,3.07,08/2023,8
49-2097,49-2097.00,Audiovisual Equipment Installers and Repairers,Production and Processing,2.95,08/2023,9
49-2097,49-2097.00,Audiovisual Equipment Installers and Repairers,Mathematics,2.91,08/2023,10
49-2097,49-2097.00,Audiovisual Equipment Installers and Repairers,Sales and Marketing,2.9,08/2023,11
49-2097,49-2097.00,Audiovisual Equipment Installers and Repairers,Communications and Media,2.76,08/2023,12
49-2097,49-2097.00,Audiovisual Equipment Installers and Repairers,Design,2.64,08/2023,13
49-2097,49-2097.00,Audiovisual Equipment Installers and Repairers,Administrative,2.35,08/2023,14
49-2097,49-2097.00,Audiovisual Equipment Installers and Repairers,Education and Training,2.33,08/2023,15
49-2098,49-2098.00,Security and Fire Alarm Systems Installers,Public Safety and Security,4.07,07/2015,1
49-2098,49-2098.00,Security and Fire Alarm Systems Installers,Computers and Electronics,3.7,07/2015,2
49-2098,49-2098.00,Security and Fire Alarm Systems Installers,Customer and Personal Service,3.63,07/2015,3
49-2098,49-2098.00,Security and Fire Alarm Systems Installers,Telecommunications,3.58,07/2015,4
49-2098,49-2098.00,Security and Fire Alarm Systems Installers,Building and Construction,3.31,07/2015,5
49-2098,49-2098.00,Security and Fire Alarm Systems Installers,Engineering and Technology,3.13,07/2015,6
49-2098,49-2098.00,Security and Fire Alarm Systems Installers,English Language,3.11,07/2015,7
49-2098,49-2098.00,Security and Fire Alarm Systems Installers,Mechanical,3.1,07/2015,8
49-2098,49-2098.00,Security and Fire Alarm Systems Installers,Education and Training,3.03,07/2015,9
49-2098,49-2098.00,Security and Fire Alarm Systems Installers,Mathematics,2.9,07/2015,10
49-2098,49-2098.00,Security and Fire Alarm Systems Installers,Production and Processing,2.75,07/2015,11
49-2098,49-2098.00,Security and Fire Alarm Systems Installers,Administration and Management,2.54,07/2015,12
49-2098,49-2098.00,Security and Fire Alarm Systems Installers,Design,2.4,07/2015,13
49-2098,49-2098.00,Security and Fire Alarm Systems Installers,Administrative,2.19,07/2015,14
49-2098,49-2098.00,Security and Fire Alarm Systems Installers,Law and Government,2.17,07/2015,15
49-3011,49-3011.00,Aircraft Mechanics and Service Technicians,Mechanical,4.69,08/2025,1
49-3011,49-3011.00,Aircraft Mechanics and Service Technicians,Public Safety and Security,3.82,08/2025,2
49-3011,49-3011.00,Aircraft Mechanics and Service Technicians,Engineering and Technology,3.75,08/2025,3
49-3011,49-3011.00,Aircraft Mechanics and Service Technicians,English Language,3.74,08/2025,4
49-3011,49-3011.00,Aircraft Mechanics and Service Technicians,Transportation,3.72,08/2025,5
49-3011,49-3011.00,Aircraft Mechanics and Service Technicians,Education and Training,3.31,08/2025,6
49-3011,49-3011.00,Aircraft Mechanics and Service Technicians,Mathematics,3.23,08/2025,7
49-3011,49-3011.00,Aircraft Mechanics and Service Technicians,Computers and Electronics,3.14,08/2025,8
49-3011,49-3011.00,Aircraft Mechanics and Service Technicians,Physics,3.14,08/2025,9
49-3011,49-3011.00,Aircraft Mechanics and Service Technicians,Design,3.13,08/2025,10
49-3011,49-3011.00,Aircraft Mechanics and Service Technicians,Customer and Personal Service,2.97,08/2025,11
49-3011,49-3011.00,Aircraft Mechanics and Service Technicians,Chemistry,2.89,08/2025,12
49-3011,49-3011.00,Aircraft Mechanics and Service Technicians,Production and Processing,2.87,08/2025,13
49-3011,49-3011.00,Aircraft Mechanics and Service Technicians,Law and Government,2.74,08/2025,14
49-3011,49-3011.00,Aircraft Mechanics and Service Technicians,Administrative,2.61,08/2025,15
49-3021,49-3021.00,Automotive Body and Related Repairers,Mechanical,3.58,08/2019,1
49-3021,49-3021.00,Automotive Body and Related Repairers,Customer and Personal Service,3.25,08/2019,2
49-3021,49-3021.00,Automotive Body and Related Repairers,Production and Processing,3.13,08/2019,3
49-3021,49-3021.00,Automotive Body and Related Repairers,Mathematics,3.0,08/2019,4
49-3021,49-3021.00,Automotive Body and Related Repairers,English Language,2.96,08/2019,5
49-3021,49-3021.00,Automotive Body and Related Repairers,Transportation,2.95,08/2019,6
49-3021,49-3021.00,Automotive Body and Related Repairers,Engineering and Technology,2.75,08/2019,7
49-3021,49-3021.00,Automotive Body and Related Repairers,Public Safety and Security,2.56,08/2019,8
49-3021,49-3021.00,Automotive Body and Related Repairers,Education and Training,2.53,08/2019,9
49-3021,49-3021.00,Automotive Body and Related Repairers,Administration and Management,2.48,08/2019,10
49-3021,49-3021.00,Automotive Body and Related Repairers,Computers and Electronics,2.37,08/2019,11
49-3021,49-3021.00,Automotive Body and Related Repairers,Physics,2.31,08/2019,12
49-3021,49-3021.00,Automotive Body and Related Repairers,Building and Construction,2.22,08/2019,13
49-3021,49-3021.00,Automotive Body and Related Repairers,Law and Government,2.18,08/2019,14
49-3021,49-3021.00,Automotive Body and Related Repairers,Chemistry,2.11,08/2019,15
49-3022,49-3022.00,Automotive Glass Installers and Repairers,Customer and Personal Service,4.09,07/2014,1
49-3022,49-3022.00,Automotive Glass Installers and Repairers,Mechanical,3.7,07/2014,2
49-3022,49-3022.00,Automotive Glass Installers and Repairers,English Language,3.34,07/2014,3
49-3022,49-3022.00,Automotive Glass Installers and Repairers,Administration and Management,2.98,07/2014,4
49-3022,49-3022.00,Automotive Glass Installers and Repairers,Administrative,2.97,07/2014,5
49-3022,49-3022.00,Automotive Glass Installers and Repairers,Public Safety and Security,2.8,07/2014,6
49-3022,49-3022.00,Automotive Glass Installers and Repairers,Personnel and Human Resources,2.69,07/2014,7
49-3022,49-3022.00,Automotive Glass Installers and Repairers,Sales and Marketing,2.56,07/2014,8
49-3022,49-3022.00,Automotive Glass Installers and Repairers,Transportation,2.49,07/2014,9
49-3022,49-3022.00,Automotive Glass Installers and Repairers,Education and Training,2.4,07/2014,10
49-3022,49-3022.00,Automotive Glass Installers and Repairers,Economics and Accounting,2.36,07/2014,11
49-3022,49-3022.00,Automotive Glass Installers and Repairers,Production and Processing,2.32,07/2014,12
49-3022,49-3022.00,Automotive Glass Installers and Repairers,Mathematics,2.32,07/2014,13
49-3022,49-3022.00,Automotive Glass Installers and Repairers,Computers and Electronics,2.3,07/2014,14
49-3022,49-3022.00,Automotive Glass Installers and Repairers,Engineering and Technology,2.3,07/2014,15
49-3023,49-3023.00,Automotive Service Technicians and Mechanics,Mechanical,4.8,08/2022,1
49-3023,49-3023.00,Automotive Service Technicians and Mechanics,Customer and Personal Service,3.29,08/2022,2
49-3023,49-3023.00,Automotive Service Technicians and Mechanics,Computers and Electronics,3.26,08/2022,3
49-3023,49-3023.00,Automotive Service Technicians and Mechanics,Engineering and Technology,3.02,08/2022,4
49-3023,49-3023.00,Automotive Service Technicians and Mechanics,English Language,2.94,08/2022,5
49-3023,49-3023.00,Automotive Service Technicians and Mechanics,Transportation,2.81,08/2022,6
49-3023,49-3023.00,Automotive Service Technicians and Mechanics,Education and Training,2.78,08/2022,7
49-3023,49-3023.00,Automotive Service Technicians and Mechanics,Public Safety and Security,2.74,08/2022,8
49-3023,49-3023.00,Automotive Service Technicians and Mechanics,Mathematics,2.65,08/2022,9
49-3023,49-3023.00,Automotive Service Technicians and Mechanics,Physics,2.5,08/2022,10
49-3023,49-3023.00,Automotive Service Technicians and Mechanics,Production and Processing,2.35,08/2022,11
49-3023,49-3023.00,Automotive Service Technicians and Mechanics,Design,2.34,08/2022,12
49-3023,49-3023.00,Automotive Service Technicians and Mechanics,Administration and Management,2.33,08/2022,13
49-3023,49-3023.00,Automotive Service Technicians and Mechanics,Chemistry,2.28,08/2022,14
49-3023,49-3023.00,Automotive Service Technicians and Mechanics,Administrative,2.16,08/2022,15
49-3031,49-3031.00,Bus and Truck Mechanics and Diesel Engine Specialists,Mechanical,4.74,08/2022,1
49-3031,49-3031.00,Bus and Truck Mechanics and Diesel Engine Specialists,Transportation,3.88,08/2022,2
49-3031,49-3031.00,Bus and Truck Mechanics and Diesel Engine Specialists,Education and Training,3.54,08/2022,3
49-3031,49-3031.00,Bus and Truck Mechanics and Diesel Engine Specialists,English Language,3.51,08/2022,4
49-3031,49-3031.00,Bus and Truck Mechanics and Diesel Engine Specialists,Public Safety and Security,3.42,08/2022,5
49-3031,49-3031.00,Bus and Truck Mechanics and Diesel Engine Specialists,Mathematics,3.28,08/2022,6
49-3031,49-3031.00,Bus and Truck Mechanics and Diesel Engine Specialists,Computers and Electronics,3.27,08/2022,7
49-3031,49-3031.00,Bus and Truck Mechanics and Diesel Engine Specialists,Administration and Management,3.02,08/2022,8
49-3031,49-3031.00,Bus and Truck Mechanics and Diesel Engine Specialists,Production and Processing,2.95,08/2022,9
49-3031,49-3031.00,Bus and Truck Mechanics and Diesel Engine Specialists,Customer and Personal Service,2.9,08/2022,10
49-3031,49-3031.00,Bus and Truck Mechanics and Diesel Engine Specialists,Physics,2.82,08/2022,11
49-3031,49-3031.00,Bus and Truck Mechanics and Diesel Engine Specialists,Engineering and Technology,2.78,08/2022,12
49-3031,49-3031.00,Bus and Truck Mechanics and Diesel Engine Specialists,Chemistry,2.74,08/2022,13
49-3031,49-3031.00,Bus and Truck Mechanics and Diesel Engine Specialists,Design,2.7,08/2022,14
49-3031,49-3031.00,Bus and Truck Mechanics and Diesel Engine Specialists,Law and Government,2.54,08/2022,15
49-3041,49-3041.00,Farm Equipment Mechanics and Service Technicians,Mechanical,4.67,08/2025,1
49-3041,49-3041.00,Farm Equipment Mechanics and Service Technicians,Customer and Personal Service,3.84,08/2025,2
49-3041,49-3041.00,Farm Equipment Mechanics and Service Technicians,English Language,3.7,08/2025,3
49-3041,49-3041.00,Farm Equipment Mechanics and Service Technicians,Computers and Electronics,3.68,08/2025,4
49-3041,49-3041.00,Farm Equipment Mechanics and Service Technicians,Engineering and Technology,3.54,08/2025,5
49-3041,49-3041.00,Farm Equipment Mechanics and Service Technicians,Physics,3.41,08/2025,6
49-3041,49-3041.00,Farm Equipment Mechanics and Service Technicians,Mathematics,3.39,08/2025,7
49-3041,49-3041.00,Farm Equipment Mechanics and Service Technicians,Production and Processing,3.04,08/2025,8
49-3041,49-3041.00,Farm Equipment Mechanics and Service Technicians,Design,2.68,08/2025,9
49-3041,49-3041.00,Farm Equipment Mechanics and Service Technicians,Administration and Management,2.66,08/2025,10
49-3041,49-3041.00,Farm Equipment Mechanics and Service Technicians,Administrative,2.47,08/2025,11
49-3041,49-3041.00,Farm Equipment Mechanics and Service Technicians,Sales and Marketing,2.4,08/2025,12
49-3041,49-3041.00,Farm Equipment Mechanics and Service Technicians,Chemistry,2.37,08/2025,13
49-3041,49-3041.00,Farm Equipment Mechanics and Service Technicians,Transportation,2.22,08/2025,14
49-3041,49-3041.00,Farm Equipment Mechanics and Service Technicians,Education and Training,1.98,08/2025,15
49-3042,49-3042.00,"Mobile Heavy Equipment Mechanics, Except Engines",Mechanical,4.76,07/2017,1
49-3042,49-3042.00,"Mobile Heavy Equipment Mechanics, Except Engines",Customer and Personal Service,3.29,07/2017,2
49-3042,49-3042.00,"Mobile Heavy Equipment Mechanics, Except Engines",Mathematics,3.27,07/2017,3
49-3042,49-3042.00,"Mobile Heavy Equipment Mechanics, Except Engines",Computers and Electronics,3.06,07/2017,4
49-3042,49-3042.00,"Mobile Heavy Equipment Mechanics, Except Engines",Public Safety and Security,3.01,07/2017,5
49-3042,49-3042.00,"Mobile Heavy Equipment Mechanics, Except Engines",Building and Construction,2.99,07/2017,6
49-3042,49-3042.00,"Mobile Heavy Equipment Mechanics, Except Engines",English Language,2.95,07/2017,7
49-3042,49-3042.00,"Mobile Heavy Equipment Mechanics, Except Engines",Transportation,2.64,07/2017,8
49-3042,49-3042.00,"Mobile Heavy Equipment Mechanics, Except Engines",Engineering and Technology,2.58,07/2017,9
49-3042,49-3042.00,"Mobile Heavy Equipment Mechanics, Except Engines",Physics,2.49,07/2017,10
49-3042,49-3042.00,"Mobile Heavy Equipment Mechanics, Except Engines",Administrative,2.47,07/2017,11
49-3042,49-3042.00,"Mobile Heavy Equipment Mechanics, Except Engines",Production and Processing,2.46,07/2017,12
49-3042,49-3042.00,"Mobile Heavy Equipment Mechanics, Except Engines",Design,2.44,07/2017,13
49-3042,49-3042.00,"Mobile Heavy Equipment Mechanics, Except Engines",Chemistry,2.35,07/2017,14
49-3042,49-3042.00,"Mobile Heavy Equipment Mechanics, Except Engines",Education and Training,2.2,07/2017,15
49-3043,49-3043.00,Rail Car Repairers,Mechanical,4.48,08/2019,1
49-3043,49-3043.00,Rail Car Repairers,Production and Processing,3.4,08/2019,2
49-3043,49-3043.00,Rail Car Repairers,Design,3.31,08/2019,3
49-3043,49-3043.00,Rail Car Repairers,Administration and Management,3.24,08/2019,4
49-3043,49-3043.00,Rail Car Repairers,Building and Construction,3.21,08/2019,5
49-3043,49-3043.00,Rail Car Repairers,Engineering and Technology,3.2,08/2019,6
49-3043,49-3043.00,Rail Car Repairers,Transportation,3.13,08/2019,7
49-3043,49-3043.00,Rail Car Repairers,Mathematics,3.02,08/2019,8
49-3043,49-3043.00,Rail Car Repairers,Public Safety and Security,2.96,08/2019,9
49-3043,49-3043.00,Rail Car Repairers,Customer and Personal Service,2.83,08/2019,10
49-3043,49-3043.00,Rail Car Repairers,Education and Training,2.62,08/2019,11
49-3043,49-3043.00,Rail Car Repairers,English Language,2.54,08/2019,12
49-3043,49-3043.00,Rail Car Repairers,Physics,2.46,08/2019,13
49-3043,49-3043.00,Rail Car Repairers,Administrative,2.36,08/2019,14
49-3043,49-3043.00,Rail Car Repairers,Economics and Accounting,2.11,08/2019,15
49-3051,49-3051.00,Motorboat Mechanics and Service Technicians,Mechanical,4.79,07/2015,1
49-3051,49-3051.00,Motorboat Mechanics and Service Technicians,Customer and Personal Service,3.93,07/2015,2
49-3051,49-3051.00,Motorboat Mechanics and Service Technicians,Computers and Electronics,3.5,07/2015,3
49-3051,49-3051.00,Motorboat Mechanics and Service Technicians,English Language,3.49,07/2015,4
49-3051,49-3051.00,Motorboat Mechanics and Service Technicians,Mathematics,3.34,07/2015,5
49-3051,49-3051.00,Motorboat Mechanics and Service Technicians,Engineering and Technology,3.26,07/2015,6
49-3051,49-3051.00,Motorboat Mechanics and Service Technicians,Transportation,3.08,07/2015,7
49-3051,49-3051.00,Motorboat Mechanics and Service Technicians,Administration and Management,3.06,07/2015,8
49-3051,49-3051.00,Motorboat Mechanics and Service Technicians,Physics,3.03,07/2015,9
49-3051,49-3051.00,Motorboat Mechanics and Service Technicians,Education and Training,2.94,07/2015,10
49-3051,49-3051.00,Motorboat Mechanics and Service Technicians,Administrative,2.73,07/2015,11
49-3051,49-3051.00,Motorboat Mechanics and Service Technicians,Design,2.72,07/2015,12
49-3051,49-3051.00,Motorboat Mechanics and Service Technicians,Public Safety and Security,2.59,07/2015,13
49-3051,49-3051.00,Motorboat Mechanics and Service Technicians,Chemistry,2.52,07/2015,14
49-3051,49-3051.00,Motorboat Mechanics and Service Technicians,Building and Construction,2.46,07/2015,15
49-3052,49-3052.00,Motorcycle Mechanics,Mechanical,4.81,08/2021,1
49-3052,49-3052.00,Motorcycle Mechanics,English Language,3.53,08/2021,2
49-3052,49-3052.00,Motorcycle Mechanics,Customer and Personal Service,3.37,08/2021,3
49-3052,49-3052.00,Motorcycle Mechanics,Computers and Electronics,3.31,08/2021,4
49-3052,49-3052.00,Motorcycle Mechanics,Mathematics,3.13,08/2021,5
49-3052,49-3052.00,Motorcycle Mechanics,Education and Training,3.08,08/2021,6
49-3052,49-3052.00,Motorcycle Mechanics,Sales and Marketing,2.52,08/2021,7
49-3052,49-3052.00,Motorcycle Mechanics,Engineering and Technology,2.44,08/2021,8
49-3052,49-3052.00,Motorcycle Mechanics,Physics,2.41,08/2021,9
49-3052,49-3052.00,Motorcycle Mechanics,Transportation,2.41,08/2021,10
49-3052,49-3052.00,Motorcycle Mechanics,Production and Processing,2.37,08/2021,11
49-3052,49-3052.00,Motorcycle Mechanics,Public Safety and Security,2.36,08/2021,12
49-3052,49-3052.00,Motorcycle Mechanics,Law and Government,2.36,08/2021,13
49-3052,49-3052.00,Motorcycle Mechanics,Design,2.28,08/2021,14
49-3052,49-3052.00,Motorcycle Mechanics,Administrative,2.25,08/2021,15
49-3053,49-3053.00,Outdoor Power Equipment and Other Small Engine Mechanics,Mechanical,4.35,08/2018,1
49-3053,49-3053.00,Outdoor Power Equipment and Other Small Engine Mechanics,Customer and Personal Service,3.46,08/2018,2
49-3053,49-3053.00,Outdoor Power Equipment and Other Small Engine Mechanics,English Language,3.42,08/2018,3
49-3053,49-3053.00,Outdoor Power Equipment and Other Small Engine Mechanics,Engineering and Technology,3.18,08/2018,4
49-3053,49-3053.00,Outdoor Power Equipment and Other Small Engine Mechanics,Education and Training,3.17,08/2018,5
49-3053,49-3053.00,Outdoor Power Equipment and Other Small Engine Mechanics,Transportation,3.15,08/2018,6
49-3053,49-3053.00,Outdoor Power Equipment and Other Small Engine Mechanics,Sales and Marketing,3.1,08/2018,7
49-3053,49-3053.00,Outdoor Power Equipment and Other Small Engine Mechanics,Computers and Electronics,2.96,08/2018,8
49-3053,49-3053.00,Outdoor Power Equipment and Other Small Engine Mechanics,Administration and Management,2.93,08/2018,9
49-3053,49-3053.00,Outdoor Power Equipment and Other Small Engine Mechanics,Physics,2.86,08/2018,10
49-3053,49-3053.00,Outdoor Power Equipment and Other Small Engine Mechanics,Production and Processing,2.84,08/2018,11
49-3053,49-3053.00,Outdoor Power Equipment and Other Small Engine Mechanics,Design,2.76,08/2018,12
49-3053,49-3053.00,Outdoor Power Equipment and Other Small Engine Mechanics,Public Safety and Security,2.73,08/2018,13
49-3053,49-3053.00,Outdoor Power Equipment and Other Small Engine Mechanics,Mathematics,2.66,08/2018,14
49-3053,49-3053.00,Outdoor Power Equipment and Other Small Engine Mechanics,Law and Government,2.61,08/2018,15
49-3091,49-3091.00,Bicycle Repairers,Mechanical,4.97,07/2016,1
49-3091,49-3091.00,Bicycle Repairers,Customer and Personal Service,4.22,07/2016,2
49-3091,49-3091.00,Bicycle Repairers,Sales and Marketing,4.05,07/2016,3
49-3091,49-3091.00,Bicycle Repairers,English Language,3.64,07/2016,4
49-3091,49-3091.00,Bicycle Repairers,Administration and Management,3.48,07/2016,5
49-3091,49-3091.00,Bicycle Repairers,Engineering and Technology,3.48,07/2016,6
49-3091,49-3091.00,Bicycle Repairers,Design,3.23,07/2016,7
49-3091,49-3091.00,Bicycle Repairers,Production and Processing,3.12,07/2016,8
49-3091,49-3091.00,Bicycle Repairers,Mathematics,3.0,07/2016,9
49-3091,49-3091.00,Bicycle Repairers,Administrative,2.93,07/2016,10
49-3091,49-3091.00,Bicycle Repairers,Education and Training,2.86,07/2016,11
49-3091,49-3091.00,Bicycle Repairers,Transportation,2.77,07/2016,12
49-3091,49-3091.00,Bicycle Repairers,Building and Construction,2.63,07/2016,13
49-3091,49-3091.00,Bicycle Repairers,Economics and Accounting,2.49,07/2016,14
49-3091,49-3091.00,Bicycle Repairers,Physics,2.35,07/2016,15
49-3092,49-3092.00,Recreational Vehicle Service Technicians,Mechanical,4.13,08/2025,1
49-3092,49-3092.00,Recreational Vehicle Service Technicians,Building and Construction,4.07,08/2025,2
49-3092,49-3092.00,Recreational Vehicle Service Technicians,Customer and Personal Service,3.78,08/2025,3
49-3092,49-3092.00,Recreational Vehicle Service Technicians,Administration and Management,3.61,08/2025,4
49-3092,49-3092.00,Recreational Vehicle Service Technicians,Education and Training,3.6,08/2025,5
49-3092,49-3092.00,Recreational Vehicle Service Technicians,English Language,3.16,08/2025,6
49-3092,49-3092.00,Recreational Vehicle Service Technicians,Engineering and Technology,3.06,08/2025,7
49-3092,49-3092.00,Recreational Vehicle Service Technicians,Mathematics,3.02,08/2025,8
49-3092,49-3092.00,Recreational Vehicle Service Technicians,Production and Processing,2.89,08/2025,9
49-3092,49-3092.00,Recreational Vehicle Service Technicians,Computers and Electronics,2.87,08/2025,10
49-3092,49-3092.00,Recreational Vehicle Service Technicians,Sales and Marketing,2.78,08/2025,11
49-3092,49-3092.00,Recreational Vehicle Service Technicians,Design,2.71,08/2025,12
49-3092,49-3092.00,Recreational Vehicle Service Technicians,Personnel and Human Resources,2.54,08/2025,13
49-3092,49-3092.00,Recreational Vehicle Service Technicians,Transportation,2.46,08/2025,14
49-3092,49-3092.00,Recreational Vehicle Service Technicians,Public Safety and Security,2.36,08/2025,15
49-3093,49-3093.00,Tire Repairers and Changers,Mechanical,4.01,07/2014,1
49-3093,49-3093.00,Tire Repairers and Changers,Customer and Personal Service,3.58,07/2014,2
49-3093,49-3093.00,Tire Repairers and Changers,Administration and Management,3.18,07/2014,3
49-3093,49-3093.00,Tire Repairers and Changers,Sales and Marketing,3.02,07/2014,4
49-3093,49-3093.00,Tire Repairers and Changers,English Language,2.94,07/2014,5
49-3093,49-3093.00,Tire Repairers and Changers,Public Safety and Security,2.87,07/2014,6
49-3093,49-3093.00,Tire Repairers and Changers,Production and Processing,2.84,07/2014,7
49-3093,49-3093.00,Tire Repairers and Changers,Transportation,2.74,07/2014,8
49-3093,49-3093.00,Tire Repairers and Changers,Mathematics,2.7,07/2014,9
49-3093,49-3093.00,Tire Repairers and Changers,Engineering and Technology,2.64,07/2014,10
49-3093,49-3093.00,Tire Repairers and Changers,Law and Government,2.48,07/2014,11
49-3093,49-3093.00,Tire Repairers and Changers,Computers and Electronics,2.45,07/2014,12
49-3093,49-3093.00,Tire Repairers and Changers,Education and Training,2.44,07/2014,13
49-3093,49-3093.00,Tire Repairers and Changers,Personnel and Human Resources,2.33,07/2014,14
49-3093,49-3093.00,Tire Repairers and Changers,Administrative,2.3,07/2014,15
49-9011,49-9011.00,Mechanical Door Repairers,Mechanical,3.92,07/2015,1
49-9011,49-9011.00,Mechanical Door Repairers,Customer and Personal Service,3.84,07/2015,2
49-9011,49-9011.00,Mechanical Door Repairers,Building and Construction,3.73,07/2015,3
49-9011,49-9011.00,Mechanical Door Repairers,Engineering and Technology,3.09,07/2015,4
49-9011,49-9011.00,Mechanical Door Repairers,Mathematics,2.97,07/2015,5
49-9011,49-9011.00,Mechanical Door Repairers,Computers and Electronics,2.92,07/2015,6
49-9011,49-9011.00,Mechanical Door Repairers,English Language,2.88,07/2015,7
49-9011,49-9011.00,Mechanical Door Repairers,Design,2.76,07/2015,8
49-9011,49-9011.00,Mechanical Door Repairers,Public Safety and Security,2.75,07/2015,9
49-9011,49-9011.00,Mechanical Door Repairers,Administration and Management,2.71,07/2015,10
49-9011,49-9011.00,Mechanical Door Repairers,Education and Training,2.6,07/2015,11
49-9011,49-9011.00,Mechanical Door Repairers,Sales and Marketing,2.57,07/2015,12
49-9011,49-9011.00,Mechanical Door Repairers,Production and Processing,2.42,07/2015,13
49-9011,49-9011.00,Mechanical Door Repairers,Physics,2.14,07/2015,14
49-9011,49-9011.00,Mechanical Door Repairers,Transportation,2.1,07/2015,15
49-9012,49-9012.00,"Control and Valve Installers and Repairers, Except Mechanical Door",Mechanical,4.12,07/2017,1
49-9012,49-9012.00,"Control and Valve Installers and Repairers, Except Mechanical Door",Engineering and Technology,3.63,07/2017,2
49-9012,49-9012.00,"Control and Valve Installers and Repairers, Except Mechanical Door",Public Safety and Security,3.54,07/2017,3
49-9012,49-9012.00,"Control and Valve Installers and Repairers, Except Mechanical Door",Customer and Personal Service,3.25,07/2017,4
49-9012,49-9012.00,"Control and Valve Installers and Repairers, Except Mechanical Door",Computers and Electronics,3.25,07/2017,5
49-9012,49-9012.00,"Control and Valve Installers and Repairers, Except Mechanical Door",Mathematics,3.19,07/2017,6
49-9012,49-9012.00,"Control and Valve Installers and Repairers, Except Mechanical Door",Design,3.18,07/2017,7
49-9012,49-9012.00,"Control and Valve Installers and Repairers, Except Mechanical Door",Production and Processing,3.05,07/2017,8
49-9012,49-9012.00,"Control and Valve Installers and Repairers, Except Mechanical Door",Building and Construction,2.94,07/2017,9
49-9012,49-9012.00,"Control and Valve Installers and Repairers, Except Mechanical Door",English Language,2.9,07/2017,10
49-9012,49-9012.00,"Control and Valve Installers and Repairers, Except Mechanical Door",Administration and Management,2.88,07/2017,11
49-9012,49-9012.00,"Control and Valve Installers and Repairers, Except Mechanical Door",Physics,2.82,07/2017,12
49-9012,49-9012.00,"Control and Valve Installers and Repairers, Except Mechanical Door",Education and Training,2.82,07/2017,13
49-9012,49-9012.00,"Control and Valve Installers and Repairers, Except Mechanical Door",Administrative,2.71,07/2017,14
49-9012,49-9012.00,"Control and Valve Installers and Repairers, Except Mechanical Door",Chemistry,2.64,07/2017,15
49-9021,49-9021.00,"Heating, Air Conditioning, and Refrigeration Mechanics and Installers",Mechanical,4.67,08/2022,1
49-9021,49-9021.00,"Heating, Air Conditioning, and Refrigeration Mechanics and Installers",Building and Construction,4.18,08/2022,2
49-9021,49-9021.00,"Heating, Air Conditioning, and Refrigeration Mechanics and Installers",Customer and Personal Service,4.03,08/2022,3
49-9021,49-9021.00,"Heating, Air Conditioning, and Refrigeration Mechanics and Installers",Engineering and Technology,3.49,08/2022,4
49-9021,49-9021.00,"Heating, Air Conditioning, and Refrigeration Mechanics and Installers",Computers and Electronics,3.29,08/2022,5
49-9021,49-9021.00,"Heating, Air Conditioning, and Refrigeration Mechanics and Installers",English Language,3.27,08/2022,6
49-9021,49-9021.00,"Heating, Air Conditioning, and Refrigeration Mechanics and Installers",Public Safety and Security,3.24,08/2022,7
49-9021,49-9021.00,"Heating, Air Conditioning, and Refrigeration Mechanics and Installers",Design,3.17,08/2022,8
49-9021,49-9021.00,"Heating, Air Conditioning, and Refrigeration Mechanics and Installers",Physics,3.17,08/2022,9
49-9021,49-9021.00,"Heating, Air Conditioning, and Refrigeration Mechanics and Installers",Mathematics,3.14,08/2022,10
49-9021,49-9021.00,"Heating, Air Conditioning, and Refrigeration Mechanics and Installers",Administration and Management,3.11,08/2022,11
49-9021,49-9021.00,"Heating, Air Conditioning, and Refrigeration Mechanics and Installers",Education and Training,3.1,08/2022,12
49-9021,49-9021.00,"Heating, Air Conditioning, and Refrigeration Mechanics and Installers",Transportation,2.86,08/2022,13
49-9021,49-9021.00,"Heating, Air Conditioning, and Refrigeration Mechanics and Installers",Chemistry,2.77,08/2022,14
49-9021,49-9021.00,"Heating, Air Conditioning, and Refrigeration Mechanics and Installers",Sales and Marketing,2.65,08/2022,15
49-9031,49-9031.00,Home Appliance Repairers,Customer and Personal Service,4.07,08/2018,1
49-9031,49-9031.00,Home Appliance Repairers,Mechanical,4.0,08/2018,2
49-9031,49-9031.00,Home Appliance Repairers,English Language,3.44,08/2018,3
49-9031,49-9031.00,Home Appliance Repairers,Administration and Management,3.41,08/2018,4
49-9031,49-9031.00,Home Appliance Repairers,Administrative,3.4,08/2018,5
49-9031,49-9031.00,Home Appliance Repairers,Computers and Electronics,3.36,08/2018,6
49-9031,49-9031.00,Home Appliance Repairers,Sales and Marketing,3.18,08/2018,7
49-9031,49-9031.00,Home Appliance Repairers,Engineering and Technology,3.0,08/2018,8
49-9031,49-9031.00,Home Appliance Repairers,Mathematics,2.91,08/2018,9
49-9031,49-9031.00,Home Appliance Repairers,Education and Training,2.68,08/2018,10
49-9031,49-9031.00,Home Appliance Repairers,Economics and Accounting,2.47,08/2018,11
49-9031,49-9031.00,Home Appliance Repairers,Transportation,2.43,08/2018,12
49-9031,49-9031.00,Home Appliance Repairers,Personnel and Human Resources,2.42,08/2018,13
49-9031,49-9031.00,Home Appliance Repairers,Psychology,2.31,08/2018,14
49-9031,49-9031.00,Home Appliance Repairers,Geography,2.23,08/2018,15
49-9041,49-9041.00,Industrial Machinery Mechanics,Mechanical,4.27,08/2021,1
49-9041,49-9041.00,Industrial Machinery Mechanics,English Language,3.51,08/2021,2
49-9041,49-9041.00,Industrial Machinery Mechanics,Production and Processing,3.42,08/2021,3
49-9041,49-9041.00,Industrial Machinery Mechanics,Engineering and Technology,3.34,08/2021,4
49-9041,49-9041.00,Industrial Machinery Mechanics,Design,3.27,08/2021,5
49-9041,49-9041.00,Industrial Machinery Mechanics,Mathematics,3.06,08/2021,6
49-9041,49-9041.00,Industrial Machinery Mechanics,Computers and Electronics,3.0,08/2021,7
49-9041,49-9041.00,Industrial Machinery Mechanics,Education and Training,2.77,08/2021,8
49-9041,49-9041.00,Industrial Machinery Mechanics,Public Safety and Security,2.72,08/2021,9
49-9041,49-9041.00,Industrial Machinery Mechanics,Physics,2.68,08/2021,10
49-9041,49-9041.00,Industrial Machinery Mechanics,Administration and Management,2.49,08/2021,11
49-9041,49-9041.00,Industrial Machinery Mechanics,Customer and Personal Service,2.32,08/2021,12
49-9041,49-9041.00,Industrial Machinery Mechanics,Chemistry,2.31,08/2021,13
49-9041,49-9041.00,Industrial Machinery Mechanics,Building and Construction,2.19,08/2021,14
49-9041,49-9041.00,Industrial Machinery Mechanics,Food Production,1.97,08/2021,15
49-9043,49-9043.00,"Maintenance Workers, Machinery",Mechanical,4.54,08/2024,1
49-9043,49-9043.00,"Maintenance Workers, Machinery",Production and Processing,3.37,08/2024,2
49-9043,49-9043.00,"Maintenance Workers, Machinery",Administration and Management,3.23,08/2024,3
49-9043,49-9043.00,"Maintenance Workers, Machinery",English Language,3.05,08/2024,4
49-9043,49-9043.00,"Maintenance Workers, Machinery",Design,3.04,08/2024,5
49-9043,49-9043.00,"Maintenance Workers, Machinery",Education and Training,2.99,08/2024,6
49-9043,49-9043.00,"Maintenance Workers, Machinery",Engineering and Technology,2.9,08/2024,7
49-9043,49-9043.00,"Maintenance Workers, Machinery",Mathematics,2.79,08/2024,8
49-9043,49-9043.00,"Maintenance Workers, Machinery",Computers and Electronics,2.54,08/2024,9
49-9043,49-9043.00,"Maintenance Workers, Machinery",Public Safety and Security,2.38,08/2024,10
49-9043,49-9043.00,"Maintenance Workers, Machinery",Chemistry,2.26,08/2024,11
49-9043,49-9043.00,"Maintenance Workers, Machinery",Physics,2.22,08/2024,12
49-9043,49-9043.00,"Maintenance Workers, Machinery",Administrative,2.09,08/2024,13
49-9043,49-9043.00,"Maintenance Workers, Machinery",Customer and Personal Service,2.04,08/2024,14
49-9043,49-9043.00,"Maintenance Workers, Machinery",Building and Construction,1.98,08/2024,15
49-9045,49-9045.00,"Refractory Materials Repairers, Except Brickmasons",Mechanical,3.53,06/2007,1
49-9045,49-9045.00,"Refractory Materials Repairers, Except Brickmasons",Production and Processing,2.98,06/2007,2
49-9045,49-9045.00,"Refractory Materials Repairers, Except Brickmasons",Public Safety and Security,2.74,06/2007,3
49-9045,49-9045.00,"Refractory Materials Repairers, Except Brickmasons",English Language,2.68,06/2007,4
49-9045,49-9045.00,"Refractory Materials Repairers, Except Brickmasons",Mathematics,2.59,06/2007,5
49-9045,49-9045.00,"Refractory Materials Repairers, Except Brickmasons",Chemistry,2.47,06/2007,6
49-9045,49-9045.00,"Refractory Materials Repairers, Except Brickmasons",Design,2.42,06/2007,7
49-9045,49-9045.00,"Refractory Materials Repairers, Except Brickmasons",Education and Training,2.41,06/2007,8
49-9045,49-9045.00,"Refractory Materials Repairers, Except Brickmasons",Building and Construction,2.26,06/2007,9
49-9045,49-9045.00,"Refractory Materials Repairers, Except Brickmasons",Engineering and Technology,2.23,06/2007,10
49-9045,49-9045.00,"Refractory Materials Repairers, Except Brickmasons",Administration and Management,2.1,06/2007,11
49-9045,49-9045.00,"Refractory Materials Repairers, Except Brickmasons",Transportation,1.9,06/2007,12
49-9045,49-9045.00,"Refractory Materials Repairers, Except Brickmasons",Customer and Personal Service,1.88,06/2007,13
49-9045,49-9045.00,"Refractory Materials Repairers, Except Brickmasons",Communications and Media,1.83,06/2007,14
49-9045,49-9045.00,"Refractory Materials Repairers, Except Brickmasons",Computers and Electronics,1.71,06/2007,15
49-9051,49-9051.00,Electrical Power-Line Installers and Repairers,Building and Construction,3.58,08/2021,1
49-9051,49-9051.00,Electrical Power-Line Installers and Repairers,English Language,3.4,08/2021,2
49-9051,49-9051.00,Electrical Power-Line Installers and Repairers,Education and Training,3.33,08/2021,3
49-9051,49-9051.00,Electrical Power-Line Installers and Repairers,Public Safety and Security,3.32,08/2021,4
49-9051,49-9051.00,Electrical Power-Line Installers and Repairers,Transportation,3.31,08/2021,5
49-9051,49-9051.00,Electrical Power-Line Installers and Repairers,Mechanical,3.26,08/2021,6
49-9051,49-9051.00,Electrical Power-Line Installers and Repairers,Customer and Personal Service,3.13,08/2021,7
49-9051,49-9051.00,Electrical Power-Line Installers and Repairers,Design,2.96,08/2021,8
49-9051,49-9051.00,Electrical Power-Line Installers and Repairers,Engineering and Technology,2.9,08/2021,9
49-9051,49-9051.00,Electrical Power-Line Installers and Repairers,Mathematics,2.85,08/2021,10
49-9051,49-9051.00,Electrical Power-Line Installers and Repairers,Administration and Management,2.79,08/2021,11
49-9051,49-9051.00,Electrical Power-Line Installers and Repairers,Telecommunications,2.67,08/2021,12
49-9051,49-9051.00,Electrical Power-Line Installers and Repairers,Geography,2.48,08/2021,13
49-9051,49-9051.00,Electrical Power-Line Installers and Repairers,Physics,2.36,08/2021,14
49-9051,49-9051.00,Electrical Power-Line Installers and Repairers,Personnel and Human Resources,2.31,08/2021,15
49-9052,49-9052.00,Telecommunications Line Installers and Repairers,Telecommunications,4.49,07/2015,1
49-9052,49-9052.00,Telecommunications Line Installers and Repairers,Customer and Personal Service,4.39,07/2015,2
49-9052,49-9052.00,Telecommunications Line Installers and Repairers,English Language,3.74,07/2015,3
49-9052,49-9052.00,Telecommunications Line Installers and Repairers,Public Safety and Security,3.39,07/2015,4
49-9052,49-9052.00,Telecommunications Line Installers and Repairers,Computers and Electronics,3.26,07/2015,5
49-9052,49-9052.00,Telecommunications Line Installers and Repairers,Mechanical,3.22,07/2015,6
49-9052,49-9052.00,Telecommunications Line Installers and Repairers,Education and Training,3.19,07/2015,7
49-9052,49-9052.00,Telecommunications Line Installers and Repairers,Communications and Media,3.14,07/2015,8
49-9052,49-9052.00,Telecommunications Line Installers and Repairers,Administration and Management,2.92,07/2015,9
49-9052,49-9052.00,Telecommunications Line Installers and Repairers,Engineering and Technology,2.86,07/2015,10
49-9052,49-9052.00,Telecommunications Line Installers and Repairers,Mathematics,2.74,07/2015,11
49-9052,49-9052.00,Telecommunications Line Installers and Repairers,Design,2.73,07/2015,12
49-9052,49-9052.00,Telecommunications Line Installers and Repairers,Production and Processing,2.7,07/2015,13
49-9052,49-9052.00,Telecommunications Line Installers and Repairers,Sales and Marketing,2.68,07/2015,14
49-9052,49-9052.00,Telecommunications Line Installers and Repairers,Transportation,2.66,07/2015,15
49-9061,49-9061.00,Camera and Photographic Equipment Repairers,Mechanical,3.91,07/2015,1
49-9061,49-9061.00,Camera and Photographic Equipment Repairers,Computers and Electronics,3.7,07/2015,2
49-9061,49-9061.00,Camera and Photographic Equipment Repairers,Customer and Personal Service,3.61,07/2015,3
49-9061,49-9061.00,Camera and Photographic Equipment Repairers,English Language,3.52,07/2015,4
49-9061,49-9061.00,Camera and Photographic Equipment Repairers,Engineering and Technology,3.27,07/2015,5
49-9061,49-9061.00,Camera and Photographic Equipment Repairers,Administrative,2.79,07/2015,6
49-9061,49-9061.00,Camera and Photographic Equipment Repairers,Education and Training,2.77,07/2015,7
49-9061,49-9061.00,Camera and Photographic Equipment Repairers,Sales and Marketing,2.67,07/2015,8
49-9061,49-9061.00,Camera and Photographic Equipment Repairers,Administration and Management,2.64,07/2015,9
49-9061,49-9061.00,Camera and Photographic Equipment Repairers,Mathematics,2.62,07/2015,10
49-9061,49-9061.00,Camera and Photographic Equipment Repairers,Design,2.5,07/2015,11
49-9061,49-9061.00,Camera and Photographic Equipment Repairers,Production and Processing,2.45,07/2015,12
49-9061,49-9061.00,Camera and Photographic Equipment Repairers,Personnel and Human Resources,2.44,07/2015,13
49-9061,49-9061.00,Camera and Photographic Equipment Repairers,Economics and Accounting,2.38,07/2015,14
49-9061,49-9061.00,Camera and Photographic Equipment Repairers,Telecommunications,1.98,07/2015,15
49-9062,49-9062.00,Medical Equipment Repairers,Mechanical,4.17,08/2023,1
49-9062,49-9062.00,Medical Equipment Repairers,Computers and Electronics,3.94,08/2023,2
49-9062,49-9062.00,Medical Equipment Repairers,Customer and Personal Service,3.87,08/2023,3
49-9062,49-9062.00,Medical Equipment Repairers,English Language,3.58,08/2023,4
49-9062,49-9062.00,Medical Equipment Repairers,Engineering and Technology,3.39,08/2023,5
49-9062,49-9062.00,Medical Equipment Repairers,Mathematics,3.03,08/2023,6
49-9062,49-9062.00,Medical Equipment Repairers,Public Safety and Security,2.47,08/2023,7
49-9062,49-9062.00,Medical Equipment Repairers,Education and Training,2.46,08/2023,8
49-9062,49-9062.00,Medical Equipment Repairers,Production and Processing,2.45,08/2023,9
49-9062,49-9062.00,Medical Equipment Repairers,Physics,2.45,08/2023,10
49-9062,49-9062.00,Medical Equipment Repairers,Administrative,2.42,08/2023,11
49-9062,49-9062.00,Medical Equipment Repairers,Design,2.31,08/2023,12
49-9062,49-9062.00,Medical Equipment Repairers,Telecommunications,2.3,08/2023,13
49-9062,49-9062.00,Medical Equipment Repairers,Transportation,2.29,08/2023,14
49-9062,49-9062.00,Medical Equipment Repairers,Administration and Management,2.23,08/2023,15
49-9064,49-9064.00,Watch and Clock Repairers,Customer and Personal Service,4.23,08/2018,1
49-9064,49-9064.00,Watch and Clock Repairers,Administration and Management,3.68,08/2018,2
49-9064,49-9064.00,Watch and Clock Repairers,Mechanical,3.56,08/2018,3
49-9064,49-9064.00,Watch and Clock Repairers,Administrative,3.07,08/2018,4
49-9064,49-9064.00,Watch and Clock Repairers,Engineering and Technology,3.05,08/2018,5
49-9064,49-9064.00,Watch and Clock Repairers,Production and Processing,3.04,08/2018,6
49-9064,49-9064.00,Watch and Clock Repairers,English Language,2.97,08/2018,7
49-9064,49-9064.00,Watch and Clock Repairers,Sales and Marketing,2.78,08/2018,8
49-9064,49-9064.00,Watch and Clock Repairers,Education and Training,2.77,08/2018,9
49-9064,49-9064.00,Watch and Clock Repairers,Economics and Accounting,2.69,08/2018,10
49-9064,49-9064.00,Watch and Clock Repairers,Computers and Electronics,2.58,08/2018,11
49-9064,49-9064.00,Watch and Clock Repairers,Design,2.48,08/2018,12
49-9064,49-9064.00,Watch and Clock Repairers,Mathematics,2.43,08/2018,13
49-9064,49-9064.00,Watch and Clock Repairers,Personnel and Human Resources,2.33,08/2018,14
49-9064,49-9064.00,Watch and Clock Repairers,Physics,2.27,08/2018,15
49-9071,49-9071.00,"Maintenance and Repair Workers, General",Mechanical,4.03,08/2021,1
49-9071,49-9071.00,"Maintenance and Repair Workers, General",English Language,3.69,08/2021,2
49-9071,49-9071.00,"Maintenance and Repair Workers, General",Building and Construction,3.68,08/2021,3
49-9071,49-9071.00,"Maintenance and Repair Workers, General",Mathematics,3.35,08/2021,4
49-9071,49-9071.00,"Maintenance and Repair Workers, General",Production and Processing,3.07,08/2021,5
49-9071,49-9071.00,"Maintenance and Repair Workers, General",Customer and Personal Service,2.92,08/2021,6
49-9071,49-9071.00,"Maintenance and Repair Workers, General",Public Safety and Security,2.62,08/2021,7
49-9071,49-9071.00,"Maintenance and Repair Workers, General",Engineering and Technology,2.52,08/2021,8
49-9071,49-9071.00,"Maintenance and Repair Workers, General",Education and Training,2.37,08/2021,9
49-9071,49-9071.00,"Maintenance and Repair Workers, General",Design,2.35,08/2021,10
49-9071,49-9071.00,"Maintenance and Repair Workers, General",Administration and Management,2.3,08/2021,11
49-9071,49-9071.00,"Maintenance and Repair Workers, General",Computers and Electronics,2.26,08/2021,12
49-9071,49-9071.00,"Maintenance and Repair Workers, General",Administrative,2.14,08/2021,13
49-9071,49-9071.00,"Maintenance and Repair Workers, General",Transportation,2.05,08/2021,14
49-9071,49-9071.00,"Maintenance and Repair Workers, General",Physics,1.88,08/2021,15
49-9081,49-9081.00,Wind Turbine Service Technicians,Mechanical,4.54,08/2021,1
49-9081,49-9081.00,Wind Turbine Service Technicians,Computers and Electronics,4.15,08/2021,2
49-9081,49-9081.00,Wind Turbine Service Technicians,English Language,3.97,08/2021,3
49-9081,49-9081.00,Wind Turbine Service Technicians,Public Safety and Security,3.73,08/2021,4
49-9081,49-9081.00,Wind Turbine Service Technicians,Engineering and Technology,3.69,08/2021,5
49-9081,49-9081.00,Wind Turbine Service Technicians,Education and Training,3.34,08/2021,6
49-9081,49-9081.00,Wind Turbine Service Technicians,Administration and Management,3.32,08/2021,7
49-9081,49-9081.00,Wind Turbine Service Technicians,Building and Construction,3.25,08/2021,8
49-9081,49-9081.00,Wind Turbine Service Technicians,Mathematics,3.25,08/2021,9
49-9081,49-9081.00,Wind Turbine Service Technicians,Physics,3.09,08/2021,10
49-9081,49-9081.00,Wind Turbine Service Technicians,Administrative,2.97,08/2021,11
49-9081,49-9081.00,Wind Turbine Service Technicians,Customer and Personal Service,2.88,08/2021,12
49-9081,49-9081.00,Wind Turbine Service Technicians,Telecommunications,2.85,08/2021,13
49-9081,49-9081.00,Wind Turbine Service Technicians,Transportation,2.76,08/2021,14
49-9081,49-9081.00,Wind Turbine Service Technicians,Production and Processing,2.63,08/2021,15
49-9091,49-9091.00,"Coin, Vending, and Amusement Machine Servicers and Repairers",Computers and Electronics,3.98,07/2017,1
49-9091,49-9091.00,"Coin, Vending, and Amusement Machine Servicers and Repairers",Mechanical,3.5,07/2017,2
49-9091,49-9091.00,"Coin, Vending, and Amusement Machine Servicers and Repairers",Customer and Personal Service,3.47,07/2017,3
49-9091,49-9091.00,"Coin, Vending, and Amusement Machine Servicers and Repairers",English Language,3.0,07/2017,4
49-9091,49-9091.00,"Coin, Vending, and Amusement Machine Servicers and Repairers",Engineering and Technology,2.53,07/2017,5
49-9091,49-9091.00,"Coin, Vending, and Amusement Machine Servicers and Repairers",Administrative,2.52,07/2017,6
49-9091,49-9091.00,"Coin, Vending, and Amusement Machine Servicers and Repairers",Sales and Marketing,2.51,07/2017,7
49-9091,49-9091.00,"Coin, Vending, and Amusement Machine Servicers and Repairers",Mathematics,2.4,07/2017,8
49-9091,49-9091.00,"Coin, Vending, and Amusement Machine Servicers and Repairers",Administration and Management,2.38,07/2017,9
49-9091,49-9091.00,"Coin, Vending, and Amusement Machine Servicers and Repairers",Production and Processing,2.29,07/2017,10
49-9091,49-9091.00,"Coin, Vending, and Amusement Machine Servicers and Repairers",Public Safety and Security,2.23,07/2017,11
49-9091,49-9091.00,"Coin, Vending, and Amusement Machine Servicers and Repairers",Personnel and Human Resources,2.13,07/2017,12
49-9091,49-9091.00,"Coin, Vending, and Amusement Machine Servicers and Repairers",Psychology,2.13,07/2017,13
49-9091,49-9091.00,"Coin, Vending, and Amusement Machine Servicers and Repairers",Economics and Accounting,2.08,07/2017,14
49-9091,49-9091.00,"Coin, Vending, and Amusement Machine Servicers and Repairers",Education and Training,2.01,07/2017,15
49-9092,49-9092.00,Commercial Divers,Mechanical,4.07,07/2015,1
49-9092,49-9092.00,Commercial Divers,Building and Construction,3.76,07/2015,2
49-9092,49-9092.00,Commercial Divers,Physics,3.55,07/2015,3
49-9092,49-9092.00,Commercial Divers,Customer and Personal Service,3.2,07/2015,4
49-9092,49-9092.00,Commercial Divers,Mathematics,3.14,07/2015,5
49-9092,49-9092.00,Commercial Divers,Public Safety and Security,3.13,07/2015,6
49-9092,49-9092.00,Commercial Divers,Education and Training,3.01,07/2015,7
49-9092,49-9092.00,Commercial Divers,English Language,2.99,07/2015,8
49-9092,49-9092.00,Commercial Divers,Design,2.77,07/2015,9
49-9092,49-9092.00,Commercial Divers,Medicine and Dentistry,2.76,07/2015,10
49-9092,49-9092.00,Commercial Divers,Engineering and Technology,2.66,07/2015,11
49-9092,49-9092.00,Commercial Divers,Administration and Management,2.56,07/2015,12
49-9092,49-9092.00,Commercial Divers,Transportation,2.44,07/2015,13
49-9092,49-9092.00,Commercial Divers,Production and Processing,2.36,07/2015,14
49-9092,49-9092.00,Commercial Divers,Law and Government,2.33,07/2015,15
49-9095,49-9095.00,Manufactured Building and Mobile Home Installers,Building and Construction,4.37,06/2007,1
49-9095,49-9095.00,Manufactured Building and Mobile Home Installers,Public Safety and Security,4.15,06/2007,2
49-9095,49-9095.00,Manufactured Building and Mobile Home Installers,Customer and Personal Service,4.04,06/2007,3
49-9095,49-9095.00,Manufactured Building and Mobile Home Installers,Design,3.81,06/2007,4
49-9095,49-9095.00,Manufactured Building and Mobile Home Installers,Transportation,3.73,06/2007,5
49-9095,49-9095.00,Manufactured Building and Mobile Home Installers,Engineering and Technology,3.59,06/2007,6
49-9095,49-9095.00,Manufactured Building and Mobile Home Installers,Mathematics,3.58,06/2007,7
49-9095,49-9095.00,Manufactured Building and Mobile Home Installers,Mechanical,3.55,06/2007,8
49-9095,49-9095.00,Manufactured Building and Mobile Home Installers,Law and Government,3.34,06/2007,9
49-9095,49-9095.00,Manufactured Building and Mobile Home Installers,English Language,3.25,06/2007,10
49-9095,49-9095.00,Manufactured Building and Mobile Home Installers,Education and Training,3.14,06/2007,11
49-9095,49-9095.00,Manufactured Building and Mobile Home Installers,Production and Processing,3.04,06/2007,12
49-9095,49-9095.00,Manufactured Building and Mobile Home Installers,Administration and Management,2.84,06/2007,13
49-9095,49-9095.00,Manufactured Building and Mobile Home Installers,Physics,2.77,06/2007,14
49-9095,49-9095.00,Manufactured Building and Mobile Home Installers,Psychology,2.73,06/2007,15
49-9096,49-9096.00,Riggers,Mechanical,3.71,08/2020,1
49-9096,49-9096.00,Riggers,Public Safety and Security,3.65,08/2020,2
49-9096,49-9096.00,Riggers,Production and Processing,3.62,08/2020,3
49-9096,49-9096.00,Riggers,Customer and Personal Service,3.53,08/2020,4
49-9096,49-9096.00,Riggers,Administration and Management,3.43,08/2020,5
49-9096,49-9096.00,Riggers,Design,3.34,08/2020,6
49-9096,49-9096.00,Riggers,English Language,3.33,08/2020,7
49-9096,49-9096.00,Riggers,Education and Training,3.25,08/2020,8
49-9096,49-9096.00,Riggers,Engineering and Technology,3.19,08/2020,9
49-9096,49-9096.00,Riggers,Building and Construction,3.19,08/2020,10
49-9096,49-9096.00,Riggers,Mathematics,3.19,08/2020,11
49-9096,49-9096.00,Riggers,Sales and Marketing,2.9,08/2020,12
49-9096,49-9096.00,Riggers,Computers and Electronics,2.82,08/2020,13
49-9096,49-9096.00,Riggers,Transportation,2.8,08/2020,14
49-9096,49-9096.00,Riggers,Physics,2.48,08/2020,15
49-9097,49-9097.00,Signal and Track Switch Repairers,Transportation,3.73,08/2021,1
49-9097,49-9097.00,Signal and Track Switch Repairers,Mechanical,3.7,08/2021,2
49-9097,49-9097.00,Signal and Track Switch Repairers,English Language,3.59,08/2021,3
49-9097,49-9097.00,Signal and Track Switch Repairers,Public Safety and Security,3.52,08/2021,4
49-9097,49-9097.00,Signal and Track Switch Repairers,Engineering and Technology,3.09,08/2021,5
49-9097,49-9097.00,Signal and Track Switch Repairers,Telecommunications,3.09,08/2021,6
49-9097,49-9097.00,Signal and Track Switch Repairers,Computers and Electronics,3.05,08/2021,7
49-9097,49-9097.00,Signal and Track Switch Repairers,Building and Construction,2.9,08/2021,8
49-9097,49-9097.00,Signal and Track Switch Repairers,Law and Government,2.82,08/2021,9
49-9097,49-9097.00,Signal and Track Switch Repairers,Mathematics,2.8,08/2021,10
49-9097,49-9097.00,Signal and Track Switch Repairers,Design,2.73,08/2021,11
49-9097,49-9097.00,Signal and Track Switch Repairers,Education and Training,2.63,08/2021,12
49-9097,49-9097.00,Signal and Track Switch Repairers,Administration and Management,2.06,08/2021,13
49-9097,49-9097.00,Signal and Track Switch Repairers,Customer and Personal Service,1.84,08/2021,14
49-9097,49-9097.00,Signal and Track Switch Repairers,Production and Processing,1.77,08/2021,15
49-9098,49-9098.00,"Helpers--Installation, Maintenance, and Repair Workers",Mechanical,4.07,08/2020,1
49-9098,49-9098.00,"Helpers--Installation, Maintenance, and Repair Workers",Building and Construction,3.75,08/2020,2
49-9098,49-9098.00,"Helpers--Installation, Maintenance, and Repair Workers",Customer and Personal Service,3.67,08/2020,3
49-9098,49-9098.00,"Helpers--Installation, Maintenance, and Repair Workers",Public Safety and Security,3.48,08/2020,4
49-9098,49-9098.00,"Helpers--Installation, Maintenance, and Repair Workers",English Language,3.47,08/2020,5
49-9098,49-9098.00,"Helpers--Installation, Maintenance, and Repair Workers",Engineering and Technology,3.36,08/2020,6
49-9098,49-9098.00,"Helpers--Installation, Maintenance, and Repair Workers",Mathematics,3.34,08/2020,7
49-9098,49-9098.00,"Helpers--Installation, Maintenance, and Repair Workers",Design,3.32,08/2020,8
49-9098,49-9098.00,"Helpers--Installation, Maintenance, and Repair Workers",Production and Processing,3.15,08/2020,9
49-9098,49-9098.00,"Helpers--Installation, Maintenance, and Repair Workers",Computers and Electronics,3.13,08/2020,10
49-9098,49-9098.00,"Helpers--Installation, Maintenance, and Repair Workers",Education and Training,2.75,08/2020,11
49-9098,49-9098.00,"Helpers--Installation, Maintenance, and Repair Workers",Physics,2.74,08/2020,12
49-9098,49-9098.00,"Helpers--Installation, Maintenance, and Repair Workers",Administration and Management,2.63,08/2020,13
49-9098,49-9098.00,"Helpers--Installation, Maintenance, and Repair Workers",Personnel and Human Resources,2.48,08/2020,14
49-9098,49-9098.00,"Helpers--Installation, Maintenance, and Repair Workers",Administrative,2.39,08/2020,15
49-9099,49-9099.01,Geothermal Technicians,Mechanical,4.42,08/2020,1
49-9099,49-9099.01,Geothermal Technicians,English Language,3.8,08/2020,2
49-9099,49-9099.01,Geothermal Technicians,Physics,3.72,08/2020,3
49-9099,49-9099.01,Geothermal Technicians,Education and Training,3.65,08/2020,4
49-9099,49-9099.01,Geothermal Technicians,Public Safety and Security,3.44,08/2020,5
49-9099,49-9099.01,Geothermal Technicians,Chemistry,3.32,08/2020,6
49-9099,49-9099.01,Geothermal Technicians,Design,3.28,08/2020,7
49-9099,49-9099.01,Geothermal Technicians,Mathematics,3.28,08/2020,8
49-9099,49-9099.01,Geothermal Technicians,Telecommunications,3.28,08/2020,9
49-9099,49-9099.01,Geothermal Technicians,Production and Processing,3.21,08/2020,10
49-9099,49-9099.01,Geothermal Technicians,Administration and Management,3.2,08/2020,11
49-9099,49-9099.01,Geothermal Technicians,Computers and Electronics,3.15,08/2020,12
49-9099,49-9099.01,Geothermal Technicians,Administrative,3.07,08/2020,13
49-9099,49-9099.01,Geothermal Technicians,Engineering and Technology,3.06,08/2020,14
49-9099,49-9099.01,Geothermal Technicians,Building and Construction,2.71,08/2020,15
51-1011,51-1011.00,First-Line Supervisors of Production and Operating Workers,Production and Processing,4.34,08/2020,1
51-1011,51-1011.00,First-Line Supervisors of Production and Operating Workers,Administration and Management,4.1,08/2020,2
51-1011,51-1011.00,First-Line Supervisors of Production and Operating Workers,Personnel and Human Resources,3.58,08/2020,3
51-1011,51-1011.00,First-Line Supervisors of Production and Operating Workers,English Language,3.51,08/2020,4
51-1011,51-1011.00,First-Line Supervisors of Production and Operating Workers,Computers and Electronics,3.24,08/2020,5
51-1011,51-1011.00,First-Line Supervisors of Production and Operating Workers,Mathematics,3.24,08/2020,6
51-1011,51-1011.00,First-Line Supervisors of Production and Operating Workers,Administrative,3.22,08/2020,7
51-1011,51-1011.00,First-Line Supervisors of Production and Operating Workers,Mechanical,3.15,08/2020,8
51-1011,51-1011.00,First-Line Supervisors of Production and Operating Workers,Education and Training,3.15,08/2020,9
51-1011,51-1011.00,First-Line Supervisors of Production and Operating Workers,Engineering and Technology,3.08,08/2020,10
51-1011,51-1011.00,First-Line Supervisors of Production and Operating Workers,Customer and Personal Service,2.94,08/2020,11
51-1011,51-1011.00,First-Line Supervisors of Production and Operating Workers,Public Safety and Security,2.94,08/2020,12
51-1011,51-1011.00,First-Line Supervisors of Production and Operating Workers,Design,2.87,08/2020,13
51-1011,51-1011.00,First-Line Supervisors of Production and Operating Workers,Psychology,2.55,08/2020,14
51-1011,51-1011.00,First-Line Supervisors of Production and Operating Workers,Building and Construction,2.54,08/2020,15
51-2011,51-2011.00,"Aircraft Structure, Surfaces, Rigging, and Systems Assemblers",Mathematics,3.48,07/2015,1
51-2011,51-2011.00,"Aircraft Structure, Surfaces, Rigging, and Systems Assemblers",Education and Training,3.47,07/2015,2
51-2011,51-2011.00,"Aircraft Structure, Surfaces, Rigging, and Systems Assemblers",Mechanical,3.44,07/2015,3
51-2011,51-2011.00,"Aircraft Structure, Surfaces, Rigging, and Systems Assemblers",English Language,3.44,07/2015,4
51-2011,51-2011.00,"Aircraft Structure, Surfaces, Rigging, and Systems Assemblers",Production and Processing,3.39,07/2015,5
51-2011,51-2011.00,"Aircraft Structure, Surfaces, Rigging, and Systems Assemblers",Design,3.38,07/2015,6
51-2011,51-2011.00,"Aircraft Structure, Surfaces, Rigging, and Systems Assemblers",Computers and Electronics,3.14,07/2015,7
51-2011,51-2011.00,"Aircraft Structure, Surfaces, Rigging, and Systems Assemblers",Public Safety and Security,3.0,07/2015,8
51-2011,51-2011.00,"Aircraft Structure, Surfaces, Rigging, and Systems Assemblers",Engineering and Technology,2.96,07/2015,9
51-2011,51-2011.00,"Aircraft Structure, Surfaces, Rigging, and Systems Assemblers",Administration and Management,2.84,07/2015,10
51-2011,51-2011.00,"Aircraft Structure, Surfaces, Rigging, and Systems Assemblers",Customer and Personal Service,2.83,07/2015,11
51-2011,51-2011.00,"Aircraft Structure, Surfaces, Rigging, and Systems Assemblers",Chemistry,2.66,07/2015,12
51-2011,51-2011.00,"Aircraft Structure, Surfaces, Rigging, and Systems Assemblers",Law and Government,2.52,07/2015,13
51-2011,51-2011.00,"Aircraft Structure, Surfaces, Rigging, and Systems Assemblers",Physics,2.42,07/2015,14
51-2011,51-2011.00,"Aircraft Structure, Surfaces, Rigging, and Systems Assemblers",Transportation,2.42,07/2015,15
51-2021,51-2021.00,"Coil Winders, Tapers, and Finishers",Education and Training,3.69,07/2017,1
51-2021,51-2021.00,"Coil Winders, Tapers, and Finishers",English Language,3.65,07/2017,2
51-2021,51-2021.00,"Coil Winders, Tapers, and Finishers",Mathematics,3.62,07/2017,3
51-2021,51-2021.00,"Coil Winders, Tapers, and Finishers",Administration and Management,3.61,07/2017,4
51-2021,51-2021.00,"Coil Winders, Tapers, and Finishers",Production and Processing,3.53,07/2017,5
51-2021,51-2021.00,"Coil Winders, Tapers, and Finishers",Mechanical,3.47,07/2017,6
51-2021,51-2021.00,"Coil Winders, Tapers, and Finishers",Design,3.29,07/2017,7
51-2021,51-2021.00,"Coil Winders, Tapers, and Finishers",Computers and Electronics,3.1,07/2017,8
51-2021,51-2021.00,"Coil Winders, Tapers, and Finishers",Customer and Personal Service,2.89,07/2017,9
51-2021,51-2021.00,"Coil Winders, Tapers, and Finishers",Engineering and Technology,2.77,07/2017,10
51-2021,51-2021.00,"Coil Winders, Tapers, and Finishers",Physics,2.75,07/2017,11
51-2021,51-2021.00,"Coil Winders, Tapers, and Finishers",Administrative,2.7,07/2017,12
51-2021,51-2021.00,"Coil Winders, Tapers, and Finishers",Transportation,2.6,07/2017,13
51-2021,51-2021.00,"Coil Winders, Tapers, and Finishers",Law and Government,2.41,07/2017,14
51-2021,51-2021.00,"Coil Winders, Tapers, and Finishers",Chemistry,2.4,07/2017,15
51-2022,51-2022.00,Electrical and Electronic Equipment Assemblers,Production and Processing,2.87,07/2013,1
51-2022,51-2022.00,Electrical and Electronic Equipment Assemblers,Mechanical,2.63,07/2013,2
51-2022,51-2022.00,Electrical and Electronic Equipment Assemblers,Design,2.49,07/2013,3
51-2022,51-2022.00,Electrical and Electronic Equipment Assemblers,English Language,2.36,07/2013,4
51-2022,51-2022.00,Electrical and Electronic Equipment Assemblers,Mathematics,2.28,07/2013,5
51-2022,51-2022.00,Electrical and Electronic Equipment Assemblers,Computers and Electronics,2.24,07/2013,6
51-2022,51-2022.00,Electrical and Electronic Equipment Assemblers,Education and Training,2.07,07/2013,7
51-2022,51-2022.00,Electrical and Electronic Equipment Assemblers,Administration and Management,2.02,07/2013,8
51-2022,51-2022.00,Electrical and Electronic Equipment Assemblers,Engineering and Technology,1.79,07/2013,9
51-2022,51-2022.00,Electrical and Electronic Equipment Assemblers,Chemistry,1.72,07/2013,10
51-2022,51-2022.00,Electrical and Electronic Equipment Assemblers,Public Safety and Security,1.72,07/2013,11
51-2022,51-2022.00,Electrical and Electronic Equipment Assemblers,Customer and Personal Service,1.59,07/2013,12
51-2022,51-2022.00,Electrical and Electronic Equipment Assemblers,Physics,1.56,07/2013,13
51-2022,51-2022.00,Electrical and Electronic Equipment Assemblers,Transportation,1.43,07/2013,14
51-2022,51-2022.00,Electrical and Electronic Equipment Assemblers,Administrative,1.41,07/2013,15
51-2023,51-2023.00,Electromechanical Equipment Assemblers,Production and Processing,3.27,07/2017,1
51-2023,51-2023.00,Electromechanical Equipment Assemblers,Mechanical,3.21,07/2017,2
51-2023,51-2023.00,Electromechanical Equipment Assemblers,Computers and Electronics,3.08,07/2017,3
51-2023,51-2023.00,Electromechanical Equipment Assemblers,English Language,2.99,07/2017,4
51-2023,51-2023.00,Electromechanical Equipment Assemblers,Engineering and Technology,2.87,07/2017,5
51-2023,51-2023.00,Electromechanical Equipment Assemblers,Design,2.57,07/2017,6
51-2023,51-2023.00,Electromechanical Equipment Assemblers,Mathematics,2.56,07/2017,7
51-2023,51-2023.00,Electromechanical Equipment Assemblers,Public Safety and Security,2.38,07/2017,8
51-2023,51-2023.00,Electromechanical Equipment Assemblers,Education and Training,2.27,07/2017,9
51-2023,51-2023.00,Electromechanical Equipment Assemblers,Customer and Personal Service,2.15,07/2017,10
51-2023,51-2023.00,Electromechanical Equipment Assemblers,Administration and Management,2.0,07/2017,11
51-2023,51-2023.00,Electromechanical Equipment Assemblers,Telecommunications,1.84,07/2017,12
51-2023,51-2023.00,Electromechanical Equipment Assemblers,Communications and Media,1.7,07/2017,13
51-2023,51-2023.00,Electromechanical Equipment Assemblers,Administrative,1.69,07/2017,14
51-2023,51-2023.00,Electromechanical Equipment Assemblers,Building and Construction,1.66,07/2017,15
51-2031,51-2031.00,Engine and Other Machine Assemblers,Mechanical,3.91,07/2014,1
51-2031,51-2031.00,Engine and Other Machine Assemblers,Production and Processing,3.41,07/2014,2
51-2031,51-2031.00,Engine and Other Machine Assemblers,Customer and Personal Service,3.22,07/2014,3
51-2031,51-2031.00,Engine and Other Machine Assemblers,Engineering and Technology,2.99,07/2014,4
51-2031,51-2031.00,Engine and Other Machine Assemblers,Mathematics,2.89,07/2014,5
51-2031,51-2031.00,Engine and Other Machine Assemblers,Public Safety and Security,2.89,07/2014,6
51-2031,51-2031.00,Engine and Other Machine Assemblers,Administration and Management,2.86,07/2014,7
51-2031,51-2031.00,Engine and Other Machine Assemblers,Design,2.83,07/2014,8
51-2031,51-2031.00,Engine and Other Machine Assemblers,Education and Training,2.79,07/2014,9
51-2031,51-2031.00,Engine and Other Machine Assemblers,English Language,2.66,07/2014,10
51-2031,51-2031.00,Engine and Other Machine Assemblers,Computers and Electronics,2.56,07/2014,11
51-2031,51-2031.00,Engine and Other Machine Assemblers,Personnel and Human Resources,2.22,07/2014,12
51-2031,51-2031.00,Engine and Other Machine Assemblers,Building and Construction,2.15,07/2014,13
51-2031,51-2031.00,Engine and Other Machine Assemblers,Administrative,2.13,07/2014,14
51-2031,51-2031.00,Engine and Other Machine Assemblers,Physics,2.1,07/2014,15
51-2041,51-2041.00,Structural Metal Fabricators and Fitters,Mathematics,3.39,08/2024,1
51-2041,51-2041.00,Structural Metal Fabricators and Fitters,Production and Processing,3.31,08/2024,2
51-2041,51-2041.00,Structural Metal Fabricators and Fitters,Mechanical,3.3,08/2024,3
51-2041,51-2041.00,Structural Metal Fabricators and Fitters,English Language,3.04,08/2024,4
51-2041,51-2041.00,Structural Metal Fabricators and Fitters,Administration and Management,2.87,08/2024,5
51-2041,51-2041.00,Structural Metal Fabricators and Fitters,Education and Training,2.81,08/2024,6
51-2041,51-2041.00,Structural Metal Fabricators and Fitters,Design,2.77,08/2024,7
51-2041,51-2041.00,Structural Metal Fabricators and Fitters,Public Safety and Security,2.73,08/2024,8
51-2041,51-2041.00,Structural Metal Fabricators and Fitters,Customer and Personal Service,2.63,08/2024,9
51-2041,51-2041.00,Structural Metal Fabricators and Fitters,Engineering and Technology,2.59,08/2024,10
51-2041,51-2041.00,Structural Metal Fabricators and Fitters,Building and Construction,2.34,08/2024,11
51-2041,51-2041.00,Structural Metal Fabricators and Fitters,Administrative,2.28,08/2024,12
51-2041,51-2041.00,Structural Metal Fabricators and Fitters,Computers and Electronics,2.26,08/2024,13
51-2041,51-2041.00,Structural Metal Fabricators and Fitters,Personnel and Human Resources,2.08,08/2024,14
51-2041,51-2041.00,Structural Metal Fabricators and Fitters,Transportation,2.01,08/2024,15
51-2051,51-2051.00,Fiberglass Laminators and Fabricators,Administration and Management,3.9,08/2020,1
51-2051,51-2051.00,Fiberglass Laminators and Fabricators,Production and Processing,3.82,08/2020,2
51-2051,51-2051.00,Fiberglass Laminators and Fabricators,Education and Training,3.6,08/2020,3
51-2051,51-2051.00,Fiberglass Laminators and Fabricators,Chemistry,3.33,08/2020,4
51-2051,51-2051.00,Fiberglass Laminators and Fabricators,English Language,3.2,08/2020,5
51-2051,51-2051.00,Fiberglass Laminators and Fabricators,Customer and Personal Service,3.01,08/2020,6
51-2051,51-2051.00,Fiberglass Laminators and Fabricators,Building and Construction,2.99,08/2020,7
51-2051,51-2051.00,Fiberglass Laminators and Fabricators,Administrative,2.98,08/2020,8
51-2051,51-2051.00,Fiberglass Laminators and Fabricators,Mechanical,2.93,08/2020,9
51-2051,51-2051.00,Fiberglass Laminators and Fabricators,Design,2.91,08/2020,10
51-2051,51-2051.00,Fiberglass Laminators and Fabricators,Engineering and Technology,2.79,08/2020,11
51-2051,51-2051.00,Fiberglass Laminators and Fabricators,Mathematics,2.77,08/2020,12
51-2051,51-2051.00,Fiberglass Laminators and Fabricators,Sales and Marketing,2.5,08/2020,13
51-2051,51-2051.00,Fiberglass Laminators and Fabricators,Public Safety and Security,2.5,08/2020,14
51-2051,51-2051.00,Fiberglass Laminators and Fabricators,Computers and Electronics,2.23,08/2020,15
51-2061,51-2061.00,Timing Device Assemblers and Adjusters,Mechanical,3.61,06/2008,1
51-2061,51-2061.00,Timing Device Assemblers and Adjusters,Mathematics,3.02,06/2008,2
51-2061,51-2061.00,Timing Device Assemblers and Adjusters,Production and Processing,2.8,06/2008,3
51-2061,51-2061.00,Timing Device Assemblers and Adjusters,Engineering and Technology,2.72,06/2008,4
51-2061,51-2061.00,Timing Device Assemblers and Adjusters,Education and Training,2.62,06/2008,5
51-2061,51-2061.00,Timing Device Assemblers and Adjusters,Customer and Personal Service,2.41,06/2008,6
51-2061,51-2061.00,Timing Device Assemblers and Adjusters,Computers and Electronics,2.29,06/2008,7
51-2061,51-2061.00,Timing Device Assemblers and Adjusters,Administration and Management,2.02,06/2008,8
51-2061,51-2061.00,Timing Device Assemblers and Adjusters,Physics,1.97,06/2008,9
51-2061,51-2061.00,Timing Device Assemblers and Adjusters,English Language,1.95,06/2008,10
51-2061,51-2061.00,Timing Device Assemblers and Adjusters,Sales and Marketing,1.89,06/2008,11
51-2061,51-2061.00,Timing Device Assemblers and Adjusters,Psychology,1.86,06/2008,12
51-2061,51-2061.00,Timing Device Assemblers and Adjusters,Design,1.83,06/2008,13
51-2061,51-2061.00,Timing Device Assemblers and Adjusters,Building and Construction,1.7,06/2008,14
51-2061,51-2061.00,Timing Device Assemblers and Adjusters,Personnel and Human Resources,1.68,06/2008,15
51-2092,51-2092.00,Team Assemblers,Production and Processing,4.26,08/2020,1
51-2092,51-2092.00,Team Assemblers,Mechanical,3.68,08/2020,2
51-2092,51-2092.00,Team Assemblers,Public Safety and Security,3.51,08/2020,3
51-2092,51-2092.00,Team Assemblers,English Language,3.43,08/2020,4
51-2092,51-2092.00,Team Assemblers,Education and Training,3.42,08/2020,5
51-2092,51-2092.00,Team Assemblers,Computers and Electronics,3.35,08/2020,6
51-2092,51-2092.00,Team Assemblers,Design,3.33,08/2020,7
51-2092,51-2092.00,Team Assemblers,Engineering and Technology,3.32,08/2020,8
51-2092,51-2092.00,Team Assemblers,Mathematics,3.09,08/2020,9
51-2092,51-2092.00,Team Assemblers,Administration and Management,3.05,08/2020,10
51-2092,51-2092.00,Team Assemblers,Customer and Personal Service,2.89,08/2020,11
51-2092,51-2092.00,Team Assemblers,Building and Construction,2.44,08/2020,12
51-2092,51-2092.00,Team Assemblers,Physics,2.38,08/2020,13
51-2092,51-2092.00,Team Assemblers,Personnel and Human Resources,2.35,08/2020,14
51-2092,51-2092.00,Team Assemblers,Administrative,2.29,08/2020,15
51-3011,51-3011.00,Bakers,Production and Processing,3.82,07/2015,1
51-3011,51-3011.00,Bakers,Customer and Personal Service,3.77,07/2015,2
51-3011,51-3011.00,Bakers,Food Production,3.41,07/2015,3
51-3011,51-3011.00,Bakers,English Language,3.25,07/2015,4
51-3011,51-3011.00,Bakers,Mathematics,3.09,07/2015,5
51-3011,51-3011.00,Bakers,Administration and Management,2.99,07/2015,6
51-3011,51-3011.00,Bakers,Sales and Marketing,2.93,07/2015,7
51-3011,51-3011.00,Bakers,Public Safety and Security,2.65,07/2015,8
51-3011,51-3011.00,Bakers,Education and Training,2.53,07/2015,9
51-3011,51-3011.00,Bakers,Computers and Electronics,2.51,07/2015,10
51-3011,51-3011.00,Bakers,Design,2.5,07/2015,11
51-3011,51-3011.00,Bakers,Administrative,2.26,07/2015,12
51-3011,51-3011.00,Bakers,Personnel and Human Resources,2.25,07/2015,13
51-3011,51-3011.00,Bakers,Economics and Accounting,2.19,07/2015,14
51-3011,51-3011.00,Bakers,Mechanical,2.12,07/2015,15
51-3021,51-3021.00,Butchers and Meat Cutters,Customer and Personal Service,4.13,07/2016,1
51-3021,51-3021.00,Butchers and Meat Cutters,Food Production,3.88,07/2016,2
51-3021,51-3021.00,Butchers and Meat Cutters,Production and Processing,3.37,07/2016,3
51-3021,51-3021.00,Butchers and Meat Cutters,Sales and Marketing,3.11,07/2016,4
51-3021,51-3021.00,Butchers and Meat Cutters,English Language,2.76,07/2016,5
51-3021,51-3021.00,Butchers and Meat Cutters,Administration and Management,2.49,07/2016,6
51-3021,51-3021.00,Butchers and Meat Cutters,Mathematics,2.46,07/2016,7
51-3021,51-3021.00,Butchers and Meat Cutters,Education and Training,2.27,07/2016,8
51-3021,51-3021.00,Butchers and Meat Cutters,Mechanical,2.25,07/2016,9
51-3021,51-3021.00,Butchers and Meat Cutters,Administrative,1.94,07/2016,10
51-3021,51-3021.00,Butchers and Meat Cutters,Personnel and Human Resources,1.92,07/2016,11
51-3021,51-3021.00,Butchers and Meat Cutters,Computers and Electronics,1.89,07/2016,12
51-3021,51-3021.00,Butchers and Meat Cutters,Psychology,1.86,07/2016,13
51-3021,51-3021.00,Butchers and Meat Cutters,Public Safety and Security,1.83,07/2016,14
51-3021,51-3021.00,Butchers and Meat Cutters,Economics and Accounting,1.77,07/2016,15
51-3022,51-3022.00,"Meat, Poultry, and Fish Cutters and Trimmers",Production and Processing,4.03,07/2017,1
51-3022,51-3022.00,"Meat, Poultry, and Fish Cutters and Trimmers",Food Production,4.0,07/2017,2
51-3022,51-3022.00,"Meat, Poultry, and Fish Cutters and Trimmers",Public Safety and Security,3.6,07/2017,3
51-3022,51-3022.00,"Meat, Poultry, and Fish Cutters and Trimmers",Mathematics,3.56,07/2017,4
51-3022,51-3022.00,"Meat, Poultry, and Fish Cutters and Trimmers",Administration and Management,3.38,07/2017,5
51-3022,51-3022.00,"Meat, Poultry, and Fish Cutters and Trimmers",Mechanical,3.28,07/2017,6
51-3022,51-3022.00,"Meat, Poultry, and Fish Cutters and Trimmers",Personnel and Human Resources,3.27,07/2017,7
51-3022,51-3022.00,"Meat, Poultry, and Fish Cutters and Trimmers",Transportation,3.26,07/2017,8
51-3022,51-3022.00,"Meat, Poultry, and Fish Cutters and Trimmers",Education and Training,3.13,07/2017,9
51-3022,51-3022.00,"Meat, Poultry, and Fish Cutters and Trimmers",English Language,2.97,07/2017,10
51-3022,51-3022.00,"Meat, Poultry, and Fish Cutters and Trimmers",Customer and Personal Service,2.9,07/2017,11
51-3022,51-3022.00,"Meat, Poultry, and Fish Cutters and Trimmers",Chemistry,2.87,07/2017,12
51-3022,51-3022.00,"Meat, Poultry, and Fish Cutters and Trimmers",Administrative,2.86,07/2017,13
51-3022,51-3022.00,"Meat, Poultry, and Fish Cutters and Trimmers",Sales and Marketing,2.79,07/2017,14
51-3022,51-3022.00,"Meat, Poultry, and Fish Cutters and Trimmers",Economics and Accounting,2.76,07/2017,15
51-3023,51-3023.00,Slaughterers and Meat Packers,Customer and Personal Service,3.62,07/2017,1
51-3023,51-3023.00,Slaughterers and Meat Packers,Food Production,3.43,07/2017,2
51-3023,51-3023.00,Slaughterers and Meat Packers,Production and Processing,3.29,07/2017,3
51-3023,51-3023.00,Slaughterers and Meat Packers,English Language,3.12,07/2017,4
51-3023,51-3023.00,Slaughterers and Meat Packers,Law and Government,2.79,07/2017,5
51-3023,51-3023.00,Slaughterers and Meat Packers,Mathematics,2.69,07/2017,6
51-3023,51-3023.00,Slaughterers and Meat Packers,Administrative,2.5,07/2017,7
51-3023,51-3023.00,Slaughterers and Meat Packers,Administration and Management,2.47,07/2017,8
51-3023,51-3023.00,Slaughterers and Meat Packers,Sales and Marketing,2.41,07/2017,9
51-3023,51-3023.00,Slaughterers and Meat Packers,Public Safety and Security,2.39,07/2017,10
51-3023,51-3023.00,Slaughterers and Meat Packers,Personnel and Human Resources,2.03,07/2017,11
51-3023,51-3023.00,Slaughterers and Meat Packers,Engineering and Technology,2.0,07/2017,12
51-3023,51-3023.00,Slaughterers and Meat Packers,Mechanical,1.96,07/2017,13
51-3023,51-3023.00,Slaughterers and Meat Packers,Biology,1.95,07/2017,14
51-3023,51-3023.00,Slaughterers and Meat Packers,Foreign Language,1.88,07/2017,15
51-3091,51-3091.00,"Food and Tobacco Roasting, Baking, and Drying Machine Operators and Tenders",Production and Processing,3.58,07/2017,1
51-3091,51-3091.00,"Food and Tobacco Roasting, Baking, and Drying Machine Operators and Tenders",English Language,3.29,07/2017,2
51-3091,51-3091.00,"Food and Tobacco Roasting, Baking, and Drying Machine Operators and Tenders",Public Safety and Security,3.05,07/2017,3
51-3091,51-3091.00,"Food and Tobacco Roasting, Baking, and Drying Machine Operators and Tenders",Food Production,3.04,07/2017,4
51-3091,51-3091.00,"Food and Tobacco Roasting, Baking, and Drying Machine Operators and Tenders",Mathematics,2.3,07/2017,5
51-3091,51-3091.00,"Food and Tobacco Roasting, Baking, and Drying Machine Operators and Tenders",Education and Training,2.27,07/2017,6
51-3091,51-3091.00,"Food and Tobacco Roasting, Baking, and Drying Machine Operators and Tenders",Mechanical,2.21,07/2017,7
51-3091,51-3091.00,"Food and Tobacco Roasting, Baking, and Drying Machine Operators and Tenders",Customer and Personal Service,2.06,07/2017,8
51-3091,51-3091.00,"Food and Tobacco Roasting, Baking, and Drying Machine Operators and Tenders",Law and Government,1.97,07/2017,9
51-3091,51-3091.00,"Food and Tobacco Roasting, Baking, and Drying Machine Operators and Tenders",Engineering and Technology,1.87,07/2017,10
51-3091,51-3091.00,"Food and Tobacco Roasting, Baking, and Drying Machine Operators and Tenders",Transportation,1.85,07/2017,11
51-3091,51-3091.00,"Food and Tobacco Roasting, Baking, and Drying Machine Operators and Tenders",Administration and Management,1.82,07/2017,12
51-3091,51-3091.00,"Food and Tobacco Roasting, Baking, and Drying Machine Operators and Tenders",Computers and Electronics,1.81,07/2017,13
51-3091,51-3091.00,"Food and Tobacco Roasting, Baking, and Drying Machine Operators and Tenders",Sales and Marketing,1.79,07/2017,14
51-3091,51-3091.00,"Food and Tobacco Roasting, Baking, and Drying Machine Operators and Tenders",Administrative,1.7,07/2017,15
51-3092,51-3092.00,Food Batchmakers,Public Safety and Security,4.29,08/2021,1
51-3092,51-3092.00,Food Batchmakers,Food Production,4.26,08/2021,2
51-3092,51-3092.00,Food Batchmakers,Production and Processing,4.21,08/2021,3
51-3092,51-3092.00,Food Batchmakers,Education and Training,3.57,08/2021,4
51-3092,51-3092.00,Food Batchmakers,English Language,3.47,08/2021,5
51-3092,51-3092.00,Food Batchmakers,Administration and Management,3.15,08/2021,6
51-3092,51-3092.00,Food Batchmakers,Mechanical,3.15,08/2021,7
51-3092,51-3092.00,Food Batchmakers,Mathematics,3.12,08/2021,8
51-3092,51-3092.00,Food Batchmakers,Computers and Electronics,3.09,08/2021,9
51-3092,51-3092.00,Food Batchmakers,Administrative,2.91,08/2021,10
51-3092,51-3092.00,Food Batchmakers,Customer and Personal Service,2.9,08/2021,11
51-3092,51-3092.00,Food Batchmakers,Engineering and Technology,2.61,08/2021,12
51-3092,51-3092.00,Food Batchmakers,Personnel and Human Resources,2.58,08/2021,13
51-3092,51-3092.00,Food Batchmakers,Chemistry,2.49,08/2021,14
51-3092,51-3092.00,Food Batchmakers,Psychology,2.47,08/2021,15
51-3093,51-3093.00,Food Cooking Machine Operators and Tenders,Production and Processing,4.35,08/2021,1
51-3093,51-3093.00,Food Cooking Machine Operators and Tenders,Food Production,3.8,08/2021,2
51-3093,51-3093.00,Food Cooking Machine Operators and Tenders,Administration and Management,3.31,08/2021,3
51-3093,51-3093.00,Food Cooking Machine Operators and Tenders,Education and Training,3.13,08/2021,4
51-3093,51-3093.00,Food Cooking Machine Operators and Tenders,Mechanical,3.11,08/2021,5
51-3093,51-3093.00,Food Cooking Machine Operators and Tenders,English Language,2.81,08/2021,6
51-3093,51-3093.00,Food Cooking Machine Operators and Tenders,Computers and Electronics,2.64,08/2021,7
51-3093,51-3093.00,Food Cooking Machine Operators and Tenders,Customer and Personal Service,2.6,08/2021,8
51-3093,51-3093.00,Food Cooking Machine Operators and Tenders,Personnel and Human Resources,2.53,08/2021,9
51-3093,51-3093.00,Food Cooking Machine Operators and Tenders,Chemistry,2.3,08/2021,10
51-3093,51-3093.00,Food Cooking Machine Operators and Tenders,Mathematics,2.19,08/2021,11
51-3093,51-3093.00,Food Cooking Machine Operators and Tenders,Public Safety and Security,2.15,08/2021,12
51-3093,51-3093.00,Food Cooking Machine Operators and Tenders,Administrative,2.1,08/2021,13
51-3093,51-3093.00,Food Cooking Machine Operators and Tenders,Psychology,2.07,08/2021,14
51-3093,51-3093.00,Food Cooking Machine Operators and Tenders,Economics and Accounting,1.89,08/2021,15
51-4021,51-4021.00,"Extruding and Drawing Machine Setters, Operators, and Tenders, Metal and Plastic",Production and Processing,4.04,07/2015,1
51-4021,51-4021.00,"Extruding and Drawing Machine Setters, Operators, and Tenders, Metal and Plastic",Mathematics,3.5,07/2015,2
51-4021,51-4021.00,"Extruding and Drawing Machine Setters, Operators, and Tenders, Metal and Plastic",English Language,3.47,07/2015,3
51-4021,51-4021.00,"Extruding and Drawing Machine Setters, Operators, and Tenders, Metal and Plastic",Administration and Management,2.76,07/2015,4
51-4021,51-4021.00,"Extruding and Drawing Machine Setters, Operators, and Tenders, Metal and Plastic",Computers and Electronics,2.55,07/2015,5
51-4021,51-4021.00,"Extruding and Drawing Machine Setters, Operators, and Tenders, Metal and Plastic",Mechanical,2.5,07/2015,6
51-4021,51-4021.00,"Extruding and Drawing Machine Setters, Operators, and Tenders, Metal and Plastic",Public Safety and Security,2.34,07/2015,7
51-4021,51-4021.00,"Extruding and Drawing Machine Setters, Operators, and Tenders, Metal and Plastic",Customer and Personal Service,2.3,07/2015,8
51-4021,51-4021.00,"Extruding and Drawing Machine Setters, Operators, and Tenders, Metal and Plastic",Education and Training,2.21,07/2015,9
51-4021,51-4021.00,"Extruding and Drawing Machine Setters, Operators, and Tenders, Metal and Plastic",Engineering and Technology,2.2,07/2015,10
51-4021,51-4021.00,"Extruding and Drawing Machine Setters, Operators, and Tenders, Metal and Plastic",Design,2.09,07/2015,11
51-4021,51-4021.00,"Extruding and Drawing Machine Setters, Operators, and Tenders, Metal and Plastic",Administrative,1.88,07/2015,12
51-4021,51-4021.00,"Extruding and Drawing Machine Setters, Operators, and Tenders, Metal and Plastic",Transportation,1.74,07/2015,13
51-4021,51-4021.00,"Extruding and Drawing Machine Setters, Operators, and Tenders, Metal and Plastic",Personnel and Human Resources,1.69,07/2015,14
51-4021,51-4021.00,"Extruding and Drawing Machine Setters, Operators, and Tenders, Metal and Plastic",Economics and Accounting,1.64,07/2015,15
51-4022,51-4022.00,"Forging Machine Setters, Operators, and Tenders, Metal and Plastic",Production and Processing,4.16,07/2016,1
51-4022,51-4022.00,"Forging Machine Setters, Operators, and Tenders, Metal and Plastic",Mathematics,3.64,07/2016,2
51-4022,51-4022.00,"Forging Machine Setters, Operators, and Tenders, Metal and Plastic",Education and Training,3.58,07/2016,3
51-4022,51-4022.00,"Forging Machine Setters, Operators, and Tenders, Metal and Plastic",Mechanical,3.48,07/2016,4
51-4022,51-4022.00,"Forging Machine Setters, Operators, and Tenders, Metal and Plastic",Engineering and Technology,3.24,07/2016,5
51-4022,51-4022.00,"Forging Machine Setters, Operators, and Tenders, Metal and Plastic",Design,3.03,07/2016,6
51-4022,51-4022.00,"Forging Machine Setters, Operators, and Tenders, Metal and Plastic",English Language,2.91,07/2016,7
51-4022,51-4022.00,"Forging Machine Setters, Operators, and Tenders, Metal and Plastic",Computers and Electronics,2.9,07/2016,8
51-4022,51-4022.00,"Forging Machine Setters, Operators, and Tenders, Metal and Plastic",Administration and Management,2.88,07/2016,9
51-4022,51-4022.00,"Forging Machine Setters, Operators, and Tenders, Metal and Plastic",Customer and Personal Service,2.79,07/2016,10
51-4022,51-4022.00,"Forging Machine Setters, Operators, and Tenders, Metal and Plastic",Administrative,2.71,07/2016,11
51-4022,51-4022.00,"Forging Machine Setters, Operators, and Tenders, Metal and Plastic",Transportation,2.65,07/2016,12
51-4022,51-4022.00,"Forging Machine Setters, Operators, and Tenders, Metal and Plastic",Chemistry,2.51,07/2016,13
51-4022,51-4022.00,"Forging Machine Setters, Operators, and Tenders, Metal and Plastic",Public Safety and Security,2.49,07/2016,14
51-4022,51-4022.00,"Forging Machine Setters, Operators, and Tenders, Metal and Plastic",Physics,2.45,07/2016,15
51-4023,51-4023.00,"Rolling Machine Setters, Operators, and Tenders, Metal and Plastic",Mechanical,3.87,08/2018,1
51-4023,51-4023.00,"Rolling Machine Setters, Operators, and Tenders, Metal and Plastic",Production and Processing,3.5,08/2018,2
51-4023,51-4023.00,"Rolling Machine Setters, Operators, and Tenders, Metal and Plastic",English Language,3.4,08/2018,3
51-4023,51-4023.00,"Rolling Machine Setters, Operators, and Tenders, Metal and Plastic",Education and Training,3.11,08/2018,4
51-4023,51-4023.00,"Rolling Machine Setters, Operators, and Tenders, Metal and Plastic",Administration and Management,2.87,08/2018,5
51-4023,51-4023.00,"Rolling Machine Setters, Operators, and Tenders, Metal and Plastic",Customer and Personal Service,2.6,08/2018,6
51-4023,51-4023.00,"Rolling Machine Setters, Operators, and Tenders, Metal and Plastic",Engineering and Technology,2.6,08/2018,7
51-4023,51-4023.00,"Rolling Machine Setters, Operators, and Tenders, Metal and Plastic",Mathematics,2.59,08/2018,8
51-4023,51-4023.00,"Rolling Machine Setters, Operators, and Tenders, Metal and Plastic",Public Safety and Security,2.56,08/2018,9
51-4023,51-4023.00,"Rolling Machine Setters, Operators, and Tenders, Metal and Plastic",Computers and Electronics,2.51,08/2018,10
51-4023,51-4023.00,"Rolling Machine Setters, Operators, and Tenders, Metal and Plastic",Chemistry,2.17,08/2018,11
51-4023,51-4023.00,"Rolling Machine Setters, Operators, and Tenders, Metal and Plastic",Transportation,1.97,08/2018,12
51-4023,51-4023.00,"Rolling Machine Setters, Operators, and Tenders, Metal and Plastic",Design,1.91,08/2018,13
51-4023,51-4023.00,"Rolling Machine Setters, Operators, and Tenders, Metal and Plastic",Physics,1.89,08/2018,14
51-4023,51-4023.00,"Rolling Machine Setters, Operators, and Tenders, Metal and Plastic",Personnel and Human Resources,1.82,08/2018,15
51-4031,51-4031.00,"Cutting, Punching, and Press Machine Setters, Operators, and Tenders, Metal and Plastic",Production and Processing,3.25,08/2025,1
51-4031,51-4031.00,"Cutting, Punching, and Press Machine Setters, Operators, and Tenders, Metal and Plastic",Mechanical,2.96,08/2025,2
51-4031,51-4031.00,"Cutting, Punching, and Press Machine Setters, Operators, and Tenders, Metal and Plastic",English Language,2.95,08/2025,3
51-4031,51-4031.00,"Cutting, Punching, and Press Machine Setters, Operators, and Tenders, Metal and Plastic",Mathematics,2.4,08/2025,4
51-4031,51-4031.00,"Cutting, Punching, and Press Machine Setters, Operators, and Tenders, Metal and Plastic",Engineering and Technology,2.39,08/2025,5
51-4031,51-4031.00,"Cutting, Punching, and Press Machine Setters, Operators, and Tenders, Metal and Plastic",Education and Training,2.25,08/2025,6
51-4031,51-4031.00,"Cutting, Punching, and Press Machine Setters, Operators, and Tenders, Metal and Plastic",Design,2.14,08/2025,7
51-4031,51-4031.00,"Cutting, Punching, and Press Machine Setters, Operators, and Tenders, Metal and Plastic",Computers and Electronics,2.01,08/2025,8
51-4031,51-4031.00,"Cutting, Punching, and Press Machine Setters, Operators, and Tenders, Metal and Plastic",Transportation,1.84,08/2025,9
51-4031,51-4031.00,"Cutting, Punching, and Press Machine Setters, Operators, and Tenders, Metal and Plastic",Chemistry,1.75,08/2025,10
51-4031,51-4031.00,"Cutting, Punching, and Press Machine Setters, Operators, and Tenders, Metal and Plastic",Public Safety and Security,1.74,08/2025,11
51-4031,51-4031.00,"Cutting, Punching, and Press Machine Setters, Operators, and Tenders, Metal and Plastic",Physics,1.69,08/2025,12
51-4031,51-4031.00,"Cutting, Punching, and Press Machine Setters, Operators, and Tenders, Metal and Plastic",Customer and Personal Service,1.67,08/2025,13
51-4031,51-4031.00,"Cutting, Punching, and Press Machine Setters, Operators, and Tenders, Metal and Plastic",Administration and Management,1.64,08/2025,14
51-4031,51-4031.00,"Cutting, Punching, and Press Machine Setters, Operators, and Tenders, Metal and Plastic",Economics and Accounting,1.54,08/2025,15
51-4032,51-4032.00,"Drilling and Boring Machine Tool Setters, Operators, and Tenders, Metal and Plastic",Mathematics,4.4,08/2022,1
51-4032,51-4032.00,"Drilling and Boring Machine Tool Setters, Operators, and Tenders, Metal and Plastic",Production and Processing,4.38,08/2022,2
51-4032,51-4032.00,"Drilling and Boring Machine Tool Setters, Operators, and Tenders, Metal and Plastic",Mechanical,4.32,08/2022,3
51-4032,51-4032.00,"Drilling and Boring Machine Tool Setters, Operators, and Tenders, Metal and Plastic",English Language,4.0,08/2022,4
51-4032,51-4032.00,"Drilling and Boring Machine Tool Setters, Operators, and Tenders, Metal and Plastic",Engineering and Technology,3.52,08/2022,5
51-4032,51-4032.00,"Drilling and Boring Machine Tool Setters, Operators, and Tenders, Metal and Plastic",Education and Training,3.32,08/2022,6
51-4032,51-4032.00,"Drilling and Boring Machine Tool Setters, Operators, and Tenders, Metal and Plastic",Design,3.25,08/2022,7
51-4032,51-4032.00,"Drilling and Boring Machine Tool Setters, Operators, and Tenders, Metal and Plastic",Administration and Management,3.01,08/2022,8
51-4032,51-4032.00,"Drilling and Boring Machine Tool Setters, Operators, and Tenders, Metal and Plastic",Computers and Electronics,2.96,08/2022,9
51-4032,51-4032.00,"Drilling and Boring Machine Tool Setters, Operators, and Tenders, Metal and Plastic",Customer and Personal Service,2.8,08/2022,10
51-4032,51-4032.00,"Drilling and Boring Machine Tool Setters, Operators, and Tenders, Metal and Plastic",Physics,2.75,08/2022,11
51-4032,51-4032.00,"Drilling and Boring Machine Tool Setters, Operators, and Tenders, Metal and Plastic",Public Safety and Security,2.61,08/2022,12
51-4032,51-4032.00,"Drilling and Boring Machine Tool Setters, Operators, and Tenders, Metal and Plastic",Building and Construction,2.49,08/2022,13
51-4032,51-4032.00,"Drilling and Boring Machine Tool Setters, Operators, and Tenders, Metal and Plastic",Transportation,2.14,08/2022,14
51-4032,51-4032.00,"Drilling and Boring Machine Tool Setters, Operators, and Tenders, Metal and Plastic",Chemistry,2.09,08/2022,15
51-4033,51-4033.00,"Grinding, Lapping, Polishing, and Buffing Machine Tool Setters, Operators, and Tenders, Metal and Plastic",Production and Processing,3.49,07/2016,1
51-4033,51-4033.00,"Grinding, Lapping, Polishing, and Buffing Machine Tool Setters, Operators, and Tenders, Metal and Plastic",Mathematics,2.97,07/2016,2
51-4033,51-4033.00,"Grinding, Lapping, Polishing, and Buffing Machine Tool Setters, Operators, and Tenders, Metal and Plastic",Administration and Management,2.82,07/2016,3
51-4033,51-4033.00,"Grinding, Lapping, Polishing, and Buffing Machine Tool Setters, Operators, and Tenders, Metal and Plastic",Mechanical,2.72,07/2016,4
51-4033,51-4033.00,"Grinding, Lapping, Polishing, and Buffing Machine Tool Setters, Operators, and Tenders, Metal and Plastic",English Language,2.65,07/2016,5
51-4033,51-4033.00,"Grinding, Lapping, Polishing, and Buffing Machine Tool Setters, Operators, and Tenders, Metal and Plastic",Computers and Electronics,2.53,07/2016,6
51-4033,51-4033.00,"Grinding, Lapping, Polishing, and Buffing Machine Tool Setters, Operators, and Tenders, Metal and Plastic",Design,2.21,07/2016,7
51-4033,51-4033.00,"Grinding, Lapping, Polishing, and Buffing Machine Tool Setters, Operators, and Tenders, Metal and Plastic",Administrative,2.13,07/2016,8
51-4033,51-4033.00,"Grinding, Lapping, Polishing, and Buffing Machine Tool Setters, Operators, and Tenders, Metal and Plastic",Engineering and Technology,2.11,07/2016,9
51-4033,51-4033.00,"Grinding, Lapping, Polishing, and Buffing Machine Tool Setters, Operators, and Tenders, Metal and Plastic",Education and Training,2.07,07/2016,10
51-4033,51-4033.00,"Grinding, Lapping, Polishing, and Buffing Machine Tool Setters, Operators, and Tenders, Metal and Plastic",Public Safety and Security,2.05,07/2016,11
51-4033,51-4033.00,"Grinding, Lapping, Polishing, and Buffing Machine Tool Setters, Operators, and Tenders, Metal and Plastic",Customer and Personal Service,1.88,07/2016,12
51-4033,51-4033.00,"Grinding, Lapping, Polishing, and Buffing Machine Tool Setters, Operators, and Tenders, Metal and Plastic",Chemistry,1.81,07/2016,13
51-4033,51-4033.00,"Grinding, Lapping, Polishing, and Buffing Machine Tool Setters, Operators, and Tenders, Metal and Plastic",Psychology,1.67,07/2016,14
51-4033,51-4033.00,"Grinding, Lapping, Polishing, and Buffing Machine Tool Setters, Operators, and Tenders, Metal and Plastic",Personnel and Human Resources,1.64,07/2016,15
51-4034,51-4034.00,"Lathe and Turning Machine Tool Setters, Operators, and Tenders, Metal and Plastic",Production and Processing,3.98,08/2024,1
51-4034,51-4034.00,"Lathe and Turning Machine Tool Setters, Operators, and Tenders, Metal and Plastic",Mechanical,3.63,08/2024,2
51-4034,51-4034.00,"Lathe and Turning Machine Tool Setters, Operators, and Tenders, Metal and Plastic",Engineering and Technology,3.6,08/2024,3
51-4034,51-4034.00,"Lathe and Turning Machine Tool Setters, Operators, and Tenders, Metal and Plastic",Education and Training,3.32,08/2024,4
51-4034,51-4034.00,"Lathe and Turning Machine Tool Setters, Operators, and Tenders, Metal and Plastic",Administration and Management,3.27,08/2024,5
51-4034,51-4034.00,"Lathe and Turning Machine Tool Setters, Operators, and Tenders, Metal and Plastic",Customer and Personal Service,3.26,08/2024,6
51-4034,51-4034.00,"Lathe and Turning Machine Tool Setters, Operators, and Tenders, Metal and Plastic",English Language,3.17,08/2024,7
51-4034,51-4034.00,"Lathe and Turning Machine Tool Setters, Operators, and Tenders, Metal and Plastic",Mathematics,3.15,08/2024,8
51-4034,51-4034.00,"Lathe and Turning Machine Tool Setters, Operators, and Tenders, Metal and Plastic",Administrative,2.95,08/2024,9
51-4034,51-4034.00,"Lathe and Turning Machine Tool Setters, Operators, and Tenders, Metal and Plastic",Personnel and Human Resources,2.95,08/2024,10
51-4034,51-4034.00,"Lathe and Turning Machine Tool Setters, Operators, and Tenders, Metal and Plastic",Computers and Electronics,2.83,08/2024,11
51-4034,51-4034.00,"Lathe and Turning Machine Tool Setters, Operators, and Tenders, Metal and Plastic",Design,2.75,08/2024,12
51-4034,51-4034.00,"Lathe and Turning Machine Tool Setters, Operators, and Tenders, Metal and Plastic",Public Safety and Security,2.74,08/2024,13
51-4034,51-4034.00,"Lathe and Turning Machine Tool Setters, Operators, and Tenders, Metal and Plastic",Building and Construction,2.36,08/2024,14
51-4034,51-4034.00,"Lathe and Turning Machine Tool Setters, Operators, and Tenders, Metal and Plastic",Economics and Accounting,2.2,08/2024,15
51-4035,51-4035.00,"Milling and Planing Machine Setters, Operators, and Tenders, Metal and Plastic",Mechanical,3.72,08/2023,1
51-4035,51-4035.00,"Milling and Planing Machine Setters, Operators, and Tenders, Metal and Plastic",Production and Processing,3.57,08/2023,2
51-4035,51-4035.00,"Milling and Planing Machine Setters, Operators, and Tenders, Metal and Plastic",Mathematics,3.48,08/2023,3
51-4035,51-4035.00,"Milling and Planing Machine Setters, Operators, and Tenders, Metal and Plastic",English Language,3.48,08/2023,4
51-4035,51-4035.00,"Milling and Planing Machine Setters, Operators, and Tenders, Metal and Plastic",Computers and Electronics,3.18,08/2023,5
51-4035,51-4035.00,"Milling and Planing Machine Setters, Operators, and Tenders, Metal and Plastic",Education and Training,2.98,08/2023,6
51-4035,51-4035.00,"Milling and Planing Machine Setters, Operators, and Tenders, Metal and Plastic",Design,2.95,08/2023,7
51-4035,51-4035.00,"Milling and Planing Machine Setters, Operators, and Tenders, Metal and Plastic",Engineering and Technology,2.91,08/2023,8
51-4035,51-4035.00,"Milling and Planing Machine Setters, Operators, and Tenders, Metal and Plastic",Administration and Management,2.79,08/2023,9
51-4035,51-4035.00,"Milling and Planing Machine Setters, Operators, and Tenders, Metal and Plastic",Public Safety and Security,2.69,08/2023,10
51-4035,51-4035.00,"Milling and Planing Machine Setters, Operators, and Tenders, Metal and Plastic",Personnel and Human Resources,2.49,08/2023,11
51-4035,51-4035.00,"Milling and Planing Machine Setters, Operators, and Tenders, Metal and Plastic",Customer and Personal Service,2.42,08/2023,12
51-4035,51-4035.00,"Milling and Planing Machine Setters, Operators, and Tenders, Metal and Plastic",Administrative,2.39,08/2023,13
51-4035,51-4035.00,"Milling and Planing Machine Setters, Operators, and Tenders, Metal and Plastic",Building and Construction,2.31,08/2023,14
51-4035,51-4035.00,"Milling and Planing Machine Setters, Operators, and Tenders, Metal and Plastic",Physics,2.26,08/2023,15
51-4041,51-4041.00,Machinists,Mathematics,3.47,08/2020,1
51-4041,51-4041.00,Machinists,Mechanical,3.3,08/2020,2
51-4041,51-4041.00,Machinists,Production and Processing,3.26,08/2020,3
51-4041,51-4041.00,Machinists,Design,3.01,08/2020,4
51-4041,51-4041.00,Machinists,Engineering and Technology,2.7,08/2020,5
51-4041,51-4041.00,Machinists,English Language,2.7,08/2020,6
51-4041,51-4041.00,Machinists,Customer and Personal Service,2.4,08/2020,7
51-4041,51-4041.00,Machinists,Computers and Electronics,2.37,08/2020,8
51-4041,51-4041.00,Machinists,Education and Training,2.22,08/2020,9
51-4041,51-4041.00,Machinists,Physics,2.2,08/2020,10
51-4041,51-4041.00,Machinists,Administration and Management,2.1,08/2020,11
51-4041,51-4041.00,Machinists,Administrative,2.05,08/2020,12
51-4041,51-4041.00,Machinists,Building and Construction,1.82,08/2020,13
51-4041,51-4041.00,Machinists,Personnel and Human Resources,1.79,08/2020,14
51-4041,51-4041.00,Machinists,Transportation,1.68,08/2020,15
51-4051,51-4051.00,Metal-Refining Furnace Operators and Tenders,Production and Processing,4.01,08/2018,1
51-4051,51-4051.00,Metal-Refining Furnace Operators and Tenders,Mechanical,3.66,08/2018,2
51-4051,51-4051.00,Metal-Refining Furnace Operators and Tenders,Public Safety and Security,3.2,08/2018,3
51-4051,51-4051.00,Metal-Refining Furnace Operators and Tenders,Administration and Management,3.17,08/2018,4
51-4051,51-4051.00,Metal-Refining Furnace Operators and Tenders,Education and Training,3.0,08/2018,5
51-4051,51-4051.00,Metal-Refining Furnace Operators and Tenders,Customer and Personal Service,2.81,08/2018,6
51-4051,51-4051.00,Metal-Refining Furnace Operators and Tenders,Chemistry,2.76,08/2018,7
51-4051,51-4051.00,Metal-Refining Furnace Operators and Tenders,Mathematics,2.74,08/2018,8
51-4051,51-4051.00,Metal-Refining Furnace Operators and Tenders,English Language,2.63,08/2018,9
51-4051,51-4051.00,Metal-Refining Furnace Operators and Tenders,Engineering and Technology,2.6,08/2018,10
51-4051,51-4051.00,Metal-Refining Furnace Operators and Tenders,Sales and Marketing,2.58,08/2018,11
51-4051,51-4051.00,Metal-Refining Furnace Operators and Tenders,Physics,2.46,08/2018,12
51-4051,51-4051.00,Metal-Refining Furnace Operators and Tenders,Personnel and Human Resources,2.34,08/2018,13
51-4051,51-4051.00,Metal-Refining Furnace Operators and Tenders,Computers and Electronics,2.29,08/2018,14
51-4051,51-4051.00,Metal-Refining Furnace Operators and Tenders,Administrative,2.27,08/2018,15
51-4052,51-4052.00,"Pourers and Casters, Metal",English Language,3.11,08/2024,1
51-4052,51-4052.00,"Pourers and Casters, Metal",Production and Processing,2.75,08/2024,2
51-4052,51-4052.00,"Pourers and Casters, Metal",Education and Training,2.61,08/2024,3
51-4052,51-4052.00,"Pourers and Casters, Metal",Mechanical,2.46,08/2024,4
51-4052,51-4052.00,"Pourers and Casters, Metal",Administration and Management,2.2,08/2024,5
51-4052,51-4052.00,"Pourers and Casters, Metal",Mathematics,2.16,08/2024,6
51-4052,51-4052.00,"Pourers and Casters, Metal",Transportation,2.13,08/2024,7
51-4052,51-4052.00,"Pourers and Casters, Metal",Public Safety and Security,1.91,08/2024,8
51-4052,51-4052.00,"Pourers and Casters, Metal",Chemistry,1.78,08/2024,9
51-4052,51-4052.00,"Pourers and Casters, Metal",Engineering and Technology,1.75,08/2024,10
51-4052,51-4052.00,"Pourers and Casters, Metal",Customer and Personal Service,1.72,08/2024,11
51-4052,51-4052.00,"Pourers and Casters, Metal",Personnel and Human Resources,1.67,08/2024,12
51-4052,51-4052.00,"Pourers and Casters, Metal",Computers and Electronics,1.67,08/2024,13
51-4052,51-4052.00,"Pourers and Casters, Metal",Design,1.63,08/2024,14
51-4052,51-4052.00,"Pourers and Casters, Metal",Administrative,1.58,08/2024,15
51-4061,51-4061.00,"Model Makers, Metal and Plastic",Mechanical,4.34,08/2025,1
51-4061,51-4061.00,"Model Makers, Metal and Plastic",Mathematics,4.03,08/2025,2
51-4061,51-4061.00,"Model Makers, Metal and Plastic",Production and Processing,3.92,08/2025,3
51-4061,51-4061.00,"Model Makers, Metal and Plastic",Design,3.86,08/2025,4
51-4061,51-4061.00,"Model Makers, Metal and Plastic",Engineering and Technology,3.76,08/2025,5
51-4061,51-4061.00,"Model Makers, Metal and Plastic",Computers and Electronics,2.94,08/2025,6
51-4061,51-4061.00,"Model Makers, Metal and Plastic",Sales and Marketing,2.69,08/2025,7
51-4061,51-4061.00,"Model Makers, Metal and Plastic",Customer and Personal Service,2.57,08/2025,8
51-4061,51-4061.00,"Model Makers, Metal and Plastic",English Language,2.46,08/2025,9
51-4061,51-4061.00,"Model Makers, Metal and Plastic",Education and Training,2.42,08/2025,10
51-4061,51-4061.00,"Model Makers, Metal and Plastic",Administration and Management,2.26,08/2025,11
51-4061,51-4061.00,"Model Makers, Metal and Plastic",Building and Construction,2.13,08/2025,12
51-4061,51-4061.00,"Model Makers, Metal and Plastic",Administrative,2.09,08/2025,13
51-4061,51-4061.00,"Model Makers, Metal and Plastic",Transportation,1.91,08/2025,14
51-4061,51-4061.00,"Model Makers, Metal and Plastic",Personnel and Human Resources,1.85,08/2025,15
51-4062,51-4062.00,"Patternmakers, Metal and Plastic",Production and Processing,3.58,07/2017,1
51-4062,51-4062.00,"Patternmakers, Metal and Plastic",Mechanical,3.42,07/2017,2
51-4062,51-4062.00,"Patternmakers, Metal and Plastic",Mathematics,3.35,07/2017,3
51-4062,51-4062.00,"Patternmakers, Metal and Plastic",Design,3.32,07/2017,4
51-4062,51-4062.00,"Patternmakers, Metal and Plastic",Engineering and Technology,3.07,07/2017,5
51-4062,51-4062.00,"Patternmakers, Metal and Plastic",Customer and Personal Service,2.83,07/2017,6
51-4062,51-4062.00,"Patternmakers, Metal and Plastic",Administration and Management,2.63,07/2017,7
51-4062,51-4062.00,"Patternmakers, Metal and Plastic",English Language,2.61,07/2017,8
51-4062,51-4062.00,"Patternmakers, Metal and Plastic",Administrative,2.54,07/2017,9
51-4062,51-4062.00,"Patternmakers, Metal and Plastic",Education and Training,2.53,07/2017,10
51-4062,51-4062.00,"Patternmakers, Metal and Plastic",Computers and Electronics,2.33,07/2017,11
51-4062,51-4062.00,"Patternmakers, Metal and Plastic",Personnel and Human Resources,1.97,07/2017,12
51-4062,51-4062.00,"Patternmakers, Metal and Plastic",Economics and Accounting,1.93,07/2017,13
51-4062,51-4062.00,"Patternmakers, Metal and Plastic",Physics,1.9,07/2017,14
51-4062,51-4062.00,"Patternmakers, Metal and Plastic",Transportation,1.82,07/2017,15
51-4071,51-4071.00,Foundry Mold and Coremakers,English Language,3.39,08/2023,1
51-4071,51-4071.00,Foundry Mold and Coremakers,Mechanical,3.37,08/2023,2
51-4071,51-4071.00,Foundry Mold and Coremakers,Production and Processing,3.27,08/2023,3
51-4071,51-4071.00,Foundry Mold and Coremakers,Education and Training,3.27,08/2023,4
51-4071,51-4071.00,Foundry Mold and Coremakers,Administration and Management,3.24,08/2023,5
51-4071,51-4071.00,Foundry Mold and Coremakers,Physics,3.15,08/2023,6
51-4071,51-4071.00,Foundry Mold and Coremakers,Design,3.07,08/2023,7
51-4071,51-4071.00,Foundry Mold and Coremakers,Engineering and Technology,3.02,08/2023,8
51-4071,51-4071.00,Foundry Mold and Coremakers,Chemistry,2.98,08/2023,9
51-4071,51-4071.00,Foundry Mold and Coremakers,Public Safety and Security,2.95,08/2023,10
51-4071,51-4071.00,Foundry Mold and Coremakers,Building and Construction,2.82,08/2023,11
51-4071,51-4071.00,Foundry Mold and Coremakers,Administrative,2.75,08/2023,12
51-4071,51-4071.00,Foundry Mold and Coremakers,Mathematics,2.68,08/2023,13
51-4071,51-4071.00,Foundry Mold and Coremakers,Customer and Personal Service,2.59,08/2023,14
51-4071,51-4071.00,Foundry Mold and Coremakers,Sales and Marketing,2.58,08/2023,15
51-4072,51-4072.00,"Molding, Coremaking, and Casting Machine Setters, Operators, and Tenders, Metal and Plastic",Production and Processing,3.54,07/2016,1
51-4072,51-4072.00,"Molding, Coremaking, and Casting Machine Setters, Operators, and Tenders, Metal and Plastic",Mechanical,3.48,07/2016,2
51-4072,51-4072.00,"Molding, Coremaking, and Casting Machine Setters, Operators, and Tenders, Metal and Plastic",Mathematics,3.09,07/2016,3
51-4072,51-4072.00,"Molding, Coremaking, and Casting Machine Setters, Operators, and Tenders, Metal and Plastic",English Language,2.86,07/2016,4
51-4072,51-4072.00,"Molding, Coremaking, and Casting Machine Setters, Operators, and Tenders, Metal and Plastic",Administration and Management,2.52,07/2016,5
51-4072,51-4072.00,"Molding, Coremaking, and Casting Machine Setters, Operators, and Tenders, Metal and Plastic",Physics,2.48,07/2016,6
51-4072,51-4072.00,"Molding, Coremaking, and Casting Machine Setters, Operators, and Tenders, Metal and Plastic",Computers and Electronics,2.37,07/2016,7
51-4072,51-4072.00,"Molding, Coremaking, and Casting Machine Setters, Operators, and Tenders, Metal and Plastic",Engineering and Technology,2.37,07/2016,8
51-4072,51-4072.00,"Molding, Coremaking, and Casting Machine Setters, Operators, and Tenders, Metal and Plastic",Education and Training,2.33,07/2016,9
51-4072,51-4072.00,"Molding, Coremaking, and Casting Machine Setters, Operators, and Tenders, Metal and Plastic",Customer and Personal Service,2.12,07/2016,10
51-4072,51-4072.00,"Molding, Coremaking, and Casting Machine Setters, Operators, and Tenders, Metal and Plastic",Public Safety and Security,2.1,07/2016,11
51-4072,51-4072.00,"Molding, Coremaking, and Casting Machine Setters, Operators, and Tenders, Metal and Plastic",Chemistry,2.06,07/2016,12
51-4072,51-4072.00,"Molding, Coremaking, and Casting Machine Setters, Operators, and Tenders, Metal and Plastic",Design,2.01,07/2016,13
51-4072,51-4072.00,"Molding, Coremaking, and Casting Machine Setters, Operators, and Tenders, Metal and Plastic",Psychology,1.94,07/2016,14
51-4072,51-4072.00,"Molding, Coremaking, and Casting Machine Setters, Operators, and Tenders, Metal and Plastic",Administrative,1.87,07/2016,15
51-4081,51-4081.00,"Multiple Machine Tool Setters, Operators, and Tenders, Metal and Plastic",Production and Processing,4.11,08/2021,1
51-4081,51-4081.00,"Multiple Machine Tool Setters, Operators, and Tenders, Metal and Plastic",Mechanical,3.94,08/2021,2
51-4081,51-4081.00,"Multiple Machine Tool Setters, Operators, and Tenders, Metal and Plastic",Mathematics,3.6,08/2021,3
51-4081,51-4081.00,"Multiple Machine Tool Setters, Operators, and Tenders, Metal and Plastic",English Language,3.27,08/2021,4
51-4081,51-4081.00,"Multiple Machine Tool Setters, Operators, and Tenders, Metal and Plastic",Design,3.07,08/2021,5
51-4081,51-4081.00,"Multiple Machine Tool Setters, Operators, and Tenders, Metal and Plastic",Education and Training,2.91,08/2021,6
51-4081,51-4081.00,"Multiple Machine Tool Setters, Operators, and Tenders, Metal and Plastic",Customer and Personal Service,2.79,08/2021,7
51-4081,51-4081.00,"Multiple Machine Tool Setters, Operators, and Tenders, Metal and Plastic",Engineering and Technology,2.69,08/2021,8
51-4081,51-4081.00,"Multiple Machine Tool Setters, Operators, and Tenders, Metal and Plastic",Computers and Electronics,2.51,08/2021,9
51-4081,51-4081.00,"Multiple Machine Tool Setters, Operators, and Tenders, Metal and Plastic",Administration and Management,2.5,08/2021,10
51-4081,51-4081.00,"Multiple Machine Tool Setters, Operators, and Tenders, Metal and Plastic",Psychology,2.39,08/2021,11
51-4081,51-4081.00,"Multiple Machine Tool Setters, Operators, and Tenders, Metal and Plastic",Public Safety and Security,2.22,08/2021,12
51-4081,51-4081.00,"Multiple Machine Tool Setters, Operators, and Tenders, Metal and Plastic",Physics,2.2,08/2021,13
51-4081,51-4081.00,"Multiple Machine Tool Setters, Operators, and Tenders, Metal and Plastic",Administrative,2.15,08/2021,14
51-4081,51-4081.00,"Multiple Machine Tool Setters, Operators, and Tenders, Metal and Plastic",Personnel and Human Resources,1.98,08/2021,15
51-4111,51-4111.00,Tool and Die Makers,Mechanical,4.48,08/2021,1
51-4111,51-4111.00,Tool and Die Makers,Mathematics,3.52,08/2021,2
51-4111,51-4111.00,Tool and Die Makers,Production and Processing,3.48,08/2021,3
51-4111,51-4111.00,Tool and Die Makers,Design,3.39,08/2021,4
51-4111,51-4111.00,Tool and Die Makers,English Language,3.03,08/2021,5
51-4111,51-4111.00,Tool and Die Makers,Engineering and Technology,2.93,08/2021,6
51-4111,51-4111.00,Tool and Die Makers,Education and Training,2.79,08/2021,7
51-4111,51-4111.00,Tool and Die Makers,Computers and Electronics,2.62,08/2021,8
51-4111,51-4111.00,Tool and Die Makers,Customer and Personal Service,2.43,08/2021,9
51-4111,51-4111.00,Tool and Die Makers,Administration and Management,2.34,08/2021,10
51-4111,51-4111.00,Tool and Die Makers,Administrative,2.19,08/2021,11
51-4111,51-4111.00,Tool and Die Makers,Public Safety and Security,2.13,08/2021,12
51-4111,51-4111.00,Tool and Die Makers,Physics,2.11,08/2021,13
51-4111,51-4111.00,Tool and Die Makers,Economics and Accounting,1.56,08/2021,14
51-4111,51-4111.00,Tool and Die Makers,Personnel and Human Resources,1.55,08/2021,15
51-4121,51-4121.00,"Welders, Cutters, Solderers, and Brazers",Production and Processing,3.49,08/2022,1
51-4121,51-4121.00,"Welders, Cutters, Solderers, and Brazers",Mechanical,3.1,08/2022,2
51-4121,51-4121.00,"Welders, Cutters, Solderers, and Brazers",Mathematics,2.94,08/2022,3
51-4121,51-4121.00,"Welders, Cutters, Solderers, and Brazers",English Language,2.87,08/2022,4
51-4121,51-4121.00,"Welders, Cutters, Solderers, and Brazers",Design,2.82,08/2022,5
51-4121,51-4121.00,"Welders, Cutters, Solderers, and Brazers",Engineering and Technology,2.58,08/2022,6
51-4121,51-4121.00,"Welders, Cutters, Solderers, and Brazers",Education and Training,2.53,08/2022,7
51-4121,51-4121.00,"Welders, Cutters, Solderers, and Brazers",Public Safety and Security,2.51,08/2022,8
51-4121,51-4121.00,"Welders, Cutters, Solderers, and Brazers",Customer and Personal Service,2.49,08/2022,9
51-4121,51-4121.00,"Welders, Cutters, Solderers, and Brazers",Administration and Management,2.44,08/2022,10
51-4121,51-4121.00,"Welders, Cutters, Solderers, and Brazers",Building and Construction,2.39,08/2022,11
51-4121,51-4121.00,"Welders, Cutters, Solderers, and Brazers",Physics,2.14,08/2022,12
51-4121,51-4121.00,"Welders, Cutters, Solderers, and Brazers",Administrative,2.0,08/2022,13
51-4121,51-4121.00,"Welders, Cutters, Solderers, and Brazers",Personnel and Human Resources,1.99,08/2022,14
51-4121,51-4121.00,"Welders, Cutters, Solderers, and Brazers",Computers and Electronics,1.97,08/2022,15
51-4122,51-4122.00,"Welding, Soldering, and Brazing Machine Setters, Operators, and Tenders",Production and Processing,3.8,08/2024,1
51-4122,51-4122.00,"Welding, Soldering, and Brazing Machine Setters, Operators, and Tenders",Administration and Management,3.52,08/2024,2
51-4122,51-4122.00,"Welding, Soldering, and Brazing Machine Setters, Operators, and Tenders",Design,3.12,08/2024,3
51-4122,51-4122.00,"Welding, Soldering, and Brazing Machine Setters, Operators, and Tenders",Public Safety and Security,2.91,08/2024,4
51-4122,51-4122.00,"Welding, Soldering, and Brazing Machine Setters, Operators, and Tenders",English Language,2.84,08/2024,5
51-4122,51-4122.00,"Welding, Soldering, and Brazing Machine Setters, Operators, and Tenders",Mechanical,2.82,08/2024,6
51-4122,51-4122.00,"Welding, Soldering, and Brazing Machine Setters, Operators, and Tenders",Customer and Personal Service,2.69,08/2024,7
51-4122,51-4122.00,"Welding, Soldering, and Brazing Machine Setters, Operators, and Tenders",Engineering and Technology,2.69,08/2024,8
51-4122,51-4122.00,"Welding, Soldering, and Brazing Machine Setters, Operators, and Tenders",Mathematics,2.6,08/2024,9
51-4122,51-4122.00,"Welding, Soldering, and Brazing Machine Setters, Operators, and Tenders",Education and Training,2.49,08/2024,10
51-4122,51-4122.00,"Welding, Soldering, and Brazing Machine Setters, Operators, and Tenders",Administrative,2.41,08/2024,11
51-4122,51-4122.00,"Welding, Soldering, and Brazing Machine Setters, Operators, and Tenders",Personnel and Human Resources,2.36,08/2024,12
51-4122,51-4122.00,"Welding, Soldering, and Brazing Machine Setters, Operators, and Tenders",Computers and Electronics,2.18,08/2024,13
51-4122,51-4122.00,"Welding, Soldering, and Brazing Machine Setters, Operators, and Tenders",Building and Construction,2.08,08/2024,14
51-4122,51-4122.00,"Welding, Soldering, and Brazing Machine Setters, Operators, and Tenders",Physics,2.04,08/2024,15
51-4191,51-4191.00,"Heat Treating Equipment Setters, Operators, and Tenders, Metal and Plastic",Production and Processing,3.93,07/2016,1
51-4191,51-4191.00,"Heat Treating Equipment Setters, Operators, and Tenders, Metal and Plastic",Mathematics,3.25,07/2016,2
51-4191,51-4191.00,"Heat Treating Equipment Setters, Operators, and Tenders, Metal and Plastic",Education and Training,2.85,07/2016,3
51-4191,51-4191.00,"Heat Treating Equipment Setters, Operators, and Tenders, Metal and Plastic",Administration and Management,2.75,07/2016,4
51-4191,51-4191.00,"Heat Treating Equipment Setters, Operators, and Tenders, Metal and Plastic",Chemistry,2.71,07/2016,5
51-4191,51-4191.00,"Heat Treating Equipment Setters, Operators, and Tenders, Metal and Plastic",Mechanical,2.59,07/2016,6
51-4191,51-4191.00,"Heat Treating Equipment Setters, Operators, and Tenders, Metal and Plastic",Customer and Personal Service,2.58,07/2016,7
51-4191,51-4191.00,"Heat Treating Equipment Setters, Operators, and Tenders, Metal and Plastic",Engineering and Technology,2.56,07/2016,8
51-4191,51-4191.00,"Heat Treating Equipment Setters, Operators, and Tenders, Metal and Plastic",Design,2.46,07/2016,9
51-4191,51-4191.00,"Heat Treating Equipment Setters, Operators, and Tenders, Metal and Plastic",Physics,2.42,07/2016,10
51-4191,51-4191.00,"Heat Treating Equipment Setters, Operators, and Tenders, Metal and Plastic",Public Safety and Security,2.41,07/2016,11
51-4191,51-4191.00,"Heat Treating Equipment Setters, Operators, and Tenders, Metal and Plastic",Computers and Electronics,2.34,07/2016,12
51-4191,51-4191.00,"Heat Treating Equipment Setters, Operators, and Tenders, Metal and Plastic",English Language,2.34,07/2016,13
51-4191,51-4191.00,"Heat Treating Equipment Setters, Operators, and Tenders, Metal and Plastic",Psychology,1.93,07/2016,14
51-4191,51-4191.00,"Heat Treating Equipment Setters, Operators, and Tenders, Metal and Plastic",Communications and Media,1.91,07/2016,15
51-4192,51-4192.00,"Layout Workers, Metal and Plastic",Mathematics,4.07,08/2018,1
51-4192,51-4192.00,"Layout Workers, Metal and Plastic",Design,3.78,08/2018,2
51-4192,51-4192.00,"Layout Workers, Metal and Plastic",Mechanical,3.51,08/2018,3
51-4192,51-4192.00,"Layout Workers, Metal and Plastic",Production and Processing,3.36,08/2018,4
51-4192,51-4192.00,"Layout Workers, Metal and Plastic",Engineering and Technology,3.31,08/2018,5
51-4192,51-4192.00,"Layout Workers, Metal and Plastic",English Language,3.31,08/2018,6
51-4192,51-4192.00,"Layout Workers, Metal and Plastic",Building and Construction,3.29,08/2018,7
51-4192,51-4192.00,"Layout Workers, Metal and Plastic",Administration and Management,3.28,08/2018,8
51-4192,51-4192.00,"Layout Workers, Metal and Plastic",Computers and Electronics,3.08,08/2018,9
51-4192,51-4192.00,"Layout Workers, Metal and Plastic",Education and Training,3.03,08/2018,10
51-4192,51-4192.00,"Layout Workers, Metal and Plastic",Customer and Personal Service,2.95,08/2018,11
51-4192,51-4192.00,"Layout Workers, Metal and Plastic",Public Safety and Security,2.43,08/2018,12
51-4192,51-4192.00,"Layout Workers, Metal and Plastic",Personnel and Human Resources,2.39,08/2018,13
51-4192,51-4192.00,"Layout Workers, Metal and Plastic",Transportation,2.31,08/2018,14
51-4192,51-4192.00,"Layout Workers, Metal and Plastic",Physics,2.29,08/2018,15
51-4193,51-4193.00,"Plating Machine Setters, Operators, and Tenders, Metal and Plastic",Production and Processing,4.17,07/2016,1
51-4193,51-4193.00,"Plating Machine Setters, Operators, and Tenders, Metal and Plastic",Mathematics,3.5,07/2016,2
51-4193,51-4193.00,"Plating Machine Setters, Operators, and Tenders, Metal and Plastic",Chemistry,3.43,07/2016,3
51-4193,51-4193.00,"Plating Machine Setters, Operators, and Tenders, Metal and Plastic",English Language,3.39,07/2016,4
51-4193,51-4193.00,"Plating Machine Setters, Operators, and Tenders, Metal and Plastic",Mechanical,3.3,07/2016,5
51-4193,51-4193.00,"Plating Machine Setters, Operators, and Tenders, Metal and Plastic",Engineering and Technology,3.27,07/2016,6
51-4193,51-4193.00,"Plating Machine Setters, Operators, and Tenders, Metal and Plastic",Education and Training,3.23,07/2016,7
51-4193,51-4193.00,"Plating Machine Setters, Operators, and Tenders, Metal and Plastic",Law and Government,3.13,07/2016,8
51-4193,51-4193.00,"Plating Machine Setters, Operators, and Tenders, Metal and Plastic",Customer and Personal Service,3.11,07/2016,9
51-4193,51-4193.00,"Plating Machine Setters, Operators, and Tenders, Metal and Plastic",Design,3.07,07/2016,10
51-4193,51-4193.00,"Plating Machine Setters, Operators, and Tenders, Metal and Plastic",Public Safety and Security,3.05,07/2016,11
51-4193,51-4193.00,"Plating Machine Setters, Operators, and Tenders, Metal and Plastic",Transportation,3.02,07/2016,12
51-4193,51-4193.00,"Plating Machine Setters, Operators, and Tenders, Metal and Plastic",Physics,2.98,07/2016,13
51-4193,51-4193.00,"Plating Machine Setters, Operators, and Tenders, Metal and Plastic",Administration and Management,2.8,07/2016,14
51-4193,51-4193.00,"Plating Machine Setters, Operators, and Tenders, Metal and Plastic",Sales and Marketing,2.75,07/2016,15
51-4194,51-4194.00,"Tool Grinders, Filers, and Sharpeners",Mechanical,3.61,07/2016,1
51-4194,51-4194.00,"Tool Grinders, Filers, and Sharpeners",Mathematics,3.49,07/2016,2
51-4194,51-4194.00,"Tool Grinders, Filers, and Sharpeners",English Language,3.13,07/2016,3
51-4194,51-4194.00,"Tool Grinders, Filers, and Sharpeners",Production and Processing,2.9,07/2016,4
51-4194,51-4194.00,"Tool Grinders, Filers, and Sharpeners",Education and Training,2.73,07/2016,5
51-4194,51-4194.00,"Tool Grinders, Filers, and Sharpeners",Customer and Personal Service,2.69,07/2016,6
51-4194,51-4194.00,"Tool Grinders, Filers, and Sharpeners",Administration and Management,2.48,07/2016,7
51-4194,51-4194.00,"Tool Grinders, Filers, and Sharpeners",Engineering and Technology,2.47,07/2016,8
51-4194,51-4194.00,"Tool Grinders, Filers, and Sharpeners",Design,2.41,07/2016,9
51-4194,51-4194.00,"Tool Grinders, Filers, and Sharpeners",Computers and Electronics,2.17,07/2016,10
51-4194,51-4194.00,"Tool Grinders, Filers, and Sharpeners",Administrative,2.09,07/2016,11
51-4194,51-4194.00,"Tool Grinders, Filers, and Sharpeners",Chemistry,2.06,07/2016,12
51-4194,51-4194.00,"Tool Grinders, Filers, and Sharpeners",Public Safety and Security,2.05,07/2016,13
51-4194,51-4194.00,"Tool Grinders, Filers, and Sharpeners",Transportation,2.04,07/2016,14
51-4194,51-4194.00,"Tool Grinders, Filers, and Sharpeners",Economics and Accounting,2.03,07/2016,15
51-5111,51-5111.00,Prepress Technicians and Workers,Computers and Electronics,4.0,07/2016,1
51-5111,51-5111.00,Prepress Technicians and Workers,English Language,3.63,07/2016,2
51-5111,51-5111.00,Prepress Technicians and Workers,Design,3.51,07/2016,3
51-5111,51-5111.00,Prepress Technicians and Workers,Mathematics,3.36,07/2016,4
51-5111,51-5111.00,Prepress Technicians and Workers,Production and Processing,3.33,07/2016,5
51-5111,51-5111.00,Prepress Technicians and Workers,Customer and Personal Service,3.23,07/2016,6
51-5111,51-5111.00,Prepress Technicians and Workers,Administrative,2.93,07/2016,7
51-5111,51-5111.00,Prepress Technicians and Workers,Communications and Media,2.67,07/2016,8
51-5111,51-5111.00,Prepress Technicians and Workers,Administration and Management,2.6,07/2016,9
51-5111,51-5111.00,Prepress Technicians and Workers,Education and Training,2.47,07/2016,10
51-5111,51-5111.00,Prepress Technicians and Workers,Sales and Marketing,2.29,07/2016,11
51-5111,51-5111.00,Prepress Technicians and Workers,Mechanical,2.12,07/2016,12
51-5111,51-5111.00,Prepress Technicians and Workers,Engineering and Technology,2.09,07/2016,13
51-5111,51-5111.00,Prepress Technicians and Workers,Fine Arts,2.06,07/2016,14
51-5111,51-5111.00,Prepress Technicians and Workers,Public Safety and Security,1.82,07/2016,15
51-5112,51-5112.00,Printing Press Operators,Mechanical,3.83,08/2020,1
51-5112,51-5112.00,Printing Press Operators,Production and Processing,3.66,08/2020,2
51-5112,51-5112.00,Printing Press Operators,Customer and Personal Service,2.86,08/2020,3
51-5112,51-5112.00,Printing Press Operators,English Language,2.8,08/2020,4
51-5112,51-5112.00,Printing Press Operators,Computers and Electronics,2.75,08/2020,5
51-5112,51-5112.00,Printing Press Operators,Mathematics,2.74,08/2020,6
51-5112,51-5112.00,Printing Press Operators,Chemistry,2.47,08/2020,7
51-5112,51-5112.00,Printing Press Operators,Public Safety and Security,2.1,08/2020,8
51-5112,51-5112.00,Printing Press Operators,Administration and Management,2.08,08/2020,9
51-5112,51-5112.00,Printing Press Operators,Education and Training,2.08,08/2020,10
51-5112,51-5112.00,Printing Press Operators,Engineering and Technology,1.88,08/2020,11
51-5112,51-5112.00,Printing Press Operators,Design,1.6,08/2020,12
51-5112,51-5112.00,Printing Press Operators,Administrative,1.5,08/2020,13
51-5112,51-5112.00,Printing Press Operators,Personnel and Human Resources,1.44,08/2020,14
51-5112,51-5112.00,Printing Press Operators,Sales and Marketing,1.42,08/2020,15
51-5113,51-5113.00,Print Binding and Finishing Workers,Administration and Management,3.51,07/2015,1
51-5113,51-5113.00,Print Binding and Finishing Workers,Production and Processing,3.38,07/2015,2
51-5113,51-5113.00,Print Binding and Finishing Workers,Mechanical,3.24,07/2015,3
51-5113,51-5113.00,Print Binding and Finishing Workers,Customer and Personal Service,3.08,07/2015,4
51-5113,51-5113.00,Print Binding and Finishing Workers,Mathematics,2.9,07/2015,5
51-5113,51-5113.00,Print Binding and Finishing Workers,English Language,2.9,07/2015,6
51-5113,51-5113.00,Print Binding and Finishing Workers,Administrative,2.75,07/2015,7
51-5113,51-5113.00,Print Binding and Finishing Workers,Education and Training,2.71,07/2015,8
51-5113,51-5113.00,Print Binding and Finishing Workers,Computers and Electronics,2.38,07/2015,9
51-5113,51-5113.00,Print Binding and Finishing Workers,Sales and Marketing,2.16,07/2015,10
51-5113,51-5113.00,Print Binding and Finishing Workers,Personnel and Human Resources,2.15,07/2015,11
51-5113,51-5113.00,Print Binding and Finishing Workers,Design,2.14,07/2015,12
51-5113,51-5113.00,Print Binding and Finishing Workers,Psychology,1.94,07/2015,13
51-5113,51-5113.00,Print Binding and Finishing Workers,Physics,1.84,07/2015,14
51-5113,51-5113.00,Print Binding and Finishing Workers,Engineering and Technology,1.76,07/2015,15
51-6011,51-6011.00,Laundry and Dry-Cleaning Workers,Customer and Personal Service,3.2,07/2015,1
51-6011,51-6011.00,Laundry and Dry-Cleaning Workers,Production and Processing,3.1,07/2015,2
51-6011,51-6011.00,Laundry and Dry-Cleaning Workers,English Language,2.97,07/2015,3
51-6011,51-6011.00,Laundry and Dry-Cleaning Workers,Public Safety and Security,2.94,07/2015,4
51-6011,51-6011.00,Laundry and Dry-Cleaning Workers,Mathematics,2.81,07/2015,5
51-6011,51-6011.00,Laundry and Dry-Cleaning Workers,Administration and Management,2.69,07/2015,6
51-6011,51-6011.00,Laundry and Dry-Cleaning Workers,Chemistry,2.41,07/2015,7
51-6011,51-6011.00,Laundry and Dry-Cleaning Workers,Law and Government,2.38,07/2015,8
51-6011,51-6011.00,Laundry and Dry-Cleaning Workers,Computers and Electronics,2.32,07/2015,9
51-6011,51-6011.00,Laundry and Dry-Cleaning Workers,Education and Training,2.24,07/2015,10
51-6011,51-6011.00,Laundry and Dry-Cleaning Workers,Personnel and Human Resources,2.21,07/2015,11
51-6011,51-6011.00,Laundry and Dry-Cleaning Workers,Transportation,2.18,07/2015,12
51-6011,51-6011.00,Laundry and Dry-Cleaning Workers,Mechanical,2.03,07/2015,13
51-6011,51-6011.00,Laundry and Dry-Cleaning Workers,Sociology and Anthropology,2.02,07/2015,14
51-6011,51-6011.00,Laundry and Dry-Cleaning Workers,Engineering and Technology,1.98,07/2015,15
51-6021,51-6021.00,"Pressers, Textile, Garment, and Related Materials",Customer and Personal Service,3.61,07/2017,1
51-6021,51-6021.00,"Pressers, Textile, Garment, and Related Materials",Production and Processing,3.27,07/2017,2
51-6021,51-6021.00,"Pressers, Textile, Garment, and Related Materials",English Language,2.91,07/2017,3
51-6021,51-6021.00,"Pressers, Textile, Garment, and Related Materials",Public Safety and Security,2.87,07/2017,4
51-6021,51-6021.00,"Pressers, Textile, Garment, and Related Materials",Education and Training,2.59,07/2017,5
51-6021,51-6021.00,"Pressers, Textile, Garment, and Related Materials",Administration and Management,2.51,07/2017,6
51-6021,51-6021.00,"Pressers, Textile, Garment, and Related Materials",Sales and Marketing,2.46,07/2017,7
51-6021,51-6021.00,"Pressers, Textile, Garment, and Related Materials",Mathematics,2.39,07/2017,8
51-6021,51-6021.00,"Pressers, Textile, Garment, and Related Materials",Personnel and Human Resources,2.34,07/2017,9
51-6021,51-6021.00,"Pressers, Textile, Garment, and Related Materials",Transportation,2.3,07/2017,10
51-6021,51-6021.00,"Pressers, Textile, Garment, and Related Materials",Mechanical,2.19,07/2017,11
51-6021,51-6021.00,"Pressers, Textile, Garment, and Related Materials",Computers and Electronics,2.08,07/2017,12
51-6021,51-6021.00,"Pressers, Textile, Garment, and Related Materials",Administrative,2.0,07/2017,13
51-6021,51-6021.00,"Pressers, Textile, Garment, and Related Materials",Law and Government,1.79,07/2017,14
51-6021,51-6021.00,"Pressers, Textile, Garment, and Related Materials",Communications and Media,1.79,07/2017,15
51-6031,51-6031.00,Sewing Machine Operators,English Language,2.72,07/2017,1
51-6031,51-6031.00,Sewing Machine Operators,Production and Processing,2.53,07/2017,2
51-6031,51-6031.00,Sewing Machine Operators,Mathematics,2.28,07/2017,3
51-6031,51-6031.00,Sewing Machine Operators,Education and Training,2.22,07/2017,4
51-6031,51-6031.00,Sewing Machine Operators,Customer and Personal Service,2.16,07/2017,5
51-6031,51-6031.00,Sewing Machine Operators,Public Safety and Security,2.12,07/2017,6
51-6031,51-6031.00,Sewing Machine Operators,Mechanical,2.06,07/2017,7
51-6031,51-6031.00,Sewing Machine Operators,Administration and Management,1.99,07/2017,8
51-6031,51-6031.00,Sewing Machine Operators,Transportation,1.7,07/2017,9
51-6031,51-6031.00,Sewing Machine Operators,Computers and Electronics,1.61,07/2017,10
51-6031,51-6031.00,Sewing Machine Operators,Design,1.54,07/2017,11
51-6031,51-6031.00,Sewing Machine Operators,Sales and Marketing,1.52,07/2017,12
51-6031,51-6031.00,Sewing Machine Operators,Administrative,1.48,07/2017,13
51-6031,51-6031.00,Sewing Machine Operators,Psychology,1.46,07/2017,14
51-6031,51-6031.00,Sewing Machine Operators,Personnel and Human Resources,1.43,07/2017,15
51-6041,51-6041.00,Shoe and Leather Workers and Repairers,Production and Processing,3.23,08/2022,1
51-6041,51-6041.00,Shoe and Leather Workers and Repairers,Customer and Personal Service,2.98,08/2022,2
51-6041,51-6041.00,Shoe and Leather Workers and Repairers,Mechanical,2.9,08/2022,3
51-6041,51-6041.00,Shoe and Leather Workers and Repairers,Sales and Marketing,2.58,08/2022,4
51-6041,51-6041.00,Shoe and Leather Workers and Repairers,Administration and Management,2.4,08/2022,5
51-6041,51-6041.00,Shoe and Leather Workers and Repairers,Education and Training,2.15,08/2022,6
51-6041,51-6041.00,Shoe and Leather Workers and Repairers,Engineering and Technology,2.01,08/2022,7
51-6041,51-6041.00,Shoe and Leather Workers and Repairers,Economics and Accounting,1.93,08/2022,8
51-6041,51-6041.00,Shoe and Leather Workers and Repairers,Design,1.89,08/2022,9
51-6041,51-6041.00,Shoe and Leather Workers and Repairers,English Language,1.87,08/2022,10
51-6041,51-6041.00,Shoe and Leather Workers and Repairers,Chemistry,1.78,08/2022,11
51-6041,51-6041.00,Shoe and Leather Workers and Repairers,Personnel and Human Resources,1.68,08/2022,12
51-6041,51-6041.00,Shoe and Leather Workers and Repairers,Psychology,1.63,08/2022,13
51-6041,51-6041.00,Shoe and Leather Workers and Repairers,Mathematics,1.62,08/2022,14
51-6041,51-6041.00,Shoe and Leather Workers and Repairers,Public Safety and Security,1.6,08/2022,15
51-6042,51-6042.00,Shoe Machine Operators and Tenders,Production and Processing,3.28,08/2024,1
51-6042,51-6042.00,Shoe Machine Operators and Tenders,Administration and Management,3.01,08/2024,2
51-6042,51-6042.00,Shoe Machine Operators and Tenders,Education and Training,2.66,08/2024,3
51-6042,51-6042.00,Shoe Machine Operators and Tenders,Customer and Personal Service,2.51,08/2024,4
51-6042,51-6042.00,Shoe Machine Operators and Tenders,Personnel and Human Resources,2.41,08/2024,5
51-6042,51-6042.00,Shoe Machine Operators and Tenders,Public Safety and Security,2.4,08/2024,6
51-6042,51-6042.00,Shoe Machine Operators and Tenders,Engineering and Technology,2.38,08/2024,7
51-6042,51-6042.00,Shoe Machine Operators and Tenders,Administrative,2.28,08/2024,8
51-6042,51-6042.00,Shoe Machine Operators and Tenders,Sales and Marketing,2.26,08/2024,9
51-6042,51-6042.00,Shoe Machine Operators and Tenders,English Language,2.13,08/2024,10
51-6042,51-6042.00,Shoe Machine Operators and Tenders,Mathematics,2.12,08/2024,11
51-6042,51-6042.00,Shoe Machine Operators and Tenders,Mechanical,2.06,08/2024,12
51-6042,51-6042.00,Shoe Machine Operators and Tenders,Design,2.04,08/2024,13
51-6042,51-6042.00,Shoe Machine Operators and Tenders,Psychology,1.76,08/2024,14
51-6042,51-6042.00,Shoe Machine Operators and Tenders,Law and Government,1.73,08/2024,15
51-6051,51-6051.00,"Sewers, Hand",Customer and Personal Service,3.38,08/2024,1
51-6051,51-6051.00,"Sewers, Hand",Administration and Management,3.03,08/2024,2
51-6051,51-6051.00,"Sewers, Hand",English Language,2.93,08/2024,3
51-6051,51-6051.00,"Sewers, Hand",Mechanical,2.5,08/2024,4
51-6051,51-6051.00,"Sewers, Hand",Education and Training,2.42,08/2024,5
51-6051,51-6051.00,"Sewers, Hand",Mathematics,2.29,08/2024,6
51-6051,51-6051.00,"Sewers, Hand",Design,2.28,08/2024,7
51-6051,51-6051.00,"Sewers, Hand",Production and Processing,2.12,08/2024,8
51-6051,51-6051.00,"Sewers, Hand",Economics and Accounting,2.09,08/2024,9
51-6051,51-6051.00,"Sewers, Hand",Sales and Marketing,2.07,08/2024,10
51-6051,51-6051.00,"Sewers, Hand",Administrative,1.83,08/2024,11
51-6051,51-6051.00,"Sewers, Hand",Foreign Language,1.82,08/2024,12
51-6051,51-6051.00,"Sewers, Hand",Personnel and Human Resources,1.78,08/2024,13
51-6051,51-6051.00,"Sewers, Hand",Computers and Electronics,1.7,08/2024,14
51-6051,51-6051.00,"Sewers, Hand",Public Safety and Security,1.56,08/2024,15
51-6052,51-6052.00,"Tailors, Dressmakers, and Custom Sewers",Customer and Personal Service,4.05,08/2020,1
51-6052,51-6052.00,"Tailors, Dressmakers, and Custom Sewers",English Language,3.56,08/2020,2
51-6052,51-6052.00,"Tailors, Dressmakers, and Custom Sewers",Production and Processing,3.32,08/2020,3
51-6052,51-6052.00,"Tailors, Dressmakers, and Custom Sewers",Administration and Management,3.19,08/2020,4
51-6052,51-6052.00,"Tailors, Dressmakers, and Custom Sewers",Economics and Accounting,3.16,08/2020,5
51-6052,51-6052.00,"Tailors, Dressmakers, and Custom Sewers",Design,2.96,08/2020,6
51-6052,51-6052.00,"Tailors, Dressmakers, and Custom Sewers",Mathematics,2.95,08/2020,7
51-6052,51-6052.00,"Tailors, Dressmakers, and Custom Sewers",Sales and Marketing,2.76,08/2020,8
51-6052,51-6052.00,"Tailors, Dressmakers, and Custom Sewers",Personnel and Human Resources,2.73,08/2020,9
51-6052,51-6052.00,"Tailors, Dressmakers, and Custom Sewers",Administrative,2.63,08/2020,10
51-6052,51-6052.00,"Tailors, Dressmakers, and Custom Sewers",Education and Training,2.49,08/2020,11
51-6052,51-6052.00,"Tailors, Dressmakers, and Custom Sewers",Mechanical,2.35,08/2020,12
51-6052,51-6052.00,"Tailors, Dressmakers, and Custom Sewers",Public Safety and Security,2.0,08/2020,13
51-6052,51-6052.00,"Tailors, Dressmakers, and Custom Sewers",Communications and Media,1.98,08/2020,14
51-6052,51-6052.00,"Tailors, Dressmakers, and Custom Sewers",Psychology,1.9,08/2020,15
51-6061,51-6061.00,Textile Bleaching and Dyeing Machine Operators and Tenders,Production and Processing,3.35,08/2023,1
51-6061,51-6061.00,Textile Bleaching and Dyeing Machine Operators and Tenders,Public Safety and Security,2.62,08/2023,2
51-6061,51-6061.00,Textile Bleaching and Dyeing Machine Operators and Tenders,Education and Training,2.5,08/2023,3
51-6061,51-6061.00,Textile Bleaching and Dyeing Machine Operators and Tenders,Administration and Management,2.49,08/2023,4
51-6061,51-6061.00,Textile Bleaching and Dyeing Machine Operators and Tenders,Customer and Personal Service,2.47,08/2023,5
51-6061,51-6061.00,Textile Bleaching and Dyeing Machine Operators and Tenders,Mathematics,2.36,08/2023,6
51-6061,51-6061.00,Textile Bleaching and Dyeing Machine Operators and Tenders,English Language,2.26,08/2023,7
51-6061,51-6061.00,Textile Bleaching and Dyeing Machine Operators and Tenders,Mechanical,2.25,08/2023,8
51-6061,51-6061.00,Textile Bleaching and Dyeing Machine Operators and Tenders,Computers and Electronics,1.92,08/2023,9
51-6061,51-6061.00,Textile Bleaching and Dyeing Machine Operators and Tenders,Chemistry,1.88,08/2023,10
51-6061,51-6061.00,Textile Bleaching and Dyeing Machine Operators and Tenders,Personnel and Human Resources,1.82,08/2023,11
51-6061,51-6061.00,Textile Bleaching and Dyeing Machine Operators and Tenders,Administrative,1.59,08/2023,12
51-6061,51-6061.00,Textile Bleaching and Dyeing Machine Operators and Tenders,Engineering and Technology,1.58,08/2023,13
51-6061,51-6061.00,Textile Bleaching and Dyeing Machine Operators and Tenders,Psychology,1.57,08/2023,14
51-6061,51-6061.00,Textile Bleaching and Dyeing Machine Operators and Tenders,Design,1.56,08/2023,15
51-6062,51-6062.00,"Textile Cutting Machine Setters, Operators, and Tenders",Production and Processing,3.28,08/2019,1
51-6062,51-6062.00,"Textile Cutting Machine Setters, Operators, and Tenders",Mathematics,2.87,08/2019,2
51-6062,51-6062.00,"Textile Cutting Machine Setters, Operators, and Tenders",Mechanical,2.82,08/2019,3
51-6062,51-6062.00,"Textile Cutting Machine Setters, Operators, and Tenders",English Language,2.6,08/2019,4
51-6062,51-6062.00,"Textile Cutting Machine Setters, Operators, and Tenders",Design,2.45,08/2019,5
51-6062,51-6062.00,"Textile Cutting Machine Setters, Operators, and Tenders",Education and Training,2.22,08/2019,6
51-6062,51-6062.00,"Textile Cutting Machine Setters, Operators, and Tenders",Administration and Management,2.21,08/2019,7
51-6062,51-6062.00,"Textile Cutting Machine Setters, Operators, and Tenders",Computers and Electronics,2.07,08/2019,8
51-6062,51-6062.00,"Textile Cutting Machine Setters, Operators, and Tenders",Public Safety and Security,2.03,08/2019,9
51-6062,51-6062.00,"Textile Cutting Machine Setters, Operators, and Tenders",Engineering and Technology,2.02,08/2019,10
51-6062,51-6062.00,"Textile Cutting Machine Setters, Operators, and Tenders",Administrative,1.93,08/2019,11
51-6062,51-6062.00,"Textile Cutting Machine Setters, Operators, and Tenders",Building and Construction,1.9,08/2019,12
51-6062,51-6062.00,"Textile Cutting Machine Setters, Operators, and Tenders",Customer and Personal Service,1.88,08/2019,13
51-6062,51-6062.00,"Textile Cutting Machine Setters, Operators, and Tenders",Psychology,1.6,08/2019,14
51-6062,51-6062.00,"Textile Cutting Machine Setters, Operators, and Tenders",Physics,1.57,08/2019,15
51-6063,51-6063.00,"Textile Knitting and Weaving Machine Setters, Operators, and Tenders",Production and Processing,3.39,08/2023,1
51-6063,51-6063.00,"Textile Knitting and Weaving Machine Setters, Operators, and Tenders",English Language,3.17,08/2023,2
51-6063,51-6063.00,"Textile Knitting and Weaving Machine Setters, Operators, and Tenders",Mechanical,2.99,08/2023,3
51-6063,51-6063.00,"Textile Knitting and Weaving Machine Setters, Operators, and Tenders",Public Safety and Security,2.64,08/2023,4
51-6063,51-6063.00,"Textile Knitting and Weaving Machine Setters, Operators, and Tenders",Education and Training,2.63,08/2023,5
51-6063,51-6063.00,"Textile Knitting and Weaving Machine Setters, Operators, and Tenders",Computers and Electronics,2.47,08/2023,6
51-6063,51-6063.00,"Textile Knitting and Weaving Machine Setters, Operators, and Tenders",Customer and Personal Service,2.3,08/2023,7
51-6063,51-6063.00,"Textile Knitting and Weaving Machine Setters, Operators, and Tenders",Administration and Management,2.19,08/2023,8
51-6063,51-6063.00,"Textile Knitting and Weaving Machine Setters, Operators, and Tenders",Mathematics,2.05,08/2023,9
51-6063,51-6063.00,"Textile Knitting and Weaving Machine Setters, Operators, and Tenders",Design,1.99,08/2023,10
51-6063,51-6063.00,"Textile Knitting and Weaving Machine Setters, Operators, and Tenders",Engineering and Technology,1.87,08/2023,11
51-6063,51-6063.00,"Textile Knitting and Weaving Machine Setters, Operators, and Tenders",Chemistry,1.65,08/2023,12
51-6063,51-6063.00,"Textile Knitting and Weaving Machine Setters, Operators, and Tenders",Sales and Marketing,1.59,08/2023,13
51-6063,51-6063.00,"Textile Knitting and Weaving Machine Setters, Operators, and Tenders",Administrative,1.58,08/2023,14
51-6063,51-6063.00,"Textile Knitting and Weaving Machine Setters, Operators, and Tenders",Economics and Accounting,1.58,08/2023,15
51-6064,51-6064.00,"Textile Winding, Twisting, and Drawing Out Machine Setters, Operators, and Tenders",Production and Processing,3.45,08/2019,1
51-6064,51-6064.00,"Textile Winding, Twisting, and Drawing Out Machine Setters, Operators, and Tenders",Administration and Management,3.13,08/2019,2
51-6064,51-6064.00,"Textile Winding, Twisting, and Drawing Out Machine Setters, Operators, and Tenders",Mechanical,3.07,08/2019,3
51-6064,51-6064.00,"Textile Winding, Twisting, and Drawing Out Machine Setters, Operators, and Tenders",Public Safety and Security,3.05,08/2019,4
51-6064,51-6064.00,"Textile Winding, Twisting, and Drawing Out Machine Setters, Operators, and Tenders",Personnel and Human Resources,2.82,08/2019,5
51-6064,51-6064.00,"Textile Winding, Twisting, and Drawing Out Machine Setters, Operators, and Tenders",Customer and Personal Service,2.75,08/2019,6
51-6064,51-6064.00,"Textile Winding, Twisting, and Drawing Out Machine Setters, Operators, and Tenders",English Language,2.74,08/2019,7
51-6064,51-6064.00,"Textile Winding, Twisting, and Drawing Out Machine Setters, Operators, and Tenders",Mathematics,2.68,08/2019,8
51-6064,51-6064.00,"Textile Winding, Twisting, and Drawing Out Machine Setters, Operators, and Tenders",Economics and Accounting,2.44,08/2019,9
51-6064,51-6064.00,"Textile Winding, Twisting, and Drawing Out Machine Setters, Operators, and Tenders",Sales and Marketing,2.41,08/2019,10
51-6064,51-6064.00,"Textile Winding, Twisting, and Drawing Out Machine Setters, Operators, and Tenders",Psychology,2.4,08/2019,11
51-6064,51-6064.00,"Textile Winding, Twisting, and Drawing Out Machine Setters, Operators, and Tenders",Computers and Electronics,2.36,08/2019,12
51-6064,51-6064.00,"Textile Winding, Twisting, and Drawing Out Machine Setters, Operators, and Tenders",Engineering and Technology,2.31,08/2019,13
51-6064,51-6064.00,"Textile Winding, Twisting, and Drawing Out Machine Setters, Operators, and Tenders",Transportation,2.31,08/2019,14
51-6064,51-6064.00,"Textile Winding, Twisting, and Drawing Out Machine Setters, Operators, and Tenders",Administrative,2.25,08/2019,15
51-6091,51-6091.00,"Extruding and Forming Machine Setters, Operators, and Tenders, Synthetic and Glass Fibers",Production and Processing,3.68,08/2019,1
51-6091,51-6091.00,"Extruding and Forming Machine Setters, Operators, and Tenders, Synthetic and Glass Fibers",English Language,3.23,08/2019,2
51-6091,51-6091.00,"Extruding and Forming Machine Setters, Operators, and Tenders, Synthetic and Glass Fibers",Mathematics,3.12,08/2019,3
51-6091,51-6091.00,"Extruding and Forming Machine Setters, Operators, and Tenders, Synthetic and Glass Fibers",Education and Training,3.11,08/2019,4
51-6091,51-6091.00,"Extruding and Forming Machine Setters, Operators, and Tenders, Synthetic and Glass Fibers",Mechanical,3.07,08/2019,5
51-6091,51-6091.00,"Extruding and Forming Machine Setters, Operators, and Tenders, Synthetic and Glass Fibers",Customer and Personal Service,2.84,08/2019,6
51-6091,51-6091.00,"Extruding and Forming Machine Setters, Operators, and Tenders, Synthetic and Glass Fibers",Administration and Management,2.76,08/2019,7
51-6091,51-6091.00,"Extruding and Forming Machine Setters, Operators, and Tenders, Synthetic and Glass Fibers",Public Safety and Security,2.7,08/2019,8
51-6091,51-6091.00,"Extruding and Forming Machine Setters, Operators, and Tenders, Synthetic and Glass Fibers",Computers and Electronics,2.61,08/2019,9
51-6091,51-6091.00,"Extruding and Forming Machine Setters, Operators, and Tenders, Synthetic and Glass Fibers",Engineering and Technology,2.41,08/2019,10
51-6091,51-6091.00,"Extruding and Forming Machine Setters, Operators, and Tenders, Synthetic and Glass Fibers",Personnel and Human Resources,2.33,08/2019,11
51-6091,51-6091.00,"Extruding and Forming Machine Setters, Operators, and Tenders, Synthetic and Glass Fibers",Administrative,2.29,08/2019,12
51-6091,51-6091.00,"Extruding and Forming Machine Setters, Operators, and Tenders, Synthetic and Glass Fibers",Design,2.19,08/2019,13
51-6091,51-6091.00,"Extruding and Forming Machine Setters, Operators, and Tenders, Synthetic and Glass Fibers",Law and Government,2.11,08/2019,14
51-6091,51-6091.00,"Extruding and Forming Machine Setters, Operators, and Tenders, Synthetic and Glass Fibers",Transportation,2.05,08/2019,15
51-6092,51-6092.00,Fabric and Apparel Patternmakers,Design,4.2,07/2016,1
51-6092,51-6092.00,Fabric and Apparel Patternmakers,Mathematics,3.97,07/2016,2
51-6092,51-6092.00,Fabric and Apparel Patternmakers,English Language,3.91,07/2016,3
51-6092,51-6092.00,Fabric and Apparel Patternmakers,Production and Processing,3.86,07/2016,4
51-6092,51-6092.00,Fabric and Apparel Patternmakers,Education and Training,3.38,07/2016,5
51-6092,51-6092.00,Fabric and Apparel Patternmakers,Engineering and Technology,2.9,07/2016,6
51-6092,51-6092.00,Fabric and Apparel Patternmakers,Computers and Electronics,2.89,07/2016,7
51-6092,51-6092.00,Fabric and Apparel Patternmakers,Administration and Management,2.83,07/2016,8
51-6092,51-6092.00,Fabric and Apparel Patternmakers,Mechanical,2.78,07/2016,9
51-6092,51-6092.00,Fabric and Apparel Patternmakers,Administrative,2.65,07/2016,10
51-6092,51-6092.00,Fabric and Apparel Patternmakers,Psychology,2.23,07/2016,11
51-6092,51-6092.00,Fabric and Apparel Patternmakers,Customer and Personal Service,2.11,07/2016,12
51-6092,51-6092.00,Fabric and Apparel Patternmakers,Foreign Language,2.01,07/2016,13
51-6092,51-6092.00,Fabric and Apparel Patternmakers,Sales and Marketing,1.99,07/2016,14
51-6092,51-6092.00,Fabric and Apparel Patternmakers,Fine Arts,1.88,07/2016,15
51-6093,51-6093.00,Upholsterers,Production and Processing,3.07,07/2016,1
51-6093,51-6093.00,Upholsterers,Design,3.02,07/2016,2
51-6093,51-6093.00,Upholsterers,Customer and Personal Service,2.86,07/2016,3
51-6093,51-6093.00,Upholsterers,Mechanical,2.78,07/2016,4
51-6093,51-6093.00,Upholsterers,Education and Training,2.73,07/2016,5
51-6093,51-6093.00,Upholsterers,Mathematics,2.64,07/2016,6
51-6093,51-6093.00,Upholsterers,Building and Construction,2.4,07/2016,7
51-6093,51-6093.00,Upholsterers,Personnel and Human Resources,2.2,07/2016,8
51-6093,51-6093.00,Upholsterers,Administration and Management,2.17,07/2016,9
51-6093,51-6093.00,Upholsterers,English Language,2.03,07/2016,10
51-6093,51-6093.00,Upholsterers,Public Safety and Security,1.88,07/2016,11
51-6093,51-6093.00,Upholsterers,Sales and Marketing,1.87,07/2016,12
51-6093,51-6093.00,Upholsterers,Engineering and Technology,1.75,07/2016,13
51-6093,51-6093.00,Upholsterers,Administrative,1.67,07/2016,14
51-6093,51-6093.00,Upholsterers,Transportation,1.67,07/2016,15
51-7011,51-7011.00,Cabinetmakers and Bench Carpenters,Mathematics,4.21,07/2015,1
51-7011,51-7011.00,Cabinetmakers and Bench Carpenters,Building and Construction,3.82,07/2015,2
51-7011,51-7011.00,Cabinetmakers and Bench Carpenters,Production and Processing,3.67,07/2015,3
51-7011,51-7011.00,Cabinetmakers and Bench Carpenters,Mechanical,3.44,07/2015,4
51-7011,51-7011.00,Cabinetmakers and Bench Carpenters,Design,3.43,07/2015,5
51-7011,51-7011.00,Cabinetmakers and Bench Carpenters,Engineering and Technology,3.05,07/2015,6
51-7011,51-7011.00,Cabinetmakers and Bench Carpenters,Education and Training,2.44,07/2015,7
51-7011,51-7011.00,Cabinetmakers and Bench Carpenters,English Language,2.23,07/2015,8
51-7011,51-7011.00,Cabinetmakers and Bench Carpenters,Administration and Management,2.18,07/2015,9
51-7011,51-7011.00,Cabinetmakers and Bench Carpenters,Public Safety and Security,2.1,07/2015,10
51-7011,51-7011.00,Cabinetmakers and Bench Carpenters,Computers and Electronics,2.05,07/2015,11
51-7011,51-7011.00,Cabinetmakers and Bench Carpenters,Sales and Marketing,2.02,07/2015,12
51-7011,51-7011.00,Cabinetmakers and Bench Carpenters,Law and Government,2.02,07/2015,13
51-7011,51-7011.00,Cabinetmakers and Bench Carpenters,Personnel and Human Resources,2.0,07/2015,14
51-7011,51-7011.00,Cabinetmakers and Bench Carpenters,Customer and Personal Service,1.86,07/2015,15
51-7021,51-7021.00,Furniture Finishers,Production and Processing,3.26,07/2017,1
51-7021,51-7021.00,Furniture Finishers,Mechanical,3.02,07/2017,2
51-7021,51-7021.00,Furniture Finishers,Design,2.91,07/2017,3
51-7021,51-7021.00,Furniture Finishers,Education and Training,2.82,07/2017,4
51-7021,51-7021.00,Furniture Finishers,English Language,2.78,07/2017,5
51-7021,51-7021.00,Furniture Finishers,Customer and Personal Service,2.73,07/2017,6
51-7021,51-7021.00,Furniture Finishers,Mathematics,2.58,07/2017,7
51-7021,51-7021.00,Furniture Finishers,Building and Construction,2.44,07/2017,8
51-7021,51-7021.00,Furniture Finishers,Administration and Management,2.42,07/2017,9
51-7021,51-7021.00,Furniture Finishers,Public Safety and Security,2.4,07/2017,10
51-7021,51-7021.00,Furniture Finishers,Chemistry,2.26,07/2017,11
51-7021,51-7021.00,Furniture Finishers,Transportation,2.07,07/2017,12
51-7021,51-7021.00,Furniture Finishers,Law and Government,2.03,07/2017,13
51-7021,51-7021.00,Furniture Finishers,Engineering and Technology,1.92,07/2017,14
51-7021,51-7021.00,Furniture Finishers,Personnel and Human Resources,1.85,07/2017,15
51-7031,51-7031.00,"Model Makers, Wood",Production and Processing,3.98,08/2024,1
51-7031,51-7031.00,"Model Makers, Wood",Design,3.8,08/2024,2
51-7031,51-7031.00,"Model Makers, Wood",Building and Construction,3.61,08/2024,3
51-7031,51-7031.00,"Model Makers, Wood",Engineering and Technology,3.43,08/2024,4
51-7031,51-7031.00,"Model Makers, Wood",Mathematics,3.43,08/2024,5
51-7031,51-7031.00,"Model Makers, Wood",Administration and Management,3.35,08/2024,6
51-7031,51-7031.00,"Model Makers, Wood",Mechanical,3.24,08/2024,7
51-7031,51-7031.00,"Model Makers, Wood",English Language,2.98,08/2024,8
51-7031,51-7031.00,"Model Makers, Wood",Customer and Personal Service,2.87,08/2024,9
51-7031,51-7031.00,"Model Makers, Wood",Computers and Electronics,2.5,08/2024,10
51-7031,51-7031.00,"Model Makers, Wood",Education and Training,2.38,08/2024,11
51-7031,51-7031.00,"Model Makers, Wood",Physics,2.36,08/2024,12
51-7031,51-7031.00,"Model Makers, Wood",Public Safety and Security,2.31,08/2024,13
51-7031,51-7031.00,"Model Makers, Wood",Administrative,2.24,08/2024,14
51-7031,51-7031.00,"Model Makers, Wood",Sales and Marketing,1.88,08/2024,15
51-7032,51-7032.00,"Patternmakers, Wood",Mathematics,4.02,08/2021,1
51-7032,51-7032.00,"Patternmakers, Wood",Design,3.6,08/2021,2
51-7032,51-7032.00,"Patternmakers, Wood",Engineering and Technology,3.58,08/2021,3
51-7032,51-7032.00,"Patternmakers, Wood",Mechanical,3.56,08/2021,4
51-7032,51-7032.00,"Patternmakers, Wood",Building and Construction,3.34,08/2021,5
51-7032,51-7032.00,"Patternmakers, Wood",Administration and Management,3.28,08/2021,6
51-7032,51-7032.00,"Patternmakers, Wood",Production and Processing,3.19,08/2021,7
51-7032,51-7032.00,"Patternmakers, Wood",Customer and Personal Service,3.1,08/2021,8
51-7032,51-7032.00,"Patternmakers, Wood",English Language,2.91,08/2021,9
51-7032,51-7032.00,"Patternmakers, Wood",Sales and Marketing,2.75,08/2021,10
51-7032,51-7032.00,"Patternmakers, Wood",Education and Training,2.72,08/2021,11
51-7032,51-7032.00,"Patternmakers, Wood",Transportation,2.65,08/2021,12
51-7032,51-7032.00,"Patternmakers, Wood",Personnel and Human Resources,2.5,08/2021,13
51-7032,51-7032.00,"Patternmakers, Wood",Computers and Electronics,2.47,08/2021,14
51-7032,51-7032.00,"Patternmakers, Wood",Administrative,2.21,08/2021,15
51-7041,51-7041.00,"Sawing Machine Setters, Operators, and Tenders, Wood",Production and Processing,3.24,07/2013,1
51-7041,51-7041.00,"Sawing Machine Setters, Operators, and Tenders, Wood",Mechanical,3.21,07/2013,2
51-7041,51-7041.00,"Sawing Machine Setters, Operators, and Tenders, Wood",Public Safety and Security,2.65,07/2013,3
51-7041,51-7041.00,"Sawing Machine Setters, Operators, and Tenders, Wood",Mathematics,2.59,07/2013,4
51-7041,51-7041.00,"Sawing Machine Setters, Operators, and Tenders, Wood",Education and Training,2.29,07/2013,5
51-7041,51-7041.00,"Sawing Machine Setters, Operators, and Tenders, Wood",English Language,2.22,07/2013,6
51-7041,51-7041.00,"Sawing Machine Setters, Operators, and Tenders, Wood",Design,2.11,07/2013,7
51-7041,51-7041.00,"Sawing Machine Setters, Operators, and Tenders, Wood",Engineering and Technology,2.08,07/2013,8
51-7041,51-7041.00,"Sawing Machine Setters, Operators, and Tenders, Wood",Building and Construction,1.87,07/2013,9
51-7041,51-7041.00,"Sawing Machine Setters, Operators, and Tenders, Wood",Psychology,1.78,07/2013,10
51-7041,51-7041.00,"Sawing Machine Setters, Operators, and Tenders, Wood",Computers and Electronics,1.77,07/2013,11
51-7041,51-7041.00,"Sawing Machine Setters, Operators, and Tenders, Wood",Transportation,1.68,07/2013,12
51-7041,51-7041.00,"Sawing Machine Setters, Operators, and Tenders, Wood",Telecommunications,1.67,07/2013,13
51-7041,51-7041.00,"Sawing Machine Setters, Operators, and Tenders, Wood",Administration and Management,1.54,07/2013,14
51-7041,51-7041.00,"Sawing Machine Setters, Operators, and Tenders, Wood",Customer and Personal Service,1.45,07/2013,15
51-7042,51-7042.00,"Woodworking Machine Setters, Operators, and Tenders, Except Sawing",Mechanical,3.26,07/2015,1
51-7042,51-7042.00,"Woodworking Machine Setters, Operators, and Tenders, Except Sawing",Production and Processing,2.95,07/2015,2
51-7042,51-7042.00,"Woodworking Machine Setters, Operators, and Tenders, Except Sawing",Mathematics,2.92,07/2015,3
51-7042,51-7042.00,"Woodworking Machine Setters, Operators, and Tenders, Except Sawing",Public Safety and Security,2.51,07/2015,4
51-7042,51-7042.00,"Woodworking Machine Setters, Operators, and Tenders, Except Sawing",Building and Construction,2.37,07/2015,5
51-7042,51-7042.00,"Woodworking Machine Setters, Operators, and Tenders, Except Sawing",Education and Training,2.35,07/2015,6
51-7042,51-7042.00,"Woodworking Machine Setters, Operators, and Tenders, Except Sawing",Design,2.3,07/2015,7
51-7042,51-7042.00,"Woodworking Machine Setters, Operators, and Tenders, Except Sawing",English Language,2.28,07/2015,8
51-7042,51-7042.00,"Woodworking Machine Setters, Operators, and Tenders, Except Sawing",Administration and Management,1.98,07/2015,9
51-7042,51-7042.00,"Woodworking Machine Setters, Operators, and Tenders, Except Sawing",Transportation,1.95,07/2015,10
51-7042,51-7042.00,"Woodworking Machine Setters, Operators, and Tenders, Except Sawing",Engineering and Technology,1.9,07/2015,11
51-7042,51-7042.00,"Woodworking Machine Setters, Operators, and Tenders, Except Sawing",Customer and Personal Service,1.8,07/2015,12
51-7042,51-7042.00,"Woodworking Machine Setters, Operators, and Tenders, Except Sawing",Computers and Electronics,1.78,07/2015,13
51-7042,51-7042.00,"Woodworking Machine Setters, Operators, and Tenders, Except Sawing",Chemistry,1.73,07/2015,14
51-7042,51-7042.00,"Woodworking Machine Setters, Operators, and Tenders, Except Sawing",Sales and Marketing,1.66,07/2015,15
51-8011,51-8011.00,Nuclear Power Reactor Operators,Physics,4.08,07/2014,1
51-8011,51-8011.00,Nuclear Power Reactor Operators,Mechanical,3.88,07/2014,2
51-8011,51-8011.00,Nuclear Power Reactor Operators,Public Safety and Security,3.66,07/2014,3
51-8011,51-8011.00,Nuclear Power Reactor Operators,Mathematics,3.58,07/2014,4
51-8011,51-8011.00,Nuclear Power Reactor Operators,Engineering and Technology,3.54,07/2014,5
51-8011,51-8011.00,Nuclear Power Reactor Operators,Chemistry,3.37,07/2014,6
51-8011,51-8011.00,Nuclear Power Reactor Operators,Design,3.02,07/2014,7
51-8011,51-8011.00,Nuclear Power Reactor Operators,English Language,2.93,07/2014,8
51-8011,51-8011.00,Nuclear Power Reactor Operators,Computers and Electronics,2.85,07/2014,9
51-8011,51-8011.00,Nuclear Power Reactor Operators,Education and Training,2.8,07/2014,10
51-8011,51-8011.00,Nuclear Power Reactor Operators,Law and Government,2.78,07/2014,11
51-8011,51-8011.00,Nuclear Power Reactor Operators,Administration and Management,2.36,07/2014,12
51-8011,51-8011.00,Nuclear Power Reactor Operators,Production and Processing,2.35,07/2014,13
51-8011,51-8011.00,Nuclear Power Reactor Operators,Psychology,2.18,07/2014,14
51-8011,51-8011.00,Nuclear Power Reactor Operators,Building and Construction,1.99,07/2014,15
51-8012,51-8012.00,Power Distributors and Dispatchers,English Language,3.86,08/2024,1
51-8012,51-8012.00,Power Distributors and Dispatchers,Public Safety and Security,3.66,08/2024,2
51-8012,51-8012.00,Power Distributors and Dispatchers,Mathematics,3.53,08/2024,3
51-8012,51-8012.00,Power Distributors and Dispatchers,Computers and Electronics,3.48,08/2024,4
51-8012,51-8012.00,Power Distributors and Dispatchers,Telecommunications,3.47,08/2024,5
51-8012,51-8012.00,Power Distributors and Dispatchers,Engineering and Technology,3.45,08/2024,6
51-8012,51-8012.00,Power Distributors and Dispatchers,Customer and Personal Service,3.36,08/2024,7
51-8012,51-8012.00,Power Distributors and Dispatchers,Mechanical,3.29,08/2024,8
51-8012,51-8012.00,Power Distributors and Dispatchers,Education and Training,3.19,08/2024,9
51-8012,51-8012.00,Power Distributors and Dispatchers,Physics,3.11,08/2024,10
51-8012,51-8012.00,Power Distributors and Dispatchers,Administrative,2.96,08/2024,11
51-8012,51-8012.00,Power Distributors and Dispatchers,Administration and Management,2.75,08/2024,12
51-8012,51-8012.00,Power Distributors and Dispatchers,Law and Government,2.64,08/2024,13
51-8012,51-8012.00,Power Distributors and Dispatchers,Geography,2.53,08/2024,14
51-8012,51-8012.00,Power Distributors and Dispatchers,Communications and Media,2.43,08/2024,15
51-8013,51-8013.04,Hydroelectric Plant Technicians,Mechanical,4.86,08/2024,1
51-8013,51-8013.04,Hydroelectric Plant Technicians,Public Safety and Security,4.33,08/2024,2
51-8013,51-8013.04,Hydroelectric Plant Technicians,Mathematics,4.29,08/2024,3
51-8013,51-8013.04,Hydroelectric Plant Technicians,Engineering and Technology,4.11,08/2024,4
51-8013,51-8013.00,Power Plant Operators,Mechanical,3.98,08/2024,5
51-8013,51-8013.04,Hydroelectric Plant Technicians,Education and Training,3.96,08/2024,6
51-8013,51-8013.03,Biomass Plant Technicians,Mechanical,3.92,08/2020,7
51-8013,51-8013.04,Hydroelectric Plant Technicians,Design,3.9,08/2024,8
51-8013,51-8013.04,Hydroelectric Plant Technicians,Computers and Electronics,3.89,08/2024,9
51-8013,51-8013.04,Hydroelectric Plant Technicians,English Language,3.89,08/2024,10
51-8013,51-8013.04,Hydroelectric Plant Technicians,Physics,3.81,08/2024,11
51-8013,51-8013.04,Hydroelectric Plant Technicians,Building and Construction,3.77,08/2024,12
51-8013,51-8013.00,Power Plant Operators,Public Safety and Security,3.69,08/2024,13
51-8013,51-8013.00,Power Plant Operators,English Language,3.62,08/2024,14
51-8013,51-8013.04,Hydroelectric Plant Technicians,Administration and Management,3.59,08/2024,15
51-8021,51-8021.00,Stationary Engineers and Boiler Operators,Mechanical,4.06,08/2023,1
51-8021,51-8021.00,Stationary Engineers and Boiler Operators,Chemistry,3.4,08/2023,2
51-8021,51-8021.00,Stationary Engineers and Boiler Operators,Public Safety and Security,3.32,08/2023,3
51-8021,51-8021.00,Stationary Engineers and Boiler Operators,Physics,3.18,08/2023,4
51-8021,51-8021.00,Stationary Engineers and Boiler Operators,Engineering and Technology,3.16,08/2023,5
51-8021,51-8021.00,Stationary Engineers and Boiler Operators,English Language,3.1,08/2023,6
51-8021,51-8021.00,Stationary Engineers and Boiler Operators,Computers and Electronics,3.08,08/2023,7
51-8021,51-8021.00,Stationary Engineers and Boiler Operators,Mathematics,3.07,08/2023,8
51-8021,51-8021.00,Stationary Engineers and Boiler Operators,Production and Processing,3.06,08/2023,9
51-8021,51-8021.00,Stationary Engineers and Boiler Operators,Building and Construction,2.97,08/2023,10
51-8021,51-8021.00,Stationary Engineers and Boiler Operators,Administration and Management,2.92,08/2023,11
51-8021,51-8021.00,Stationary Engineers and Boiler Operators,Education and Training,2.71,08/2023,12
51-8021,51-8021.00,Stationary Engineers and Boiler Operators,Law and Government,2.64,08/2023,13
51-8021,51-8021.00,Stationary Engineers and Boiler Operators,Design,2.62,08/2023,14
51-8021,51-8021.00,Stationary Engineers and Boiler Operators,Communications and Media,2.41,08/2023,15
51-8091,51-8091.00,Chemical Plant and System Operators,Production and Processing,3.7,07/2015,1
51-8091,51-8091.00,Chemical Plant and System Operators,Chemistry,3.69,07/2015,2
51-8091,51-8091.00,Chemical Plant and System Operators,Mechanical,3.62,07/2015,3
51-8091,51-8091.00,Chemical Plant and System Operators,English Language,3.51,07/2015,4
51-8091,51-8091.00,Chemical Plant and System Operators,Public Safety and Security,3.34,07/2015,5
51-8091,51-8091.00,Chemical Plant and System Operators,Customer and Personal Service,3.08,07/2015,6
51-8091,51-8091.00,Chemical Plant and System Operators,Mathematics,2.86,07/2015,7
51-8091,51-8091.00,Chemical Plant and System Operators,Education and Training,2.6,07/2015,8
51-8091,51-8091.00,Chemical Plant and System Operators,Computers and Electronics,2.54,07/2015,9
51-8091,51-8091.00,Chemical Plant and System Operators,Physics,2.31,07/2015,10
51-8091,51-8091.00,Chemical Plant and System Operators,Engineering and Technology,2.3,07/2015,11
51-8091,51-8091.00,Chemical Plant and System Operators,Administration and Management,2.18,07/2015,12
51-8091,51-8091.00,Chemical Plant and System Operators,Personnel and Human Resources,2.13,07/2015,13
51-8091,51-8091.00,Chemical Plant and System Operators,Administrative,1.96,07/2015,14
51-8091,51-8091.00,Chemical Plant and System Operators,Transportation,1.94,07/2015,15
51-8092,51-8092.00,Gas Plant Operators,Public Safety and Security,3.94,08/2023,1
51-8092,51-8092.00,Gas Plant Operators,Mechanical,3.75,08/2023,2
51-8092,51-8092.00,Gas Plant Operators,English Language,3.59,08/2023,3
51-8092,51-8092.00,Gas Plant Operators,Computers and Electronics,3.4,08/2023,4
51-8092,51-8092.00,Gas Plant Operators,Mathematics,3.17,08/2023,5
51-8092,51-8092.00,Gas Plant Operators,Engineering and Technology,3.14,08/2023,6
51-8092,51-8092.00,Gas Plant Operators,Production and Processing,3.13,08/2023,7
51-8092,51-8092.00,Gas Plant Operators,Customer and Personal Service,3.04,08/2023,8
51-8092,51-8092.00,Gas Plant Operators,Administrative,3.01,08/2023,9
51-8092,51-8092.00,Gas Plant Operators,Education and Training,2.84,08/2023,10
51-8092,51-8092.00,Gas Plant Operators,Physics,2.83,08/2023,11
51-8092,51-8092.00,Gas Plant Operators,Law and Government,2.77,08/2023,12
51-8092,51-8092.00,Gas Plant Operators,Transportation,2.75,08/2023,13
51-8092,51-8092.00,Gas Plant Operators,Design,2.68,08/2023,14
51-8092,51-8092.00,Gas Plant Operators,Telecommunications,2.67,08/2023,15
51-8093,51-8093.00,"Petroleum Pump System Operators, Refinery Operators, and Gaugers",Production and Processing,3.61,08/2023,1
51-8093,51-8093.00,"Petroleum Pump System Operators, Refinery Operators, and Gaugers",Public Safety and Security,3.58,08/2023,2
51-8093,51-8093.00,"Petroleum Pump System Operators, Refinery Operators, and Gaugers",Mechanical,3.55,08/2023,3
51-8093,51-8093.00,"Petroleum Pump System Operators, Refinery Operators, and Gaugers",Administration and Management,3.52,08/2023,4
51-8093,51-8093.00,"Petroleum Pump System Operators, Refinery Operators, and Gaugers",Mathematics,3.22,08/2023,5
51-8093,51-8093.00,"Petroleum Pump System Operators, Refinery Operators, and Gaugers",English Language,3.2,08/2023,6
51-8093,51-8093.00,"Petroleum Pump System Operators, Refinery Operators, and Gaugers",Computers and Electronics,2.99,08/2023,7
51-8093,51-8093.00,"Petroleum Pump System Operators, Refinery Operators, and Gaugers",Chemistry,2.95,08/2023,8
51-8093,51-8093.00,"Petroleum Pump System Operators, Refinery Operators, and Gaugers",Education and Training,2.87,08/2023,9
51-8093,51-8093.00,"Petroleum Pump System Operators, Refinery Operators, and Gaugers",Engineering and Technology,2.61,08/2023,10
51-8093,51-8093.00,"Petroleum Pump System Operators, Refinery Operators, and Gaugers",Law and Government,2.57,08/2023,11
51-8093,51-8093.00,"Petroleum Pump System Operators, Refinery Operators, and Gaugers",Transportation,2.48,08/2023,12
51-8093,51-8093.00,"Petroleum Pump System Operators, Refinery Operators, and Gaugers",Customer and Personal Service,2.4,08/2023,13
51-8093,51-8093.00,"Petroleum Pump System Operators, Refinery Operators, and Gaugers",Psychology,2.2,08/2023,14
51-8093,51-8093.00,"Petroleum Pump System Operators, Refinery Operators, and Gaugers",Administrative,2.19,08/2023,15
51-8099,51-8099.01,Biofuels Processing Technicians,Production and Processing,3.96,07/2016,1
51-8099,51-8099.01,Biofuels Processing Technicians,Mechanical,3.53,07/2016,2
51-8099,51-8099.01,Biofuels Processing Technicians,English Language,3.42,07/2016,3
51-8099,51-8099.01,Biofuels Processing Technicians,Public Safety and Security,3.39,07/2016,4
51-8099,51-8099.01,Biofuels Processing Technicians,Chemistry,3.21,07/2016,5
51-8099,51-8099.01,Biofuels Processing Technicians,Computers and Electronics,3.18,07/2016,6
51-8099,51-8099.01,Biofuels Processing Technicians,Education and Training,2.85,07/2016,7
51-8099,51-8099.01,Biofuels Processing Technicians,Engineering and Technology,2.78,07/2016,8
51-8099,51-8099.01,Biofuels Processing Technicians,Mathematics,2.78,07/2016,9
51-8099,51-8099.01,Biofuels Processing Technicians,Transportation,2.7,07/2016,10
51-8099,51-8099.01,Biofuels Processing Technicians,Physics,2.68,07/2016,11
51-8099,51-8099.01,Biofuels Processing Technicians,Building and Construction,2.49,07/2016,12
51-8099,51-8099.01,Biofuels Processing Technicians,Administration and Management,2.47,07/2016,13
51-8099,51-8099.01,Biofuels Processing Technicians,Administrative,2.45,07/2016,14
51-8099,51-8099.01,Biofuels Processing Technicians,Biology,2.42,07/2016,15
51-9011,51-9011.00,Chemical Equipment Operators and Tenders,Production and Processing,4.54,07/2015,1
51-9011,51-9011.00,Chemical Equipment Operators and Tenders,Chemistry,4.38,07/2015,2
51-9011,51-9011.00,Chemical Equipment Operators and Tenders,Mechanical,4.07,07/2015,3
51-9011,51-9011.00,Chemical Equipment Operators and Tenders,Computers and Electronics,3.69,07/2015,4
51-9011,51-9011.00,Chemical Equipment Operators and Tenders,English Language,3.68,07/2015,5
51-9011,51-9011.00,Chemical Equipment Operators and Tenders,Mathematics,3.47,07/2015,6
51-9011,51-9011.00,Chemical Equipment Operators and Tenders,Public Safety and Security,3.47,07/2015,7
51-9011,51-9011.00,Chemical Equipment Operators and Tenders,Law and Government,3.33,07/2015,8
51-9011,51-9011.00,Chemical Equipment Operators and Tenders,Administrative,3.25,07/2015,9
51-9011,51-9011.00,Chemical Equipment Operators and Tenders,Administration and Management,3.24,07/2015,10
51-9011,51-9011.00,Chemical Equipment Operators and Tenders,Engineering and Technology,3.13,07/2015,11
51-9011,51-9011.00,Chemical Equipment Operators and Tenders,Education and Training,3.09,07/2015,12
51-9011,51-9011.00,Chemical Equipment Operators and Tenders,Design,2.97,07/2015,13
51-9011,51-9011.00,Chemical Equipment Operators and Tenders,Transportation,2.94,07/2015,14
51-9011,51-9011.00,Chemical Equipment Operators and Tenders,Personnel and Human Resources,2.88,07/2015,15
51-9012,51-9012.00,"Separating, Filtering, Clarifying, Precipitating, and Still Machine Setters, Operators, and Tenders",Production and Processing,3.75,07/2015,1
51-9012,51-9012.00,"Separating, Filtering, Clarifying, Precipitating, and Still Machine Setters, Operators, and Tenders",Mechanical,3.29,07/2015,2
51-9012,51-9012.00,"Separating, Filtering, Clarifying, Precipitating, and Still Machine Setters, Operators, and Tenders",English Language,3.09,07/2015,3
51-9012,51-9012.00,"Separating, Filtering, Clarifying, Precipitating, and Still Machine Setters, Operators, and Tenders",Public Safety and Security,2.87,07/2015,4
51-9012,51-9012.00,"Separating, Filtering, Clarifying, Precipitating, and Still Machine Setters, Operators, and Tenders",Mathematics,2.8,07/2015,5
51-9012,51-9012.00,"Separating, Filtering, Clarifying, Precipitating, and Still Machine Setters, Operators, and Tenders",Education and Training,2.76,07/2015,6
51-9012,51-9012.00,"Separating, Filtering, Clarifying, Precipitating, and Still Machine Setters, Operators, and Tenders",Chemistry,2.63,07/2015,7
51-9012,51-9012.00,"Separating, Filtering, Clarifying, Precipitating, and Still Machine Setters, Operators, and Tenders",Computers and Electronics,2.56,07/2015,8
51-9012,51-9012.00,"Separating, Filtering, Clarifying, Precipitating, and Still Machine Setters, Operators, and Tenders",Engineering and Technology,2.46,07/2015,9
51-9012,51-9012.00,"Separating, Filtering, Clarifying, Precipitating, and Still Machine Setters, Operators, and Tenders",Customer and Personal Service,2.44,07/2015,10
51-9012,51-9012.00,"Separating, Filtering, Clarifying, Precipitating, and Still Machine Setters, Operators, and Tenders",Physics,2.4,07/2015,11
51-9012,51-9012.00,"Separating, Filtering, Clarifying, Precipitating, and Still Machine Setters, Operators, and Tenders",Administration and Management,2.23,07/2015,12
51-9012,51-9012.00,"Separating, Filtering, Clarifying, Precipitating, and Still Machine Setters, Operators, and Tenders",Personnel and Human Resources,2.11,07/2015,13
51-9012,51-9012.00,"Separating, Filtering, Clarifying, Precipitating, and Still Machine Setters, Operators, and Tenders",Food Production,2.11,07/2015,14
51-9012,51-9012.00,"Separating, Filtering, Clarifying, Precipitating, and Still Machine Setters, Operators, and Tenders",Administrative,2.03,07/2015,15
51-9021,51-9021.00,"Crushing, Grinding, and Polishing Machine Setters, Operators, and Tenders",Administration and Management,3.45,08/2024,1
51-9021,51-9021.00,"Crushing, Grinding, and Polishing Machine Setters, Operators, and Tenders",Production and Processing,3.4,08/2024,2
51-9021,51-9021.00,"Crushing, Grinding, and Polishing Machine Setters, Operators, and Tenders",English Language,3.2,08/2024,3
51-9021,51-9021.00,"Crushing, Grinding, and Polishing Machine Setters, Operators, and Tenders",Education and Training,3.16,08/2024,4
51-9021,51-9021.00,"Crushing, Grinding, and Polishing Machine Setters, Operators, and Tenders",Public Safety and Security,3.03,08/2024,5
51-9021,51-9021.00,"Crushing, Grinding, and Polishing Machine Setters, Operators, and Tenders",Mathematics,2.97,08/2024,6
51-9021,51-9021.00,"Crushing, Grinding, and Polishing Machine Setters, Operators, and Tenders",Mechanical,2.92,08/2024,7
51-9021,51-9021.00,"Crushing, Grinding, and Polishing Machine Setters, Operators, and Tenders",Administrative,2.65,08/2024,8
51-9021,51-9021.00,"Crushing, Grinding, and Polishing Machine Setters, Operators, and Tenders",Customer and Personal Service,2.5,08/2024,9
51-9021,51-9021.00,"Crushing, Grinding, and Polishing Machine Setters, Operators, and Tenders",Computers and Electronics,2.5,08/2024,10
51-9021,51-9021.00,"Crushing, Grinding, and Polishing Machine Setters, Operators, and Tenders",Personnel and Human Resources,2.34,08/2024,11
51-9021,51-9021.00,"Crushing, Grinding, and Polishing Machine Setters, Operators, and Tenders",Economics and Accounting,2.33,08/2024,12
51-9021,51-9021.00,"Crushing, Grinding, and Polishing Machine Setters, Operators, and Tenders",Food Production,2.11,08/2024,13
51-9021,51-9021.00,"Crushing, Grinding, and Polishing Machine Setters, Operators, and Tenders",Law and Government,2.08,08/2024,14
51-9021,51-9021.00,"Crushing, Grinding, and Polishing Machine Setters, Operators, and Tenders",Sales and Marketing,2.04,08/2024,15
51-9022,51-9022.00,"Grinding and Polishing Workers, Hand",Production and Processing,3.65,08/2023,1
51-9022,51-9022.00,"Grinding and Polishing Workers, Hand",Mechanical,3.63,08/2023,2
51-9022,51-9022.00,"Grinding and Polishing Workers, Hand",English Language,3.13,08/2023,3
51-9022,51-9022.00,"Grinding and Polishing Workers, Hand",Mathematics,2.76,08/2023,4
51-9022,51-9022.00,"Grinding and Polishing Workers, Hand",Education and Training,2.66,08/2023,5
51-9022,51-9022.00,"Grinding and Polishing Workers, Hand",Customer and Personal Service,2.63,08/2023,6
51-9022,51-9022.00,"Grinding and Polishing Workers, Hand",Engineering and Technology,2.49,08/2023,7
51-9022,51-9022.00,"Grinding and Polishing Workers, Hand",Administration and Management,2.43,08/2023,8
51-9022,51-9022.00,"Grinding and Polishing Workers, Hand",Public Safety and Security,2.31,08/2023,9
51-9022,51-9022.00,"Grinding and Polishing Workers, Hand",Computers and Electronics,2.3,08/2023,10
51-9022,51-9022.00,"Grinding and Polishing Workers, Hand",Design,2.29,08/2023,11
51-9022,51-9022.00,"Grinding and Polishing Workers, Hand",Administrative,2.06,08/2023,12
51-9022,51-9022.00,"Grinding and Polishing Workers, Hand",Personnel and Human Resources,1.97,08/2023,13
51-9022,51-9022.00,"Grinding and Polishing Workers, Hand",Transportation,1.92,08/2023,14
51-9022,51-9022.00,"Grinding and Polishing Workers, Hand",Building and Construction,1.87,08/2023,15
51-9023,51-9023.00,"Mixing and Blending Machine Setters, Operators, and Tenders",Production and Processing,4.31,08/2023,1
51-9023,51-9023.00,"Mixing and Blending Machine Setters, Operators, and Tenders",English Language,2.96,08/2023,2
51-9023,51-9023.00,"Mixing and Blending Machine Setters, Operators, and Tenders",Mechanical,2.75,08/2023,3
51-9023,51-9023.00,"Mixing and Blending Machine Setters, Operators, and Tenders",Public Safety and Security,2.7,08/2023,4
51-9023,51-9023.00,"Mixing and Blending Machine Setters, Operators, and Tenders",Mathematics,2.63,08/2023,5
51-9023,51-9023.00,"Mixing and Blending Machine Setters, Operators, and Tenders",Chemistry,2.62,08/2023,6
51-9023,51-9023.00,"Mixing and Blending Machine Setters, Operators, and Tenders",Education and Training,2.37,08/2023,7
51-9023,51-9023.00,"Mixing and Blending Machine Setters, Operators, and Tenders",Administration and Management,2.21,08/2023,8
51-9023,51-9023.00,"Mixing and Blending Machine Setters, Operators, and Tenders",Law and Government,2.07,08/2023,9
51-9023,51-9023.00,"Mixing and Blending Machine Setters, Operators, and Tenders",Personnel and Human Resources,2.02,08/2023,10
51-9023,51-9023.00,"Mixing and Blending Machine Setters, Operators, and Tenders",Engineering and Technology,1.87,08/2023,11
51-9023,51-9023.00,"Mixing and Blending Machine Setters, Operators, and Tenders",Computers and Electronics,1.86,08/2023,12
51-9023,51-9023.00,"Mixing and Blending Machine Setters, Operators, and Tenders",Sales and Marketing,1.83,08/2023,13
51-9023,51-9023.00,"Mixing and Blending Machine Setters, Operators, and Tenders",Physics,1.83,08/2023,14
51-9023,51-9023.00,"Mixing and Blending Machine Setters, Operators, and Tenders",Customer and Personal Service,1.82,08/2023,15
51-9031,51-9031.00,"Cutters and Trimmers, Hand",Production and Processing,3.25,08/2019,1
51-9031,51-9031.00,"Cutters and Trimmers, Hand",Mathematics,2.42,08/2019,2
51-9031,51-9031.00,"Cutters and Trimmers, Hand",English Language,2.18,08/2019,3
51-9031,51-9031.00,"Cutters and Trimmers, Hand",Public Safety and Security,2.14,08/2019,4
51-9031,51-9031.00,"Cutters and Trimmers, Hand",Computers and Electronics,1.95,08/2019,5
51-9031,51-9031.00,"Cutters and Trimmers, Hand",Administration and Management,1.86,08/2019,6
51-9031,51-9031.00,"Cutters and Trimmers, Hand",Education and Training,1.85,08/2019,7
51-9031,51-9031.00,"Cutters and Trimmers, Hand",Psychology,1.81,08/2019,8
51-9031,51-9031.00,"Cutters and Trimmers, Hand",Design,1.78,08/2019,9
51-9031,51-9031.00,"Cutters and Trimmers, Hand",Sociology and Anthropology,1.78,08/2019,10
51-9031,51-9031.00,"Cutters and Trimmers, Hand",Personnel and Human Resources,1.64,08/2019,11
51-9031,51-9031.00,"Cutters and Trimmers, Hand",Transportation,1.62,08/2019,12
51-9031,51-9031.00,"Cutters and Trimmers, Hand",Foreign Language,1.6,08/2019,13
51-9031,51-9031.00,"Cutters and Trimmers, Hand",Mechanical,1.56,08/2019,14
51-9031,51-9031.00,"Cutters and Trimmers, Hand",Physics,1.44,08/2019,15
51-9032,51-9032.00,"Cutting and Slicing Machine Setters, Operators, and Tenders",Production and Processing,3.49,07/2016,1
51-9032,51-9032.00,"Cutting and Slicing Machine Setters, Operators, and Tenders",Mathematics,3.21,07/2016,2
51-9032,51-9032.00,"Cutting and Slicing Machine Setters, Operators, and Tenders",Mechanical,3.08,07/2016,3
51-9032,51-9032.00,"Cutting and Slicing Machine Setters, Operators, and Tenders",English Language,2.74,07/2016,4
51-9032,51-9032.00,"Cutting and Slicing Machine Setters, Operators, and Tenders",Administration and Management,2.67,07/2016,5
51-9032,51-9032.00,"Cutting and Slicing Machine Setters, Operators, and Tenders",Education and Training,2.59,07/2016,6
51-9032,51-9032.00,"Cutting and Slicing Machine Setters, Operators, and Tenders",Customer and Personal Service,2.53,07/2016,7
51-9032,51-9032.00,"Cutting and Slicing Machine Setters, Operators, and Tenders",Public Safety and Security,2.4,07/2016,8
51-9032,51-9032.00,"Cutting and Slicing Machine Setters, Operators, and Tenders",Computers and Electronics,2.36,07/2016,9
51-9032,51-9032.00,"Cutting and Slicing Machine Setters, Operators, and Tenders",Engineering and Technology,2.08,07/2016,10
51-9032,51-9032.00,"Cutting and Slicing Machine Setters, Operators, and Tenders",Administrative,2.05,07/2016,11
51-9032,51-9032.00,"Cutting and Slicing Machine Setters, Operators, and Tenders",Design,2.02,07/2016,12
51-9032,51-9032.00,"Cutting and Slicing Machine Setters, Operators, and Tenders",Personnel and Human Resources,1.9,07/2016,13
51-9032,51-9032.00,"Cutting and Slicing Machine Setters, Operators, and Tenders",Sales and Marketing,1.77,07/2016,14
51-9032,51-9032.00,"Cutting and Slicing Machine Setters, Operators, and Tenders",Chemistry,1.71,07/2016,15
51-9041,51-9041.00,"Extruding, Forming, Pressing, and Compacting Machine Setters, Operators, and Tenders",Production and Processing,3.67,07/2016,1
51-9041,51-9041.00,"Extruding, Forming, Pressing, and Compacting Machine Setters, Operators, and Tenders",Mechanical,3.55,07/2016,2
51-9041,51-9041.00,"Extruding, Forming, Pressing, and Compacting Machine Setters, Operators, and Tenders",Computers and Electronics,3.13,07/2016,3
51-9041,51-9041.00,"Extruding, Forming, Pressing, and Compacting Machine Setters, Operators, and Tenders",Mathematics,2.92,07/2016,4
51-9041,51-9041.00,"Extruding, Forming, Pressing, and Compacting Machine Setters, Operators, and Tenders",Engineering and Technology,2.85,07/2016,5
51-9041,51-9041.00,"Extruding, Forming, Pressing, and Compacting Machine Setters, Operators, and Tenders",Food Production,2.84,07/2016,6
51-9041,51-9041.00,"Extruding, Forming, Pressing, and Compacting Machine Setters, Operators, and Tenders",English Language,2.83,07/2016,7
51-9041,51-9041.00,"Extruding, Forming, Pressing, and Compacting Machine Setters, Operators, and Tenders",Public Safety and Security,2.79,07/2016,8
51-9041,51-9041.00,"Extruding, Forming, Pressing, and Compacting Machine Setters, Operators, and Tenders",Education and Training,2.73,07/2016,9
51-9041,51-9041.00,"Extruding, Forming, Pressing, and Compacting Machine Setters, Operators, and Tenders",Administration and Management,2.6,07/2016,10
51-9041,51-9041.00,"Extruding, Forming, Pressing, and Compacting Machine Setters, Operators, and Tenders",Chemistry,2.55,07/2016,11
51-9041,51-9041.00,"Extruding, Forming, Pressing, and Compacting Machine Setters, Operators, and Tenders",Administrative,2.44,07/2016,12
51-9041,51-9041.00,"Extruding, Forming, Pressing, and Compacting Machine Setters, Operators, and Tenders",Physics,2.33,07/2016,13
51-9041,51-9041.00,"Extruding, Forming, Pressing, and Compacting Machine Setters, Operators, and Tenders",Customer and Personal Service,2.3,07/2016,14
51-9041,51-9041.00,"Extruding, Forming, Pressing, and Compacting Machine Setters, Operators, and Tenders",Design,2.23,07/2016,15
51-9051,51-9051.00,"Furnace, Kiln, Oven, Drier, and Kettle Operators and Tenders",Mechanical,3.52,07/2015,1
51-9051,51-9051.00,"Furnace, Kiln, Oven, Drier, and Kettle Operators and Tenders",Production and Processing,3.21,07/2015,2
51-9051,51-9051.00,"Furnace, Kiln, Oven, Drier, and Kettle Operators and Tenders",Public Safety and Security,3.13,07/2015,3
51-9051,51-9051.00,"Furnace, Kiln, Oven, Drier, and Kettle Operators and Tenders",Computers and Electronics,2.97,07/2015,4
51-9051,51-9051.00,"Furnace, Kiln, Oven, Drier, and Kettle Operators and Tenders",English Language,2.84,07/2015,5
51-9051,51-9051.00,"Furnace, Kiln, Oven, Drier, and Kettle Operators and Tenders",Education and Training,2.77,07/2015,6
51-9051,51-9051.00,"Furnace, Kiln, Oven, Drier, and Kettle Operators and Tenders",Mathematics,2.68,07/2015,7
51-9051,51-9051.00,"Furnace, Kiln, Oven, Drier, and Kettle Operators and Tenders",Administration and Management,2.63,07/2015,8
51-9051,51-9051.00,"Furnace, Kiln, Oven, Drier, and Kettle Operators and Tenders",Customer and Personal Service,2.56,07/2015,9
51-9051,51-9051.00,"Furnace, Kiln, Oven, Drier, and Kettle Operators and Tenders",Chemistry,2.42,07/2015,10
51-9051,51-9051.00,"Furnace, Kiln, Oven, Drier, and Kettle Operators and Tenders",Medicine and Dentistry,2.3,07/2015,11
51-9051,51-9051.00,"Furnace, Kiln, Oven, Drier, and Kettle Operators and Tenders",Telecommunications,2.29,07/2015,12
51-9051,51-9051.00,"Furnace, Kiln, Oven, Drier, and Kettle Operators and Tenders",Design,2.28,07/2015,13
51-9051,51-9051.00,"Furnace, Kiln, Oven, Drier, and Kettle Operators and Tenders",Psychology,2.24,07/2015,14
51-9051,51-9051.00,"Furnace, Kiln, Oven, Drier, and Kettle Operators and Tenders",Engineering and Technology,2.16,07/2015,15
51-9061,51-9061.00,"Inspectors, Testers, Sorters, Samplers, and Weighers",Production and Processing,4.28,08/2020,1
51-9061,51-9061.00,"Inspectors, Testers, Sorters, Samplers, and Weighers",English Language,3.56,08/2020,2
51-9061,51-9061.00,"Inspectors, Testers, Sorters, Samplers, and Weighers",Customer and Personal Service,3.36,08/2020,3
51-9061,51-9061.00,"Inspectors, Testers, Sorters, Samplers, and Weighers",Mechanical,3.22,08/2020,4
51-9061,51-9061.00,"Inspectors, Testers, Sorters, Samplers, and Weighers",Mathematics,3.15,08/2020,5
51-9061,51-9061.00,"Inspectors, Testers, Sorters, Samplers, and Weighers",Computers and Electronics,2.89,08/2020,6
51-9061,51-9061.00,"Inspectors, Testers, Sorters, Samplers, and Weighers",Education and Training,2.63,08/2020,7
51-9061,51-9061.00,"Inspectors, Testers, Sorters, Samplers, and Weighers",Engineering and Technology,2.56,08/2020,8
51-9061,51-9061.00,"Inspectors, Testers, Sorters, Samplers, and Weighers",Administrative,2.55,08/2020,9
51-9061,51-9061.00,"Inspectors, Testers, Sorters, Samplers, and Weighers",Public Safety and Security,2.51,08/2020,10
51-9061,51-9061.00,"Inspectors, Testers, Sorters, Samplers, and Weighers",Chemistry,2.49,08/2020,11
51-9061,51-9061.00,"Inspectors, Testers, Sorters, Samplers, and Weighers",Design,2.44,08/2020,12
51-9061,51-9061.00,"Inspectors, Testers, Sorters, Samplers, and Weighers",Administration and Management,2.3,08/2020,13
51-9061,51-9061.00,"Inspectors, Testers, Sorters, Samplers, and Weighers",Personnel and Human Resources,2.27,08/2020,14
51-9061,51-9061.00,"Inspectors, Testers, Sorters, Samplers, and Weighers",Physics,2.25,08/2020,15
51-9071,51-9071.00,Jewelers and Precious Stone and Metal Workers,Customer and Personal Service,4.28,08/2025,1
51-9071,51-9071.00,Jewelers and Precious Stone and Metal Workers,Design,4.05,08/2025,2
51-9071,51-9071.00,Jewelers and Precious Stone and Metal Workers,Production and Processing,3.85,08/2025,3
51-9071,51-9071.00,Jewelers and Precious Stone and Metal Workers,Sales and Marketing,3.82,08/2025,4
51-9071,51-9071.00,Jewelers and Precious Stone and Metal Workers,Administration and Management,3.73,08/2025,5
51-9071,51-9071.06,Gem and Diamond Workers,Customer and Personal Service,3.57,06/2008,6
51-9071,51-9071.00,Jewelers and Precious Stone and Metal Workers,Mechanical,3.38,08/2025,7
51-9071,51-9071.06,Gem and Diamond Workers,Production and Processing,3.21,06/2008,8
51-9071,51-9071.00,Jewelers and Precious Stone and Metal Workers,Administrative,3.17,08/2025,9
51-9071,51-9071.00,Jewelers and Precious Stone and Metal Workers,Engineering and Technology,3.17,08/2025,10
51-9071,51-9071.00,Jewelers and Precious Stone and Metal Workers,Mathematics,3.17,08/2025,11
51-9071,51-9071.00,Jewelers and Precious Stone and Metal Workers,Fine Arts,3.1,08/2025,12
51-9071,51-9071.00,Jewelers and Precious Stone and Metal Workers,Economics and Accounting,3.06,08/2025,13
51-9071,51-9071.06,Gem and Diamond Workers,English Language,3.05,06/2008,14
51-9071,51-9071.00,Jewelers and Precious Stone and Metal Workers,Education and Training,3.01,08/2025,15
51-9081,51-9081.00,Dental Laboratory Technicians,Administration and Management,3.78,08/2022,1
51-9081,51-9081.00,Dental Laboratory Technicians,Design,3.78,08/2022,2
51-9081,51-9081.00,Dental Laboratory Technicians,English Language,3.64,08/2022,3
51-9081,51-9081.00,Dental Laboratory Technicians,Medicine and Dentistry,3.61,08/2022,4
51-9081,51-9081.00,Dental Laboratory Technicians,Production and Processing,3.51,08/2022,5
51-9081,51-9081.00,Dental Laboratory Technicians,Education and Training,3.46,08/2022,6
51-9081,51-9081.00,Dental Laboratory Technicians,Customer and Personal Service,3.38,08/2022,7
51-9081,51-9081.00,Dental Laboratory Technicians,Mechanical,3.17,08/2022,8
51-9081,51-9081.00,Dental Laboratory Technicians,Computers and Electronics,3.01,08/2022,9
51-9081,51-9081.00,Dental Laboratory Technicians,Engineering and Technology,2.82,08/2022,10
51-9081,51-9081.00,Dental Laboratory Technicians,Chemistry,2.58,08/2022,11
51-9081,51-9081.00,Dental Laboratory Technicians,Personnel and Human Resources,2.47,08/2022,12
51-9081,51-9081.00,Dental Laboratory Technicians,Administrative,2.44,08/2022,13
51-9081,51-9081.00,Dental Laboratory Technicians,Sales and Marketing,2.4,08/2022,14
51-9081,51-9081.00,Dental Laboratory Technicians,Mathematics,2.17,08/2022,15
51-9082,51-9082.00,Medical Appliance Technicians,Production and Processing,3.89,07/2015,1
51-9082,51-9082.00,Medical Appliance Technicians,Customer and Personal Service,3.68,07/2015,2
51-9082,51-9082.00,Medical Appliance Technicians,English Language,3.47,07/2015,3
51-9082,51-9082.00,Medical Appliance Technicians,Mechanical,3.43,07/2015,4
51-9082,51-9082.00,Medical Appliance Technicians,Design,3.28,07/2015,5
51-9082,51-9082.00,Medical Appliance Technicians,Education and Training,3.07,07/2015,6
51-9082,51-9082.00,Medical Appliance Technicians,Mathematics,3.0,07/2015,7
51-9082,51-9082.00,Medical Appliance Technicians,Administration and Management,2.95,07/2015,8
51-9082,51-9082.00,Medical Appliance Technicians,Administrative,2.89,07/2015,9
51-9082,51-9082.00,Medical Appliance Technicians,Engineering and Technology,2.89,07/2015,10
51-9082,51-9082.00,Medical Appliance Technicians,Physics,2.87,07/2015,11
51-9082,51-9082.00,Medical Appliance Technicians,Building and Construction,2.76,07/2015,12
51-9082,51-9082.00,Medical Appliance Technicians,Medicine and Dentistry,2.73,07/2015,13
51-9082,51-9082.00,Medical Appliance Technicians,Public Safety and Security,2.65,07/2015,14
51-9082,51-9082.00,Medical Appliance Technicians,Computers and Electronics,2.63,07/2015,15
51-9083,51-9083.00,Ophthalmic Laboratory Technicians,Production and Processing,3.86,07/2015,1
51-9083,51-9083.00,Ophthalmic Laboratory Technicians,Mechanical,3.35,07/2015,2
51-9083,51-9083.00,Ophthalmic Laboratory Technicians,Mathematics,3.34,07/2015,3
51-9083,51-9083.00,Ophthalmic Laboratory Technicians,Customer and Personal Service,3.11,07/2015,4
51-9083,51-9083.00,Ophthalmic Laboratory Technicians,Administration and Management,3.0,07/2015,5
51-9083,51-9083.00,Ophthalmic Laboratory Technicians,English Language,2.96,07/2015,6
51-9083,51-9083.00,Ophthalmic Laboratory Technicians,Computers and Electronics,2.79,07/2015,7
51-9083,51-9083.00,Ophthalmic Laboratory Technicians,Education and Training,2.72,07/2015,8
51-9083,51-9083.00,Ophthalmic Laboratory Technicians,Engineering and Technology,2.71,07/2015,9
51-9083,51-9083.00,Ophthalmic Laboratory Technicians,Administrative,2.29,07/2015,10
51-9083,51-9083.00,Ophthalmic Laboratory Technicians,Sales and Marketing,2.19,07/2015,11
51-9083,51-9083.00,Ophthalmic Laboratory Technicians,Medicine and Dentistry,2.15,07/2015,12
51-9083,51-9083.00,Ophthalmic Laboratory Technicians,Public Safety and Security,2.15,07/2015,13
51-9083,51-9083.00,Ophthalmic Laboratory Technicians,Personnel and Human Resources,2.11,07/2015,14
51-9083,51-9083.00,Ophthalmic Laboratory Technicians,Design,2.04,07/2015,15
51-9111,51-9111.00,Packaging and Filling Machine Operators and Tenders,Production and Processing,3.76,07/2017,1
51-9111,51-9111.00,Packaging and Filling Machine Operators and Tenders,Mechanical,3.53,07/2017,2
51-9111,51-9111.00,Packaging and Filling Machine Operators and Tenders,Public Safety and Security,3.23,07/2017,3
51-9111,51-9111.00,Packaging and Filling Machine Operators and Tenders,Education and Training,3.2,07/2017,4
51-9111,51-9111.00,Packaging and Filling Machine Operators and Tenders,English Language,3.19,07/2017,5
51-9111,51-9111.00,Packaging and Filling Machine Operators and Tenders,Customer and Personal Service,3.06,07/2017,6
51-9111,51-9111.00,Packaging and Filling Machine Operators and Tenders,Mathematics,3.06,07/2017,7
51-9111,51-9111.00,Packaging and Filling Machine Operators and Tenders,Administration and Management,2.74,07/2017,8
51-9111,51-9111.00,Packaging and Filling Machine Operators and Tenders,Personnel and Human Resources,2.59,07/2017,9
51-9111,51-9111.00,Packaging and Filling Machine Operators and Tenders,Computers and Electronics,2.52,07/2017,10
51-9111,51-9111.00,Packaging and Filling Machine Operators and Tenders,Food Production,2.38,07/2017,11
51-9111,51-9111.00,Packaging and Filling Machine Operators and Tenders,Sales and Marketing,2.37,07/2017,12
51-9111,51-9111.00,Packaging and Filling Machine Operators and Tenders,Administrative,2.36,07/2017,13
51-9111,51-9111.00,Packaging and Filling Machine Operators and Tenders,Chemistry,2.23,07/2017,14
51-9111,51-9111.00,Packaging and Filling Machine Operators and Tenders,Design,2.2,07/2017,15
51-9123,51-9123.00,"Painting, Coating, and Decorating Workers",Production and Processing,3.11,08/2019,1
51-9123,51-9123.00,"Painting, Coating, and Decorating Workers",English Language,2.97,08/2019,2
51-9123,51-9123.00,"Painting, Coating, and Decorating Workers",Customer and Personal Service,2.77,08/2019,3
51-9123,51-9123.00,"Painting, Coating, and Decorating Workers",Education and Training,2.54,08/2019,4
51-9123,51-9123.00,"Painting, Coating, and Decorating Workers",Design,2.41,08/2019,5
51-9123,51-9123.00,"Painting, Coating, and Decorating Workers",Chemistry,2.37,08/2019,6
51-9123,51-9123.00,"Painting, Coating, and Decorating Workers",Administration and Management,2.32,08/2019,7
51-9123,51-9123.00,"Painting, Coating, and Decorating Workers",Public Safety and Security,2.24,08/2019,8
51-9123,51-9123.00,"Painting, Coating, and Decorating Workers",Mathematics,2.14,08/2019,9
51-9123,51-9123.00,"Painting, Coating, and Decorating Workers",Computers and Electronics,1.82,08/2019,10
51-9123,51-9123.00,"Painting, Coating, and Decorating Workers",Personnel and Human Resources,1.78,08/2019,11
51-9123,51-9123.00,"Painting, Coating, and Decorating Workers",Mechanical,1.75,08/2019,12
51-9123,51-9123.00,"Painting, Coating, and Decorating Workers",Fine Arts,1.75,08/2019,13
51-9123,51-9123.00,"Painting, Coating, and Decorating Workers",Sales and Marketing,1.71,08/2019,14
51-9123,51-9123.00,"Painting, Coating, and Decorating Workers",Psychology,1.7,08/2019,15
51-9124,51-9124.00,"Coating, Painting, and Spraying Machine Setters, Operators, and Tenders",Mechanical,2.99,08/2022,1
51-9124,51-9124.00,"Coating, Painting, and Spraying Machine Setters, Operators, and Tenders",English Language,2.63,08/2022,2
51-9124,51-9124.00,"Coating, Painting, and Spraying Machine Setters, Operators, and Tenders",Production and Processing,2.58,08/2022,3
51-9124,51-9124.00,"Coating, Painting, and Spraying Machine Setters, Operators, and Tenders",Education and Training,2.23,08/2022,4
51-9124,51-9124.00,"Coating, Painting, and Spraying Machine Setters, Operators, and Tenders",Chemistry,2.07,08/2022,5
51-9124,51-9124.00,"Coating, Painting, and Spraying Machine Setters, Operators, and Tenders",Customer and Personal Service,2.04,08/2022,6
51-9124,51-9124.00,"Coating, Painting, and Spraying Machine Setters, Operators, and Tenders",Public Safety and Security,2.04,08/2022,7
51-9124,51-9124.00,"Coating, Painting, and Spraying Machine Setters, Operators, and Tenders",Computers and Electronics,1.94,08/2022,8
51-9124,51-9124.00,"Coating, Painting, and Spraying Machine Setters, Operators, and Tenders",Engineering and Technology,1.89,08/2022,9
51-9124,51-9124.00,"Coating, Painting, and Spraying Machine Setters, Operators, and Tenders",Administration and Management,1.86,08/2022,10
51-9124,51-9124.00,"Coating, Painting, and Spraying Machine Setters, Operators, and Tenders",Administrative,1.61,08/2022,11
51-9124,51-9124.00,"Coating, Painting, and Spraying Machine Setters, Operators, and Tenders",Mathematics,1.59,08/2022,12
51-9124,51-9124.00,"Coating, Painting, and Spraying Machine Setters, Operators, and Tenders",Transportation,1.45,08/2022,13
51-9124,51-9124.00,"Coating, Painting, and Spraying Machine Setters, Operators, and Tenders",Design,1.43,08/2022,14
51-9124,51-9124.00,"Coating, Painting, and Spraying Machine Setters, Operators, and Tenders",Physics,1.39,08/2022,15
51-9141,51-9141.00,Semiconductor Processing Technicians,Production and Processing,3.9,12/2006,1
51-9141,51-9141.00,Semiconductor Processing Technicians,English Language,3.78,12/2006,2
51-9141,51-9141.00,Semiconductor Processing Technicians,Public Safety and Security,3.4,12/2006,3
51-9141,51-9141.00,Semiconductor Processing Technicians,Computers and Electronics,3.37,12/2006,4
51-9141,51-9141.00,Semiconductor Processing Technicians,Education and Training,3.26,12/2006,5
51-9141,51-9141.00,Semiconductor Processing Technicians,Chemistry,3.24,12/2006,6
51-9141,51-9141.00,Semiconductor Processing Technicians,Customer and Personal Service,2.97,12/2006,7
51-9141,51-9141.00,Semiconductor Processing Technicians,Mathematics,2.87,12/2006,8
51-9141,51-9141.00,Semiconductor Processing Technicians,Engineering and Technology,2.67,12/2006,9
51-9141,51-9141.00,Semiconductor Processing Technicians,Administration and Management,2.41,12/2006,10
51-9141,51-9141.00,Semiconductor Processing Technicians,Mechanical,2.41,12/2006,11
51-9141,51-9141.00,Semiconductor Processing Technicians,Communications and Media,2.26,12/2006,12
51-9141,51-9141.00,Semiconductor Processing Technicians,Medicine and Dentistry,2.09,12/2006,13
51-9141,51-9141.00,Semiconductor Processing Technicians,Telecommunications,2.03,12/2006,14
51-9141,51-9141.00,Semiconductor Processing Technicians,Therapy and Counseling,1.97,12/2006,15
51-9151,51-9151.00,Photographic Process Workers and Processing Machine Operators,Customer and Personal Service,3.93,07/2017,1
51-9151,51-9151.00,Photographic Process Workers and Processing Machine Operators,Computers and Electronics,3.7,07/2017,2
51-9151,51-9151.00,Photographic Process Workers and Processing Machine Operators,Production and Processing,3.14,07/2017,3
51-9151,51-9151.00,Photographic Process Workers and Processing Machine Operators,English Language,3.13,07/2017,4
51-9151,51-9151.00,Photographic Process Workers and Processing Machine Operators,Mechanical,2.6,07/2017,5
51-9151,51-9151.00,Photographic Process Workers and Processing Machine Operators,Chemistry,2.58,07/2017,6
51-9151,51-9151.00,Photographic Process Workers and Processing Machine Operators,Sales and Marketing,2.53,07/2017,7
51-9151,51-9151.00,Photographic Process Workers and Processing Machine Operators,Education and Training,2.26,07/2017,8
51-9151,51-9151.00,Photographic Process Workers and Processing Machine Operators,Mathematics,2.25,07/2017,9
51-9151,51-9151.00,Photographic Process Workers and Processing Machine Operators,Law and Government,2.04,07/2017,10
51-9151,51-9151.00,Photographic Process Workers and Processing Machine Operators,Administration and Management,2.02,07/2017,11
51-9151,51-9151.00,Photographic Process Workers and Processing Machine Operators,Fine Arts,1.99,07/2017,12
51-9151,51-9151.00,Photographic Process Workers and Processing Machine Operators,Engineering and Technology,1.88,07/2017,13
51-9151,51-9151.00,Photographic Process Workers and Processing Machine Operators,Design,1.86,07/2017,14
51-9151,51-9151.00,Photographic Process Workers and Processing Machine Operators,Public Safety and Security,1.79,07/2017,15
51-9161,51-9161.00,Computer Numerically Controlled Tool Operators,Mathematics,4.16,08/2023,1
51-9161,51-9161.00,Computer Numerically Controlled Tool Operators,Production and Processing,4.05,08/2023,2
51-9161,51-9161.00,Computer Numerically Controlled Tool Operators,Mechanical,3.81,08/2023,3
51-9161,51-9161.00,Computer Numerically Controlled Tool Operators,English Language,3.3,08/2023,4
51-9161,51-9161.00,Computer Numerically Controlled Tool Operators,Engineering and Technology,3.29,08/2023,5
51-9161,51-9161.00,Computer Numerically Controlled Tool Operators,Education and Training,3.11,08/2023,6
51-9161,51-9161.00,Computer Numerically Controlled Tool Operators,Design,3.09,08/2023,7
51-9161,51-9161.00,Computer Numerically Controlled Tool Operators,Administration and Management,3.01,08/2023,8
51-9161,51-9161.00,Computer Numerically Controlled Tool Operators,Computers and Electronics,2.96,08/2023,9
51-9161,51-9161.00,Computer Numerically Controlled Tool Operators,Physics,2.56,08/2023,10
51-9161,51-9161.00,Computer Numerically Controlled Tool Operators,Administrative,2.43,08/2023,11
51-9161,51-9161.00,Computer Numerically Controlled Tool Operators,Personnel and Human Resources,2.39,08/2023,12
51-9161,51-9161.00,Computer Numerically Controlled Tool Operators,Customer and Personal Service,2.28,08/2023,13
51-9161,51-9161.00,Computer Numerically Controlled Tool Operators,Chemistry,2.24,08/2023,14
51-9161,51-9161.00,Computer Numerically Controlled Tool Operators,Public Safety and Security,2.13,08/2023,15
51-9162,51-9162.00,Computer Numerically Controlled Tool Programmers,Production and Processing,4.25,08/2025,1
51-9162,51-9162.00,Computer Numerically Controlled Tool Programmers,Engineering and Technology,4.06,08/2025,2
51-9162,51-9162.00,Computer Numerically Controlled Tool Programmers,Mathematics,3.97,08/2025,3
51-9162,51-9162.00,Computer Numerically Controlled Tool Programmers,Design,3.91,08/2025,4
51-9162,51-9162.00,Computer Numerically Controlled Tool Programmers,Computers and Electronics,3.8,08/2025,5
51-9162,51-9162.00,Computer Numerically Controlled Tool Programmers,English Language,3.62,08/2025,6
51-9162,51-9162.00,Computer Numerically Controlled Tool Programmers,Education and Training,3.37,08/2025,7
51-9162,51-9162.00,Computer Numerically Controlled Tool Programmers,Mechanical,3.32,08/2025,8
51-9162,51-9162.00,Computer Numerically Controlled Tool Programmers,Administrative,2.83,08/2025,9
51-9162,51-9162.00,Computer Numerically Controlled Tool Programmers,Administration and Management,2.63,08/2025,10
51-9162,51-9162.00,Computer Numerically Controlled Tool Programmers,Physics,2.62,08/2025,11
51-9162,51-9162.00,Computer Numerically Controlled Tool Programmers,Customer and Personal Service,2.49,08/2025,12
51-9162,51-9162.00,Computer Numerically Controlled Tool Programmers,Public Safety and Security,2.31,08/2025,13
51-9162,51-9162.00,Computer Numerically Controlled Tool Programmers,Building and Construction,2.22,08/2025,14
51-9162,51-9162.00,Computer Numerically Controlled Tool Programmers,Telecommunications,2.1,08/2025,15
51-9191,51-9191.00,Adhesive Bonding Machine Operators and Tenders,Production and Processing,4.04,07/2015,1
51-9191,51-9191.00,Adhesive Bonding Machine Operators and Tenders,Mechanical,3.68,07/2015,2
51-9191,51-9191.00,Adhesive Bonding Machine Operators and Tenders,English Language,3.4,07/2015,3
51-9191,51-9191.00,Adhesive Bonding Machine Operators and Tenders,Mathematics,2.97,07/2015,4
51-9191,51-9191.00,Adhesive Bonding Machine Operators and Tenders,Customer and Personal Service,2.95,07/2015,5
51-9191,51-9191.00,Adhesive Bonding Machine Operators and Tenders,Education and Training,2.92,07/2015,6
51-9191,51-9191.00,Adhesive Bonding Machine Operators and Tenders,Public Safety and Security,2.86,07/2015,7
51-9191,51-9191.00,Adhesive Bonding Machine Operators and Tenders,Computers and Electronics,2.76,07/2015,8
51-9191,51-9191.00,Adhesive Bonding Machine Operators and Tenders,Administration and Management,2.74,07/2015,9
51-9191,51-9191.00,Adhesive Bonding Machine Operators and Tenders,Chemistry,2.46,07/2015,10
51-9191,51-9191.00,Adhesive Bonding Machine Operators and Tenders,Psychology,2.41,07/2015,11
51-9191,51-9191.00,Adhesive Bonding Machine Operators and Tenders,Engineering and Technology,2.31,07/2015,12
51-9191,51-9191.00,Adhesive Bonding Machine Operators and Tenders,Personnel and Human Resources,2.27,07/2015,13
51-9191,51-9191.00,Adhesive Bonding Machine Operators and Tenders,Sales and Marketing,2.2,07/2015,14
51-9191,51-9191.00,Adhesive Bonding Machine Operators and Tenders,Administrative,2.1,07/2015,15
51-9192,51-9192.00,"Cleaning, Washing, and Metal Pickling Equipment Operators and Tenders",Production and Processing,3.93,07/2017,1
51-9192,51-9192.00,"Cleaning, Washing, and Metal Pickling Equipment Operators and Tenders",English Language,3.01,07/2017,2
51-9192,51-9192.00,"Cleaning, Washing, and Metal Pickling Equipment Operators and Tenders",Public Safety and Security,2.77,07/2017,3
51-9192,51-9192.00,"Cleaning, Washing, and Metal Pickling Equipment Operators and Tenders",Psychology,2.72,07/2017,4
51-9192,51-9192.00,"Cleaning, Washing, and Metal Pickling Equipment Operators and Tenders",Education and Training,2.48,07/2017,5
51-9192,51-9192.00,"Cleaning, Washing, and Metal Pickling Equipment Operators and Tenders",Chemistry,2.4,07/2017,6
51-9192,51-9192.00,"Cleaning, Washing, and Metal Pickling Equipment Operators and Tenders",Mechanical,2.36,07/2017,7
51-9192,51-9192.00,"Cleaning, Washing, and Metal Pickling Equipment Operators and Tenders",Administration and Management,2.2,07/2017,8
51-9192,51-9192.00,"Cleaning, Washing, and Metal Pickling Equipment Operators and Tenders",Customer and Personal Service,2.09,07/2017,9
51-9192,51-9192.00,"Cleaning, Washing, and Metal Pickling Equipment Operators and Tenders",Mathematics,2.0,07/2017,10
51-9192,51-9192.00,"Cleaning, Washing, and Metal Pickling Equipment Operators and Tenders",Engineering and Technology,1.97,07/2017,11
51-9192,51-9192.00,"Cleaning, Washing, and Metal Pickling Equipment Operators and Tenders",Food Production,1.92,07/2017,12
51-9192,51-9192.00,"Cleaning, Washing, and Metal Pickling Equipment Operators and Tenders",Personnel and Human Resources,1.67,07/2017,13
51-9192,51-9192.00,"Cleaning, Washing, and Metal Pickling Equipment Operators and Tenders",Physics,1.65,07/2017,14
51-9192,51-9192.00,"Cleaning, Washing, and Metal Pickling Equipment Operators and Tenders",Biology,1.56,07/2017,15
51-9193,51-9193.00,Cooling and Freezing Equipment Operators and Tenders,Production and Processing,3.85,07/2017,1
51-9193,51-9193.00,Cooling and Freezing Equipment Operators and Tenders,Mechanical,3.41,07/2017,2
51-9193,51-9193.00,Cooling and Freezing Equipment Operators and Tenders,English Language,3.38,07/2017,3
51-9193,51-9193.00,Cooling and Freezing Equipment Operators and Tenders,Food Production,3.33,07/2017,4
51-9193,51-9193.00,Cooling and Freezing Equipment Operators and Tenders,Administration and Management,3.29,07/2017,5
51-9193,51-9193.00,Cooling and Freezing Equipment Operators and Tenders,Mathematics,3.08,07/2017,6
51-9193,51-9193.00,Cooling and Freezing Equipment Operators and Tenders,Public Safety and Security,3.07,07/2017,7
51-9193,51-9193.00,Cooling and Freezing Equipment Operators and Tenders,Education and Training,3.0,07/2017,8
51-9193,51-9193.00,Cooling and Freezing Equipment Operators and Tenders,Design,2.75,07/2017,9
51-9193,51-9193.00,Cooling and Freezing Equipment Operators and Tenders,Engineering and Technology,2.73,07/2017,10
51-9193,51-9193.00,Cooling and Freezing Equipment Operators and Tenders,Chemistry,2.53,07/2017,11
51-9193,51-9193.00,Cooling and Freezing Equipment Operators and Tenders,Physics,2.52,07/2017,12
51-9193,51-9193.00,Cooling and Freezing Equipment Operators and Tenders,Computers and Electronics,2.44,07/2017,13
51-9193,51-9193.00,Cooling and Freezing Equipment Operators and Tenders,Customer and Personal Service,2.41,07/2017,14
51-9193,51-9193.00,Cooling and Freezing Equipment Operators and Tenders,Psychology,2.2,07/2017,15
51-9194,51-9194.00,Etchers and Engravers,Production and Processing,4.15,07/2017,1
51-9194,51-9194.00,Etchers and Engravers,Customer and Personal Service,3.44,07/2017,2
51-9194,51-9194.00,Etchers and Engravers,Mechanical,3.03,07/2017,3
51-9194,51-9194.00,Etchers and Engravers,Design,3.02,07/2017,4
51-9194,51-9194.00,Etchers and Engravers,Administration and Management,2.95,07/2017,5
51-9194,51-9194.00,Etchers and Engravers,Mathematics,2.83,07/2017,6
51-9194,51-9194.00,Etchers and Engravers,Computers and Electronics,2.77,07/2017,7
51-9194,51-9194.00,Etchers and Engravers,Engineering and Technology,2.73,07/2017,8
51-9194,51-9194.00,Etchers and Engravers,English Language,2.68,07/2017,9
51-9194,51-9194.00,Etchers and Engravers,Administrative,2.37,07/2017,10
51-9194,51-9194.00,Etchers and Engravers,Chemistry,2.36,07/2017,11
51-9194,51-9194.00,Etchers and Engravers,Fine Arts,2.31,07/2017,12
51-9194,51-9194.00,Etchers and Engravers,Education and Training,2.27,07/2017,13
51-9194,51-9194.00,Etchers and Engravers,Sales and Marketing,2.19,07/2017,14
51-9194,51-9194.00,Etchers and Engravers,Personnel and Human Resources,1.92,07/2017,15
51-9195,51-9195.05,"Potters, Manufacturing",Fine Arts,4.01,08/2020,1
51-9195,51-9195.05,"Potters, Manufacturing",Production and Processing,3.94,08/2020,2
51-9195,51-9195.04,"Glass Blowers, Molders, Benders, and Finishers",Production and Processing,3.82,07/2015,3
51-9195,51-9195.04,"Glass Blowers, Molders, Benders, and Finishers",Design,3.72,07/2015,4
51-9195,51-9195.03,"Stone Cutters and Carvers, Manufacturing",Mathematics,3.65,07/2015,5
51-9195,51-9195.05,"Potters, Manufacturing",Design,3.6,08/2020,6
51-9195,51-9195.03,"Stone Cutters and Carvers, Manufacturing",Production and Processing,3.56,07/2015,7
51-9195,51-9195.05,"Potters, Manufacturing",Customer and Personal Service,3.39,08/2020,8
51-9195,51-9195.00,"Molders, Shapers, and Casters, Except Metal and Plastic",Production and Processing,3.27,11/2020,9
51-9195,51-9195.03,"Stone Cutters and Carvers, Manufacturing",Mechanical,3.24,07/2015,10
51-9195,51-9195.04,"Glass Blowers, Molders, Benders, and Finishers",Mechanical,3.22,07/2015,11
51-9195,51-9195.05,"Potters, Manufacturing",Chemistry,3.2,08/2020,12
51-9195,51-9195.03,"Stone Cutters and Carvers, Manufacturing",English Language,3.15,07/2015,13
51-9195,51-9195.04,"Glass Blowers, Molders, Benders, and Finishers",Customer and Personal Service,3.15,07/2015,14
51-9195,51-9195.04,"Glass Blowers, Molders, Benders, and Finishers",Engineering and Technology,3.15,07/2015,15
51-9196,51-9196.00,"Paper Goods Machine Setters, Operators, and Tenders",Production and Processing,3.69,08/2018,1
51-9196,51-9196.00,"Paper Goods Machine Setters, Operators, and Tenders",Mechanical,3.61,08/2018,2
51-9196,51-9196.00,"Paper Goods Machine Setters, Operators, and Tenders",Mathematics,3.52,08/2018,3
51-9196,51-9196.00,"Paper Goods Machine Setters, Operators, and Tenders",Customer and Personal Service,3.23,08/2018,4
51-9196,51-9196.00,"Paper Goods Machine Setters, Operators, and Tenders",English Language,3.23,08/2018,5
51-9196,51-9196.00,"Paper Goods Machine Setters, Operators, and Tenders",Education and Training,2.7,08/2018,6
51-9196,51-9196.00,"Paper Goods Machine Setters, Operators, and Tenders",Public Safety and Security,2.66,08/2018,7
51-9196,51-9196.00,"Paper Goods Machine Setters, Operators, and Tenders",Engineering and Technology,2.37,08/2018,8
51-9196,51-9196.00,"Paper Goods Machine Setters, Operators, and Tenders",Computers and Electronics,2.32,08/2018,9
51-9196,51-9196.00,"Paper Goods Machine Setters, Operators, and Tenders",Administration and Management,2.27,08/2018,10
51-9196,51-9196.00,"Paper Goods Machine Setters, Operators, and Tenders",Transportation,2.13,08/2018,11
51-9196,51-9196.00,"Paper Goods Machine Setters, Operators, and Tenders",Design,2.09,08/2018,12
51-9196,51-9196.00,"Paper Goods Machine Setters, Operators, and Tenders",Administrative,1.99,08/2018,13
51-9196,51-9196.00,"Paper Goods Machine Setters, Operators, and Tenders",Personnel and Human Resources,1.81,08/2018,14
51-9196,51-9196.00,"Paper Goods Machine Setters, Operators, and Tenders",Communications and Media,1.81,08/2018,15
51-9197,51-9197.00,Tire Builders,Production and Processing,3.73,08/2020,1
51-9197,51-9197.00,Tire Builders,Administration and Management,3.39,08/2020,2
51-9197,51-9197.00,Tire Builders,Mechanical,3.23,08/2020,3
51-9197,51-9197.00,Tire Builders,English Language,2.85,08/2020,4
51-9197,51-9197.00,Tire Builders,Engineering and Technology,2.83,08/2020,5
51-9197,51-9197.00,Tire Builders,Public Safety and Security,2.77,08/2020,6
51-9197,51-9197.00,Tire Builders,Education and Training,2.7,08/2020,7
51-9197,51-9197.00,Tire Builders,Customer and Personal Service,2.57,08/2020,8
51-9197,51-9197.00,Tire Builders,Mathematics,2.35,08/2020,9
51-9197,51-9197.00,Tire Builders,Design,2.26,08/2020,10
51-9197,51-9197.00,Tire Builders,Personnel and Human Resources,2.16,08/2020,11
51-9197,51-9197.00,Tire Builders,Physics,2.15,08/2020,12
51-9197,51-9197.00,Tire Builders,Transportation,2.08,08/2020,13
51-9197,51-9197.00,Tire Builders,Administrative,2.04,08/2020,14
51-9197,51-9197.00,Tire Builders,Building and Construction,1.96,08/2020,15
51-9198,51-9198.00,Helpers--Production Workers,Mechanical,3.05,07/2015,1
51-9198,51-9198.00,Helpers--Production Workers,Production and Processing,2.74,07/2015,2
51-9198,51-9198.00,Helpers--Production Workers,Mathematics,2.74,07/2015,3
51-9198,51-9198.00,Helpers--Production Workers,English Language,2.69,07/2015,4
51-9198,51-9198.00,Helpers--Production Workers,Public Safety and Security,2.58,07/2015,5
51-9198,51-9198.00,Helpers--Production Workers,Education and Training,2.35,07/2015,6
51-9198,51-9198.00,Helpers--Production Workers,Administration and Management,2.14,07/2015,7
51-9198,51-9198.00,Helpers--Production Workers,Computers and Electronics,2.02,07/2015,8
51-9198,51-9198.00,Helpers--Production Workers,Transportation,1.98,07/2015,9
51-9198,51-9198.00,Helpers--Production Workers,Customer and Personal Service,1.92,07/2015,10
51-9198,51-9198.00,Helpers--Production Workers,Engineering and Technology,1.92,07/2015,11
51-9198,51-9198.00,Helpers--Production Workers,Design,1.88,07/2015,12
51-9198,51-9198.00,Helpers--Production Workers,Building and Construction,1.85,07/2015,13
51-9198,51-9198.00,Helpers--Production Workers,Chemistry,1.8,07/2015,14
51-9198,51-9198.00,Helpers--Production Workers,Communications and Media,1.79,07/2015,15
53-1041,53-1041.00,Aircraft Cargo Handling Supervisors,Customer and Personal Service,4.65,07/2016,1
53-1041,53-1041.00,Aircraft Cargo Handling Supervisors,Public Safety and Security,4.4,07/2016,2
53-1041,53-1041.00,Aircraft Cargo Handling Supervisors,Transportation,4.31,07/2016,3
53-1041,53-1041.00,Aircraft Cargo Handling Supervisors,English Language,4.29,07/2016,4
53-1041,53-1041.00,Aircraft Cargo Handling Supervisors,Administration and Management,3.76,07/2016,5
53-1041,53-1041.00,Aircraft Cargo Handling Supervisors,Administrative,3.72,07/2016,6
53-1041,53-1041.00,Aircraft Cargo Handling Supervisors,Personnel and Human Resources,3.49,07/2016,7
53-1041,53-1041.00,Aircraft Cargo Handling Supervisors,Mathematics,3.45,07/2016,8
53-1041,53-1041.00,Aircraft Cargo Handling Supervisors,Education and Training,3.43,07/2016,9
53-1041,53-1041.00,Aircraft Cargo Handling Supervisors,Computers and Electronics,3.42,07/2016,10
53-1041,53-1041.00,Aircraft Cargo Handling Supervisors,Telecommunications,3.4,07/2016,11
53-1041,53-1041.00,Aircraft Cargo Handling Supervisors,Production and Processing,3.19,07/2016,12
53-1041,53-1041.00,Aircraft Cargo Handling Supervisors,Geography,3.17,07/2016,13
53-1041,53-1041.00,Aircraft Cargo Handling Supervisors,Law and Government,2.9,07/2016,14
53-1041,53-1041.00,Aircraft Cargo Handling Supervisors,Psychology,2.8,07/2016,15
53-1042,53-1042.01,Recycling Coordinators,Customer and Personal Service,4.16,07/2014,1
53-1042,53-1042.01,Recycling Coordinators,Administration and Management,3.95,07/2014,2
53-1042,53-1042.01,Recycling Coordinators,Administrative,3.77,07/2014,3
53-1042,53-1042.01,Recycling Coordinators,Education and Training,3.69,07/2014,4
53-1042,53-1042.01,Recycling Coordinators,Production and Processing,3.61,07/2014,5
53-1042,53-1042.01,Recycling Coordinators,Mathematics,3.57,07/2014,6
53-1042,53-1042.01,Recycling Coordinators,English Language,3.52,07/2014,7
53-1042,53-1042.00,"First-Line Supervisors of Helpers, Laborers, and Material Movers, Hand",Customer and Personal Service,3.51,08/2024,8
53-1042,53-1042.00,"First-Line Supervisors of Helpers, Laborers, and Material Movers, Hand",Production and Processing,3.49,08/2024,9
53-1042,53-1042.01,Recycling Coordinators,Public Safety and Security,3.44,07/2014,10
53-1042,53-1042.00,"First-Line Supervisors of Helpers, Laborers, and Material Movers, Hand",Administration and Management,3.41,08/2024,11
53-1042,53-1042.01,Recycling Coordinators,Personnel and Human Resources,3.32,07/2014,12
53-1042,53-1042.01,Recycling Coordinators,Computers and Electronics,3.32,07/2014,13
53-1042,53-1042.00,"First-Line Supervisors of Helpers, Laborers, and Material Movers, Hand",Mechanical,3.25,08/2024,14
53-1042,53-1042.00,"First-Line Supervisors of Helpers, Laborers, and Material Movers, Hand",Computers and Electronics,3.23,08/2024,15
53-1043,53-1043.00,First-Line Supervisors of Material-Moving Machine and Vehicle Operators,Administration and Management,4.28,08/2023,1
53-1043,53-1043.00,First-Line Supervisors of Material-Moving Machine and Vehicle Operators,Customer and Personal Service,4.16,08/2023,2
53-1043,53-1043.00,First-Line Supervisors of Material-Moving Machine and Vehicle Operators,Mathematics,4.12,08/2023,3
53-1043,53-1043.00,First-Line Supervisors of Material-Moving Machine and Vehicle Operators,Production and Processing,4.05,08/2023,4
53-1043,53-1043.00,First-Line Supervisors of Material-Moving Machine and Vehicle Operators,English Language,4.05,08/2023,5
53-1043,53-1043.00,First-Line Supervisors of Material-Moving Machine and Vehicle Operators,Personnel and Human Resources,3.93,08/2023,6
53-1043,53-1043.00,First-Line Supervisors of Material-Moving Machine and Vehicle Operators,Public Safety and Security,3.9,08/2023,7
53-1043,53-1043.00,First-Line Supervisors of Material-Moving Machine and Vehicle Operators,Computers and Electronics,3.84,08/2023,8
53-1043,53-1043.00,First-Line Supervisors of Material-Moving Machine and Vehicle Operators,Transportation,3.76,08/2023,9
53-1043,53-1043.00,First-Line Supervisors of Material-Moving Machine and Vehicle Operators,Administrative,3.72,08/2023,10
53-1043,53-1043.00,First-Line Supervisors of Material-Moving Machine and Vehicle Operators,Psychology,3.59,08/2023,11
53-1043,53-1043.00,First-Line Supervisors of Material-Moving Machine and Vehicle Operators,Education and Training,3.52,08/2023,12
53-1043,53-1043.00,First-Line Supervisors of Material-Moving Machine and Vehicle Operators,Law and Government,3.34,08/2023,13
53-1043,53-1043.00,First-Line Supervisors of Material-Moving Machine and Vehicle Operators,Economics and Accounting,3.26,08/2023,14
53-1043,53-1043.00,First-Line Supervisors of Material-Moving Machine and Vehicle Operators,Geography,2.99,08/2023,15
53-2011,53-2011.00,"Airline Pilots, Copilots, and Flight Engineers",Transportation,4.78,08/2021,1
53-2011,53-2011.00,"Airline Pilots, Copilots, and Flight Engineers",English Language,3.92,08/2021,2
53-2011,53-2011.00,"Airline Pilots, Copilots, and Flight Engineers",Public Safety and Security,3.71,08/2021,3
53-2011,53-2011.00,"Airline Pilots, Copilots, and Flight Engineers",Mechanical,3.7,08/2021,4
53-2011,53-2011.00,"Airline Pilots, Copilots, and Flight Engineers",Geography,3.7,08/2021,5
53-2011,53-2011.00,"Airline Pilots, Copilots, and Flight Engineers",Mathematics,3.39,08/2021,6
53-2011,53-2011.00,"Airline Pilots, Copilots, and Flight Engineers",Computers and Electronics,3.35,08/2021,7
53-2011,53-2011.00,"Airline Pilots, Copilots, and Flight Engineers",Physics,3.32,08/2021,8
53-2011,53-2011.00,"Airline Pilots, Copilots, and Flight Engineers",Law and Government,3.27,08/2021,9
53-2011,53-2011.00,"Airline Pilots, Copilots, and Flight Engineers",Administration and Management,3.13,08/2021,10
53-2011,53-2011.00,"Airline Pilots, Copilots, and Flight Engineers",Customer and Personal Service,3.13,08/2021,11
53-2011,53-2011.00,"Airline Pilots, Copilots, and Flight Engineers",Engineering and Technology,2.88,08/2021,12
53-2011,53-2011.00,"Airline Pilots, Copilots, and Flight Engineers",Psychology,2.84,08/2021,13
53-2011,53-2011.00,"Airline Pilots, Copilots, and Flight Engineers",Education and Training,2.62,08/2021,14
53-2011,53-2011.00,"Airline Pilots, Copilots, and Flight Engineers",Telecommunications,2.48,08/2021,15
53-2012,53-2012.00,Commercial Pilots,Customer and Personal Service,4.15,08/2024,1
53-2012,53-2012.00,Commercial Pilots,English Language,4.01,08/2024,2
53-2012,53-2012.00,Commercial Pilots,Transportation,3.98,08/2024,3
53-2012,53-2012.00,Commercial Pilots,Geography,3.6,08/2024,4
53-2012,53-2012.00,Commercial Pilots,Public Safety and Security,3.58,08/2024,5
53-2012,53-2012.00,Commercial Pilots,Mechanical,3.36,08/2024,6
53-2012,53-2012.00,Commercial Pilots,Law and Government,3.31,08/2024,7
53-2012,53-2012.00,Commercial Pilots,Computers and Electronics,3.17,08/2024,8
53-2012,53-2012.00,Commercial Pilots,Physics,3.13,08/2024,9
53-2012,53-2012.00,Commercial Pilots,Mathematics,2.96,08/2024,10
53-2012,53-2012.00,Commercial Pilots,Education and Training,2.9,08/2024,11
53-2012,53-2012.00,Commercial Pilots,Engineering and Technology,2.78,08/2024,12
53-2012,53-2012.00,Commercial Pilots,Personnel and Human Resources,2.59,08/2024,13
53-2012,53-2012.00,Commercial Pilots,Administration and Management,2.55,08/2024,14
53-2012,53-2012.00,Commercial Pilots,Telecommunications,2.45,08/2024,15
53-2021,53-2021.00,Air Traffic Controllers,Transportation,4.18,07/2014,1
53-2021,53-2021.00,Air Traffic Controllers,English Language,3.93,07/2014,2
53-2021,53-2021.00,Air Traffic Controllers,Public Safety and Security,3.76,07/2014,3
53-2021,53-2021.00,Air Traffic Controllers,Education and Training,3.75,07/2014,4
53-2021,53-2021.00,Air Traffic Controllers,Customer and Personal Service,3.6,07/2014,5
53-2021,53-2021.00,Air Traffic Controllers,Geography,3.46,07/2014,6
53-2021,53-2021.00,Air Traffic Controllers,Telecommunications,3.42,07/2014,7
53-2021,53-2021.00,Air Traffic Controllers,Mathematics,3.28,07/2014,8
53-2021,53-2021.00,Air Traffic Controllers,Computers and Electronics,2.99,07/2014,9
53-2021,53-2021.00,Air Traffic Controllers,Law and Government,2.78,07/2014,10
53-2021,53-2021.00,Air Traffic Controllers,Psychology,2.56,07/2014,11
53-2021,53-2021.00,Air Traffic Controllers,Administration and Management,2.54,07/2014,12
53-2021,53-2021.00,Air Traffic Controllers,Communications and Media,2.49,07/2014,13
53-2021,53-2021.00,Air Traffic Controllers,Physics,2.39,07/2014,14
53-2021,53-2021.00,Air Traffic Controllers,Personnel and Human Resources,2.26,07/2014,15
53-2022,53-2022.00,Airfield Operations Specialists,Public Safety and Security,4.45,08/2021,1
53-2022,53-2022.00,Airfield Operations Specialists,Transportation,4.25,08/2021,2
53-2022,53-2022.00,Airfield Operations Specialists,English Language,4.18,08/2021,3
53-2022,53-2022.00,Airfield Operations Specialists,Customer and Personal Service,4.03,08/2021,4
53-2022,53-2022.00,Airfield Operations Specialists,Education and Training,3.74,08/2021,5
53-2022,53-2022.00,Airfield Operations Specialists,Telecommunications,3.65,08/2021,6
53-2022,53-2022.00,Airfield Operations Specialists,Administration and Management,3.59,08/2021,7
53-2022,53-2022.00,Airfield Operations Specialists,Law and Government,3.37,08/2021,8
53-2022,53-2022.00,Airfield Operations Specialists,Administrative,3.36,08/2021,9
53-2022,53-2022.00,Airfield Operations Specialists,Computers and Electronics,3.29,08/2021,10
53-2022,53-2022.00,Airfield Operations Specialists,Mathematics,3.08,08/2021,11
53-2022,53-2022.00,Airfield Operations Specialists,Communications and Media,3.07,08/2021,12
53-2022,53-2022.00,Airfield Operations Specialists,Personnel and Human Resources,2.94,08/2021,13
53-2022,53-2022.00,Airfield Operations Specialists,Geography,2.64,08/2021,14
53-2022,53-2022.00,Airfield Operations Specialists,Mechanical,2.61,08/2021,15
53-2031,53-2031.00,Flight Attendants,Customer and Personal Service,4.51,08/2021,1
53-2031,53-2031.00,Flight Attendants,Public Safety and Security,4.48,08/2021,2
53-2031,53-2031.00,Flight Attendants,English Language,4.45,08/2021,3
53-2031,53-2031.00,Flight Attendants,Transportation,3.49,08/2021,4
53-2031,53-2031.00,Flight Attendants,Psychology,3.34,08/2021,5
53-2031,53-2031.00,Flight Attendants,Geography,3.3,08/2021,6
53-2031,53-2031.00,Flight Attendants,Computers and Electronics,3.2,08/2021,7
53-2031,53-2031.00,Flight Attendants,Personnel and Human Resources,3.04,08/2021,8
53-2031,53-2031.00,Flight Attendants,Foreign Language,2.96,08/2021,9
53-2031,53-2031.00,Flight Attendants,Law and Government,2.9,08/2021,10
53-2031,53-2031.00,Flight Attendants,Administration and Management,2.89,08/2021,11
53-2031,53-2031.00,Flight Attendants,Therapy and Counseling,2.88,08/2021,12
53-2031,53-2031.00,Flight Attendants,Education and Training,2.88,08/2021,13
53-2031,53-2031.00,Flight Attendants,Communications and Media,2.85,08/2021,14
53-2031,53-2031.00,Flight Attendants,Medicine and Dentistry,2.82,08/2021,15
53-3011,53-3011.00,"Ambulance Drivers and Attendants, Except Emergency Medical Technicians",Customer and Personal Service,3.95,07/2017,1
53-3011,53-3011.00,"Ambulance Drivers and Attendants, Except Emergency Medical Technicians",English Language,3.87,07/2017,2
53-3011,53-3011.00,"Ambulance Drivers and Attendants, Except Emergency Medical Technicians",Public Safety and Security,3.72,07/2017,3
53-3011,53-3011.00,"Ambulance Drivers and Attendants, Except Emergency Medical Technicians",Administration and Management,3.35,07/2017,4
53-3011,53-3011.00,"Ambulance Drivers and Attendants, Except Emergency Medical Technicians",Law and Government,3.29,07/2017,5
53-3011,53-3011.00,"Ambulance Drivers and Attendants, Except Emergency Medical Technicians",Transportation,3.25,07/2017,6
53-3011,53-3011.00,"Ambulance Drivers and Attendants, Except Emergency Medical Technicians",Education and Training,3.24,07/2017,7
53-3011,53-3011.00,"Ambulance Drivers and Attendants, Except Emergency Medical Technicians",Medicine and Dentistry,3.08,07/2017,8
53-3011,53-3011.00,"Ambulance Drivers and Attendants, Except Emergency Medical Technicians",Telecommunications,2.96,07/2017,9
53-3011,53-3011.00,"Ambulance Drivers and Attendants, Except Emergency Medical Technicians",Administrative,2.89,07/2017,10
53-3011,53-3011.00,"Ambulance Drivers and Attendants, Except Emergency Medical Technicians",Communications and Media,2.65,07/2017,11
53-3011,53-3011.00,"Ambulance Drivers and Attendants, Except Emergency Medical Technicians",Computers and Electronics,2.59,07/2017,12
53-3011,53-3011.00,"Ambulance Drivers and Attendants, Except Emergency Medical Technicians",Psychology,2.59,07/2017,13
53-3011,53-3011.00,"Ambulance Drivers and Attendants, Except Emergency Medical Technicians",Mathematics,2.51,07/2017,14
53-3011,53-3011.00,"Ambulance Drivers and Attendants, Except Emergency Medical Technicians",Mechanical,2.42,07/2017,15
53-3031,53-3031.00,Driver/Sales Workers,Customer and Personal Service,4.15,08/2020,1
53-3031,53-3031.00,Driver/Sales Workers,Food Production,3.65,08/2020,2
53-3031,53-3031.00,Driver/Sales Workers,English Language,3.49,08/2020,3
53-3031,53-3031.00,Driver/Sales Workers,Transportation,3.46,08/2020,4
53-3031,53-3031.00,Driver/Sales Workers,Public Safety and Security,3.21,08/2020,5
53-3031,53-3031.00,Driver/Sales Workers,Administration and Management,3.03,08/2020,6
53-3031,53-3031.00,Driver/Sales Workers,Sales and Marketing,2.95,08/2020,7
53-3031,53-3031.00,Driver/Sales Workers,Mathematics,2.91,08/2020,8
53-3031,53-3031.00,Driver/Sales Workers,Production and Processing,2.9,08/2020,9
53-3031,53-3031.00,Driver/Sales Workers,Computers and Electronics,2.49,08/2020,10
53-3031,53-3031.00,Driver/Sales Workers,Law and Government,2.33,08/2020,11
53-3031,53-3031.00,Driver/Sales Workers,Economics and Accounting,2.15,08/2020,12
53-3031,53-3031.00,Driver/Sales Workers,Personnel and Human Resources,2.13,08/2020,13
53-3031,53-3031.00,Driver/Sales Workers,Administrative,2.11,08/2020,14
53-3031,53-3031.00,Driver/Sales Workers,Mechanical,1.99,08/2020,15
53-3032,53-3032.00,Heavy and Tractor-Trailer Truck Drivers,Transportation,4.02,08/2022,1
53-3032,53-3032.00,Heavy and Tractor-Trailer Truck Drivers,Public Safety and Security,3.87,08/2022,2
53-3032,53-3032.00,Heavy and Tractor-Trailer Truck Drivers,Customer and Personal Service,3.69,08/2022,3
53-3032,53-3032.00,Heavy and Tractor-Trailer Truck Drivers,English Language,3.56,08/2022,4
53-3032,53-3032.00,Heavy and Tractor-Trailer Truck Drivers,Law and Government,3.05,08/2022,5
53-3032,53-3032.00,Heavy and Tractor-Trailer Truck Drivers,Mechanical,2.82,08/2022,6
53-3032,53-3032.00,Heavy and Tractor-Trailer Truck Drivers,Telecommunications,2.77,08/2022,7
53-3032,53-3032.00,Heavy and Tractor-Trailer Truck Drivers,Education and Training,2.76,08/2022,8
53-3032,53-3032.00,Heavy and Tractor-Trailer Truck Drivers,Administration and Management,2.74,08/2022,9
53-3032,53-3032.00,Heavy and Tractor-Trailer Truck Drivers,Mathematics,2.66,08/2022,10
53-3032,53-3032.00,Heavy and Tractor-Trailer Truck Drivers,Geography,2.54,08/2022,11
53-3032,53-3032.00,Heavy and Tractor-Trailer Truck Drivers,Computers and Electronics,2.41,08/2022,12
53-3032,53-3032.00,Heavy and Tractor-Trailer Truck Drivers,Administrative,2.28,08/2022,13
53-3032,53-3032.00,Heavy and Tractor-Trailer Truck Drivers,Personnel and Human Resources,2.15,08/2022,14
53-3032,53-3032.00,Heavy and Tractor-Trailer Truck Drivers,Production and Processing,2.07,08/2022,15
53-3033,53-3033.00,Light Truck Drivers,English Language,3.8,08/2023,1
53-3033,53-3033.00,Light Truck Drivers,Transportation,3.41,08/2023,2
53-3033,53-3033.00,Light Truck Drivers,Customer and Personal Service,3.38,08/2023,3
53-3033,53-3033.00,Light Truck Drivers,Public Safety and Security,2.86,08/2023,4
53-3033,53-3033.00,Light Truck Drivers,Administrative,2.63,08/2023,5
53-3033,53-3033.00,Light Truck Drivers,Mechanical,2.48,08/2023,6
53-3033,53-3033.00,Light Truck Drivers,Administration and Management,2.43,08/2023,7
53-3033,53-3033.00,Light Truck Drivers,Mathematics,2.39,08/2023,8
53-3033,53-3033.00,Light Truck Drivers,Production and Processing,2.36,08/2023,9
53-3033,53-3033.00,Light Truck Drivers,Education and Training,2.35,08/2023,10
53-3033,53-3033.00,Light Truck Drivers,Telecommunications,2.34,08/2023,11
53-3033,53-3033.00,Light Truck Drivers,Foreign Language,2.18,08/2023,12
53-3033,53-3033.00,Light Truck Drivers,Law and Government,2.17,08/2023,13
53-3033,53-3033.00,Light Truck Drivers,Sales and Marketing,2.11,08/2023,14
53-3033,53-3033.00,Light Truck Drivers,Computers and Electronics,2.1,08/2023,15
53-3051,53-3051.00,"Bus Drivers, School",Transportation,4.55,08/2025,1
53-3051,53-3051.00,"Bus Drivers, School",Public Safety and Security,3.97,08/2025,2
53-3051,53-3051.00,"Bus Drivers, School",Customer and Personal Service,3.94,08/2025,3
53-3051,53-3051.00,"Bus Drivers, School",English Language,3.68,08/2025,4
53-3051,53-3051.00,"Bus Drivers, School",Mechanical,3.22,08/2025,5
53-3051,53-3051.00,"Bus Drivers, School",Law and Government,3.14,08/2025,6
53-3051,53-3051.00,"Bus Drivers, School",Geography,3.01,08/2025,7
53-3051,53-3051.00,"Bus Drivers, School",Personnel and Human Resources,2.67,08/2025,8
53-3051,53-3051.00,"Bus Drivers, School",Psychology,2.65,08/2025,9
53-3051,53-3051.00,"Bus Drivers, School",Administration and Management,2.49,08/2025,10
53-3051,53-3051.00,"Bus Drivers, School",Education and Training,2.49,08/2025,11
53-3051,53-3051.00,"Bus Drivers, School",Communications and Media,2.29,08/2025,12
53-3051,53-3051.00,"Bus Drivers, School",Sociology and Anthropology,2.15,08/2025,13
53-3051,53-3051.00,"Bus Drivers, School",Telecommunications,2.14,08/2025,14
53-3051,53-3051.00,"Bus Drivers, School",Mathematics,2.09,08/2025,15
53-3052,53-3052.00,"Bus Drivers, Transit and Intercity",Transportation,4.51,08/2018,1
53-3052,53-3052.00,"Bus Drivers, Transit and Intercity",Customer and Personal Service,4.35,08/2018,2
53-3052,53-3052.00,"Bus Drivers, Transit and Intercity",Public Safety and Security,4.03,08/2018,3
53-3052,53-3052.00,"Bus Drivers, Transit and Intercity",English Language,3.41,08/2018,4
53-3052,53-3052.00,"Bus Drivers, Transit and Intercity",Law and Government,3.06,08/2018,5
53-3052,53-3052.00,"Bus Drivers, Transit and Intercity",Administration and Management,2.83,08/2018,6
53-3052,53-3052.00,"Bus Drivers, Transit and Intercity",Telecommunications,2.8,08/2018,7
53-3052,53-3052.00,"Bus Drivers, Transit and Intercity",Computers and Electronics,2.69,08/2018,8
53-3052,53-3052.00,"Bus Drivers, Transit and Intercity",Education and Training,2.5,08/2018,9
53-3052,53-3052.00,"Bus Drivers, Transit and Intercity",Administrative,2.4,08/2018,10
53-3052,53-3052.00,"Bus Drivers, Transit and Intercity",Mathematics,2.38,08/2018,11
53-3052,53-3052.00,"Bus Drivers, Transit and Intercity",Psychology,2.38,08/2018,12
53-3052,53-3052.00,"Bus Drivers, Transit and Intercity",Mechanical,2.36,08/2018,13
53-3052,53-3052.00,"Bus Drivers, Transit and Intercity",Geography,2.31,08/2018,14
53-3052,53-3052.00,"Bus Drivers, Transit and Intercity",Communications and Media,2.23,08/2018,15
53-3053,53-3053.00,Shuttle Drivers and Chauffeurs,Customer and Personal Service,4.63,08/2025,1
53-3053,53-3053.00,Shuttle Drivers and Chauffeurs,Transportation,4.53,08/2025,2
53-3053,53-3053.00,Shuttle Drivers and Chauffeurs,Public Safety and Security,4.44,08/2025,3
53-3053,53-3053.00,Shuttle Drivers and Chauffeurs,English Language,3.91,08/2025,4
53-3053,53-3053.00,Shuttle Drivers and Chauffeurs,Personnel and Human Resources,3.84,08/2025,5
53-3053,53-3053.00,Shuttle Drivers and Chauffeurs,Administrative,3.72,08/2025,6
53-3053,53-3053.00,Shuttle Drivers and Chauffeurs,Administration and Management,3.71,08/2025,7
53-3053,53-3053.00,Shuttle Drivers and Chauffeurs,Education and Training,3.6,08/2025,8
53-3053,53-3053.00,Shuttle Drivers and Chauffeurs,Production and Processing,3.57,08/2025,9
53-3053,53-3053.00,Shuttle Drivers and Chauffeurs,Law and Government,3.52,08/2025,10
53-3053,53-3053.00,Shuttle Drivers and Chauffeurs,Psychology,3.49,08/2025,11
53-3053,53-3053.00,Shuttle Drivers and Chauffeurs,Economics and Accounting,3.2,08/2025,12
53-3053,53-3053.00,Shuttle Drivers and Chauffeurs,Communications and Media,3.15,08/2025,13
53-3053,53-3053.00,Shuttle Drivers and Chauffeurs,Mathematics,3.11,08/2025,14
53-3053,53-3053.00,Shuttle Drivers and Chauffeurs,Sales and Marketing,3.01,08/2025,15
53-4011,53-4011.00,Locomotive Engineers,Transportation,4.46,07/2015,1
53-4011,53-4011.00,Locomotive Engineers,Public Safety and Security,3.62,07/2015,2
53-4011,53-4011.00,Locomotive Engineers,English Language,3.33,07/2015,3
53-4011,53-4011.00,Locomotive Engineers,Education and Training,3.32,07/2015,4
53-4011,53-4011.00,Locomotive Engineers,Customer and Personal Service,3.02,07/2015,5
53-4011,53-4011.00,Locomotive Engineers,Mechanical,2.99,07/2015,6
53-4011,53-4011.00,Locomotive Engineers,Administration and Management,2.79,07/2015,7
53-4011,53-4011.00,Locomotive Engineers,Law and Government,2.44,07/2015,8
53-4011,53-4011.00,Locomotive Engineers,Telecommunications,2.41,07/2015,9
53-4011,53-4011.00,Locomotive Engineers,Computers and Electronics,2.31,07/2015,10
53-4011,53-4011.00,Locomotive Engineers,Geography,2.26,07/2015,11
53-4011,53-4011.00,Locomotive Engineers,Personnel and Human Resources,2.23,07/2015,12
53-4011,53-4011.00,Locomotive Engineers,Mathematics,2.19,07/2015,13
53-4011,53-4011.00,Locomotive Engineers,Engineering and Technology,2.11,07/2015,14
53-4011,53-4011.00,Locomotive Engineers,Administrative,2.07,07/2015,15
53-4013,53-4013.00,"Rail Yard Engineers, Dinkey Operators, and Hostlers",Transportation,4.15,08/2021,1
53-4013,53-4013.00,"Rail Yard Engineers, Dinkey Operators, and Hostlers",Public Safety and Security,3.64,08/2021,2
53-4013,53-4013.00,"Rail Yard Engineers, Dinkey Operators, and Hostlers",Administration and Management,3.22,08/2021,3
53-4013,53-4013.00,"Rail Yard Engineers, Dinkey Operators, and Hostlers",Mechanical,3.14,08/2021,4
53-4013,53-4013.00,"Rail Yard Engineers, Dinkey Operators, and Hostlers",English Language,3.1,08/2021,5
53-4013,53-4013.00,"Rail Yard Engineers, Dinkey Operators, and Hostlers",Customer and Personal Service,3.01,08/2021,6
53-4013,53-4013.00,"Rail Yard Engineers, Dinkey Operators, and Hostlers",Education and Training,2.96,08/2021,7
53-4013,53-4013.00,"Rail Yard Engineers, Dinkey Operators, and Hostlers",Administrative,2.95,08/2021,8
53-4013,53-4013.00,"Rail Yard Engineers, Dinkey Operators, and Hostlers",Law and Government,2.64,08/2021,9
53-4013,53-4013.00,"Rail Yard Engineers, Dinkey Operators, and Hostlers",Mathematics,2.37,08/2021,10
53-4013,53-4013.00,"Rail Yard Engineers, Dinkey Operators, and Hostlers",Telecommunications,2.31,08/2021,11
53-4013,53-4013.00,"Rail Yard Engineers, Dinkey Operators, and Hostlers",Computers and Electronics,2.3,08/2021,12
53-4013,53-4013.00,"Rail Yard Engineers, Dinkey Operators, and Hostlers",Engineering and Technology,2.25,08/2021,13
53-4013,53-4013.00,"Rail Yard Engineers, Dinkey Operators, and Hostlers",Geography,2.17,08/2021,14
53-4013,53-4013.00,"Rail Yard Engineers, Dinkey Operators, and Hostlers",Personnel and Human Resources,2.09,08/2021,15
53-4022,53-4022.00,"Railroad Brake, Signal, and Switch Operators and Locomotive Firers",Transportation,3.85,11/2020,1
53-4022,53-4022.00,"Railroad Brake, Signal, and Switch Operators and Locomotive Firers",Public Safety and Security,3.46,11/2020,2
53-4022,53-4022.00,"Railroad Brake, Signal, and Switch Operators and Locomotive Firers",Mechanical,3.3,11/2020,3
53-4022,53-4022.00,"Railroad Brake, Signal, and Switch Operators and Locomotive Firers",English Language,3.16,11/2020,4
53-4022,53-4022.00,"Railroad Brake, Signal, and Switch Operators and Locomotive Firers",Customer and Personal Service,2.77,11/2020,5
53-4022,53-4022.00,"Railroad Brake, Signal, and Switch Operators and Locomotive Firers",Law and Government,2.6,11/2020,6
53-4022,53-4022.00,"Railroad Brake, Signal, and Switch Operators and Locomotive Firers",Education and Training,2.56,11/2020,7
53-4022,53-4022.00,"Railroad Brake, Signal, and Switch Operators and Locomotive Firers",Telecommunications,2.37,11/2020,8
53-4022,53-4022.00,"Railroad Brake, Signal, and Switch Operators and Locomotive Firers",Psychology,2.29,11/2020,9
53-4022,53-4022.00,"Railroad Brake, Signal, and Switch Operators and Locomotive Firers",Mathematics,2.17,11/2020,10
53-4022,53-4022.00,"Railroad Brake, Signal, and Switch Operators and Locomotive Firers",Administration and Management,2.13,11/2020,11
53-4022,53-4022.00,"Railroad Brake, Signal, and Switch Operators and Locomotive Firers",Physics,2.02,11/2020,12
53-4022,53-4022.00,"Railroad Brake, Signal, and Switch Operators and Locomotive Firers",Computers and Electronics,2.01,11/2020,13
53-4022,53-4022.00,"Railroad Brake, Signal, and Switch Operators and Locomotive Firers",Engineering and Technology,1.95,11/2020,14
53-4022,53-4022.00,"Railroad Brake, Signal, and Switch Operators and Locomotive Firers",Administrative,1.94,11/2020,15
53-4031,53-4031.00,Railroad Conductors and Yardmasters,Public Safety and Security,3.98,07/2013,1
53-4031,53-4031.00,Railroad Conductors and Yardmasters,Transportation,3.95,07/2013,2
53-4031,53-4031.00,Railroad Conductors and Yardmasters,English Language,3.46,07/2013,3
53-4031,53-4031.00,Railroad Conductors and Yardmasters,Education and Training,3.11,07/2013,4
53-4031,53-4031.00,Railroad Conductors and Yardmasters,Law and Government,3.01,07/2013,5
53-4031,53-4031.00,Railroad Conductors and Yardmasters,Customer and Personal Service,2.94,07/2013,6
53-4031,53-4031.00,Railroad Conductors and Yardmasters,Telecommunications,2.89,07/2013,7
53-4031,53-4031.00,Railroad Conductors and Yardmasters,Mechanical,2.87,07/2013,8
53-4031,53-4031.00,Railroad Conductors and Yardmasters,Computers and Electronics,2.79,07/2013,9
53-4031,53-4031.00,Railroad Conductors and Yardmasters,Mathematics,2.68,07/2013,10
53-4031,53-4031.00,Railroad Conductors and Yardmasters,Administration and Management,2.64,07/2013,11
53-4031,53-4031.00,Railroad Conductors and Yardmasters,Chemistry,2.49,07/2013,12
53-4031,53-4031.00,Railroad Conductors and Yardmasters,Physics,2.42,07/2013,13
53-4031,53-4031.00,Railroad Conductors and Yardmasters,Geography,2.4,07/2013,14
53-4031,53-4031.00,Railroad Conductors and Yardmasters,Administrative,2.34,07/2013,15
53-4041,53-4041.00,Subway and Streetcar Operators,Transportation,4.38,08/2021,1
53-4041,53-4041.00,Subway and Streetcar Operators,Public Safety and Security,3.91,08/2021,2
53-4041,53-4041.00,Subway and Streetcar Operators,Customer and Personal Service,3.66,08/2021,3
53-4041,53-4041.00,Subway and Streetcar Operators,English Language,3.19,08/2021,4
53-4041,53-4041.00,Subway and Streetcar Operators,Education and Training,2.78,08/2021,5
53-4041,53-4041.00,Subway and Streetcar Operators,Telecommunications,2.6,08/2021,6
53-4041,53-4041.00,Subway and Streetcar Operators,Mechanical,2.57,08/2021,7
53-4041,53-4041.00,Subway and Streetcar Operators,Administration and Management,2.51,08/2021,8
53-4041,53-4041.00,Subway and Streetcar Operators,Law and Government,2.32,08/2021,9
53-4041,53-4041.00,Subway and Streetcar Operators,Psychology,2.24,08/2021,10
53-4041,53-4041.00,Subway and Streetcar Operators,Computers and Electronics,2.19,08/2021,11
53-4041,53-4041.00,Subway and Streetcar Operators,Communications and Media,2.12,08/2021,12
53-4041,53-4041.00,Subway and Streetcar Operators,Engineering and Technology,2.02,08/2021,13
53-4041,53-4041.00,Subway and Streetcar Operators,Personnel and Human Resources,1.99,08/2021,14
53-4041,53-4041.00,Subway and Streetcar Operators,Mathematics,1.91,08/2021,15
53-5011,53-5011.00,Sailors and Marine Oilers,Public Safety and Security,3.24,07/2016,1
53-5011,53-5011.00,Sailors and Marine Oilers,Transportation,3.06,07/2016,2
53-5011,53-5011.00,Sailors and Marine Oilers,Mechanical,3.0,07/2016,3
53-5011,53-5011.00,Sailors and Marine Oilers,Education and Training,2.95,07/2016,4
53-5011,53-5011.00,Sailors and Marine Oilers,Administration and Management,2.94,07/2016,5
53-5011,53-5011.00,Sailors and Marine Oilers,English Language,2.85,07/2016,6
53-5011,53-5011.00,Sailors and Marine Oilers,Mathematics,2.77,07/2016,7
53-5011,53-5011.00,Sailors and Marine Oilers,Customer and Personal Service,2.63,07/2016,8
53-5011,53-5011.00,Sailors and Marine Oilers,Administrative,2.5,07/2016,9
53-5011,53-5011.00,Sailors and Marine Oilers,Production and Processing,2.48,07/2016,10
53-5011,53-5011.00,Sailors and Marine Oilers,Law and Government,2.43,07/2016,11
53-5011,53-5011.00,Sailors and Marine Oilers,Communications and Media,2.41,07/2016,12
53-5011,53-5011.00,Sailors and Marine Oilers,Medicine and Dentistry,2.36,07/2016,13
53-5011,53-5011.00,Sailors and Marine Oilers,Chemistry,2.35,07/2016,14
53-5011,53-5011.00,Sailors and Marine Oilers,Geography,2.31,07/2016,15
53-5021,53-5021.00,"Captains, Mates, and Pilots of Water Vessels",Transportation,4.13,08/2022,1
53-5021,53-5021.00,"Captains, Mates, and Pilots of Water Vessels",Public Safety and Security,3.82,08/2022,2
53-5021,53-5021.00,"Captains, Mates, and Pilots of Water Vessels",Mechanical,3.43,08/2022,3
53-5021,53-5021.00,"Captains, Mates, and Pilots of Water Vessels",Law and Government,3.37,08/2022,4
53-5021,53-5021.00,"Captains, Mates, and Pilots of Water Vessels",English Language,3.31,08/2022,5
53-5021,53-5021.00,"Captains, Mates, and Pilots of Water Vessels",Geography,3.27,08/2022,6
53-5021,53-5021.00,"Captains, Mates, and Pilots of Water Vessels",Administration and Management,3.19,08/2022,7
53-5021,53-5021.00,"Captains, Mates, and Pilots of Water Vessels",Customer and Personal Service,3.16,08/2022,8
53-5021,53-5021.00,"Captains, Mates, and Pilots of Water Vessels",Education and Training,3.12,08/2022,9
53-5021,53-5021.00,"Captains, Mates, and Pilots of Water Vessels",Mathematics,2.91,08/2022,10
53-5021,53-5021.00,"Captains, Mates, and Pilots of Water Vessels",Telecommunications,2.87,08/2022,11
53-5021,53-5021.00,"Captains, Mates, and Pilots of Water Vessels",Computers and Electronics,2.78,08/2022,12
53-5021,53-5021.00,"Captains, Mates, and Pilots of Water Vessels",Psychology,2.7,08/2022,13
53-5021,53-5021.00,"Captains, Mates, and Pilots of Water Vessels",Personnel and Human Resources,2.69,08/2022,14
53-5021,53-5021.00,"Captains, Mates, and Pilots of Water Vessels",Engineering and Technology,2.57,08/2022,15
53-5022,53-5022.00,Motorboat Operators,Customer and Personal Service,4.36,08/2023,1
53-5022,53-5022.00,Motorboat Operators,English Language,4.1,08/2023,2
53-5022,53-5022.00,Motorboat Operators,Education and Training,3.91,08/2023,3
53-5022,53-5022.00,Motorboat Operators,Public Safety and Security,3.82,08/2023,4
53-5022,53-5022.00,Motorboat Operators,Transportation,3.77,08/2023,5
53-5022,53-5022.00,Motorboat Operators,Mechanical,3.46,08/2023,6
53-5022,53-5022.00,Motorboat Operators,Geography,2.97,08/2023,7
53-5022,53-5022.00,Motorboat Operators,Personnel and Human Resources,2.94,08/2023,8
53-5022,53-5022.00,Motorboat Operators,Administration and Management,2.93,08/2023,9
53-5022,53-5022.00,Motorboat Operators,Telecommunications,2.92,08/2023,10
53-5022,53-5022.00,Motorboat Operators,Engineering and Technology,2.74,08/2023,11
53-5022,53-5022.00,Motorboat Operators,Law and Government,2.66,08/2023,12
53-5022,53-5022.00,Motorboat Operators,Computers and Electronics,2.65,08/2023,13
53-5022,53-5022.00,Motorboat Operators,Administrative,2.57,08/2023,14
53-5022,53-5022.00,Motorboat Operators,Mathematics,2.53,08/2023,15
53-5031,53-5031.00,Ship Engineers,Mechanical,4.51,08/2024,1
53-5031,53-5031.00,Ship Engineers,English Language,3.55,08/2024,2
53-5031,53-5031.00,Ship Engineers,Engineering and Technology,3.51,08/2024,3
53-5031,53-5031.00,Ship Engineers,Public Safety and Security,3.46,08/2024,4
53-5031,53-5031.00,Ship Engineers,Transportation,3.28,08/2024,5
53-5031,53-5031.00,Ship Engineers,Mathematics,3.25,08/2024,6
53-5031,53-5031.00,Ship Engineers,Computers and Electronics,3.2,08/2024,7
53-5031,53-5031.00,Ship Engineers,Building and Construction,2.97,08/2024,8
53-5031,53-5031.00,Ship Engineers,Administration and Management,2.94,08/2024,9
53-5031,53-5031.00,Ship Engineers,Chemistry,2.76,08/2024,10
53-5031,53-5031.00,Ship Engineers,Education and Training,2.73,08/2024,11
53-5031,53-5031.00,Ship Engineers,Geography,2.61,08/2024,12
53-5031,53-5031.00,Ship Engineers,Physics,2.59,08/2024,13
53-5031,53-5031.00,Ship Engineers,Administrative,2.55,08/2024,14
53-5031,53-5031.00,Ship Engineers,Customer and Personal Service,2.55,08/2024,15
53-6021,53-6021.00,Parking Attendants,Customer and Personal Service,3.48,07/2015,1
53-6021,53-6021.00,Parking Attendants,English Language,3.08,07/2015,2
53-6021,53-6021.00,Parking Attendants,Transportation,3.02,07/2015,3
53-6021,53-6021.00,Parking Attendants,Public Safety and Security,2.73,07/2015,4
53-6021,53-6021.00,Parking Attendants,Mathematics,2.5,07/2015,5
53-6021,53-6021.00,Parking Attendants,Production and Processing,2.38,07/2015,6
53-6021,53-6021.00,Parking Attendants,Education and Training,2.29,07/2015,7
53-6021,53-6021.00,Parking Attendants,Administrative,2.25,07/2015,8
53-6021,53-6021.00,Parking Attendants,Administration and Management,2.18,07/2015,9
53-6021,53-6021.00,Parking Attendants,Sales and Marketing,2.16,07/2015,10
53-6021,53-6021.00,Parking Attendants,Communications and Media,2.1,07/2015,11
53-6021,53-6021.00,Parking Attendants,Personnel and Human Resources,2.08,07/2015,12
53-6021,53-6021.00,Parking Attendants,Computers and Electronics,2.03,07/2015,13
53-6021,53-6021.00,Parking Attendants,Telecommunications,2.01,07/2015,14
53-6021,53-6021.00,Parking Attendants,Mechanical,1.94,07/2015,15
53-6031,53-6031.00,Automotive and Watercraft Service Attendants,Customer and Personal Service,4.64,07/2016,1
53-6031,53-6031.00,Automotive and Watercraft Service Attendants,Mechanical,4.4,07/2016,2
53-6031,53-6031.00,Automotive and Watercraft Service Attendants,Sales and Marketing,3.99,07/2016,3
53-6031,53-6031.00,Automotive and Watercraft Service Attendants,Administration and Management,3.76,07/2016,4
53-6031,53-6031.00,Automotive and Watercraft Service Attendants,Mathematics,3.27,07/2016,5
53-6031,53-6031.00,Automotive and Watercraft Service Attendants,Administrative,3.0,07/2016,6
53-6031,53-6031.00,Automotive and Watercraft Service Attendants,Engineering and Technology,2.98,07/2016,7
53-6031,53-6031.00,Automotive and Watercraft Service Attendants,Education and Training,2.98,07/2016,8
53-6031,53-6031.00,Automotive and Watercraft Service Attendants,Chemistry,2.93,07/2016,9
53-6031,53-6031.00,Automotive and Watercraft Service Attendants,Computers and Electronics,2.89,07/2016,10
53-6031,53-6031.00,Automotive and Watercraft Service Attendants,English Language,2.82,07/2016,11
53-6031,53-6031.00,Automotive and Watercraft Service Attendants,Personnel and Human Resources,2.57,07/2016,12
53-6031,53-6031.00,Automotive and Watercraft Service Attendants,Public Safety and Security,2.55,07/2016,13
53-6031,53-6031.00,Automotive and Watercraft Service Attendants,Economics and Accounting,2.47,07/2016,14
53-6031,53-6031.00,Automotive and Watercraft Service Attendants,Production and Processing,2.41,07/2016,15
53-6041,53-6041.00,Traffic Technicians,Public Safety and Security,3.91,07/2016,1
53-6041,53-6041.00,Traffic Technicians,Computers and Electronics,3.9,07/2016,2
53-6041,53-6041.00,Traffic Technicians,Transportation,3.9,07/2016,3
53-6041,53-6041.00,Traffic Technicians,English Language,3.62,07/2016,4
53-6041,53-6041.00,Traffic Technicians,Engineering and Technology,3.5,07/2016,5
53-6041,53-6041.00,Traffic Technicians,Law and Government,3.34,07/2016,6
53-6041,53-6041.00,Traffic Technicians,Mathematics,3.32,07/2016,7
53-6041,53-6041.00,Traffic Technicians,Customer and Personal Service,3.29,07/2016,8
53-6041,53-6041.00,Traffic Technicians,Administrative,3.28,07/2016,9
53-6041,53-6041.00,Traffic Technicians,Education and Training,3.15,07/2016,10
53-6041,53-6041.00,Traffic Technicians,Mechanical,3.11,07/2016,11
53-6041,53-6041.00,Traffic Technicians,Design,3.1,07/2016,12
53-6041,53-6041.00,Traffic Technicians,Building and Construction,3.05,07/2016,13
53-6041,53-6041.00,Traffic Technicians,Administration and Management,2.99,07/2016,14
53-6041,53-6041.00,Traffic Technicians,Telecommunications,2.67,07/2016,15
53-6051,53-6051.01,Aviation Inspectors,English Language,4.6,08/2021,1
53-6051,53-6051.01,Aviation Inspectors,Mechanical,4.59,08/2021,2
53-6051,53-6051.01,Aviation Inspectors,Public Safety and Security,4.46,08/2021,3
53-6051,53-6051.01,Aviation Inspectors,Customer and Personal Service,4.42,08/2021,4
53-6051,53-6051.01,Aviation Inspectors,Transportation,4.41,08/2021,5
53-6051,53-6051.01,Aviation Inspectors,Education and Training,4.08,08/2021,6
53-6051,53-6051.07,"Transportation Vehicle, Equipment and Systems Inspectors, Except Aviation",Mechanical,4.04,07/2015,7
53-6051,53-6051.00,Transportation Inspectors,Transportation,3.91,11/2020,8
53-6051,53-6051.01,Aviation Inspectors,Production and Processing,3.86,08/2021,9
53-6051,53-6051.00,Transportation Inspectors,English Language,3.84,11/2020,10
53-6051,53-6051.01,Aviation Inspectors,Engineering and Technology,3.81,08/2021,11
53-6051,53-6051.01,Aviation Inspectors,Mathematics,3.75,08/2021,12
53-6051,53-6051.01,Aviation Inspectors,Administration and Management,3.67,08/2021,13
53-6051,53-6051.00,Transportation Inspectors,Customer and Personal Service,3.52,11/2020,14
53-6051,53-6051.01,Aviation Inspectors,Law and Government,3.48,08/2021,15
53-6061,53-6061.00,Passenger Attendants,Transportation,3.71,07/2015,1
53-6061,53-6061.00,Passenger Attendants,English Language,3.52,07/2015,2
53-6061,53-6061.00,Passenger Attendants,Customer and Personal Service,3.23,07/2015,3
53-6061,53-6061.00,Passenger Attendants,Public Safety and Security,3.23,07/2015,4
53-6061,53-6061.00,Passenger Attendants,Psychology,2.51,07/2015,5
53-6061,53-6061.00,Passenger Attendants,Administration and Management,2.37,07/2015,6
53-6061,53-6061.00,Passenger Attendants,Telecommunications,2.36,07/2015,7
53-6061,53-6061.00,Passenger Attendants,Administrative,2.27,07/2015,8
53-6061,53-6061.00,Passenger Attendants,Foreign Language,2.24,07/2015,9
53-6061,53-6061.00,Passenger Attendants,Personnel and Human Resources,2.17,07/2015,10
53-6061,53-6061.00,Passenger Attendants,Geography,2.04,07/2015,11
53-6061,53-6061.00,Passenger Attendants,Mathematics,1.96,07/2015,12
53-6061,53-6061.00,Passenger Attendants,Education and Training,1.96,07/2015,13
53-6061,53-6061.00,Passenger Attendants,Law and Government,1.95,07/2015,14
53-6061,53-6061.00,Passenger Attendants,Communications and Media,1.95,07/2015,15
53-7011,53-7011.00,Conveyor Operators and Tenders,English Language,3.96,07/2017,1
53-7011,53-7011.00,Conveyor Operators and Tenders,Mechanical,3.09,07/2017,2
53-7011,53-7011.00,Conveyor Operators and Tenders,Public Safety and Security,3.04,07/2017,3
53-7011,53-7011.00,Conveyor Operators and Tenders,Production and Processing,3.01,07/2017,4
53-7011,53-7011.00,Conveyor Operators and Tenders,Transportation,2.77,07/2017,5
53-7011,53-7011.00,Conveyor Operators and Tenders,Education and Training,2.62,07/2017,6
53-7011,53-7011.00,Conveyor Operators and Tenders,Law and Government,1.94,07/2017,7
53-7011,53-7011.00,Conveyor Operators and Tenders,Customer and Personal Service,1.9,07/2017,8
53-7011,53-7011.00,Conveyor Operators and Tenders,Administrative,1.87,07/2017,9
53-7011,53-7011.00,Conveyor Operators and Tenders,Administration and Management,1.68,07/2017,10
53-7011,53-7011.00,Conveyor Operators and Tenders,Mathematics,1.61,07/2017,11
53-7011,53-7011.00,Conveyor Operators and Tenders,Personnel and Human Resources,1.51,07/2017,12
53-7011,53-7011.00,Conveyor Operators and Tenders,Foreign Language,1.5,07/2017,13
53-7011,53-7011.00,Conveyor Operators and Tenders,Psychology,1.49,07/2017,14
53-7011,53-7011.00,Conveyor Operators and Tenders,Computers and Electronics,1.46,07/2017,15
53-7021,53-7021.00,Crane and Tower Operators,Mechanical,3.55,07/2015,1
53-7021,53-7021.00,Crane and Tower Operators,Mathematics,3.0,07/2015,2
53-7021,53-7021.00,Crane and Tower Operators,Transportation,2.93,07/2015,3
53-7021,53-7021.00,Crane and Tower Operators,English Language,2.91,07/2015,4
53-7021,53-7021.00,Crane and Tower Operators,Public Safety and Security,2.77,07/2015,5
53-7021,53-7021.00,Crane and Tower Operators,Building and Construction,2.71,07/2015,6
53-7021,53-7021.00,Crane and Tower Operators,Education and Training,2.6,07/2015,7
53-7021,53-7021.00,Crane and Tower Operators,Production and Processing,2.55,07/2015,8
53-7021,53-7021.00,Crane and Tower Operators,Administration and Management,2.46,07/2015,9
53-7021,53-7021.00,Crane and Tower Operators,Engineering and Technology,2.4,07/2015,10
53-7021,53-7021.00,Crane and Tower Operators,Computers and Electronics,2.35,07/2015,11
53-7021,53-7021.00,Crane and Tower Operators,Design,2.32,07/2015,12
53-7021,53-7021.00,Crane and Tower Operators,Physics,2.32,07/2015,13
53-7021,53-7021.00,Crane and Tower Operators,Customer and Personal Service,2.21,07/2015,14
53-7021,53-7021.00,Crane and Tower Operators,Telecommunications,2.16,07/2015,15
53-7031,53-7031.00,Dredge Operators,Mechanical,4.06,06/2008,1
53-7031,53-7031.00,Dredge Operators,English Language,3.43,06/2008,2
53-7031,53-7031.00,Dredge Operators,Public Safety and Security,3.18,06/2008,3
53-7031,53-7031.00,Dredge Operators,Administration and Management,3.15,06/2008,4
53-7031,53-7031.00,Dredge Operators,Production and Processing,2.94,06/2008,5
53-7031,53-7031.00,Dredge Operators,Mathematics,2.81,06/2008,6
53-7031,53-7031.00,Dredge Operators,Education and Training,2.62,06/2008,7
53-7031,53-7031.00,Dredge Operators,Physics,2.45,06/2008,8
53-7031,53-7031.00,Dredge Operators,Engineering and Technology,2.24,06/2008,9
53-7031,53-7031.00,Dredge Operators,Building and Construction,2.17,06/2008,10
53-7031,53-7031.00,Dredge Operators,Computers and Electronics,2.15,06/2008,11
53-7031,53-7031.00,Dredge Operators,Law and Government,2.03,06/2008,12
53-7031,53-7031.00,Dredge Operators,Transportation,1.96,06/2008,13
53-7031,53-7031.00,Dredge Operators,Personnel and Human Resources,1.94,06/2008,14
53-7031,53-7031.00,Dredge Operators,Medicine and Dentistry,1.89,06/2008,15
53-7041,53-7041.00,Hoist and Winch Operators,Mechanical,3.09,12/2004,1
53-7041,53-7041.00,Hoist and Winch Operators,Customer and Personal Service,2.88,12/2004,2
53-7041,53-7041.00,Hoist and Winch Operators,English Language,2.63,12/2004,3
53-7041,53-7041.00,Hoist and Winch Operators,Public Safety and Security,2.61,12/2004,4
53-7041,53-7041.00,Hoist and Winch Operators,Transportation,2.57,12/2004,5
53-7041,53-7041.00,Hoist and Winch Operators,Administration and Management,2.49,12/2004,6
53-7041,53-7041.00,Hoist and Winch Operators,Engineering and Technology,2.47,12/2004,7
53-7041,53-7041.00,Hoist and Winch Operators,Education and Training,2.46,12/2004,8
53-7041,53-7041.00,Hoist and Winch Operators,Mathematics,2.26,12/2004,9
53-7041,53-7041.00,Hoist and Winch Operators,Production and Processing,2.13,12/2004,10
53-7041,53-7041.00,Hoist and Winch Operators,Physics,2.12,12/2004,11
53-7041,53-7041.00,Hoist and Winch Operators,Design,2.0,12/2004,12
53-7041,53-7041.00,Hoist and Winch Operators,Building and Construction,1.95,12/2004,13
53-7041,53-7041.00,Hoist and Winch Operators,Personnel and Human Resources,1.69,12/2004,14
53-7041,53-7041.00,Hoist and Winch Operators,Computers and Electronics,1.64,12/2004,15
53-7051,53-7051.00,Industrial Truck and Tractor Operators,Mathematics,3.01,08/2021,1
53-7051,53-7051.00,Industrial Truck and Tractor Operators,English Language,2.82,08/2021,2
53-7051,53-7051.00,Industrial Truck and Tractor Operators,Production and Processing,2.8,08/2021,3
53-7051,53-7051.00,Industrial Truck and Tractor Operators,Transportation,2.75,08/2021,4
53-7051,53-7051.00,Industrial Truck and Tractor Operators,Customer and Personal Service,2.53,08/2021,5
53-7051,53-7051.00,Industrial Truck and Tractor Operators,Administration and Management,2.49,08/2021,6
53-7051,53-7051.00,Industrial Truck and Tractor Operators,Administrative,2.34,08/2021,7
53-7051,53-7051.00,Industrial Truck and Tractor Operators,Public Safety and Security,2.32,08/2021,8
53-7051,53-7051.00,Industrial Truck and Tractor Operators,Education and Training,2.27,08/2021,9
53-7051,53-7051.00,Industrial Truck and Tractor Operators,Mechanical,2.17,08/2021,10
53-7051,53-7051.00,Industrial Truck and Tractor Operators,Law and Government,2.11,08/2021,11
53-7051,53-7051.00,Industrial Truck and Tractor Operators,Building and Construction,2.06,08/2021,12
53-7051,53-7051.00,Industrial Truck and Tractor Operators,Computers and Electronics,1.86,08/2021,13
53-7051,53-7051.00,Industrial Truck and Tractor Operators,Personnel and Human Resources,1.84,08/2021,14
53-7051,53-7051.00,Industrial Truck and Tractor Operators,Engineering and Technology,1.79,08/2021,15
53-7061,53-7061.00,Cleaners of Vehicles and Equipment,Customer and Personal Service,3.54,08/2022,1
53-7061,53-7061.00,Cleaners of Vehicles and Equipment,English Language,3.33,08/2022,2
53-7061,53-7061.00,Cleaners of Vehicles and Equipment,Transportation,3.14,08/2022,3
53-7061,53-7061.00,Cleaners of Vehicles and Equipment,Administration and Management,2.9,08/2022,4
53-7061,53-7061.00,Cleaners of Vehicles and Equipment,Public Safety and Security,2.86,08/2022,5
53-7061,53-7061.00,Cleaners of Vehicles and Equipment,Production and Processing,2.83,08/2022,6
53-7061,53-7061.00,Cleaners of Vehicles and Equipment,Mechanical,2.64,08/2022,7
53-7061,53-7061.00,Cleaners of Vehicles and Equipment,Education and Training,2.55,08/2022,8
53-7061,53-7061.00,Cleaners of Vehicles and Equipment,Mathematics,2.46,08/2022,9
53-7061,53-7061.00,Cleaners of Vehicles and Equipment,Chemistry,2.41,08/2022,10
53-7061,53-7061.00,Cleaners of Vehicles and Equipment,Personnel and Human Resources,2.4,08/2022,11
53-7061,53-7061.00,Cleaners of Vehicles and Equipment,Economics and Accounting,2.37,08/2022,12
53-7061,53-7061.00,Cleaners of Vehicles and Equipment,Administrative,2.36,08/2022,13
53-7061,53-7061.00,Cleaners of Vehicles and Equipment,Communications and Media,2.27,08/2022,14
53-7061,53-7061.00,Cleaners of Vehicles and Equipment,Computers and Electronics,2.23,08/2022,15
53-7062,53-7062.04,Recycling and Reclamation Workers,Production and Processing,3.88,07/2012,1
53-7062,53-7062.04,Recycling and Reclamation Workers,Mechanical,3.51,07/2012,2
53-7062,53-7062.04,Recycling and Reclamation Workers,Administration and Management,3.49,07/2012,3
53-7062,53-7062.04,Recycling and Reclamation Workers,Public Safety and Security,3.48,07/2012,4
53-7062,53-7062.00,"Laborers and Freight, Stock, and Material Movers, Hand",Administration and Management,3.42,08/2024,5
53-7062,53-7062.00,"Laborers and Freight, Stock, and Material Movers, Hand",Customer and Personal Service,3.39,08/2024,6
53-7062,53-7062.04,Recycling and Reclamation Workers,Education and Training,3.35,07/2012,7
53-7062,53-7062.04,Recycling and Reclamation Workers,Customer and Personal Service,3.21,07/2012,8
53-7062,53-7062.00,"Laborers and Freight, Stock, and Material Movers, Hand",Public Safety and Security,3.2,08/2024,9
53-7062,53-7062.00,"Laborers and Freight, Stock, and Material Movers, Hand",Transportation,3.15,08/2024,10
53-7062,53-7062.00,"Laborers and Freight, Stock, and Material Movers, Hand",Production and Processing,3.1,08/2024,11
53-7062,53-7062.04,Recycling and Reclamation Workers,English Language,3.1,07/2012,12
53-7062,53-7062.00,"Laborers and Freight, Stock, and Material Movers, Hand",Mathematics,3.05,08/2024,13
53-7062,53-7062.04,Recycling and Reclamation Workers,Personnel and Human Resources,3.02,07/2012,14
53-7062,53-7062.04,Recycling and Reclamation Workers,Sales and Marketing,2.95,07/2012,15
53-7063,53-7063.00,Machine Feeders and Offbearers,Production and Processing,3.44,07/2016,1
53-7063,53-7063.00,Machine Feeders and Offbearers,Mechanical,3.1,07/2016,2
53-7063,53-7063.00,Machine Feeders and Offbearers,Mathematics,3.02,07/2016,3
53-7063,53-7063.00,Machine Feeders and Offbearers,English Language,2.9,07/2016,4
53-7063,53-7063.00,Machine Feeders and Offbearers,Public Safety and Security,2.73,07/2016,5
53-7063,53-7063.00,Machine Feeders and Offbearers,Education and Training,2.69,07/2016,6
53-7063,53-7063.00,Machine Feeders and Offbearers,Administrative,2.57,07/2016,7
53-7063,53-7063.00,Machine Feeders and Offbearers,Administration and Management,2.51,07/2016,8
53-7063,53-7063.00,Machine Feeders and Offbearers,Computers and Electronics,2.39,07/2016,9
53-7063,53-7063.00,Machine Feeders and Offbearers,Personnel and Human Resources,2.28,07/2016,10
53-7063,53-7063.00,Machine Feeders and Offbearers,Transportation,2.27,07/2016,11
53-7063,53-7063.00,Machine Feeders and Offbearers,Customer and Personal Service,2.22,07/2016,12
53-7063,53-7063.00,Machine Feeders and Offbearers,Engineering and Technology,2.19,07/2016,13
53-7063,53-7063.00,Machine Feeders and Offbearers,Design,2.12,07/2016,14
53-7063,53-7063.00,Machine Feeders and Offbearers,Economics and Accounting,2.02,07/2016,15
53-7064,53-7064.00,"Packers and Packagers, Hand",Production and Processing,3.97,08/2020,1
53-7064,53-7064.00,"Packers and Packagers, Hand",Customer and Personal Service,3.2,08/2020,2
53-7064,53-7064.00,"Packers and Packagers, Hand",English Language,2.98,08/2020,3
53-7064,53-7064.00,"Packers and Packagers, Hand",Administrative,2.79,08/2020,4
53-7064,53-7064.00,"Packers and Packagers, Hand",Mathematics,2.73,08/2020,5
53-7064,53-7064.00,"Packers and Packagers, Hand",Public Safety and Security,2.7,08/2020,6
53-7064,53-7064.00,"Packers and Packagers, Hand",Mechanical,2.63,08/2020,7
53-7064,53-7064.00,"Packers and Packagers, Hand",Computers and Electronics,2.56,08/2020,8
53-7064,53-7064.00,"Packers and Packagers, Hand",Chemistry,2.45,08/2020,9
53-7064,53-7064.00,"Packers and Packagers, Hand",Transportation,2.36,08/2020,10
53-7064,53-7064.00,"Packers and Packagers, Hand",Building and Construction,2.31,08/2020,11
53-7064,53-7064.00,"Packers and Packagers, Hand",Engineering and Technology,2.26,08/2020,12
53-7064,53-7064.00,"Packers and Packagers, Hand",Education and Training,2.15,08/2020,13
53-7064,53-7064.00,"Packers and Packagers, Hand",Design,2.1,08/2020,14
53-7064,53-7064.00,"Packers and Packagers, Hand",Administration and Management,2.08,08/2020,15
53-7065,53-7065.00,Stockers and Order Fillers,Customer and Personal Service,3.22,08/2022,1
53-7065,53-7065.00,Stockers and Order Fillers,English Language,3.1,08/2022,2
53-7065,53-7065.00,Stockers and Order Fillers,Public Safety and Security,2.75,08/2022,3
53-7065,53-7065.00,Stockers and Order Fillers,Transportation,2.75,08/2022,4
53-7065,53-7065.00,Stockers and Order Fillers,Mathematics,2.58,08/2022,5
53-7065,53-7065.00,Stockers and Order Fillers,Administrative,2.45,08/2022,6
53-7065,53-7065.00,Stockers and Order Fillers,Education and Training,2.33,08/2022,7
53-7065,53-7065.00,Stockers and Order Fillers,Computers and Electronics,2.26,08/2022,8
53-7065,53-7065.00,Stockers and Order Fillers,Sales and Marketing,2.2,08/2022,9
53-7065,53-7065.00,Stockers and Order Fillers,Communications and Media,2.16,08/2022,10
53-7065,53-7065.00,Stockers and Order Fillers,Production and Processing,2.15,08/2022,11
53-7065,53-7065.00,Stockers and Order Fillers,Telecommunications,2.09,08/2022,12
53-7065,53-7065.00,Stockers and Order Fillers,Administration and Management,2.07,08/2022,13
53-7065,53-7065.00,Stockers and Order Fillers,Law and Government,1.83,08/2022,14
53-7065,53-7065.00,Stockers and Order Fillers,Geography,1.78,08/2022,15
53-7071,53-7071.00,Gas Compressor and Gas Pumping Station Operators,Production and Processing,4.6,07/2017,1
53-7071,53-7071.00,Gas Compressor and Gas Pumping Station Operators,Mechanical,4.28,07/2017,2
53-7071,53-7071.00,Gas Compressor and Gas Pumping Station Operators,Public Safety and Security,3.85,07/2017,3
53-7071,53-7071.00,Gas Compressor and Gas Pumping Station Operators,Administration and Management,3.83,07/2017,4
53-7071,53-7071.00,Gas Compressor and Gas Pumping Station Operators,Chemistry,3.71,07/2017,5
53-7071,53-7071.00,Gas Compressor and Gas Pumping Station Operators,English Language,3.57,07/2017,6
53-7071,53-7071.00,Gas Compressor and Gas Pumping Station Operators,Education and Training,3.46,07/2017,7
53-7071,53-7071.00,Gas Compressor and Gas Pumping Station Operators,Mathematics,3.38,07/2017,8
53-7071,53-7071.00,Gas Compressor and Gas Pumping Station Operators,Computers and Electronics,3.36,07/2017,9
53-7071,53-7071.00,Gas Compressor and Gas Pumping Station Operators,Physics,3.15,07/2017,10
53-7071,53-7071.00,Gas Compressor and Gas Pumping Station Operators,Engineering and Technology,3.11,07/2017,11
53-7071,53-7071.00,Gas Compressor and Gas Pumping Station Operators,Customer and Personal Service,3.03,07/2017,12
53-7071,53-7071.00,Gas Compressor and Gas Pumping Station Operators,Design,2.69,07/2017,13
53-7071,53-7071.00,Gas Compressor and Gas Pumping Station Operators,Administrative,2.63,07/2017,14
53-7071,53-7071.00,Gas Compressor and Gas Pumping Station Operators,Building and Construction,2.56,07/2017,15
53-7072,53-7072.00,"Pump Operators, Except Wellhead Pumpers",Production and Processing,3.44,08/2021,1
53-7072,53-7072.00,"Pump Operators, Except Wellhead Pumpers",Mechanical,3.28,08/2021,2
53-7072,53-7072.00,"Pump Operators, Except Wellhead Pumpers",English Language,3.28,08/2021,3
53-7072,53-7072.00,"Pump Operators, Except Wellhead Pumpers",Mathematics,3.03,08/2021,4
53-7072,53-7072.00,"Pump Operators, Except Wellhead Pumpers",Administration and Management,2.97,08/2021,5
53-7072,53-7072.00,"Pump Operators, Except Wellhead Pumpers",Computers and Electronics,2.95,08/2021,6
53-7072,53-7072.00,"Pump Operators, Except Wellhead Pumpers",Engineering and Technology,2.91,08/2021,7
53-7072,53-7072.00,"Pump Operators, Except Wellhead Pumpers",Public Safety and Security,2.69,08/2021,8
53-7072,53-7072.00,"Pump Operators, Except Wellhead Pumpers",Administrative,2.66,08/2021,9
53-7072,53-7072.00,"Pump Operators, Except Wellhead Pumpers",Education and Training,2.59,08/2021,10
53-7072,53-7072.00,"Pump Operators, Except Wellhead Pumpers",Personnel and Human Resources,2.49,08/2021,11
53-7072,53-7072.00,"Pump Operators, Except Wellhead Pumpers",Customer and Personal Service,2.46,08/2021,12
53-7072,53-7072.00,"Pump Operators, Except Wellhead Pumpers",Chemistry,2.42,08/2021,13
53-7072,53-7072.00,"Pump Operators, Except Wellhead Pumpers",Transportation,2.27,08/2021,14
53-7072,53-7072.00,"Pump Operators, Except Wellhead Pumpers",Physics,2.23,08/2021,15
53-7073,53-7073.00,Wellhead Pumpers,Mechanical,3.69,08/2019,1
53-7073,53-7073.00,Wellhead Pumpers,Mathematics,3.02,08/2019,2
53-7073,53-7073.00,Wellhead Pumpers,Administrative,2.85,08/2019,3
53-7073,53-7073.00,Wellhead Pumpers,Chemistry,2.82,08/2019,4
53-7073,53-7073.00,Wellhead Pumpers,Production and Processing,2.79,08/2019,5
53-7073,53-7073.00,Wellhead Pumpers,English Language,2.72,08/2019,6
53-7073,53-7073.00,Wellhead Pumpers,Public Safety and Security,2.57,08/2019,7
53-7073,53-7073.00,Wellhead Pumpers,Computers and Electronics,2.55,08/2019,8
53-7073,53-7073.00,Wellhead Pumpers,Administration and Management,2.49,08/2019,9
53-7073,53-7073.00,Wellhead Pumpers,Design,2.42,08/2019,10
53-7073,53-7073.00,Wellhead Pumpers,Personnel and Human Resources,2.41,08/2019,11
53-7073,53-7073.00,Wellhead Pumpers,Building and Construction,2.41,08/2019,12
53-7073,53-7073.00,Wellhead Pumpers,Law and Government,2.41,08/2019,13
53-7073,53-7073.00,Wellhead Pumpers,Education and Training,2.37,08/2019,14
53-7073,53-7073.00,Wellhead Pumpers,Physics,2.34,08/2019,15
53-7081,53-7081.00,Refuse and Recyclable Material Collectors,Mechanical,3.22,08/2023,1
53-7081,53-7081.00,Refuse and Recyclable Material Collectors,English Language,2.8,08/2023,2
53-7081,53-7081.00,Refuse and Recyclable Material Collectors,Transportation,2.6,08/2023,3
53-7081,53-7081.00,Refuse and Recyclable Material Collectors,Customer and Personal Service,2.55,08/2023,4
53-7081,53-7081.00,Refuse and Recyclable Material Collectors,Public Safety and Security,2.55,08/2023,5
53-7081,53-7081.00,Refuse and Recyclable Material Collectors,Administration and Management,2.12,08/2023,6
53-7081,53-7081.00,Refuse and Recyclable Material Collectors,Telecommunications,2.03,08/2023,7
53-7081,53-7081.00,Refuse and Recyclable Material Collectors,Computers and Electronics,2.02,08/2023,8
53-7081,53-7081.00,Refuse and Recyclable Material Collectors,Mathematics,2.01,08/2023,9
53-7081,53-7081.00,Refuse and Recyclable Material Collectors,Education and Training,1.96,08/2023,10
53-7081,53-7081.00,Refuse and Recyclable Material Collectors,Production and Processing,1.89,08/2023,11
53-7081,53-7081.00,Refuse and Recyclable Material Collectors,Administrative,1.88,08/2023,12
53-7081,53-7081.00,Refuse and Recyclable Material Collectors,Law and Government,1.82,08/2023,13
53-7081,53-7081.00,Refuse and Recyclable Material Collectors,Geography,1.77,08/2023,14
53-7081,53-7081.00,Refuse and Recyclable Material Collectors,Economics and Accounting,1.75,08/2023,15
53-7121,53-7121.00,"Tank Car, Truck, and Ship Loaders",Transportation,3.53,08/2019,1
53-7121,53-7121.00,"Tank Car, Truck, and Ship Loaders",Production and Processing,3.3,08/2019,2
53-7121,53-7121.00,"Tank Car, Truck, and Ship Loaders",English Language,3.27,08/2019,3
53-7121,53-7121.00,"Tank Car, Truck, and Ship Loaders",Public Safety and Security,3.15,08/2019,4
53-7121,53-7121.00,"Tank Car, Truck, and Ship Loaders",Mechanical,2.94,08/2019,5
53-7121,53-7121.00,"Tank Car, Truck, and Ship Loaders",Education and Training,2.5,08/2019,6
53-7121,53-7121.00,"Tank Car, Truck, and Ship Loaders",Computers and Electronics,2.47,08/2019,7
53-7121,53-7121.00,"Tank Car, Truck, and Ship Loaders",Administrative,2.43,08/2019,8
53-7121,53-7121.00,"Tank Car, Truck, and Ship Loaders",Chemistry,2.38,08/2019,9
53-7121,53-7121.00,"Tank Car, Truck, and Ship Loaders",Customer and Personal Service,2.27,08/2019,10
53-7121,53-7121.00,"Tank Car, Truck, and Ship Loaders",Mathematics,2.27,08/2019,11
53-7121,53-7121.00,"Tank Car, Truck, and Ship Loaders",Telecommunications,2.13,08/2019,12
53-7121,53-7121.00,"Tank Car, Truck, and Ship Loaders",Administration and Management,2.1,08/2019,13
53-7121,53-7121.00,"Tank Car, Truck, and Ship Loaders",Personnel and Human Resources,2.01,08/2019,14
53-7121,53-7121.00,"Tank Car, Truck, and Ship Loaders",Physics,1.82,08/2019,15
