soc_code,onet_soc_code,occupation_title,education_level,respondent_share_percent,source_date,rank
11-1011,11-1011.00,Chief Executives,Master's degree,45.91,08/2023,1
11-1011,11-1011.00,Chief Executives,Bachelor's degree,32.29,08/2023,2
11-1011,11-1011.00,Chief Executives,Associate's degree,5.15,08/2023,3
11-1011,11-1011.00,Chief Executives,Doctoral degree,4.92,08/2023,4
11-1011,11-1011.00,Chief Executives,High school diploma or equivalent,4.46,08/2023,5
11-1011,11-1011.00,Chief Executives,Post-master's certificate,3.94,08/2023,6
11-1021,11-1021.00,General and Operations Managers,High school diploma or equivalent,28.76,08/2023,1
11-1021,11-1021.00,General and Operations Managers,Bachelor's degree,27.3,08/2023,2
11-1021,11-1021.00,General and Operations Managers,"Some college, no degree",21.59,08/2023,3
11-1021,11-1021.00,General and Operations Managers,Less than high school diploma,10.35,08/2023,4
11-1021,11-1021.00,General and Operations Managers,Associate's degree,5.99,08/2023,5
11-1021,11-1021.00,General and Operations Managers,Post-secondary certificate,5.72,08/2023,6
11-2011,11-2011.00,Advertising and Promotions Managers,Bachelor's degree,60.02,08/2018,1
11-2011,11-2011.00,Advertising and Promotions Managers,High school diploma or equivalent,9.82,08/2018,2
11-2011,11-2011.00,Advertising and Promotions Managers,Associate's degree,8.04,08/2018,3
11-2011,11-2011.00,Advertising and Promotions Managers,"Some college, no degree",7.67,08/2018,4
11-2011,11-2011.00,Advertising and Promotions Managers,Less than high school diploma,6.16,08/2018,5
11-2011,11-2011.00,Advertising and Promotions Managers,Master's degree,5.87,08/2018,6
11-2021,11-2021.00,Marketing Managers,Bachelor's degree,55.76,07/2015,1
11-2021,11-2021.00,Marketing Managers,Master's degree,24.36,07/2015,2
11-2021,11-2021.00,Marketing Managers,First professional degree,10.52,07/2015,3
11-2021,11-2021.00,Marketing Managers,High school diploma or equivalent,3.53,07/2015,4
11-2021,11-2021.00,Marketing Managers,Associate's degree,3.03,07/2015,5
11-2021,11-2021.00,Marketing Managers,"Some college, no degree",2.8,07/2015,6
11-2033,11-2033.00,Fundraising Managers,Master's degree,10.93,08/2025,1
11-2033,11-2033.00,Fundraising Managers,Associate's degree,3.93,08/2025,2
11-2033,11-2033.00,Fundraising Managers,Less than high school diploma,0.0,08/2025,3
11-2033,11-2033.00,Fundraising Managers,High school diploma or equivalent,0.0,08/2025,4
11-2033,11-2033.00,Fundraising Managers,Post-secondary certificate,0.0,08/2025,5
11-2033,11-2033.00,Fundraising Managers,Post-baccalaureate certificate,0.0,08/2025,6
11-3012,11-3012.00,Administrative Services Managers,High school diploma or equivalent,33.56,07/2017,1
11-3012,11-3012.00,Administrative Services Managers,Bachelor's degree,24.28,07/2017,2
11-3012,11-3012.00,Administrative Services Managers,"Some college, no degree",13.18,07/2017,3
11-3012,11-3012.00,Administrative Services Managers,Post-secondary certificate,13.16,07/2017,4
11-3012,11-3012.00,Administrative Services Managers,Associate's degree,11.84,07/2017,5
11-3012,11-3012.00,Administrative Services Managers,Master's degree,3.87,07/2017,6
11-3013,11-3013.00,Facilities Managers,Associate's degree,57.34,08/2024,1
11-3013,11-3013.00,Facilities Managers,High school diploma or equivalent,14.59,08/2024,2
11-3013,11-3013.00,Facilities Managers,"Some college, no degree",11.3,08/2024,3
11-3013,11-3013.00,Facilities Managers,Post-secondary certificate,9.36,08/2024,4
11-3013,11-3013.00,Facilities Managers,Bachelor's degree,7.06,08/2024,5
11-3013,11-3013.00,Facilities Managers,Post-baccalaureate certificate,0.18,08/2024,6
11-3021,11-3021.00,Computer and Information Systems Managers,Bachelor's degree,47.68,07/2016,1
11-3021,11-3021.00,Computer and Information Systems Managers,"Some college, no degree",25.96,07/2016,2
11-3021,11-3021.00,Computer and Information Systems Managers,Master's degree,14.36,07/2016,3
11-3021,11-3021.00,Computer and Information Systems Managers,Post-secondary certificate,5.77,07/2016,4
11-3021,11-3021.00,Computer and Information Systems Managers,Post-baccalaureate certificate,2.8,07/2016,5
11-3021,11-3021.00,Computer and Information Systems Managers,Associate's degree,2.16,07/2016,6
11-3031,11-3031.03,Investment Fund Managers,Master's degree,63.33,07/2014,1
11-3031,11-3031.00,Financial Managers,Bachelor's degree,56.31,08/2022,2
11-3031,11-3031.03,Investment Fund Managers,Bachelor's degree,32.66,07/2014,3
11-3031,11-3031.00,Financial Managers,Post-baccalaureate certificate,21.0,08/2022,4
11-3031,11-3031.00,Financial Managers,High school diploma or equivalent,14.24,08/2022,5
11-3031,11-3031.00,Financial Managers,"Some college, no degree",4.56,08/2022,6
11-3051,11-3051.01,Quality Control Systems Managers,Bachelor's degree,100.0,08/2022,1
11-3051,11-3051.04,Biomass Power Plant Managers,Bachelor's degree,61.49,08/2020,2
11-3051,11-3051.02,Geothermal Production Managers,"Some college, no degree",47.61,07/2011,3
11-3051,11-3051.03,Biofuels Production Managers,Bachelor's degree,45.44,07/2016,4
11-3051,11-3051.00,Industrial Production Managers,High school diploma or equivalent,29.42,08/2021,5
11-3051,11-3051.06,Hydroelectric Production Managers,Post-secondary certificate,28.95,07/2016,6
11-9031,11-9031.00,"Education and Childcare Administrators, Preschool and Daycare",High school diploma or equivalent,25.65,08/2018,1
11-9031,11-9031.00,"Education and Childcare Administrators, Preschool and Daycare","Some college, no degree",19.7,08/2018,2
11-9031,11-9031.00,"Education and Childcare Administrators, Preschool and Daycare",Bachelor's degree,10.33,08/2018,3
11-9031,11-9031.00,"Education and Childcare Administrators, Preschool and Daycare",Post-secondary certificate,6.18,08/2018,4
11-9031,11-9031.00,"Education and Childcare Administrators, Preschool and Daycare",Post-baccalaureate certificate,5.97,08/2018,5
11-9031,11-9031.00,"Education and Childcare Administrators, Preschool and Daycare",Master's degree,0.22,08/2018,6
11-9032,11-9032.00,"Education Administrators, Kindergarten through Secondary",Master's degree,60.71,08/2025,1
11-9032,11-9032.00,"Education Administrators, Kindergarten through Secondary",Bachelor's degree,23.72,08/2025,2
11-9032,11-9032.00,"Education Administrators, Kindergarten through Secondary",Post-master's certificate,15.57,08/2025,3
11-9032,11-9032.00,"Education Administrators, Kindergarten through Secondary",Less than high school diploma,0.0,08/2025,4
11-9032,11-9032.00,"Education Administrators, Kindergarten through Secondary",High school diploma or equivalent,0.0,08/2025,5
11-9032,11-9032.00,"Education Administrators, Kindergarten through Secondary",Post-secondary certificate,0.0,08/2025,6
11-9033,11-9033.00,"Education Administrators, Postsecondary",Master's degree,47.94,08/2018,1
11-9033,11-9033.00,"Education Administrators, Postsecondary",Doctoral degree,37.24,08/2018,2
11-9033,11-9033.00,"Education Administrators, Postsecondary",Bachelor's degree,7.62,08/2018,3
11-9033,11-9033.00,"Education Administrators, Postsecondary",Post-doctoral training,7.2,08/2018,4
11-9033,11-9033.00,"Education Administrators, Postsecondary",Less than high school diploma,0.0,08/2018,5
11-9033,11-9033.00,"Education Administrators, Postsecondary",High school diploma or equivalent,0.0,08/2018,6
11-9041,11-9041.01,Biofuels/Biodiesel Technology and Product Development Managers,Bachelor's degree,55.44,07/2014,1
11-9041,11-9041.00,Architectural and Engineering Managers,Bachelor's degree,45.52,08/2020,2
11-9041,11-9041.01,Biofuels/Biodiesel Technology and Product Development Managers,Master's degree,28.62,07/2014,3
11-9041,11-9041.00,Architectural and Engineering Managers,Master's degree,27.04,08/2020,4
11-9041,11-9041.00,Architectural and Engineering Managers,First professional degree,12.15,08/2020,5
11-9041,11-9041.00,Architectural and Engineering Managers,Post-master's certificate,11.85,08/2020,6
11-9051,11-9051.00,Food Service Managers,High school diploma or equivalent,29.66,08/2025,1
11-9051,11-9051.00,Food Service Managers,Post-secondary certificate,21.34,08/2025,2
11-9051,11-9051.00,Food Service Managers,Associate's degree,18.56,08/2025,3
11-9051,11-9051.00,Food Service Managers,Less than high school diploma,16.14,08/2025,4
11-9051,11-9051.00,Food Service Managers,Bachelor's degree,9.73,08/2025,5
11-9051,11-9051.00,Food Service Managers,"Some college, no degree",4.56,08/2025,6
11-9071,11-9071.00,Gambling Managers,High school diploma or equivalent,56.51,08/2023,1
11-9071,11-9071.00,Gambling Managers,"Some college, no degree",30.01,08/2023,2
11-9071,11-9071.00,Gambling Managers,Post-secondary certificate,6.74,08/2023,3
11-9071,11-9071.00,Gambling Managers,Bachelor's degree,6.74,08/2023,4
11-9071,11-9071.00,Gambling Managers,Less than high school diploma,0.0,08/2023,5
11-9071,11-9071.00,Gambling Managers,Associate's degree,0.0,08/2023,6
11-9072,11-9072.00,"Entertainment and Recreation Managers, Except Gambling",Bachelor's degree,52.12,08/2025,1
11-9072,11-9072.00,"Entertainment and Recreation Managers, Except Gambling","Some college, no degree",23.06,08/2025,2
11-9072,11-9072.00,"Entertainment and Recreation Managers, Except Gambling",Associate's degree,16.79,08/2025,3
11-9072,11-9072.00,"Entertainment and Recreation Managers, Except Gambling",Master's degree,7.35,08/2025,4
11-9072,11-9072.00,"Entertainment and Recreation Managers, Except Gambling",High school diploma or equivalent,0.69,08/2025,5
11-9072,11-9072.00,"Entertainment and Recreation Managers, Except Gambling",Less than high school diploma,0.0,08/2025,6
11-9081,11-9081.00,Lodging Managers,Bachelor's degree,71.6,07/2017,1
11-9081,11-9081.00,Lodging Managers,"Some college, no degree",5.89,07/2017,2
11-9081,11-9081.00,Lodging Managers,Associate's degree,3.05,07/2017,3
11-9081,11-9081.00,Lodging Managers,High school diploma or equivalent,1.15,07/2017,4
11-9081,11-9081.00,Lodging Managers,Post-secondary certificate,0.0,07/2017,5
11-9081,11-9081.00,Lodging Managers,Post-baccalaureate certificate,0.0,07/2017,6
11-9121,11-9121.01,Clinical Research Coordinators,Bachelor's degree,60.13,08/2021,1
11-9121,11-9121.00,Natural Sciences Managers,Bachelor's degree,35.07,08/2021,2
11-9121,11-9121.00,Natural Sciences Managers,Post-doctoral training,26.7,08/2021,3
11-9121,11-9121.00,Natural Sciences Managers,Master's degree,15.07,08/2021,4
11-9121,11-9121.00,Natural Sciences Managers,Doctoral degree,13.62,08/2021,5
11-9121,11-9121.01,Clinical Research Coordinators,Post-secondary certificate,11.58,08/2021,6
11-9131,11-9131.00,Postmasters and Mail Superintendents,High school diploma or equivalent,62.1,07/2016,1
11-9131,11-9131.00,Postmasters and Mail Superintendents,Bachelor's degree,13.44,07/2016,2
11-9131,11-9131.00,Postmasters and Mail Superintendents,"Some college, no degree",11.07,07/2016,3
11-9131,11-9131.00,Postmasters and Mail Superintendents,Post-secondary certificate,6.69,07/2016,4
11-9131,11-9131.00,Postmasters and Mail Superintendents,Associate's degree,6.69,07/2016,5
11-9131,11-9131.00,Postmasters and Mail Superintendents,Less than high school diploma,0.0,07/2016,6
11-9151,11-9151.00,Social and Community Service Managers,Bachelor's degree,50.36,08/2018,1
11-9151,11-9151.00,Social and Community Service Managers,Master's degree,23.93,08/2018,2
11-9151,11-9151.00,Social and Community Service Managers,Associate's degree,8.15,08/2018,3
11-9151,11-9151.00,Social and Community Service Managers,Post-master's certificate,8.12,08/2018,4
11-9151,11-9151.00,Social and Community Service Managers,High school diploma or equivalent,7.24,08/2018,5
11-9151,11-9151.00,Social and Community Service Managers,"Some college, no degree",2.19,08/2018,6
11-9171,11-9171.00,Funeral Home Managers,Associate's degree,49.85,08/2024,1
11-9171,11-9171.00,Funeral Home Managers,High school diploma or equivalent,25.54,08/2024,2
11-9171,11-9171.00,Funeral Home Managers,Post-secondary certificate,14.63,08/2024,3
11-9171,11-9171.00,Funeral Home Managers,Post-baccalaureate certificate,5.33,08/2024,4
11-9171,11-9171.00,Funeral Home Managers,"Some college, no degree",3.49,08/2024,5
11-9171,11-9171.00,Funeral Home Managers,Bachelor's degree,1.16,08/2024,6
11-9179,11-9179.02,Spa Managers,Associate's degree,25.29,07/2012,1
11-9179,11-9179.02,Spa Managers,High school diploma or equivalent,6.23,07/2012,2
11-9179,11-9179.02,Spa Managers,Master's degree,0.44,07/2012,3
11-9179,11-9179.02,Spa Managers,Less than high school diploma,0.0,07/2012,4
11-9179,11-9179.02,Spa Managers,Post-baccalaureate certificate,0.0,07/2012,5
11-9179,11-9179.02,Spa Managers,Post-master's certificate,0.0,07/2012,6
11-9199,11-9199.10,Wind Energy Development Managers,Bachelor's degree,66.85,07/2016,1
11-9199,11-9199.02,Compliance Managers,Bachelor's degree,63.38,08/2019,2
11-9199,11-9199.09,Wind Energy Operations Managers,Associate's degree,39.7,08/2021,3
11-9199,11-9199.09,Wind Energy Operations Managers,Bachelor's degree,34.76,08/2021,4
11-9199,11-9199.10,Wind Energy Development Managers,Associate's degree,18.27,07/2016,5
11-9199,11-9199.09,Wind Energy Operations Managers,High school diploma or equivalent,14.92,08/2021,6
13-1011,13-1011.00,"Agents and Business Managers of Artists, Performers, and Athletes",Bachelor's degree,41.33,08/2020,1
13-1011,13-1011.00,"Agents and Business Managers of Artists, Performers, and Athletes",High school diploma or equivalent,37.97,08/2020,2
13-1011,13-1011.00,"Agents and Business Managers of Artists, Performers, and Athletes",Master's degree,16.8,08/2020,3
13-1011,13-1011.00,"Agents and Business Managers of Artists, Performers, and Athletes","Some college, no degree",2.56,08/2020,4
13-1011,13-1011.00,"Agents and Business Managers of Artists, Performers, and Athletes",Less than high school diploma,1.34,08/2020,5
13-1011,13-1011.00,"Agents and Business Managers of Artists, Performers, and Athletes",Post-secondary certificate,0.0,08/2020,6
13-1021,13-1021.00,"Buyers and Purchasing Agents, Farm Products",Bachelor's degree,76.83,07/2013,1
13-1021,13-1021.00,"Buyers and Purchasing Agents, Farm Products",Associate's degree,8.29,07/2013,2
13-1021,13-1021.00,"Buyers and Purchasing Agents, Farm Products",High school diploma or equivalent,7.6,07/2013,3
13-1021,13-1021.00,"Buyers and Purchasing Agents, Farm Products","Some college, no degree",7.28,07/2013,4
13-1021,13-1021.00,"Buyers and Purchasing Agents, Farm Products",Less than high school diploma,0.0,07/2013,5
13-1021,13-1021.00,"Buyers and Purchasing Agents, Farm Products",Post-secondary certificate,0.0,07/2013,6
13-1022,13-1022.00,"Wholesale and Retail Buyers, Except Farm Products",Bachelor's degree,34.65,07/2015,1
13-1022,13-1022.00,"Wholesale and Retail Buyers, Except Farm Products",High school diploma or equivalent,20.3,07/2015,2
13-1022,13-1022.00,"Wholesale and Retail Buyers, Except Farm Products",Less than high school diploma,13.92,07/2015,3
13-1022,13-1022.00,"Wholesale and Retail Buyers, Except Farm Products",Associate's degree,11.43,07/2015,4
13-1022,13-1022.00,"Wholesale and Retail Buyers, Except Farm Products",Post-secondary certificate,10.3,07/2015,5
13-1022,13-1022.00,"Wholesale and Retail Buyers, Except Farm Products","Some college, no degree",8.21,07/2015,6
13-1031,13-1031.00,"Claims Adjusters, Examiners, and Investigators",Bachelor's degree,55.82,08/2022,1
13-1031,13-1031.00,"Claims Adjusters, Examiners, and Investigators",High school diploma or equivalent,13.11,08/2022,2
13-1031,13-1031.00,"Claims Adjusters, Examiners, and Investigators",Associate's degree,12.01,08/2022,3
13-1031,13-1031.00,"Claims Adjusters, Examiners, and Investigators","Some college, no degree",11.93,08/2022,4
13-1031,13-1031.00,"Claims Adjusters, Examiners, and Investigators",Doctoral degree,3.95,08/2022,5
13-1031,13-1031.00,"Claims Adjusters, Examiners, and Investigators",Post-secondary certificate,2.59,08/2022,6
13-1032,13-1032.00,"Insurance Appraisers, Auto Damage","Some college, no degree",30.6,07/2016,1
13-1032,13-1032.00,"Insurance Appraisers, Auto Damage",Post-secondary certificate,28.84,07/2016,2
13-1032,13-1032.00,"Insurance Appraisers, Auto Damage",High school diploma or equivalent,23.88,07/2016,3
13-1032,13-1032.00,"Insurance Appraisers, Auto Damage",Associate's degree,15.21,07/2016,4
13-1032,13-1032.00,"Insurance Appraisers, Auto Damage",Bachelor's degree,1.47,07/2016,5
13-1032,13-1032.00,"Insurance Appraisers, Auto Damage",Less than high school diploma,0.0,07/2016,6
13-1041,13-1041.03,Equal Opportunity Representatives and Officers,Bachelor's degree,65.76,07/2015,1
13-1041,13-1041.04,Government Property Inspectors and Investigators,Bachelor's degree,39.34,07/2016,2
13-1041,13-1041.04,Government Property Inspectors and Investigators,Associate's degree,24.68,07/2016,3
13-1041,13-1041.04,Government Property Inspectors and Investigators,Post-secondary certificate,16.22,07/2016,4
13-1041,13-1041.03,Equal Opportunity Representatives and Officers,"Some college, no degree",14.07,07/2015,5
13-1041,13-1041.03,Equal Opportunity Representatives and Officers,Master's degree,11.87,07/2015,6
13-1071,13-1071.00,Human Resources Specialists,Bachelor's degree,46.59,08/2019,1
13-1071,13-1071.00,Human Resources Specialists,High school diploma or equivalent,13.52,08/2019,2
13-1071,13-1071.00,Human Resources Specialists,Associate's degree,7.16,08/2019,3
13-1071,13-1071.00,Human Resources Specialists,"Some college, no degree",4.82,08/2019,4
13-1071,13-1071.00,Human Resources Specialists,Post-baccalaureate certificate,1.69,08/2019,5
13-1071,13-1071.00,Human Resources Specialists,Post-secondary certificate,1.31,08/2019,6
13-1074,13-1074.00,Farm Labor Contractors,"Some college, no degree",8.9,06/2008,1
13-1074,13-1074.00,Farm Labor Contractors,Associate's degree,0.14,06/2008,2
13-1074,13-1074.00,Farm Labor Contractors,Master's degree,0.14,06/2008,3
13-1121,13-1121.00,"Meeting, Convention, and Event Planners",Bachelor's degree,40.8,07/2016,1
13-1121,13-1121.00,"Meeting, Convention, and Event Planners",High school diploma or equivalent,7.85,07/2016,2
13-1121,13-1121.00,"Meeting, Convention, and Event Planners",Associate's degree,7.49,07/2016,3
13-1121,13-1121.00,"Meeting, Convention, and Event Planners",Post-secondary certificate,6.64,07/2016,4
13-1121,13-1121.00,"Meeting, Convention, and Event Planners",Less than high school diploma,0.0,07/2016,5
13-1121,13-1121.00,"Meeting, Convention, and Event Planners",Post-baccalaureate certificate,0.0,07/2016,6
13-1199,13-1199.06,Online Merchants,Bachelor's degree,41.29,07/2014,1
13-1199,13-1199.06,Online Merchants,High school diploma or equivalent,32.67,07/2014,2
13-1199,13-1199.06,Online Merchants,Post-secondary certificate,12.12,07/2014,3
13-1199,13-1199.06,Online Merchants,"Some college, no degree",8.71,07/2014,4
13-1199,13-1199.06,Online Merchants,Associate's degree,5.22,07/2014,5
13-1199,13-1199.06,Online Merchants,Less than high school diploma,0.0,07/2014,6
13-2031,13-2031.00,Budget Analysts,Bachelor's degree,77.48,08/2024,1
13-2031,13-2031.00,Budget Analysts,High school diploma or equivalent,12.57,08/2024,2
13-2031,13-2031.00,Budget Analysts,Master's degree,7.59,08/2024,3
13-2031,13-2031.00,Budget Analysts,"Some college, no degree",2.37,08/2024,4
13-2031,13-2031.00,Budget Analysts,Less than high school diploma,0.0,08/2024,5
13-2031,13-2031.00,Budget Analysts,Post-secondary certificate,0.0,08/2024,6
13-2072,13-2072.00,Loan Officers,Bachelor's degree,68.74,08/2020,1
13-2072,13-2072.00,Loan Officers,"Some college, no degree",12.83,08/2020,2
13-2072,13-2072.00,Loan Officers,Associate's degree,11.18,08/2020,3
13-2072,13-2072.00,Loan Officers,High school diploma or equivalent,6.13,08/2020,4
13-2072,13-2072.00,Loan Officers,Post-baccalaureate certificate,1.12,08/2020,5
13-2072,13-2072.00,Loan Officers,Less than high school diploma,0.0,08/2020,6
13-2081,13-2081.00,"Tax Examiners and Collectors, and Revenue Agents",Bachelor's degree,33.61,08/2022,1
13-2081,13-2081.00,"Tax Examiners and Collectors, and Revenue Agents",Associate's degree,25.59,08/2022,2
13-2081,13-2081.00,"Tax Examiners and Collectors, and Revenue Agents",High school diploma or equivalent,23.17,08/2022,3
13-2081,13-2081.00,"Tax Examiners and Collectors, and Revenue Agents","Some college, no degree",13.7,08/2022,4
13-2081,13-2081.00,"Tax Examiners and Collectors, and Revenue Agents",Master's degree,3.7,08/2022,5
13-2081,13-2081.00,"Tax Examiners and Collectors, and Revenue Agents",First professional degree,0.24,08/2022,6
15-1211,15-1211.00,Computer Systems Analysts,"Some college, no degree",4.62,08/2023,1
15-1211,15-1211.00,Computer Systems Analysts,Master's degree,1.42,08/2023,2
15-1211,15-1211.00,Computer Systems Analysts,High school diploma or equivalent,0.77,08/2023,3
15-1211,15-1211.00,Computer Systems Analysts,Post-secondary certificate,0.54,08/2023,4
15-1211,15-1211.00,Computer Systems Analysts,Less than high school diploma,0.0,08/2023,5
15-1211,15-1211.00,Computer Systems Analysts,Post-baccalaureate certificate,0.0,08/2023,6
15-1212,15-1212.00,Information Security Analysts,Bachelor's degree,52.64,08/2018,1
15-1212,15-1212.00,Information Security Analysts,Post-baccalaureate certificate,22.52,08/2018,2
15-1212,15-1212.00,Information Security Analysts,Associate's degree,12.87,08/2018,3
15-1212,15-1212.00,Information Security Analysts,Post-secondary certificate,7.16,08/2018,4
15-1212,15-1212.00,Information Security Analysts,Master's degree,2.8,08/2018,5
15-1212,15-1212.00,Information Security Analysts,"Some college, no degree",2.01,08/2018,6
15-1221,15-1221.00,Computer and Information Research Scientists,Doctoral degree,28.42,08/2019,1
15-1221,15-1221.00,Computer and Information Research Scientists,Master's degree,19.93,08/2019,2
15-1221,15-1221.00,Computer and Information Research Scientists,"Some college, no degree",8.35,08/2019,3
15-1221,15-1221.00,Computer and Information Research Scientists,Post-doctoral training,4.5,08/2019,4
15-1221,15-1221.00,Computer and Information Research Scientists,First professional degree,2.58,08/2019,5
15-1221,15-1221.00,Computer and Information Research Scientists,Less than high school diploma,0.0,08/2019,6
15-1231,15-1231.00,Computer Network Support Specialists,Bachelor's degree,46.93,07/2014,1
15-1231,15-1231.00,Computer Network Support Specialists,Associate's degree,21.68,07/2014,2
15-1231,15-1231.00,Computer Network Support Specialists,"Some college, no degree",13.63,07/2014,3
15-1231,15-1231.00,Computer Network Support Specialists,Post-secondary certificate,10.16,07/2014,4
15-1231,15-1231.00,Computer Network Support Specialists,High school diploma or equivalent,4.23,07/2014,5
15-1231,15-1231.00,Computer Network Support Specialists,Post-baccalaureate certificate,1.84,07/2014,6
15-1232,15-1232.00,Computer User Support Specialists,Associate's degree,13.74,08/2023,1
15-1232,15-1232.00,Computer User Support Specialists,First professional degree,4.05,08/2023,2
15-1232,15-1232.00,Computer User Support Specialists,"Some college, no degree",1.92,08/2023,3
15-1232,15-1232.00,Computer User Support Specialists,High school diploma or equivalent,0.32,08/2023,4
15-1232,15-1232.00,Computer User Support Specialists,Master's degree,0.32,08/2023,5
15-1232,15-1232.00,Computer User Support Specialists,Less than high school diploma,0.0,08/2023,6
15-1242,15-1242.00,Database Administrators,Bachelor's degree,88.98,08/2023,1
15-1242,15-1242.00,Database Administrators,Post-baccalaureate certificate,3.91,08/2023,2
15-1242,15-1242.00,Database Administrators,Associate's degree,3.46,08/2023,3
15-1242,15-1242.00,Database Administrators,"Some college, no degree",2.21,08/2023,4
15-1242,15-1242.00,Database Administrators,Master's degree,1.29,08/2023,5
15-1242,15-1242.00,Database Administrators,Post-secondary certificate,0.15,08/2023,6
15-1244,15-1244.00,Network and Computer Systems Administrators,Bachelor's degree,52.37,07/2017,1
15-1244,15-1244.00,Network and Computer Systems Administrators,Associate's degree,20.3,07/2017,2
15-1244,15-1244.00,Network and Computer Systems Administrators,Master's degree,10.13,07/2017,3
15-1244,15-1244.00,Network and Computer Systems Administrators,"Some college, no degree",9.72,07/2017,4
15-1244,15-1244.00,Network and Computer Systems Administrators,Post-secondary certificate,7.49,07/2017,5
15-1244,15-1244.00,Network and Computer Systems Administrators,Less than high school diploma,0.0,07/2017,6
15-1251,15-1251.00,Computer Programmers,Bachelor's degree,88.04,08/2018,1
15-1251,15-1251.00,Computer Programmers,Associate's degree,8.99,08/2018,2
15-1251,15-1251.00,Computer Programmers,"Some college, no degree",2.52,08/2018,3
15-1251,15-1251.00,Computer Programmers,Master's degree,0.45,08/2018,4
15-1251,15-1251.00,Computer Programmers,Less than high school diploma,0.0,08/2018,5
15-1251,15-1251.00,Computer Programmers,High school diploma or equivalent,0.0,08/2018,6
15-1252,15-1252.00,Software Developers,Bachelor's degree,84.8,08/2025,1
15-1252,15-1252.00,Software Developers,Associate's degree,5.07,08/2025,2
15-1252,15-1252.00,Software Developers,Master's degree,4.52,08/2025,3
15-1252,15-1252.00,Software Developers,High school diploma or equivalent,3.13,08/2025,4
15-1252,15-1252.00,Software Developers,Post-secondary certificate,1.67,08/2025,5
15-1252,15-1252.00,Software Developers,Post-baccalaureate certificate,0.81,08/2025,6
15-2099,15-2099.01,Bioinformatics Technicians,Bachelor's degree,50.89,07/2014,1
15-2099,15-2099.01,Bioinformatics Technicians,Master's degree,40.66,07/2014,2
15-2099,15-2099.01,Bioinformatics Technicians,Doctoral degree,4.11,07/2014,3
15-2099,15-2099.01,Bioinformatics Technicians,Post-baccalaureate certificate,2.45,07/2014,4
15-2099,15-2099.01,Bioinformatics Technicians,Post-doctoral training,1.89,07/2014,5
15-2099,15-2099.01,Bioinformatics Technicians,Less than high school diploma,0.0,07/2014,6
17-1021,17-1021.00,Cartographers and Photogrammetrists,Post-secondary certificate,35.73,08/2018,1
17-1021,17-1021.00,Cartographers and Photogrammetrists,Bachelor's degree,30.02,08/2018,2
17-1021,17-1021.00,Cartographers and Photogrammetrists,Associate's degree,11.15,08/2018,3
17-1021,17-1021.00,Cartographers and Photogrammetrists,Master's degree,10.99,08/2018,4
17-1021,17-1021.00,Cartographers and Photogrammetrists,"Some college, no degree",10.63,08/2018,5
17-1021,17-1021.00,Cartographers and Photogrammetrists,Post-baccalaureate certificate,1.48,08/2018,6
17-2011,17-2011.00,Aerospace Engineers,Bachelor's degree,59.05,07/2015,1
17-2011,17-2011.00,Aerospace Engineers,Master's degree,33.34,07/2015,2
17-2011,17-2011.00,Aerospace Engineers,Associate's degree,7.61,07/2015,3
17-2011,17-2011.00,Aerospace Engineers,Less than high school diploma,0.0,07/2015,4
17-2011,17-2011.00,Aerospace Engineers,High school diploma or equivalent,0.0,07/2015,5
17-2011,17-2011.00,Aerospace Engineers,Post-secondary certificate,0.0,07/2015,6
17-2071,17-2071.00,Electrical Engineers,Bachelor's degree,81.62,08/2023,1
17-2071,17-2071.00,Electrical Engineers,Associate's degree,11.04,08/2023,2
17-2071,17-2071.00,Electrical Engineers,Master's degree,7.34,08/2023,3
17-2071,17-2071.00,Electrical Engineers,Less than high school diploma,0.0,08/2023,4
17-2071,17-2071.00,Electrical Engineers,High school diploma or equivalent,0.0,08/2023,5
17-2071,17-2071.00,Electrical Engineers,Post-secondary certificate,0.0,08/2023,6
17-2072,17-2072.00,"Electronics Engineers, Except Computer",Bachelor's degree,83.3,08/2022,1
17-2072,17-2072.01,Radio Frequency Identification Device Specialists,Bachelor's degree,74.83,07/2015,2
17-2072,17-2072.00,"Electronics Engineers, Except Computer",Associate's degree,13.81,08/2022,3
17-2072,17-2072.01,Radio Frequency Identification Device Specialists,Associate's degree,10.14,07/2015,4
17-2072,17-2072.01,Radio Frequency Identification Device Specialists,Master's degree,7.66,07/2015,5
17-2072,17-2072.01,Radio Frequency Identification Device Specialists,High school diploma or equivalent,5.58,07/2015,6
17-2112,17-2112.00,Industrial Engineers,Bachelor's degree,58.62,08/2020,1
17-2112,17-2112.00,Industrial Engineers,"Some college, no degree",15.81,08/2020,2
17-2112,17-2112.00,Industrial Engineers,Master's degree,11.09,08/2020,3
17-2112,17-2112.00,Industrial Engineers,High school diploma or equivalent,7.54,08/2020,4
17-2112,17-2112.00,Industrial Engineers,Post-baccalaureate certificate,4.36,08/2020,5
17-2112,17-2112.00,Industrial Engineers,Associate's degree,2.58,08/2020,6
17-2141,17-2141.00,Mechanical Engineers,Bachelor's degree,52.29,08/2024,1
17-2141,17-2141.00,Mechanical Engineers,Associate's degree,28.63,08/2024,2
17-2141,17-2141.00,Mechanical Engineers,Post-secondary certificate,8.93,08/2024,3
17-2141,17-2141.00,Mechanical Engineers,"Some college, no degree",8.32,08/2024,4
17-2141,17-2141.00,Mechanical Engineers,High school diploma or equivalent,1.34,08/2024,5
17-2141,17-2141.00,Mechanical Engineers,Master's degree,0.49,08/2024,6
17-2151,17-2151.00,"Mining and Geological Engineers, Including Mining Safety Engineers",Bachelor's degree,79.05,08/2018,1
17-2151,17-2151.00,"Mining and Geological Engineers, Including Mining Safety Engineers",Post-baccalaureate certificate,16.69,08/2018,2
17-2151,17-2151.00,"Mining and Geological Engineers, Including Mining Safety Engineers",Master's degree,2.98,08/2018,3
17-2151,17-2151.00,"Mining and Geological Engineers, Including Mining Safety Engineers","Some college, no degree",0.64,08/2018,4
17-2151,17-2151.00,"Mining and Geological Engineers, Including Mining Safety Engineers",Associate's degree,0.64,08/2018,5
17-2151,17-2151.00,"Mining and Geological Engineers, Including Mining Safety Engineers",Less than high school diploma,0.0,08/2018,6
17-2171,17-2171.00,Petroleum Engineers,Bachelor's degree,71.61,08/2020,1
17-2171,17-2171.00,Petroleum Engineers,High school diploma or equivalent,7.55,08/2020,2
17-2171,17-2171.00,Petroleum Engineers,Master's degree,5.41,08/2020,3
17-2171,17-2171.00,Petroleum Engineers,Less than high school diploma,0.0,08/2020,4
17-2171,17-2171.00,Petroleum Engineers,Post-secondary certificate,0.0,08/2020,5
17-2171,17-2171.00,Petroleum Engineers,"Some college, no degree",0.0,08/2020,6
17-2199,17-2199.10,Wind Energy Engineers,Bachelor's degree,69.64,07/2012,1
17-2199,17-2199.05,Mechatronics Engineers,Bachelor's degree,66.14,08/2022,2
17-2199,17-2199.06,Microsystems Engineers,Master's degree,34.17,07/2016,3
17-2199,17-2199.06,Microsystems Engineers,Bachelor's degree,30.61,07/2016,4
17-2199,17-2199.06,Microsystems Engineers,Doctoral degree,21.81,07/2016,5
17-2199,17-2199.05,Mechatronics Engineers,"Some college, no degree",21.46,08/2022,6
17-3012,17-3012.00,Electrical and Electronics Drafters,Bachelor's degree,40.08,08/2022,1
17-3012,17-3012.00,Electrical and Electronics Drafters,Associate's degree,23.56,08/2022,2
17-3012,17-3012.00,Electrical and Electronics Drafters,Post-secondary certificate,21.07,08/2022,3
17-3012,17-3012.00,Electrical and Electronics Drafters,"Some college, no degree",6.74,08/2022,4
17-3012,17-3012.00,Electrical and Electronics Drafters,High school diploma or equivalent,6.1,08/2022,5
17-3012,17-3012.00,Electrical and Electronics Drafters,Master's degree,2.46,08/2022,6
17-3013,17-3013.00,Mechanical Drafters,Associate's degree,61.28,07/2017,1
17-3013,17-3013.00,Mechanical Drafters,Bachelor's degree,20.25,07/2017,2
17-3013,17-3013.00,Mechanical Drafters,Post-secondary certificate,7.98,07/2017,3
17-3013,17-3013.00,Mechanical Drafters,"Some college, no degree",7.45,07/2017,4
17-3013,17-3013.00,Mechanical Drafters,Master's degree,2.8,07/2017,5
17-3013,17-3013.00,Mechanical Drafters,First professional degree,0.13,07/2017,6
17-3021,17-3021.00,Aerospace Engineering and Operations Technologists and Technicians,Post-secondary certificate,39.23,08/2019,1
17-3021,17-3021.00,Aerospace Engineering and Operations Technologists and Technicians,High school diploma or equivalent,19.69,08/2019,2
17-3021,17-3021.00,Aerospace Engineering and Operations Technologists and Technicians,Bachelor's degree,7.92,08/2019,3
17-3021,17-3021.00,Aerospace Engineering and Operations Technologists and Technicians,Less than high school diploma,0.0,08/2019,4
17-3021,17-3021.00,Aerospace Engineering and Operations Technologists and Technicians,"Some college, no degree",0.0,08/2019,5
17-3021,17-3021.00,Aerospace Engineering and Operations Technologists and Technicians,Post-baccalaureate certificate,0.0,08/2019,6
17-3022,17-3022.00,Civil Engineering Technologists and Technicians,Post-secondary certificate,29.77,07/2017,1
17-3022,17-3022.00,Civil Engineering Technologists and Technicians,"Some college, no degree",28.09,07/2017,2
17-3022,17-3022.00,Civil Engineering Technologists and Technicians,Associate's degree,21.15,07/2017,3
17-3022,17-3022.00,Civil Engineering Technologists and Technicians,Bachelor's degree,18.34,07/2017,4
17-3022,17-3022.00,Civil Engineering Technologists and Technicians,High school diploma or equivalent,2.65,07/2017,5
17-3022,17-3022.00,Civil Engineering Technologists and Technicians,Less than high school diploma,0.0,07/2017,6
17-3024,17-3024.00,Electro-Mechanical and Mechatronics Technologists and Technicians,Post-secondary certificate,31.72,08/2022,1
17-3024,17-3024.00,Electro-Mechanical and Mechatronics Technologists and Technicians,Associate's degree,29.83,08/2022,2
17-3024,17-3024.00,Electro-Mechanical and Mechatronics Technologists and Technicians,Bachelor's degree,10.97,08/2022,3
17-3024,17-3024.00,Electro-Mechanical and Mechatronics Technologists and Technicians,High school diploma or equivalent,9.86,08/2022,4
17-3024,17-3024.00,Electro-Mechanical and Mechatronics Technologists and Technicians,"Some college, no degree",7.33,08/2022,5
17-3024,17-3024.00,Electro-Mechanical and Mechatronics Technologists and Technicians,Master's degree,5.59,08/2022,6
17-3025,17-3025.00,Environmental Engineering Technologists and Technicians,Bachelor's degree,67.31,07/2014,1
17-3025,17-3025.00,Environmental Engineering Technologists and Technicians,High school diploma or equivalent,10.79,07/2014,2
17-3025,17-3025.00,Environmental Engineering Technologists and Technicians,Post-secondary certificate,8.19,07/2014,3
17-3025,17-3025.00,Environmental Engineering Technologists and Technicians,"Some college, no degree",6.64,07/2014,4
17-3025,17-3025.00,Environmental Engineering Technologists and Technicians,Post-baccalaureate certificate,4.74,07/2014,5
17-3025,17-3025.00,Environmental Engineering Technologists and Technicians,Associate's degree,1.46,07/2014,6
17-3026,17-3026.00,Industrial Engineering Technologists and Technicians,"Some college, no degree",36.92,07/2014,1
17-3026,17-3026.00,Industrial Engineering Technologists and Technicians,Bachelor's degree,14.65,07/2014,2
17-3026,17-3026.00,Industrial Engineering Technologists and Technicians,High school diploma or equivalent,11.96,07/2014,3
17-3026,17-3026.00,Industrial Engineering Technologists and Technicians,Less than high school diploma,9.68,07/2014,4
17-3026,17-3026.00,Industrial Engineering Technologists and Technicians,Post-secondary certificate,1.25,07/2014,5
17-3026,17-3026.00,Industrial Engineering Technologists and Technicians,Post-baccalaureate certificate,0.0,07/2014,6
17-3027,17-3027.00,Mechanical Engineering Technologists and Technicians,Bachelor's degree,36.52,08/2022,1
17-3027,17-3027.00,Mechanical Engineering Technologists and Technicians,Post-secondary certificate,32.84,08/2022,2
17-3027,17-3027.00,Mechanical Engineering Technologists and Technicians,Associate's degree,14.09,08/2022,3
17-3027,17-3027.00,Mechanical Engineering Technologists and Technicians,"Some college, no degree",8.76,08/2022,4
17-3027,17-3027.00,Mechanical Engineering Technologists and Technicians,High school diploma or equivalent,7.8,08/2022,5
17-3027,17-3027.00,Mechanical Engineering Technologists and Technicians,Less than high school diploma,0.0,08/2022,6
19-1023,19-1023.00,Zoologists and Wildlife Biologists,Bachelor's degree,57.21,08/2023,1
19-1023,19-1023.00,Zoologists and Wildlife Biologists,Master's degree,39.98,08/2023,2
19-1023,19-1023.00,Zoologists and Wildlife Biologists,Post-doctoral training,2.8,08/2023,3
19-1023,19-1023.00,Zoologists and Wildlife Biologists,Less than high school diploma,0.0,08/2023,4
19-1023,19-1023.00,Zoologists and Wildlife Biologists,High school diploma or equivalent,0.0,08/2023,5
19-1023,19-1023.00,Zoologists and Wildlife Biologists,Post-secondary certificate,0.0,08/2023,6
19-1029,19-1029.04,Biologists,Master's degree,54.99,08/2025,1
19-1029,19-1029.01,Bioinformatics Scientists,Post-doctoral training,32.34,07/2012,2
19-1029,19-1029.04,Biologists,Bachelor's degree,23.4,08/2025,3
19-1029,19-1029.04,Biologists,Post-doctoral training,21.61,08/2025,4
19-1029,19-1029.01,Bioinformatics Scientists,Master's degree,16.32,07/2012,5
19-1029,19-1029.01,Bioinformatics Scientists,Doctoral degree,13.88,07/2012,6
19-1031,19-1031.02,Range Managers,Bachelor's degree,80.34,08/2020,1
19-1031,19-1031.03,Park Naturalists,Bachelor's degree,49.75,08/2023,2
19-1031,19-1031.03,Park Naturalists,Associate's degree,25.66,08/2023,3
19-1031,19-1031.03,Park Naturalists,High school diploma or equivalent,10.9,08/2023,4
19-1031,19-1031.03,Park Naturalists,Master's degree,10.24,08/2023,5
19-1031,19-1031.02,Range Managers,Associate's degree,9.73,08/2020,6
19-1032,19-1032.00,Foresters,Bachelor's degree,83.96,08/2023,1
19-1032,19-1032.00,Foresters,Associate's degree,13.3,08/2023,2
19-1032,19-1032.00,Foresters,Post-secondary certificate,1.13,08/2023,3
19-1032,19-1032.00,Foresters,"Some college, no degree",0.81,08/2023,4
19-1032,19-1032.00,Foresters,Master's degree,0.81,08/2023,5
19-1032,19-1032.00,Foresters,Less than high school diploma,0.0,08/2023,6
19-1042,19-1042.00,"Medical Scientists, Except Epidemiologists",Doctoral degree,35.91,08/2021,1
19-1042,19-1042.00,"Medical Scientists, Except Epidemiologists",Post-doctoral training,24.7,08/2021,2
19-1042,19-1042.00,"Medical Scientists, Except Epidemiologists",Master's degree,24.59,08/2021,3
19-1042,19-1042.00,"Medical Scientists, Except Epidemiologists",Bachelor's degree,7.95,08/2021,4
19-1042,19-1042.00,"Medical Scientists, Except Epidemiologists",Post-master's certificate,6.85,08/2021,5
19-1042,19-1042.00,"Medical Scientists, Except Epidemiologists",Less than high school diploma,0.0,08/2021,6
19-2012,19-2012.00,Physicists,Doctoral degree,49.04,08/2020,1
19-2012,19-2012.00,Physicists,Post-doctoral training,39.06,08/2020,2
19-2012,19-2012.00,Physicists,Post-master's certificate,8.14,08/2020,3
19-2012,19-2012.00,Physicists,Bachelor's degree,3.77,08/2020,4
19-2012,19-2012.00,Physicists,Less than high school diploma,0.0,08/2020,5
19-2012,19-2012.00,Physicists,High school diploma or equivalent,0.0,08/2020,6
19-2031,19-2031.00,Chemists,Bachelor's degree,55.91,08/2023,1
19-2031,19-2031.00,Chemists,Doctoral degree,30.02,08/2023,2
19-2031,19-2031.00,Chemists,Master's degree,9.91,08/2023,3
19-2031,19-2031.00,Chemists,Post-baccalaureate certificate,4.16,08/2023,4
19-2031,19-2031.00,Chemists,Less than high school diploma,0.0,08/2023,5
19-2031,19-2031.00,Chemists,High school diploma or equivalent,0.0,08/2023,6
19-2041,19-2041.00,"Environmental Scientists and Specialists, Including Health",Bachelor's degree,47.49,08/2023,1
19-2041,19-2041.00,"Environmental Scientists and Specialists, Including Health",Master's degree,13.78,08/2023,2
19-2041,19-2041.00,"Environmental Scientists and Specialists, Including Health",Post-baccalaureate certificate,12.66,08/2023,3
19-2041,19-2041.00,"Environmental Scientists and Specialists, Including Health",Doctoral degree,3.99,08/2023,4
19-2041,19-2041.00,"Environmental Scientists and Specialists, Including Health","Some college, no degree",0.76,08/2023,5
19-2041,19-2041.00,"Environmental Scientists and Specialists, Including Health",Less than high school diploma,0.0,08/2023,6
19-3034,19-3034.00,School Psychologists,Post-master's certificate,53.03,08/2019,1
19-3034,19-3034.00,School Psychologists,Master's degree,46.42,08/2019,2
19-3034,19-3034.00,School Psychologists,First professional degree,0.46,08/2019,3
19-3034,19-3034.00,School Psychologists,Post-baccalaureate certificate,0.09,08/2019,4
19-3034,19-3034.00,School Psychologists,Less than high school diploma,0.0,08/2019,5
19-3034,19-3034.00,School Psychologists,High school diploma or equivalent,0.0,08/2019,6
19-3093,19-3093.00,Historians,Master's degree,64.48,08/2025,1
19-3093,19-3093.00,Historians,Bachelor's degree,10.19,08/2025,2
19-3093,19-3093.00,Historians,Less than high school diploma,9.39,08/2025,3
19-3093,19-3093.00,Historians,"Some college, no degree",8.17,08/2025,4
19-3093,19-3093.00,Historians,Doctoral degree,6.52,08/2025,5
19-3093,19-3093.00,Historians,High school diploma or equivalent,0.79,08/2025,6
19-4012,19-4012.00,Agricultural Technicians,High school diploma or equivalent,41.34,08/2024,1
19-4012,19-4012.00,Agricultural Technicians,Bachelor's degree,18.19,08/2024,2
19-4012,19-4012.00,Agricultural Technicians,Associate's degree,13.19,08/2024,3
19-4012,19-4012.00,Agricultural Technicians,Doctoral degree,7.2,08/2024,4
19-4012,19-4012.00,Agricultural Technicians,Post-baccalaureate certificate,5.96,08/2024,5
19-4012,19-4012.00,Agricultural Technicians,"Some college, no degree",5.47,08/2024,6
19-4013,19-4013.00,Food Science Technicians,Bachelor's degree,32.33,08/2023,1
19-4013,19-4013.00,Food Science Technicians,Associate's degree,23.04,08/2023,2
19-4013,19-4013.00,Food Science Technicians,High school diploma or equivalent,16.5,08/2023,3
19-4013,19-4013.00,Food Science Technicians,Master's degree,12.78,08/2023,4
19-4013,19-4013.00,Food Science Technicians,"Some college, no degree",12.35,08/2023,5
19-4013,19-4013.00,Food Science Technicians,Doctoral degree,1.19,08/2023,6
19-4021,19-4021.00,Biological Technicians,Bachelor's degree,48.84,07/2017,1
19-4021,19-4021.00,Biological Technicians,Master's degree,29.36,07/2017,2
19-4021,19-4021.00,Biological Technicians,Post-baccalaureate certificate,14.28,07/2017,3
19-4021,19-4021.00,Biological Technicians,Doctoral degree,2.75,07/2017,4
19-4021,19-4021.00,Biological Technicians,High school diploma or equivalent,1.43,07/2017,5
19-4021,19-4021.00,Biological Technicians,"Some college, no degree",1.43,07/2017,6
19-4031,19-4031.00,Chemical Technicians,High school diploma or equivalent,33.34,08/2021,1
19-4031,19-4031.00,Chemical Technicians,"Some college, no degree",22.42,08/2021,2
19-4031,19-4031.00,Chemical Technicians,Associate's degree,0.5,08/2021,3
19-4031,19-4031.00,Chemical Technicians,Less than high school diploma,0.0,08/2021,4
19-4031,19-4031.00,Chemical Technicians,Post-secondary certificate,0.0,08/2021,5
19-4031,19-4031.00,Chemical Technicians,Post-baccalaureate certificate,0.0,08/2021,6
19-4051,19-4051.02,Nuclear Monitoring Technicians,Associate's degree,29.35,07/2014,1
19-4051,19-4051.02,Nuclear Monitoring Technicians,High school diploma or equivalent,27.15,07/2014,2
19-4051,19-4051.02,Nuclear Monitoring Technicians,Post-secondary certificate,16.59,07/2014,3
19-4051,19-4051.02,Nuclear Monitoring Technicians,Bachelor's degree,15.86,07/2014,4
19-4051,19-4051.02,Nuclear Monitoring Technicians,"Some college, no degree",11.06,07/2014,5
19-4051,19-4051.02,Nuclear Monitoring Technicians,Less than high school diploma,0.0,07/2014,6
19-4061,19-4061.00,Social Science Research Assistants,Bachelor's degree,52.73,08/2019,1
19-4061,19-4061.00,Social Science Research Assistants,Master's degree,36.7,08/2019,2
19-4061,19-4061.00,Social Science Research Assistants,"Some college, no degree",8.61,08/2019,3
19-4061,19-4061.00,Social Science Research Assistants,Post-baccalaureate certificate,1.59,08/2019,4
19-4061,19-4061.00,Social Science Research Assistants,Doctoral degree,0.36,08/2019,5
19-4061,19-4061.00,Social Science Research Assistants,Less than high school diploma,0.0,08/2019,6
19-4071,19-4071.00,Forest and Conservation Technicians,High school diploma or equivalent,35.31,08/2018,1
19-4071,19-4071.00,Forest and Conservation Technicians,Associate's degree,34.89,08/2018,2
19-4071,19-4071.00,Forest and Conservation Technicians,Bachelor's degree,13.99,08/2018,3
19-4071,19-4071.00,Forest and Conservation Technicians,"Some college, no degree",10.42,08/2018,4
19-4071,19-4071.00,Forest and Conservation Technicians,Post-secondary certificate,4.57,08/2018,5
19-4071,19-4071.00,Forest and Conservation Technicians,Post-baccalaureate certificate,0.83,08/2018,6
19-4092,19-4092.00,Forensic Science Technicians,Post-secondary certificate,36.29,08/2023,1
19-4092,19-4092.00,Forensic Science Technicians,High school diploma or equivalent,29.31,08/2023,2
19-4092,19-4092.00,Forensic Science Technicians,Bachelor's degree,15.3,08/2023,3
19-4092,19-4092.00,Forensic Science Technicians,Master's degree,2.05,08/2023,4
19-4092,19-4092.00,Forensic Science Technicians,Less than high school diploma,0.0,08/2023,5
19-4092,19-4092.00,Forensic Science Technicians,"Some college, no degree",0.0,08/2023,6
19-4099,19-4099.03,Remote Sensing Technicians,Bachelor's degree,62.04,07/2012,1
19-4099,19-4099.01,Quality Control Analysts,High school diploma or equivalent,37.77,08/2020,2
19-4099,19-4099.01,Quality Control Analysts,Bachelor's degree,27.9,08/2020,3
19-4099,19-4099.01,Quality Control Analysts,Associate's degree,10.24,08/2020,4
19-4099,19-4099.01,Quality Control Analysts,Post-secondary certificate,9.62,08/2020,5
19-4099,19-4099.03,Remote Sensing Technicians,High school diploma or equivalent,9.49,07/2012,6
21-1011,21-1011.00,Substance Abuse and Behavioral Disorder Counselors,Master's degree,41.41,08/2021,1
21-1011,21-1011.00,Substance Abuse and Behavioral Disorder Counselors,High school diploma or equivalent,23.66,08/2021,2
21-1011,21-1011.00,Substance Abuse and Behavioral Disorder Counselors,Post-master's certificate,8.2,08/2021,3
21-1011,21-1011.00,Substance Abuse and Behavioral Disorder Counselors,Bachelor's degree,3.07,08/2021,4
21-1011,21-1011.00,Substance Abuse and Behavioral Disorder Counselors,Less than high school diploma,0.0,08/2021,5
21-1011,21-1011.00,Substance Abuse and Behavioral Disorder Counselors,Post-secondary certificate,0.0,08/2021,6
21-1012,21-1012.00,"Educational, Guidance, and Career Counselors and Advisors",Associate's degree,2.51,08/2024,1
21-1012,21-1012.00,"Educational, Guidance, and Career Counselors and Advisors",Post-master's certificate,0.5,08/2024,2
21-1012,21-1012.00,"Educational, Guidance, and Career Counselors and Advisors",Less than high school diploma,0.0,08/2024,3
21-1012,21-1012.00,"Educational, Guidance, and Career Counselors and Advisors",High school diploma or equivalent,0.0,08/2024,4
21-1012,21-1012.00,"Educational, Guidance, and Career Counselors and Advisors",Post-secondary certificate,0.0,08/2024,5
21-1012,21-1012.00,"Educational, Guidance, and Career Counselors and Advisors","Some college, no degree",0.0,08/2024,6
21-1013,21-1013.00,Marriage and Family Therapists,Master's degree,78.96,08/2020,1
21-1013,21-1013.00,Marriage and Family Therapists,First professional degree,9.75,08/2020,2
21-1013,21-1013.00,Marriage and Family Therapists,Doctoral degree,4.95,08/2020,3
21-1013,21-1013.00,Marriage and Family Therapists,Post-master's certificate,2.6,08/2020,4
21-1013,21-1013.00,Marriage and Family Therapists,Associate's degree,2.05,08/2020,5
21-1013,21-1013.00,Marriage and Family Therapists,Post-doctoral training,1.7,08/2020,6
21-1015,21-1015.00,Rehabilitation Counselors,Bachelor's degree,55.86,08/2020,1
21-1015,21-1015.00,Rehabilitation Counselors,Master's degree,27.86,08/2020,2
21-1015,21-1015.00,Rehabilitation Counselors,High school diploma or equivalent,12.92,08/2020,3
21-1015,21-1015.00,Rehabilitation Counselors,Post-master's certificate,2.08,08/2020,4
21-1015,21-1015.00,Rehabilitation Counselors,First professional degree,1.28,08/2020,5
21-1015,21-1015.00,Rehabilitation Counselors,Less than high school diploma,0.0,08/2020,6
21-1021,21-1021.00,"Child, Family, and School Social Workers",Bachelor's degree,68.66,08/2018,1
21-1021,21-1021.00,"Child, Family, and School Social Workers",Master's degree,25.83,08/2018,2
21-1021,21-1021.00,"Child, Family, and School Social Workers",Associate's degree,5.51,08/2018,3
21-1021,21-1021.00,"Child, Family, and School Social Workers",Less than high school diploma,0.0,08/2018,4
21-1021,21-1021.00,"Child, Family, and School Social Workers",High school diploma or equivalent,0.0,08/2018,5
21-1021,21-1021.00,"Child, Family, and School Social Workers",Post-secondary certificate,0.0,08/2018,6
21-1023,21-1023.00,Mental Health and Substance Abuse Social Workers,Master's degree,77.18,08/2021,1
21-1023,21-1023.00,Mental Health and Substance Abuse Social Workers,Bachelor's degree,18.78,08/2021,2
21-1023,21-1023.00,Mental Health and Substance Abuse Social Workers,Post-master's certificate,4.04,08/2021,3
21-1023,21-1023.00,Mental Health and Substance Abuse Social Workers,Less than high school diploma,0.0,08/2021,4
21-1023,21-1023.00,Mental Health and Substance Abuse Social Workers,High school diploma or equivalent,0.0,08/2021,5
21-1023,21-1023.00,Mental Health and Substance Abuse Social Workers,Post-secondary certificate,0.0,08/2021,6
21-1091,21-1091.00,Health Education Specialists,Associate's degree,62.17,08/2019,1
21-1091,21-1091.00,Health Education Specialists,Bachelor's degree,30.93,08/2019,2
21-1091,21-1091.00,Health Education Specialists,Master's degree,3.44,08/2019,3
21-1091,21-1091.00,Health Education Specialists,High school diploma or equivalent,2.6,08/2019,4
21-1091,21-1091.00,Health Education Specialists,Doctoral degree,0.86,08/2019,5
21-1091,21-1091.00,Health Education Specialists,Less than high school diploma,0.0,08/2019,6
21-1092,21-1092.00,Probation Officers and Correctional Treatment Specialists,Bachelor's degree,88.03,08/2020,1
21-1092,21-1092.00,Probation Officers and Correctional Treatment Specialists,Associate's degree,5.34,08/2020,2
21-1092,21-1092.00,Probation Officers and Correctional Treatment Specialists,Master's degree,2.44,08/2020,3
21-1092,21-1092.00,Probation Officers and Correctional Treatment Specialists,Post-secondary certificate,1.67,08/2020,4
21-1092,21-1092.00,Probation Officers and Correctional Treatment Specialists,"Some college, no degree",1.67,08/2020,5
21-1092,21-1092.00,Probation Officers and Correctional Treatment Specialists,High school diploma or equivalent,0.85,08/2020,6
21-1093,21-1093.00,Social and Human Service Assistants,Bachelor's degree,39.39,08/2020,1
21-1093,21-1093.00,Social and Human Service Assistants,Associate's degree,17.99,08/2020,2
21-1093,21-1093.00,Social and Human Service Assistants,"Some college, no degree",16.21,08/2020,3
21-1093,21-1093.00,Social and Human Service Assistants,High school diploma or equivalent,10.41,08/2020,4
21-1093,21-1093.00,Social and Human Service Assistants,Master's degree,7.39,08/2020,5
21-1093,21-1093.00,Social and Human Service Assistants,Post-master's certificate,3.77,08/2020,6
21-1094,21-1094.00,Community Health Workers,Associate's degree,22.71,07/2013,1
21-1094,21-1094.00,Community Health Workers,Master's degree,15.3,07/2013,2
21-1094,21-1094.00,Community Health Workers,High school diploma or equivalent,7.49,07/2013,3
21-1094,21-1094.00,Community Health Workers,"Some college, no degree",2.63,07/2013,4
21-1094,21-1094.00,Community Health Workers,Less than high school diploma,0.0,07/2013,5
21-1094,21-1094.00,Community Health Workers,Post-secondary certificate,0.0,07/2013,6
21-2011,21-2011.00,Clergy,Master's degree,47.82,08/2023,1
21-2011,21-2011.00,Clergy,Bachelor's degree,18.32,08/2023,2
21-2011,21-2011.00,Clergy,"Some college, no degree",15.21,08/2023,3
21-2011,21-2011.00,Clergy,High school diploma or equivalent,12.16,08/2023,4
21-2011,21-2011.00,Clergy,Doctoral degree,5.14,08/2023,5
21-2011,21-2011.00,Clergy,First professional degree,1.34,08/2023,6
21-2021,21-2021.00,"Directors, Religious Activities and Education",Bachelor's degree,53.58,08/2023,1
21-2021,21-2021.00,"Directors, Religious Activities and Education",Post-secondary certificate,21.13,08/2023,2
21-2021,21-2021.00,"Directors, Religious Activities and Education",Associate's degree,14.36,08/2023,3
21-2021,21-2021.00,"Directors, Religious Activities and Education",Master's degree,9.2,08/2023,4
21-2021,21-2021.00,"Directors, Religious Activities and Education",High school diploma or equivalent,0.91,08/2023,5
21-2021,21-2021.00,"Directors, Religious Activities and Education",Post-baccalaureate certificate,0.55,08/2023,6
23-1011,23-1011.00,Lawyers,Doctoral degree,77.19,08/2024,1
23-1011,23-1011.00,Lawyers,First professional degree,22.81,08/2024,2
23-1011,23-1011.00,Lawyers,Less than high school diploma,0.0,08/2024,3
23-1011,23-1011.00,Lawyers,High school diploma or equivalent,0.0,08/2024,4
23-1011,23-1011.00,Lawyers,Post-secondary certificate,0.0,08/2024,5
23-1011,23-1011.00,Lawyers,"Some college, no degree",0.0,08/2024,6
23-1012,23-1012.00,Judicial Law Clerks,Doctoral degree,51.87,08/2021,1
23-1012,23-1012.00,Judicial Law Clerks,First professional degree,16.52,08/2021,2
23-1012,23-1012.00,Judicial Law Clerks,High school diploma or equivalent,7.16,08/2021,3
23-1012,23-1012.00,Judicial Law Clerks,Post-secondary certificate,2.18,08/2021,4
23-1012,23-1012.00,Judicial Law Clerks,Master's degree,2.05,08/2021,5
23-1012,23-1012.00,Judicial Law Clerks,Less than high school diploma,0.0,08/2021,6
23-1021,23-1021.00,"Administrative Law Judges, Adjudicators, and Hearing Officers",Doctoral degree,37.34,08/2020,1
23-1021,23-1021.00,"Administrative Law Judges, Adjudicators, and Hearing Officers",Bachelor's degree,19.95,08/2020,2
23-1021,23-1021.00,"Administrative Law Judges, Adjudicators, and Hearing Officers",First professional degree,13.76,08/2020,3
23-1021,23-1021.00,"Administrative Law Judges, Adjudicators, and Hearing Officers","Some college, no degree",11.22,08/2020,4
23-1021,23-1021.00,"Administrative Law Judges, Adjudicators, and Hearing Officers",Associate's degree,11.22,08/2020,5
23-1021,23-1021.00,"Administrative Law Judges, Adjudicators, and Hearing Officers",Post-doctoral training,5.08,08/2020,6
23-1023,23-1023.00,"Judges, Magistrate Judges, and Magistrates",Doctoral degree,66.47,08/2020,1
23-1023,23-1023.00,"Judges, Magistrate Judges, and Magistrates",First professional degree,23.29,08/2020,2
23-1023,23-1023.00,"Judges, Magistrate Judges, and Magistrates",Post-doctoral training,9.77,08/2020,3
23-1023,23-1023.00,"Judges, Magistrate Judges, and Magistrates",Post-secondary certificate,0.16,08/2020,4
23-1023,23-1023.00,"Judges, Magistrate Judges, and Magistrates","Some college, no degree",0.16,08/2020,5
23-1023,23-1023.00,"Judges, Magistrate Judges, and Magistrates",Associate's degree,0.16,08/2020,6
23-2011,23-2011.00,Paralegals and Legal Assistants,Bachelor's degree,36.94,08/2024,1
23-2011,23-2011.00,Paralegals and Legal Assistants,Associate's degree,20.08,08/2024,2
23-2011,23-2011.00,Paralegals and Legal Assistants,High school diploma or equivalent,18.62,08/2024,3
23-2011,23-2011.00,Paralegals and Legal Assistants,Doctoral degree,10.03,08/2024,4
23-2011,23-2011.00,Paralegals and Legal Assistants,Post-baccalaureate certificate,9.56,08/2024,5
23-2011,23-2011.00,Paralegals and Legal Assistants,Post-secondary certificate,2.43,08/2024,6
23-2093,23-2093.00,"Title Examiners, Abstractors, and Searchers",Bachelor's degree,13.4,07/2017,1
23-2093,23-2093.00,"Title Examiners, Abstractors, and Searchers",Post-secondary certificate,13.39,07/2017,2
23-2093,23-2093.00,"Title Examiners, Abstractors, and Searchers",Associate's degree,12.29,07/2017,3
23-2093,23-2093.00,"Title Examiners, Abstractors, and Searchers","Some college, no degree",0.59,07/2017,4
23-2093,23-2093.00,"Title Examiners, Abstractors, and Searchers",Less than high school diploma,0.0,07/2017,5
23-2093,23-2093.00,"Title Examiners, Abstractors, and Searchers",Post-baccalaureate certificate,0.0,07/2017,6
25-1011,25-1011.00,"Business Teachers, Postsecondary",Doctoral degree,72.77,08/2019,1
25-1011,25-1011.00,"Business Teachers, Postsecondary",Master's degree,20.39,08/2019,2
25-1011,25-1011.00,"Business Teachers, Postsecondary",Bachelor's degree,5.39,08/2019,3
25-1011,25-1011.00,"Business Teachers, Postsecondary",Post-baccalaureate certificate,0.6,08/2019,4
25-1011,25-1011.00,"Business Teachers, Postsecondary",First professional degree,0.52,08/2019,5
25-1011,25-1011.00,"Business Teachers, Postsecondary",Post-master's certificate,0.34,08/2019,6
25-1021,25-1021.00,"Computer Science Teachers, Postsecondary",Master's degree,47.35,08/2019,1
25-1021,25-1021.00,"Computer Science Teachers, Postsecondary",Doctoral degree,41.65,08/2019,2
25-1021,25-1021.00,"Computer Science Teachers, Postsecondary",Bachelor's degree,11.0,08/2019,3
25-1021,25-1021.00,"Computer Science Teachers, Postsecondary",Less than high school diploma,0.0,08/2019,4
25-1021,25-1021.00,"Computer Science Teachers, Postsecondary",High school diploma or equivalent,0.0,08/2019,5
25-1021,25-1021.00,"Computer Science Teachers, Postsecondary",Post-secondary certificate,0.0,08/2019,6
25-1022,25-1022.00,"Mathematical Science Teachers, Postsecondary",Master's degree,43.0,08/2019,1
25-1022,25-1022.00,"Mathematical Science Teachers, Postsecondary",Doctoral degree,36.75,08/2019,2
25-1022,25-1022.00,"Mathematical Science Teachers, Postsecondary",Post-doctoral training,10.37,08/2019,3
25-1022,25-1022.00,"Mathematical Science Teachers, Postsecondary",Bachelor's degree,9.32,08/2019,4
25-1022,25-1022.00,"Mathematical Science Teachers, Postsecondary",Post-baccalaureate certificate,0.56,08/2019,5
25-1022,25-1022.00,"Mathematical Science Teachers, Postsecondary",Less than high school diploma,0.0,08/2019,6
25-1031,25-1031.00,"Architecture Teachers, Postsecondary",Doctoral degree,44.63,08/2019,1
25-1031,25-1031.00,"Architecture Teachers, Postsecondary",First professional degree,20.29,08/2019,2
25-1031,25-1031.00,"Architecture Teachers, Postsecondary",Bachelor's degree,14.38,08/2019,3
25-1031,25-1031.00,"Architecture Teachers, Postsecondary",Master's degree,10.2,08/2019,4
25-1031,25-1031.00,"Architecture Teachers, Postsecondary",Associate's degree,9.32,08/2019,5
25-1031,25-1031.00,"Architecture Teachers, Postsecondary",Post-baccalaureate certificate,1.17,08/2019,6
25-1032,25-1032.00,"Engineering Teachers, Postsecondary",Master's degree,5.09,08/2019,1
25-1032,25-1032.00,"Engineering Teachers, Postsecondary",Bachelor's degree,0.82,08/2019,2
25-1032,25-1032.00,"Engineering Teachers, Postsecondary",Post-baccalaureate certificate,0.82,08/2019,3
25-1032,25-1032.00,"Engineering Teachers, Postsecondary",Less than high school diploma,0.0,08/2019,4
25-1032,25-1032.00,"Engineering Teachers, Postsecondary",High school diploma or equivalent,0.0,08/2019,5
25-1032,25-1032.00,"Engineering Teachers, Postsecondary",Post-secondary certificate,0.0,08/2019,6
25-1041,25-1041.00,"Agricultural Sciences Teachers, Postsecondary",Doctoral degree,55.31,08/2019,1
25-1041,25-1041.00,"Agricultural Sciences Teachers, Postsecondary",Post-doctoral training,27.0,08/2019,2
25-1041,25-1041.00,"Agricultural Sciences Teachers, Postsecondary",Master's degree,14.04,08/2019,3
25-1041,25-1041.00,"Agricultural Sciences Teachers, Postsecondary",Bachelor's degree,1.41,08/2019,4
25-1041,25-1041.00,"Agricultural Sciences Teachers, Postsecondary",Associate's degree,1.4,08/2019,5
25-1041,25-1041.00,"Agricultural Sciences Teachers, Postsecondary",Post-master's certificate,0.84,08/2019,6
25-1042,25-1042.00,"Biological Science Teachers, Postsecondary",Doctoral degree,48.44,08/2019,1
25-1042,25-1042.00,"Biological Science Teachers, Postsecondary",Post-doctoral training,38.37,08/2019,2
25-1042,25-1042.00,"Biological Science Teachers, Postsecondary",Master's degree,11.73,08/2019,3
25-1042,25-1042.00,"Biological Science Teachers, Postsecondary",Associate's degree,1.27,08/2019,4
25-1042,25-1042.00,"Biological Science Teachers, Postsecondary",Bachelor's degree,0.2,08/2019,5
25-1042,25-1042.00,"Biological Science Teachers, Postsecondary",Less than high school diploma,0.0,08/2019,6
25-1043,25-1043.00,"Forestry and Conservation Science Teachers, Postsecondary",Post-doctoral training,22.15,08/2020,1
25-1043,25-1043.00,"Forestry and Conservation Science Teachers, Postsecondary",Less than high school diploma,0.0,08/2020,2
25-1043,25-1043.00,"Forestry and Conservation Science Teachers, Postsecondary",High school diploma or equivalent,0.0,08/2020,3
25-1043,25-1043.00,"Forestry and Conservation Science Teachers, Postsecondary",Post-secondary certificate,0.0,08/2020,4
25-1043,25-1043.00,"Forestry and Conservation Science Teachers, Postsecondary","Some college, no degree",0.0,08/2020,5
25-1043,25-1043.00,"Forestry and Conservation Science Teachers, Postsecondary",Associate's degree,0.0,08/2020,6
25-1051,25-1051.00,"Atmospheric, Earth, Marine, and Space Sciences Teachers, Postsecondary",Master's degree,46.48,08/2019,1
25-1051,25-1051.00,"Atmospheric, Earth, Marine, and Space Sciences Teachers, Postsecondary",Doctoral degree,28.9,08/2019,2
25-1051,25-1051.00,"Atmospheric, Earth, Marine, and Space Sciences Teachers, Postsecondary",Post-doctoral training,16.25,08/2019,3
25-1051,25-1051.00,"Atmospheric, Earth, Marine, and Space Sciences Teachers, Postsecondary",Post-baccalaureate certificate,5.07,08/2019,4
25-1051,25-1051.00,"Atmospheric, Earth, Marine, and Space Sciences Teachers, Postsecondary",Post-master's certificate,3.3,08/2019,5
25-1051,25-1051.00,"Atmospheric, Earth, Marine, and Space Sciences Teachers, Postsecondary",Less than high school diploma,0.0,08/2019,6
25-1052,25-1052.00,"Chemistry Teachers, Postsecondary",Master's degree,35.27,08/2019,1
25-1052,25-1052.00,"Chemistry Teachers, Postsecondary",Post-doctoral training,31.37,08/2019,2
25-1052,25-1052.00,"Chemistry Teachers, Postsecondary",Doctoral degree,25.19,08/2019,3
25-1052,25-1052.00,"Chemistry Teachers, Postsecondary",Post-baccalaureate certificate,5.77,08/2019,4
25-1052,25-1052.00,"Chemistry Teachers, Postsecondary",Bachelor's degree,2.1,08/2019,5
25-1052,25-1052.00,"Chemistry Teachers, Postsecondary","Some college, no degree",0.3,08/2019,6
25-1053,25-1053.00,"Environmental Science Teachers, Postsecondary",Doctoral degree,52.49,08/2019,1
25-1053,25-1053.00,"Environmental Science Teachers, Postsecondary",Post-doctoral training,29.67,08/2019,2
25-1053,25-1053.00,"Environmental Science Teachers, Postsecondary",Master's degree,17.5,08/2019,3
25-1053,25-1053.00,"Environmental Science Teachers, Postsecondary",Post-master's certificate,0.34,08/2019,4
25-1053,25-1053.00,"Environmental Science Teachers, Postsecondary",Less than high school diploma,0.0,08/2019,5
25-1053,25-1053.00,"Environmental Science Teachers, Postsecondary",High school diploma or equivalent,0.0,08/2019,6
25-1054,25-1054.00,"Physics Teachers, Postsecondary",Doctoral degree,53.82,08/2019,1
25-1054,25-1054.00,"Physics Teachers, Postsecondary",Master's degree,25.03,08/2019,2
25-1054,25-1054.00,"Physics Teachers, Postsecondary",Post-doctoral training,20.74,08/2019,3
25-1054,25-1054.00,"Physics Teachers, Postsecondary",Post-master's certificate,0.41,08/2019,4
25-1054,25-1054.00,"Physics Teachers, Postsecondary",Less than high school diploma,0.0,08/2019,5
25-1054,25-1054.00,"Physics Teachers, Postsecondary",High school diploma or equivalent,0.0,08/2019,6
25-1062,25-1062.00,"Area, Ethnic, and Cultural Studies Teachers, Postsecondary",Doctoral degree,60.52,08/2019,1
25-1062,25-1062.00,"Area, Ethnic, and Cultural Studies Teachers, Postsecondary",Master's degree,30.98,08/2019,2
25-1062,25-1062.00,"Area, Ethnic, and Cultural Studies Teachers, Postsecondary",Post-doctoral training,3.97,08/2019,3
25-1062,25-1062.00,"Area, Ethnic, and Cultural Studies Teachers, Postsecondary",Post-master's certificate,3.24,08/2019,4
25-1062,25-1062.00,"Area, Ethnic, and Cultural Studies Teachers, Postsecondary",First professional degree,1.12,08/2019,5
25-1062,25-1062.00,"Area, Ethnic, and Cultural Studies Teachers, Postsecondary",High school diploma or equivalent,0.17,08/2019,6
25-1063,25-1063.00,"Economics Teachers, Postsecondary",Doctoral degree,80.8,08/2019,1
25-1063,25-1063.00,"Economics Teachers, Postsecondary",Post-master's certificate,9.68,08/2019,2
25-1063,25-1063.00,"Economics Teachers, Postsecondary",Master's degree,7.37,08/2019,3
25-1063,25-1063.00,"Economics Teachers, Postsecondary",Bachelor's degree,2.15,08/2019,4
25-1063,25-1063.00,"Economics Teachers, Postsecondary",Less than high school diploma,0.0,08/2019,5
25-1063,25-1063.00,"Economics Teachers, Postsecondary",High school diploma or equivalent,0.0,08/2019,6
25-1064,25-1064.00,"Geography Teachers, Postsecondary",Doctoral degree,80.29,08/2019,1
25-1064,25-1064.00,"Geography Teachers, Postsecondary",Post-master's certificate,9.75,08/2019,2
25-1064,25-1064.00,"Geography Teachers, Postsecondary",Master's degree,9.51,08/2019,3
25-1064,25-1064.00,"Geography Teachers, Postsecondary",Post-doctoral training,0.45,08/2019,4
25-1064,25-1064.00,"Geography Teachers, Postsecondary",Less than high school diploma,0.0,08/2019,5
25-1064,25-1064.00,"Geography Teachers, Postsecondary",High school diploma or equivalent,0.0,08/2019,6
25-1065,25-1065.00,"Political Science Teachers, Postsecondary",Doctoral degree,96.54,08/2019,1
25-1065,25-1065.00,"Political Science Teachers, Postsecondary",Master's degree,3.46,08/2019,2
25-1065,25-1065.00,"Political Science Teachers, Postsecondary",Less than high school diploma,0.0,08/2019,3
25-1065,25-1065.00,"Political Science Teachers, Postsecondary",High school diploma or equivalent,0.0,08/2019,4
25-1065,25-1065.00,"Political Science Teachers, Postsecondary",Post-secondary certificate,0.0,08/2019,5
25-1065,25-1065.00,"Political Science Teachers, Postsecondary","Some college, no degree",0.0,08/2019,6
25-1066,25-1066.00,"Psychology Teachers, Postsecondary",Doctoral degree,54.58,08/2019,1
25-1066,25-1066.00,"Psychology Teachers, Postsecondary",Post-doctoral training,30.67,08/2019,2
25-1066,25-1066.00,"Psychology Teachers, Postsecondary",Master's degree,14.76,08/2019,3
25-1066,25-1066.00,"Psychology Teachers, Postsecondary",Less than high school diploma,0.0,08/2019,4
25-1066,25-1066.00,"Psychology Teachers, Postsecondary",High school diploma or equivalent,0.0,08/2019,5
25-1066,25-1066.00,"Psychology Teachers, Postsecondary",Post-secondary certificate,0.0,08/2019,6
25-1067,25-1067.00,"Sociology Teachers, Postsecondary",Doctoral degree,76.68,08/2019,1
25-1067,25-1067.00,"Sociology Teachers, Postsecondary",Master's degree,22.84,08/2019,2
25-1067,25-1067.00,"Sociology Teachers, Postsecondary",Post-master's certificate,0.48,08/2019,3
25-1067,25-1067.00,"Sociology Teachers, Postsecondary",Less than high school diploma,0.0,08/2019,4
25-1067,25-1067.00,"Sociology Teachers, Postsecondary",High school diploma or equivalent,0.0,08/2019,5
25-1067,25-1067.00,"Sociology Teachers, Postsecondary",Post-secondary certificate,0.0,08/2019,6
25-1071,25-1071.00,"Health Specialties Teachers, Postsecondary",Master's degree,35.94,08/2019,1
25-1071,25-1071.00,"Health Specialties Teachers, Postsecondary",Doctoral degree,24.91,08/2019,2
25-1071,25-1071.00,"Health Specialties Teachers, Postsecondary",Post-doctoral training,19.14,08/2019,3
25-1071,25-1071.00,"Health Specialties Teachers, Postsecondary",Bachelor's degree,12.49,08/2019,4
25-1071,25-1071.00,"Health Specialties Teachers, Postsecondary",Associate's degree,4.63,08/2019,5
25-1071,25-1071.00,"Health Specialties Teachers, Postsecondary",Post-secondary certificate,2.9,08/2019,6
25-1072,25-1072.00,"Nursing Instructors and Teachers, Postsecondary",Master's degree,50.08,08/2019,1
25-1072,25-1072.00,"Nursing Instructors and Teachers, Postsecondary",Doctoral degree,36.11,08/2019,2
25-1072,25-1072.00,"Nursing Instructors and Teachers, Postsecondary",Post-doctoral training,6.73,08/2019,3
25-1072,25-1072.00,"Nursing Instructors and Teachers, Postsecondary",Bachelor's degree,5.05,08/2019,4
25-1072,25-1072.00,"Nursing Instructors and Teachers, Postsecondary",Post-master's certificate,2.03,08/2019,5
25-1072,25-1072.00,"Nursing Instructors and Teachers, Postsecondary",Less than high school diploma,0.0,08/2019,6
25-1081,25-1081.00,"Education Teachers, Postsecondary",Doctoral degree,89.76,08/2019,1
25-1081,25-1081.00,"Education Teachers, Postsecondary",Master's degree,9.41,08/2019,2
25-1081,25-1081.00,"Education Teachers, Postsecondary",Bachelor's degree,0.63,08/2019,3
25-1081,25-1081.00,"Education Teachers, Postsecondary",Post-master's certificate,0.1,08/2019,4
25-1081,25-1081.00,"Education Teachers, Postsecondary",Post-doctoral training,0.1,08/2019,5
25-1081,25-1081.00,"Education Teachers, Postsecondary",Less than high school diploma,0.0,08/2019,6
25-1082,25-1082.00,"Library Science Teachers, Postsecondary",Doctoral degree,65.24,08/2019,1
25-1082,25-1082.00,"Library Science Teachers, Postsecondary",Master's degree,24.57,08/2019,2
25-1082,25-1082.00,"Library Science Teachers, Postsecondary",Post-doctoral training,8.32,08/2019,3
25-1082,25-1082.00,"Library Science Teachers, Postsecondary",Associate's degree,0.93,08/2019,4
25-1082,25-1082.00,"Library Science Teachers, Postsecondary",Bachelor's degree,0.93,08/2019,5
25-1082,25-1082.00,"Library Science Teachers, Postsecondary",Less than high school diploma,0.0,08/2019,6
25-1111,25-1111.00,"Criminal Justice and Law Enforcement Teachers, Postsecondary",Master's degree,38.89,08/2019,1
25-1111,25-1111.00,"Criminal Justice and Law Enforcement Teachers, Postsecondary",Doctoral degree,25.6,08/2019,2
25-1111,25-1111.00,"Criminal Justice and Law Enforcement Teachers, Postsecondary",Post-secondary certificate,10.9,08/2019,3
25-1111,25-1111.00,"Criminal Justice and Law Enforcement Teachers, Postsecondary",Post-master's certificate,8.61,08/2019,4
25-1111,25-1111.00,"Criminal Justice and Law Enforcement Teachers, Postsecondary",Associate's degree,8.41,08/2019,5
25-1111,25-1111.00,"Criminal Justice and Law Enforcement Teachers, Postsecondary",Bachelor's degree,4.34,08/2019,6
25-1112,25-1112.00,"Law Teachers, Postsecondary",First professional degree,46.18,08/2019,1
25-1112,25-1112.00,"Law Teachers, Postsecondary",Doctoral degree,35.26,08/2019,2
25-1112,25-1112.00,"Law Teachers, Postsecondary",Master's degree,15.44,08/2019,3
25-1112,25-1112.00,"Law Teachers, Postsecondary",Post-master's certificate,2.06,08/2019,4
25-1112,25-1112.00,"Law Teachers, Postsecondary",Associate's degree,1.07,08/2019,5
25-1112,25-1112.00,"Law Teachers, Postsecondary",Less than high school diploma,0.0,08/2019,6
25-1113,25-1113.00,"Social Work Teachers, Postsecondary",Doctoral degree,60.7,08/2021,1
25-1113,25-1113.00,"Social Work Teachers, Postsecondary",Master's degree,28.73,08/2021,2
25-1113,25-1113.00,"Social Work Teachers, Postsecondary",First professional degree,6.03,08/2021,3
25-1113,25-1113.00,"Social Work Teachers, Postsecondary",Post-doctoral training,4.53,08/2021,4
25-1113,25-1113.00,"Social Work Teachers, Postsecondary",Less than high school diploma,0.0,08/2021,5
25-1113,25-1113.00,"Social Work Teachers, Postsecondary",High school diploma or equivalent,0.0,08/2021,6
25-1121,25-1121.00,"Art, Drama, and Music Teachers, Postsecondary",Master's degree,50.68,08/2019,1
25-1121,25-1121.00,"Art, Drama, and Music Teachers, Postsecondary",Doctoral degree,31.67,08/2019,2
25-1121,25-1121.00,"Art, Drama, and Music Teachers, Postsecondary",Bachelor's degree,13.89,08/2019,3
25-1121,25-1121.00,"Art, Drama, and Music Teachers, Postsecondary",Post-master's certificate,1.61,08/2019,4
25-1121,25-1121.00,"Art, Drama, and Music Teachers, Postsecondary",Associate's degree,1.44,08/2019,5
25-1121,25-1121.00,"Art, Drama, and Music Teachers, Postsecondary",Post-baccalaureate certificate,0.7,08/2019,6
25-1122,25-1122.00,"Communications Teachers, Postsecondary",Master's degree,70.85,08/2019,1
25-1122,25-1122.00,"Communications Teachers, Postsecondary",Doctoral degree,17.38,08/2019,2
25-1122,25-1122.00,"Communications Teachers, Postsecondary",Post-doctoral training,10.79,08/2019,3
25-1122,25-1122.00,"Communications Teachers, Postsecondary",Post-master's certificate,0.97,08/2019,4
25-1122,25-1122.00,"Communications Teachers, Postsecondary",Less than high school diploma,0.0,08/2019,5
25-1122,25-1122.00,"Communications Teachers, Postsecondary",High school diploma or equivalent,0.0,08/2019,6
25-1123,25-1123.00,"English Language and Literature Teachers, Postsecondary",Doctoral degree,58.38,08/2019,1
25-1123,25-1123.00,"English Language and Literature Teachers, Postsecondary",Master's degree,30.42,08/2019,2
25-1123,25-1123.00,"English Language and Literature Teachers, Postsecondary",Less than high school diploma,9.61,08/2019,3
25-1123,25-1123.00,"English Language and Literature Teachers, Postsecondary",Post-master's certificate,1.26,08/2019,4
25-1123,25-1123.00,"English Language and Literature Teachers, Postsecondary",Post-doctoral training,0.32,08/2019,5
25-1123,25-1123.00,"English Language and Literature Teachers, Postsecondary",High school diploma or equivalent,0.0,08/2019,6
25-1124,25-1124.00,"Foreign Language and Literature Teachers, Postsecondary",Doctoral degree,73.42,08/2019,1
25-1124,25-1124.00,"Foreign Language and Literature Teachers, Postsecondary",Master's degree,17.84,08/2019,2
25-1124,25-1124.00,"Foreign Language and Literature Teachers, Postsecondary",Bachelor's degree,8.74,08/2019,3
25-1124,25-1124.00,"Foreign Language and Literature Teachers, Postsecondary",Less than high school diploma,0.0,08/2019,4
25-1124,25-1124.00,"Foreign Language and Literature Teachers, Postsecondary",High school diploma or equivalent,0.0,08/2019,5
25-1124,25-1124.00,"Foreign Language and Literature Teachers, Postsecondary",Post-secondary certificate,0.0,08/2019,6
25-1125,25-1125.00,"History Teachers, Postsecondary",Less than high school diploma,0.0,08/2019,1
25-1125,25-1125.00,"History Teachers, Postsecondary",High school diploma or equivalent,0.0,08/2019,2
25-1125,25-1125.00,"History Teachers, Postsecondary",Post-secondary certificate,0.0,08/2019,3
25-1125,25-1125.00,"History Teachers, Postsecondary","Some college, no degree",0.0,08/2019,4
25-1125,25-1125.00,"History Teachers, Postsecondary",Associate's degree,0.0,08/2019,5
25-1125,25-1125.00,"History Teachers, Postsecondary",Bachelor's degree,0.0,08/2019,6
25-1126,25-1126.00,"Philosophy and Religion Teachers, Postsecondary",Doctoral degree,73.83,08/2019,1
25-1126,25-1126.00,"Philosophy and Religion Teachers, Postsecondary",Master's degree,13.07,08/2019,2
25-1126,25-1126.00,"Philosophy and Religion Teachers, Postsecondary",Post-doctoral training,12.49,08/2019,3
25-1126,25-1126.00,"Philosophy and Religion Teachers, Postsecondary",Post-master's certificate,0.6,08/2019,4
25-1126,25-1126.00,"Philosophy and Religion Teachers, Postsecondary",Less than high school diploma,0.0,08/2019,5
25-1126,25-1126.00,"Philosophy and Religion Teachers, Postsecondary",High school diploma or equivalent,0.0,08/2019,6
25-1192,25-1192.00,"Family and Consumer Sciences Teachers, Postsecondary",Doctoral degree,48.02,08/2019,1
25-1192,25-1192.00,"Family and Consumer Sciences Teachers, Postsecondary",Master's degree,36.45,08/2019,2
25-1192,25-1192.00,"Family and Consumer Sciences Teachers, Postsecondary",Post-baccalaureate certificate,7.89,08/2019,3
25-1192,25-1192.00,"Family and Consumer Sciences Teachers, Postsecondary",Bachelor's degree,3.66,08/2019,4
25-1192,25-1192.00,"Family and Consumer Sciences Teachers, Postsecondary",Post-secondary certificate,1.9,08/2019,5
25-1192,25-1192.00,"Family and Consumer Sciences Teachers, Postsecondary","Some college, no degree",0.96,08/2019,6
25-1193,25-1193.00,"Recreation and Fitness Studies Teachers, Postsecondary",Doctoral degree,74.16,08/2019,1
25-1193,25-1193.00,"Recreation and Fitness Studies Teachers, Postsecondary",Master's degree,20.8,08/2019,2
25-1193,25-1193.00,"Recreation and Fitness Studies Teachers, Postsecondary",Bachelor's degree,5.04,08/2019,3
25-1193,25-1193.00,"Recreation and Fitness Studies Teachers, Postsecondary",Less than high school diploma,0.0,08/2019,4
25-1193,25-1193.00,"Recreation and Fitness Studies Teachers, Postsecondary",High school diploma or equivalent,0.0,08/2019,5
25-1193,25-1193.00,"Recreation and Fitness Studies Teachers, Postsecondary",Post-secondary certificate,0.0,08/2019,6
25-1194,25-1194.00,"Career/Technical Education Teachers, Postsecondary",Associate's degree,42.29,08/2019,1
25-1194,25-1194.00,"Career/Technical Education Teachers, Postsecondary",Bachelor's degree,20.21,08/2019,2
25-1194,25-1194.00,"Career/Technical Education Teachers, Postsecondary",Post-secondary certificate,16.22,08/2019,3
25-1194,25-1194.00,"Career/Technical Education Teachers, Postsecondary",Master's degree,7.58,08/2019,4
25-1194,25-1194.00,"Career/Technical Education Teachers, Postsecondary","Some college, no degree",6.87,08/2019,5
25-1194,25-1194.00,"Career/Technical Education Teachers, Postsecondary",Doctoral degree,4.67,08/2019,6
25-2011,25-2011.00,"Preschool Teachers, Except Special Education",High school diploma or equivalent,28.75,08/2019,1
25-2011,25-2011.00,"Preschool Teachers, Except Special Education",Bachelor's degree,17.23,08/2019,2
25-2011,25-2011.00,"Preschool Teachers, Except Special Education","Some college, no degree",12.17,08/2019,3
25-2011,25-2011.00,"Preschool Teachers, Except Special Education",Master's degree,12.04,08/2019,4
25-2011,25-2011.00,"Preschool Teachers, Except Special Education",Associate's degree,11.55,08/2019,5
25-2011,25-2011.00,"Preschool Teachers, Except Special Education",Post-secondary certificate,10.34,08/2019,6
25-2012,25-2012.00,"Kindergarten Teachers, Except Special Education",Bachelor's degree,75.66,08/2018,1
25-2012,25-2012.00,"Kindergarten Teachers, Except Special Education",Master's degree,13.8,08/2018,2
25-2012,25-2012.00,"Kindergarten Teachers, Except Special Education",Post-baccalaureate certificate,10.54,08/2018,3
25-2012,25-2012.00,"Kindergarten Teachers, Except Special Education",Less than high school diploma,0.0,08/2018,4
25-2012,25-2012.00,"Kindergarten Teachers, Except Special Education",High school diploma or equivalent,0.0,08/2018,5
25-2012,25-2012.00,"Kindergarten Teachers, Except Special Education",Post-secondary certificate,0.0,08/2018,6
25-2021,25-2021.00,"Elementary School Teachers, Except Special Education",Bachelor's degree,78.17,08/2024,1
25-2021,25-2021.00,"Elementary School Teachers, Except Special Education",Master's degree,21.83,08/2024,2
25-2021,25-2021.00,"Elementary School Teachers, Except Special Education",Less than high school diploma,0.0,08/2024,3
25-2021,25-2021.00,"Elementary School Teachers, Except Special Education",High school diploma or equivalent,0.0,08/2024,4
25-2021,25-2021.00,"Elementary School Teachers, Except Special Education",Post-secondary certificate,0.0,08/2024,5
25-2021,25-2021.00,"Elementary School Teachers, Except Special Education","Some college, no degree",0.0,08/2024,6
25-2022,25-2022.00,"Middle School Teachers, Except Special and Career/Technical Education",Bachelor's degree,66.94,08/2024,1
25-2022,25-2022.00,"Middle School Teachers, Except Special and Career/Technical Education",Post-baccalaureate certificate,21.3,08/2024,2
25-2022,25-2022.00,"Middle School Teachers, Except Special and Career/Technical Education",Less than high school diploma,9.58,08/2024,3
25-2022,25-2022.00,"Middle School Teachers, Except Special and Career/Technical Education",Master's degree,2.18,08/2024,4
25-2022,25-2022.00,"Middle School Teachers, Except Special and Career/Technical Education",High school diploma or equivalent,0.0,08/2024,5
25-2022,25-2022.00,"Middle School Teachers, Except Special and Career/Technical Education",Post-secondary certificate,0.0,08/2024,6
25-2023,25-2023.00,"Career/Technical Education Teachers, Middle School",Bachelor's degree,64.92,08/2018,1
25-2023,25-2023.00,"Career/Technical Education Teachers, Middle School",Master's degree,18.82,08/2018,2
25-2023,25-2023.00,"Career/Technical Education Teachers, Middle School",Post-baccalaureate certificate,15.7,08/2018,3
25-2023,25-2023.00,"Career/Technical Education Teachers, Middle School",Post-secondary certificate,0.56,08/2018,4
25-2023,25-2023.00,"Career/Technical Education Teachers, Middle School",Less than high school diploma,0.0,08/2018,5
25-2023,25-2023.00,"Career/Technical Education Teachers, Middle School",High school diploma or equivalent,0.0,08/2018,6
25-2031,25-2031.00,"Secondary School Teachers, Except Special and Career/Technical Education",Bachelor's degree,76.97,08/2025,1
25-2031,25-2031.00,"Secondary School Teachers, Except Special and Career/Technical Education",Post-baccalaureate certificate,7.76,08/2025,2
25-2031,25-2031.00,"Secondary School Teachers, Except Special and Career/Technical Education",Post-master's certificate,7.76,08/2025,3
25-2031,25-2031.00,"Secondary School Teachers, Except Special and Career/Technical Education",Associate's degree,3.99,08/2025,4
25-2031,25-2031.00,"Secondary School Teachers, Except Special and Career/Technical Education",Master's degree,3.53,08/2025,5
25-2031,25-2031.00,"Secondary School Teachers, Except Special and Career/Technical Education",Less than high school diploma,0.0,08/2025,6
25-2032,25-2032.00,"Career/Technical Education Teachers, Secondary School",Bachelor's degree,40.12,08/2025,1
25-2032,25-2032.00,"Career/Technical Education Teachers, Secondary School",Master's degree,22.57,08/2025,2
25-2032,25-2032.00,"Career/Technical Education Teachers, Secondary School",Associate's degree,13.09,08/2025,3
25-2032,25-2032.00,"Career/Technical Education Teachers, Secondary School",Post-secondary certificate,8.11,08/2025,4
25-2032,25-2032.00,"Career/Technical Education Teachers, Secondary School",High school diploma or equivalent,7.41,08/2025,5
25-2032,25-2032.00,"Career/Technical Education Teachers, Secondary School",Post-baccalaureate certificate,4.3,08/2025,6
25-2051,25-2051.00,"Special Education Teachers, Preschool",Bachelor's degree,31.72,08/2019,1
25-2051,25-2051.00,"Special Education Teachers, Preschool",Post-baccalaureate certificate,31.71,08/2019,2
25-2051,25-2051.00,"Special Education Teachers, Preschool",Master's degree,24.3,08/2019,3
25-2051,25-2051.00,"Special Education Teachers, Preschool",First professional degree,7.83,08/2019,4
25-2051,25-2051.00,"Special Education Teachers, Preschool",Associate's degree,3.0,08/2019,5
25-2051,25-2051.00,"Special Education Teachers, Preschool","Some college, no degree",1.44,08/2019,6
25-2056,25-2056.00,"Special Education Teachers, Elementary School",Bachelor's degree,51.39,08/2025,1
25-2056,25-2056.00,"Special Education Teachers, Elementary School",Master's degree,37.67,08/2025,2
25-2056,25-2056.00,"Special Education Teachers, Elementary School",High school diploma or equivalent,10.31,08/2025,3
25-2056,25-2056.00,"Special Education Teachers, Elementary School",Associate's degree,0.31,08/2025,4
25-2056,25-2056.00,"Special Education Teachers, Elementary School",Post-baccalaureate certificate,0.19,08/2025,5
25-2056,25-2056.00,"Special Education Teachers, Elementary School",Post-master's certificate,0.14,08/2025,6
25-2057,25-2057.00,"Special Education Teachers, Middle School",Bachelor's degree,82.13,08/2025,1
25-2057,25-2057.00,"Special Education Teachers, Middle School",Master's degree,17.49,08/2025,2
25-2057,25-2057.00,"Special Education Teachers, Middle School",Post-baccalaureate certificate,0.38,08/2025,3
25-2057,25-2057.00,"Special Education Teachers, Middle School",Less than high school diploma,0.0,08/2025,4
25-2057,25-2057.00,"Special Education Teachers, Middle School",High school diploma or equivalent,0.0,08/2025,5
25-2057,25-2057.00,"Special Education Teachers, Middle School",Post-secondary certificate,0.0,08/2025,6
25-2058,25-2058.00,"Special Education Teachers, Secondary School",Bachelor's degree,42.35,08/2025,1
25-2058,25-2058.00,"Special Education Teachers, Secondary School",Master's degree,42.17,08/2025,2
25-2058,25-2058.00,"Special Education Teachers, Secondary School",Post-baccalaureate certificate,15.0,08/2025,3
25-2058,25-2058.00,"Special Education Teachers, Secondary School",Associate's degree,0.24,08/2025,4
25-2058,25-2058.00,"Special Education Teachers, Secondary School",Post-master's certificate,0.24,08/2025,5
25-2058,25-2058.00,"Special Education Teachers, Secondary School",Less than high school diploma,0.0,08/2025,6
25-3011,25-3011.00,"Adult Basic Education, Adult Secondary Education, and English as a Second Language Instructors",Bachelor's degree,40.84,08/2018,1
25-3011,25-3011.00,"Adult Basic Education, Adult Secondary Education, and English as a Second Language Instructors",Master's degree,19.76,08/2018,2
25-3011,25-3011.00,"Adult Basic Education, Adult Secondary Education, and English as a Second Language Instructors",High school diploma or equivalent,11.38,08/2018,3
25-3011,25-3011.00,"Adult Basic Education, Adult Secondary Education, and English as a Second Language Instructors",Associate's degree,11.38,08/2018,4
25-3011,25-3011.00,"Adult Basic Education, Adult Secondary Education, and English as a Second Language Instructors",Post-baccalaureate certificate,11.38,08/2018,5
25-3011,25-3011.00,"Adult Basic Education, Adult Secondary Education, and English as a Second Language Instructors","Some college, no degree",3.28,08/2018,6
25-3021,25-3021.00,Self-Enrichment Teachers,Post-secondary certificate,18.48,08/2019,1
25-3021,25-3021.00,Self-Enrichment Teachers,Bachelor's degree,18.09,08/2019,2
25-3021,25-3021.00,Self-Enrichment Teachers,High school diploma or equivalent,13.51,08/2019,3
25-3021,25-3021.00,Self-Enrichment Teachers,Associate's degree,13.51,08/2019,4
25-3021,25-3021.00,Self-Enrichment Teachers,Post-doctoral training,0.76,08/2019,5
25-3021,25-3021.00,Self-Enrichment Teachers,Post-baccalaureate certificate,0.69,08/2019,6
25-3031,25-3031.00,"Substitute Teachers, Short-Term",Bachelor's degree,39.66,08/2025,1
25-3031,25-3031.00,"Substitute Teachers, Short-Term",Associate's degree,34.6,08/2025,2
25-3031,25-3031.00,"Substitute Teachers, Short-Term","Some college, no degree",10.42,08/2025,3
25-3031,25-3031.00,"Substitute Teachers, Short-Term",High school diploma or equivalent,10.05,08/2025,4
25-3031,25-3031.00,"Substitute Teachers, Short-Term",Master's degree,4.63,08/2025,5
25-3031,25-3031.00,"Substitute Teachers, Short-Term",Post-baccalaureate certificate,0.49,08/2025,6
25-4012,25-4012.00,Curators,Master's degree,44.05,08/2018,1
25-4012,25-4012.00,Curators,Doctoral degree,34.75,08/2018,2
25-4012,25-4012.00,Curators,Post-baccalaureate certificate,8.09,08/2018,3
25-4012,25-4012.00,Curators,Bachelor's degree,6.13,08/2018,4
25-4012,25-4012.00,Curators,"Some college, no degree",3.37,08/2018,5
25-4012,25-4012.00,Curators,Post-doctoral training,2.12,08/2018,6
25-4013,25-4013.00,Museum Technicians and Conservators,Master's degree,41.3,08/2018,1
25-4013,25-4013.00,Museum Technicians and Conservators,Bachelor's degree,24.11,08/2018,2
25-4013,25-4013.00,Museum Technicians and Conservators,Post-secondary certificate,20.32,08/2018,3
25-4013,25-4013.00,Museum Technicians and Conservators,Associate's degree,7.18,08/2018,4
25-4013,25-4013.00,Museum Technicians and Conservators,Post-master's certificate,5.79,08/2018,5
25-4013,25-4013.00,Museum Technicians and Conservators,High school diploma or equivalent,1.29,08/2018,6
25-4022,25-4022.00,Librarians and Media Collections Specialists,Master's degree,64.65,08/2022,1
25-4022,25-4022.00,Librarians and Media Collections Specialists,"Some college, no degree",10.22,08/2022,2
25-4022,25-4022.00,Librarians and Media Collections Specialists,Bachelor's degree,8.19,08/2022,3
25-4022,25-4022.00,Librarians and Media Collections Specialists,Post-master's certificate,4.67,08/2022,4
25-4022,25-4022.00,Librarians and Media Collections Specialists,Post-secondary certificate,4.45,08/2022,5
25-4022,25-4022.00,Librarians and Media Collections Specialists,Associate's degree,3.65,08/2022,6
25-4031,25-4031.00,Library Technicians,Bachelor's degree,29.62,07/2017,1
25-4031,25-4031.00,Library Technicians,Associate's degree,27.66,07/2017,2
25-4031,25-4031.00,Library Technicians,Post-secondary certificate,17.05,07/2017,3
25-4031,25-4031.00,Library Technicians,High school diploma or equivalent,15.02,07/2017,4
25-4031,25-4031.00,Library Technicians,"Some college, no degree",8.85,07/2017,5
25-4031,25-4031.00,Library Technicians,Master's degree,1.81,07/2017,6
25-9031,25-9031.00,Instructional Coordinators,Master's degree,59.84,08/2018,1
25-9031,25-9031.00,Instructional Coordinators,Bachelor's degree,24.83,08/2018,2
25-9031,25-9031.00,Instructional Coordinators,Post-master's certificate,10.85,08/2018,3
25-9031,25-9031.00,Instructional Coordinators,First professional degree,4.21,08/2018,4
25-9031,25-9031.00,Instructional Coordinators,Post-baccalaureate certificate,0.14,08/2018,5
25-9031,25-9031.00,Instructional Coordinators,Doctoral degree,0.14,08/2018,6
25-9042,25-9042.00,"Teaching Assistants, Preschool, Elementary, Middle, and Secondary School, Except Special Education",High school diploma or equivalent,27.1,08/2024,1
25-9042,25-9042.00,"Teaching Assistants, Preschool, Elementary, Middle, and Secondary School, Except Special Education",Post-secondary certificate,19.89,08/2024,2
25-9042,25-9042.00,"Teaching Assistants, Preschool, Elementary, Middle, and Secondary School, Except Special Education","Some college, no degree",17.12,08/2024,3
25-9042,25-9042.00,"Teaching Assistants, Preschool, Elementary, Middle, and Secondary School, Except Special Education",Bachelor's degree,16.28,08/2024,4
25-9042,25-9042.00,"Teaching Assistants, Preschool, Elementary, Middle, and Secondary School, Except Special Education",Master's degree,15.14,08/2024,5
25-9042,25-9042.00,"Teaching Assistants, Preschool, Elementary, Middle, and Secondary School, Except Special Education",Associate's degree,3.24,08/2024,6
25-9043,25-9043.00,"Teaching Assistants, Special Education",High school diploma or equivalent,24.61,08/2025,1
25-9043,25-9043.00,"Teaching Assistants, Special Education","Some college, no degree",18.2,08/2025,2
25-9043,25-9043.00,"Teaching Assistants, Special Education",Associate's degree,14.48,08/2025,3
25-9043,25-9043.00,"Teaching Assistants, Special Education",Master's degree,3.55,08/2025,4
25-9043,25-9043.00,"Teaching Assistants, Special Education",Less than high school diploma,0.0,08/2025,5
25-9043,25-9043.00,"Teaching Assistants, Special Education",Post-secondary certificate,0.0,08/2025,6
25-9044,25-9044.00,"Teaching Assistants, Postsecondary",Bachelor's degree,57.32,07/2016,1
25-9044,25-9044.00,"Teaching Assistants, Postsecondary",Master's degree,37.26,07/2016,2
25-9044,25-9044.00,"Teaching Assistants, Postsecondary",Doctoral degree,3.73,07/2016,3
25-9044,25-9044.00,"Teaching Assistants, Postsecondary","Some college, no degree",1.48,07/2016,4
25-9044,25-9044.00,"Teaching Assistants, Postsecondary",Post-master's certificate,0.2,07/2016,5
25-9044,25-9044.00,"Teaching Assistants, Postsecondary",Less than high school diploma,0.0,07/2016,6
27-1011,27-1011.00,Art Directors,Bachelor's degree,68.02,08/2023,1
27-1011,27-1011.00,Art Directors,High school diploma or equivalent,9.69,08/2023,2
27-1011,27-1011.00,Art Directors,Master's degree,7.69,08/2023,3
27-1011,27-1011.00,Art Directors,"Some college, no degree",5.7,08/2023,4
27-1011,27-1011.00,Art Directors,Associate's degree,5.37,08/2023,5
27-1011,27-1011.00,Art Directors,Post-baccalaureate certificate,3.52,08/2023,6
27-1013,27-1013.00,"Fine Artists, Including Painters, Sculptors, and Illustrators",Bachelor's degree,35.12,07/2017,1
27-1013,27-1013.00,"Fine Artists, Including Painters, Sculptors, and Illustrators",Post-secondary certificate,0.26,07/2017,2
27-1013,27-1013.00,"Fine Artists, Including Painters, Sculptors, and Illustrators",First professional degree,0.26,07/2017,3
27-1013,27-1013.00,"Fine Artists, Including Painters, Sculptors, and Illustrators",Less than high school diploma,0.0,07/2017,4
27-1013,27-1013.00,"Fine Artists, Including Painters, Sculptors, and Illustrators",Associate's degree,0.0,07/2017,5
27-1013,27-1013.00,"Fine Artists, Including Painters, Sculptors, and Illustrators",Post-baccalaureate certificate,0.0,07/2017,6
27-1014,27-1014.00,Special Effects Artists and Animators,High school diploma or equivalent,5.4,08/2019,1
27-1014,27-1014.00,Special Effects Artists and Animators,Associate's degree,1.7,08/2019,2
27-1014,27-1014.00,Special Effects Artists and Animators,Master's degree,0.34,08/2019,3
27-1014,27-1014.00,Special Effects Artists and Animators,Less than high school diploma,0.13,08/2019,4
27-1014,27-1014.00,Special Effects Artists and Animators,Post-secondary certificate,0.0,08/2019,5
27-1014,27-1014.00,Special Effects Artists and Animators,Post-baccalaureate certificate,0.0,08/2019,6
27-1021,27-1021.00,Commercial and Industrial Designers,Bachelor's degree,67.92,08/2019,1
27-1021,27-1021.00,Commercial and Industrial Designers,"Some college, no degree",15.23,08/2019,2
27-1021,27-1021.00,Commercial and Industrial Designers,Associate's degree,12.26,08/2019,3
27-1021,27-1021.00,Commercial and Industrial Designers,High school diploma or equivalent,4.3,08/2019,4
27-1021,27-1021.00,Commercial and Industrial Designers,Post-secondary certificate,0.29,08/2019,5
27-1021,27-1021.00,Commercial and Industrial Designers,Less than high school diploma,0.0,08/2019,6
27-1022,27-1022.00,Fashion Designers,Bachelor's degree,50.67,08/2024,1
27-1022,27-1022.00,Fashion Designers,Associate's degree,44.02,08/2024,2
27-1022,27-1022.00,Fashion Designers,High school diploma or equivalent,3.62,08/2024,3
27-1022,27-1022.00,Fashion Designers,"Some college, no degree",1.07,08/2024,4
27-1022,27-1022.00,Fashion Designers,Less than high school diploma,0.63,08/2024,5
27-1022,27-1022.00,Fashion Designers,Post-secondary certificate,0.0,08/2024,6
27-1023,27-1023.00,Floral Designers,High school diploma or equivalent,75.78,07/2015,1
27-1023,27-1023.00,Floral Designers,"Some college, no degree",11.17,07/2015,2
27-1023,27-1023.00,Floral Designers,Bachelor's degree,7.91,07/2015,3
27-1023,27-1023.00,Floral Designers,Associate's degree,3.34,07/2015,4
27-1023,27-1023.00,Floral Designers,Less than high school diploma,0.9,07/2015,5
27-1023,27-1023.00,Floral Designers,Post-secondary certificate,0.9,07/2015,6
27-1026,27-1026.00,Merchandise Displayers and Window Trimmers,High school diploma or equivalent,39.46,07/2015,1
27-1026,27-1026.00,Merchandise Displayers and Window Trimmers,"Some college, no degree",19.52,07/2015,2
27-1026,27-1026.00,Merchandise Displayers and Window Trimmers,Bachelor's degree,17.64,07/2015,3
27-1026,27-1026.00,Merchandise Displayers and Window Trimmers,Associate's degree,14.68,07/2015,4
27-1026,27-1026.00,Merchandise Displayers and Window Trimmers,Post-secondary certificate,8.7,07/2015,5
27-1026,27-1026.00,Merchandise Displayers and Window Trimmers,Less than high school diploma,0.0,07/2015,6
27-2011,27-2011.00,Actors,Less than high school diploma,45.42,07/2017,1
27-2011,27-2011.00,Actors,Bachelor's degree,20.68,07/2017,2
27-2011,27-2011.00,Actors,High school diploma or equivalent,16.24,07/2017,3
27-2011,27-2011.00,Actors,First professional degree,13.86,07/2017,4
27-2011,27-2011.00,Actors,Post-secondary certificate,3.81,07/2017,5
27-2011,27-2011.00,Actors,"Some college, no degree",0.0,07/2017,6
27-2012,27-2012.05,Media Technical Directors/Managers,Bachelor's degree,92.07,08/2019,1
27-2012,27-2012.00,Producers and Directors,Bachelor's degree,56.67,08/2022,2
27-2012,27-2012.03,Media Programming Directors,Bachelor's degree,52.0,08/2023,3
27-2012,27-2012.04,Talent Directors,Bachelor's degree,42.31,08/2019,4
27-2012,27-2012.03,Media Programming Directors,High school diploma or equivalent,31.19,08/2023,5
27-2012,27-2012.04,Talent Directors,Associate's degree,18.77,08/2019,6
27-2021,27-2021.00,Athletes and Sports Competitors,Less than high school diploma,34.8,07/2016,1
27-2021,27-2021.00,Athletes and Sports Competitors,Bachelor's degree,24.46,07/2016,2
27-2021,27-2021.00,Athletes and Sports Competitors,High school diploma or equivalent,23.33,07/2016,3
27-2021,27-2021.00,Athletes and Sports Competitors,Associate's degree,8.7,07/2016,4
27-2021,27-2021.00,Athletes and Sports Competitors,Post-secondary certificate,5.46,07/2016,5
27-2021,27-2021.00,Athletes and Sports Competitors,"Some college, no degree",3.25,07/2016,6
27-2022,27-2022.00,Coaches and Scouts,Bachelor's degree,48.89,08/2019,1
27-2022,27-2022.00,Coaches and Scouts,Master's degree,19.37,08/2019,2
27-2022,27-2022.00,Coaches and Scouts,Associate's degree,17.41,08/2019,3
27-2022,27-2022.00,Coaches and Scouts,High school diploma or equivalent,8.86,08/2019,4
27-2022,27-2022.00,Coaches and Scouts,Less than high school diploma,3.65,08/2019,5
27-2022,27-2022.00,Coaches and Scouts,Doctoral degree,1.81,08/2019,6
27-2031,27-2031.00,Dancers,High school diploma or equivalent,45.06,08/2019,1
27-2031,27-2031.00,Dancers,Less than high school diploma,34.17,08/2019,2
27-2031,27-2031.00,Dancers,Post-secondary certificate,13.54,08/2019,3
27-2031,27-2031.00,Dancers,"Some college, no degree",7.24,08/2019,4
27-2031,27-2031.00,Dancers,Associate's degree,0.0,08/2019,5
27-2031,27-2031.00,Dancers,Bachelor's degree,0.0,08/2019,6
27-2041,27-2041.00,Music Directors and Composers,Master's degree,28.21,08/2022,1
27-2041,27-2041.00,Music Directors and Composers,Bachelor's degree,24.02,08/2022,2
27-2041,27-2041.00,Music Directors and Composers,Doctoral degree,20.62,08/2022,3
27-2041,27-2041.00,Music Directors and Composers,Associate's degree,7.89,08/2022,4
27-2041,27-2041.00,Music Directors and Composers,"Some college, no degree",6.2,08/2022,5
27-2041,27-2041.00,Music Directors and Composers,Less than high school diploma,5.11,08/2022,6
27-2042,27-2042.00,Musicians and Singers,Bachelor's degree,29.07,08/2022,1
27-2042,27-2042.00,Musicians and Singers,Master's degree,17.15,08/2022,2
27-2042,27-2042.00,Musicians and Singers,High school diploma or equivalent,12.14,08/2022,3
27-2042,27-2042.00,Musicians and Singers,Doctoral degree,9.33,08/2022,4
27-2042,27-2042.00,Musicians and Singers,"Some college, no degree",8.56,08/2022,5
27-2042,27-2042.00,Musicians and Singers,Post-doctoral training,3.33,08/2022,6
27-3011,27-3011.00,Broadcast Announcers and Radio Disc Jockeys,"Some college, no degree",30.3,08/2025,1
27-3011,27-3011.00,Broadcast Announcers and Radio Disc Jockeys,High school diploma or equivalent,26.83,08/2025,2
27-3011,27-3011.00,Broadcast Announcers and Radio Disc Jockeys,Master's degree,5.19,08/2025,3
27-3011,27-3011.00,Broadcast Announcers and Radio Disc Jockeys,Associate's degree,2.5,08/2025,4
27-3011,27-3011.00,Broadcast Announcers and Radio Disc Jockeys,Less than high school diploma,0.0,08/2025,5
27-3011,27-3011.00,Broadcast Announcers and Radio Disc Jockeys,Post-secondary certificate,0.0,08/2025,6
27-3041,27-3041.00,Editors,Bachelor's degree,80.43,07/2017,1
27-3041,27-3041.00,Editors,Master's degree,17.03,07/2017,2
27-3041,27-3041.00,Editors,Post-baccalaureate certificate,1.27,07/2017,3
27-3041,27-3041.00,Editors,Post-master's certificate,1.27,07/2017,4
27-3041,27-3041.00,Editors,Less than high school diploma,0.0,07/2017,5
27-3041,27-3041.00,Editors,High school diploma or equivalent,0.0,07/2017,6
27-3042,27-3042.00,Technical Writers,Associate's degree,35.25,07/2012,1
27-3042,27-3042.00,Technical Writers,Bachelor's degree,33.02,07/2012,2
27-3042,27-3042.00,Technical Writers,"Some college, no degree",15.89,07/2012,3
27-3042,27-3042.00,Technical Writers,Post-secondary certificate,6.9,07/2012,4
27-3042,27-3042.00,Technical Writers,Master's degree,5.46,07/2012,5
27-3042,27-3042.00,Technical Writers,Post-baccalaureate certificate,2.5,07/2012,6
27-3043,27-3043.00,Writers and Authors,Associate's degree,17.68,08/2022,1
27-3091,27-3091.00,Interpreters and Translators,Bachelor's degree,54.72,08/2021,1
27-3091,27-3091.00,Interpreters and Translators,Master's degree,27.88,08/2021,2
27-3091,27-3091.00,Interpreters and Translators,High school diploma or equivalent,8.02,08/2021,3
27-3091,27-3091.00,Interpreters and Translators,Associate's degree,4.42,08/2021,4
27-3091,27-3091.00,Interpreters and Translators,Post-master's certificate,3.69,08/2021,5
27-3091,27-3091.00,Interpreters and Translators,Post-secondary certificate,1.27,08/2021,6
27-3092,27-3092.00,Court Reporters and Simultaneous Captioners,Post-secondary certificate,74.84,08/2020,1
27-3092,27-3092.00,Court Reporters and Simultaneous Captioners,Associate's degree,11.59,08/2020,2
27-3092,27-3092.00,Court Reporters and Simultaneous Captioners,High school diploma or equivalent,5.47,08/2020,3
27-3092,27-3092.00,Court Reporters and Simultaneous Captioners,"Some college, no degree",5.25,08/2020,4
27-3092,27-3092.00,Court Reporters and Simultaneous Captioners,First professional degree,2.86,08/2020,5
27-3092,27-3092.00,Court Reporters and Simultaneous Captioners,Less than high school diploma,0.0,08/2020,6
27-4011,27-4011.00,Audio and Video Technicians,Bachelor's degree,42.67,08/2018,1
27-4011,27-4011.00,Audio and Video Technicians,High school diploma or equivalent,25.07,08/2018,2
27-4011,27-4011.00,Audio and Video Technicians,Post-secondary certificate,19.87,08/2018,3
27-4011,27-4011.00,Audio and Video Technicians,Associate's degree,11.19,08/2018,4
27-4011,27-4011.00,Audio and Video Technicians,"Some college, no degree",1.19,08/2018,5
27-4011,27-4011.00,Audio and Video Technicians,Less than high school diploma,0.0,08/2018,6
27-4012,27-4012.00,Broadcast Technicians,Associate's degree,43.37,08/2019,1
27-4012,27-4012.00,Broadcast Technicians,"Some college, no degree",26.62,08/2019,2
27-4012,27-4012.00,Broadcast Technicians,High school diploma or equivalent,17.42,08/2019,3
27-4012,27-4012.00,Broadcast Technicians,Post-secondary certificate,10.2,08/2019,4
27-4012,27-4012.00,Broadcast Technicians,Bachelor's degree,2.39,08/2019,5
27-4012,27-4012.00,Broadcast Technicians,Less than high school diploma,0.0,08/2019,6
27-4031,27-4031.00,"Camera Operators, Television, Video, and Film",Associate's degree,60.7,08/2019,1
27-4031,27-4031.00,"Camera Operators, Television, Video, and Film",High school diploma or equivalent,17.82,08/2019,2
27-4031,27-4031.00,"Camera Operators, Television, Video, and Film","Some college, no degree",14.58,08/2019,3
27-4031,27-4031.00,"Camera Operators, Television, Video, and Film",Bachelor's degree,6.9,08/2019,4
27-4031,27-4031.00,"Camera Operators, Television, Video, and Film",Less than high school diploma,0.0,08/2019,5
27-4031,27-4031.00,"Camera Operators, Television, Video, and Film",Post-secondary certificate,0.0,08/2019,6
27-4032,27-4032.00,Film and Video Editors,Bachelor's degree,65.1,08/2020,1
27-4032,27-4032.00,Film and Video Editors,Associate's degree,16.85,08/2020,2
27-4032,27-4032.00,Film and Video Editors,High school diploma or equivalent,16.28,08/2020,3
27-4032,27-4032.00,Film and Video Editors,"Some college, no degree",1.18,08/2020,4
27-4032,27-4032.00,Film and Video Editors,Master's degree,0.59,08/2020,5
27-4032,27-4032.00,Film and Video Editors,Less than high school diploma,0.0,08/2020,6
29-1011,29-1011.00,Chiropractors,Doctoral degree,82.14,07/2013,1
29-1011,29-1011.00,Chiropractors,First professional degree,7.53,07/2013,2
29-1011,29-1011.00,Chiropractors,Post-secondary certificate,6.75,07/2013,3
29-1011,29-1011.00,Chiropractors,High school diploma or equivalent,3.58,07/2013,4
29-1011,29-1011.00,Chiropractors,Less than high school diploma,0.0,07/2013,5
29-1011,29-1011.00,Chiropractors,"Some college, no degree",0.0,07/2013,6
29-1021,29-1021.00,"Dentists, General",Doctoral degree,81.44,07/2014,1
29-1021,29-1021.00,"Dentists, General","Some college, no degree",7.17,07/2014,2
29-1021,29-1021.00,"Dentists, General",Master's degree,5.77,07/2014,3
29-1021,29-1021.00,"Dentists, General",Associate's degree,5.62,07/2014,4
29-1021,29-1021.00,"Dentists, General",Less than high school diploma,0.0,07/2014,5
29-1021,29-1021.00,"Dentists, General",High school diploma or equivalent,0.0,07/2014,6
29-1022,29-1022.00,Oral and Maxillofacial Surgeons,Post-doctoral training,72.2,07/2012,1
29-1022,29-1022.00,Oral and Maxillofacial Surgeons,Doctoral degree,19.84,07/2012,2
29-1022,29-1022.00,Oral and Maxillofacial Surgeons,First professional degree,7.96,07/2012,3
29-1022,29-1022.00,Oral and Maxillofacial Surgeons,Less than high school diploma,0.0,07/2012,4
29-1022,29-1022.00,Oral and Maxillofacial Surgeons,High school diploma or equivalent,0.0,07/2012,5
29-1022,29-1022.00,Oral and Maxillofacial Surgeons,Post-secondary certificate,0.0,07/2012,6
29-1023,29-1023.00,Orthodontists,Post-doctoral training,68.94,08/2023,1
29-1023,29-1023.00,Orthodontists,Doctoral degree,12.09,08/2023,2
29-1023,29-1023.00,Orthodontists,Post-secondary certificate,7.73,08/2023,3
29-1023,29-1023.00,Orthodontists,First professional degree,7.08,08/2023,4
29-1023,29-1023.00,Orthodontists,Bachelor's degree,2.66,08/2023,5
29-1023,29-1023.00,Orthodontists,High school diploma or equivalent,1.51,08/2023,6
29-1024,29-1024.00,Prosthodontists,Post-doctoral training,61.03,08/2024,1
29-1024,29-1024.00,Prosthodontists,Doctoral degree,36.06,08/2024,2
29-1024,29-1024.00,Prosthodontists,Post-secondary certificate,2.91,08/2024,3
29-1024,29-1024.00,Prosthodontists,Less than high school diploma,0.0,08/2024,4
29-1024,29-1024.00,Prosthodontists,High school diploma or equivalent,0.0,08/2024,5
29-1024,29-1024.00,Prosthodontists,"Some college, no degree",0.0,08/2024,6
29-1051,29-1051.00,Pharmacists,Doctoral degree,78.36,08/2022,1
29-1051,29-1051.00,Pharmacists,Bachelor's degree,11.47,08/2022,2
29-1051,29-1051.00,Pharmacists,Post-doctoral training,5.06,08/2022,3
29-1051,29-1051.00,Pharmacists,First professional degree,3.36,08/2022,4
29-1051,29-1051.00,Pharmacists,High school diploma or equivalent,1.75,08/2022,5
29-1051,29-1051.00,Pharmacists,Less than high school diploma,0.0,08/2022,6
29-1071,29-1071.01,Anesthesiologist Assistants,Master's degree,41.68,07/2012,1
29-1071,29-1071.01,Anesthesiologist Assistants,High school diploma or equivalent,21.8,07/2012,2
29-1071,29-1071.01,Anesthesiologist Assistants,Post-secondary certificate,16.81,07/2012,3
29-1071,29-1071.01,Anesthesiologist Assistants,First professional degree,14.51,07/2012,4
29-1071,29-1071.01,Anesthesiologist Assistants,Associate's degree,4.08,07/2012,5
29-1071,29-1071.01,Anesthesiologist Assistants,Post-master's certificate,1.11,07/2012,6
29-1081,29-1081.00,Podiatrists,Doctoral degree,52.89,08/2022,1
29-1081,29-1081.00,Podiatrists,Post-doctoral training,32.36,08/2022,2
29-1081,29-1081.00,Podiatrists,First professional degree,14.09,08/2022,3
29-1081,29-1081.00,Podiatrists,High school diploma or equivalent,0.66,08/2022,4
29-1081,29-1081.00,Podiatrists,Less than high school diploma,0.0,08/2022,5
29-1081,29-1081.00,Podiatrists,Post-secondary certificate,0.0,08/2022,6
29-1123,29-1123.00,Physical Therapists,Doctoral degree,47.13,08/2020,1
29-1123,29-1123.00,Physical Therapists,Master's degree,38.3,08/2020,2
29-1123,29-1123.00,Physical Therapists,Bachelor's degree,8.31,08/2020,3
29-1123,29-1123.00,Physical Therapists,Associate's degree,6.26,08/2020,4
29-1123,29-1123.00,Physical Therapists,Less than high school diploma,0.0,08/2020,5
29-1123,29-1123.00,Physical Therapists,High school diploma or equivalent,0.0,08/2020,6
29-1124,29-1124.00,Radiation Therapists,Associate's degree,50.14,07/2013,1
29-1124,29-1124.00,Radiation Therapists,Bachelor's degree,37.54,07/2013,2
29-1124,29-1124.00,Radiation Therapists,Post-secondary certificate,8.87,07/2013,3
29-1124,29-1124.00,Radiation Therapists,"Some college, no degree",3.45,07/2013,4
29-1124,29-1124.00,Radiation Therapists,Less than high school diploma,0.0,07/2013,5
29-1124,29-1124.00,Radiation Therapists,High school diploma or equivalent,0.0,07/2013,6
29-1126,29-1126.00,Respiratory Therapists,Associate's degree,82.75,07/2013,1
29-1126,29-1126.00,Respiratory Therapists,Bachelor's degree,11.69,07/2013,2
29-1126,29-1126.00,Respiratory Therapists,Post-secondary certificate,5.15,07/2013,3
29-1126,29-1126.00,Respiratory Therapists,Post-baccalaureate certificate,0.41,07/2013,4
29-1126,29-1126.00,Respiratory Therapists,Less than high school diploma,0.0,07/2013,5
29-1126,29-1126.00,Respiratory Therapists,High school diploma or equivalent,0.0,07/2013,6
29-1127,29-1127.00,Speech-Language Pathologists,Master's degree,88.52,08/2022,1
29-1127,29-1127.00,Speech-Language Pathologists,Post-master's certificate,11.48,08/2022,2
29-1127,29-1127.00,Speech-Language Pathologists,Less than high school diploma,0.0,08/2022,3
29-1127,29-1127.00,Speech-Language Pathologists,High school diploma or equivalent,0.0,08/2022,4
29-1127,29-1127.00,Speech-Language Pathologists,Post-secondary certificate,0.0,08/2022,5
29-1127,29-1127.00,Speech-Language Pathologists,"Some college, no degree",0.0,08/2022,6
29-1131,29-1131.00,Veterinarians,Doctoral degree,79.16,08/2020,1
29-1131,29-1131.00,Veterinarians,Post-doctoral training,11.74,08/2020,2
29-1131,29-1131.00,Veterinarians,First professional degree,9.1,08/2020,3
29-1131,29-1131.00,Veterinarians,Less than high school diploma,0.0,08/2020,4
29-1131,29-1131.00,Veterinarians,High school diploma or equivalent,0.0,08/2020,5
29-1131,29-1131.00,Veterinarians,Post-secondary certificate,0.0,08/2020,6
29-1141,29-1141.00,Registered Nurses,Post-secondary certificate,22.5,08/2021,1
29-1141,29-1141.00,Registered Nurses,Associate's degree,19.39,08/2021,2
29-1141,29-1141.00,Registered Nurses,Master's degree,1.43,08/2021,3
29-1141,29-1141.00,Registered Nurses,High school diploma or equivalent,0.76,08/2021,4
29-1141,29-1141.00,Registered Nurses,Less than high school diploma,0.0,08/2021,5
29-1141,29-1141.00,Registered Nurses,"Some college, no degree",0.0,08/2021,6
29-1211,29-1211.00,Anesthesiologists,Post-doctoral training,69.18,07/2012,1
29-1211,29-1211.00,Anesthesiologists,Doctoral degree,24.71,07/2012,2
29-1211,29-1211.00,Anesthesiologists,First professional degree,4.85,07/2012,3
29-1211,29-1211.00,Anesthesiologists,Master's degree,1.26,07/2012,4
29-1211,29-1211.00,Anesthesiologists,Less than high school diploma,0.0,07/2012,5
29-1211,29-1211.00,Anesthesiologists,High school diploma or equivalent,0.0,07/2012,6
29-1213,29-1213.00,Dermatologists,Doctoral degree,56.38,08/2021,1
29-1213,29-1213.00,Dermatologists,Post-doctoral training,30.57,08/2021,2
29-1213,29-1213.00,Dermatologists,Associate's degree,6.11,08/2021,3
29-1213,29-1213.00,Dermatologists,Master's degree,4.71,08/2021,4
29-1213,29-1213.00,Dermatologists,First professional degree,1.49,08/2021,5
29-1213,29-1213.00,Dermatologists,Post-secondary certificate,0.74,08/2021,6
29-1215,29-1215.00,Family Medicine Physicians,Post-doctoral training,28.89,08/2020,1
29-1215,29-1215.00,Family Medicine Physicians,Master's degree,9.48,08/2020,2
29-1215,29-1215.00,Family Medicine Physicians,Bachelor's degree,2.25,08/2020,3
29-1215,29-1215.00,Family Medicine Physicians,"Some college, no degree",0.31,08/2020,4
29-1215,29-1215.00,Family Medicine Physicians,Less than high school diploma,0.0,08/2020,5
29-1215,29-1215.00,Family Medicine Physicians,High school diploma or equivalent,0.0,08/2020,6
29-1216,29-1216.00,General Internal Medicine Physicians,Post-doctoral training,53.01,08/2021,1
29-1216,29-1216.00,General Internal Medicine Physicians,Doctoral degree,46.99,08/2021,2
29-1216,29-1216.00,General Internal Medicine Physicians,Less than high school diploma,0.0,08/2021,3
29-1216,29-1216.00,General Internal Medicine Physicians,High school diploma or equivalent,0.0,08/2021,4
29-1216,29-1216.00,General Internal Medicine Physicians,Post-secondary certificate,0.0,08/2021,5
29-1216,29-1216.00,General Internal Medicine Physicians,"Some college, no degree",0.0,08/2021,6
29-1217,29-1217.00,Neurologists,Post-doctoral training,63.66,07/2012,1
29-1217,29-1217.00,Neurologists,Doctoral degree,29.18,07/2012,2
29-1217,29-1217.00,Neurologists,Master's degree,4.77,07/2012,3
29-1217,29-1217.00,Neurologists,High school diploma or equivalent,2.4,07/2012,4
29-1217,29-1217.00,Neurologists,Less than high school diploma,0.0,07/2012,5
29-1217,29-1217.00,Neurologists,Post-secondary certificate,0.0,07/2012,6
29-1218,29-1218.00,Obstetricians and Gynecologists,Post-doctoral training,74.01,08/2023,1
29-1218,29-1218.00,Obstetricians and Gynecologists,Doctoral degree,22.54,08/2023,2
29-1218,29-1218.00,Obstetricians and Gynecologists,First professional degree,3.45,08/2023,3
29-1218,29-1218.00,Obstetricians and Gynecologists,Less than high school diploma,0.0,08/2023,4
29-1218,29-1218.00,Obstetricians and Gynecologists,High school diploma or equivalent,0.0,08/2023,5
29-1218,29-1218.00,Obstetricians and Gynecologists,Post-secondary certificate,0.0,08/2023,6
29-1221,29-1221.00,"Pediatricians, General",Post-doctoral training,78.3,08/2020,1
29-1221,29-1221.00,"Pediatricians, General",Doctoral degree,20.43,08/2020,2
29-1221,29-1221.00,"Pediatricians, General",First professional degree,1.27,08/2020,3
29-1221,29-1221.00,"Pediatricians, General",Less than high school diploma,0.0,08/2020,4
29-1221,29-1221.00,"Pediatricians, General",High school diploma or equivalent,0.0,08/2020,5
29-1221,29-1221.00,"Pediatricians, General",Post-secondary certificate,0.0,08/2020,6
29-1222,29-1222.00,"Physicians, Pathologists",Post-doctoral training,62.04,08/2020,1
29-1222,29-1222.00,"Physicians, Pathologists",Doctoral degree,29.22,08/2020,2
29-1222,29-1222.00,"Physicians, Pathologists",Master's degree,6.0,08/2020,3
29-1222,29-1222.00,"Physicians, Pathologists",First professional degree,2.74,08/2020,4
29-1222,29-1222.00,"Physicians, Pathologists",Less than high school diploma,0.0,08/2020,5
29-1222,29-1222.00,"Physicians, Pathologists",High school diploma or equivalent,0.0,08/2020,6
29-1223,29-1223.00,Psychiatrists,Post-doctoral training,58.53,07/2014,1
29-1223,29-1223.00,Psychiatrists,Doctoral degree,34.18,07/2014,2
29-1223,29-1223.00,Psychiatrists,Master's degree,5.03,07/2014,3
29-1223,29-1223.00,Psychiatrists,First professional degree,1.8,07/2014,4
29-1223,29-1223.00,Psychiatrists,High school diploma or equivalent,0.47,07/2014,5
29-1223,29-1223.00,Psychiatrists,Less than high school diploma,0.0,07/2014,6
29-1224,29-1224.00,Radiologists,Post-doctoral training,57.86,08/2023,1
29-1224,29-1224.00,Radiologists,Doctoral degree,28.02,08/2023,2
29-1224,29-1224.00,Radiologists,Associate's degree,11.08,08/2023,3
29-1224,29-1224.00,Radiologists,Post-secondary certificate,3.04,08/2023,4
29-1224,29-1224.00,Radiologists,Less than high school diploma,0.0,08/2023,5
29-1224,29-1224.00,Radiologists,High school diploma or equivalent,0.0,08/2023,6
29-1229,29-1229.03,Urologists,Post-doctoral training,64.43,08/2023,1
29-1229,29-1229.04,Physical Medicine and Rehabilitation Physicians,Doctoral degree,54.89,07/2012,2
29-1229,29-1229.01,Allergists and Immunologists,Post-doctoral training,52.95,08/2022,3
29-1229,29-1229.04,Physical Medicine and Rehabilitation Physicians,Post-doctoral training,43.05,07/2012,4
29-1229,29-1229.03,Urologists,Doctoral degree,33.37,08/2023,5
29-1229,29-1229.01,Allergists and Immunologists,Doctoral degree,21.48,08/2022,6
29-1241,29-1241.00,"Ophthalmologists, Except Pediatric",Doctoral degree,20.03,08/2022,1
29-1241,29-1241.00,"Ophthalmologists, Except Pediatric",Post-baccalaureate certificate,13.96,08/2022,2
29-1241,29-1241.00,"Ophthalmologists, Except Pediatric",First professional degree,13.96,08/2022,3
29-1241,29-1241.00,"Ophthalmologists, Except Pediatric",Post-secondary certificate,9.91,08/2022,4
29-1292,29-1292.00,Dental Hygienists,Associate's degree,75.18,08/2021,1
29-1292,29-1292.00,Dental Hygienists,First professional degree,12.74,08/2021,2
29-1292,29-1292.00,Dental Hygienists,Post-baccalaureate certificate,9.0,08/2021,3
29-1292,29-1292.00,Dental Hygienists,Bachelor's degree,3.08,08/2021,4
29-1292,29-1292.00,Dental Hygienists,Less than high school diploma,0.0,08/2021,5
29-1292,29-1292.00,Dental Hygienists,High school diploma or equivalent,0.0,08/2021,6
29-2011,29-2011.00,Medical and Clinical Laboratory Technologists,Bachelor's degree,52.12,08/2025,1
29-2011,29-2011.00,Medical and Clinical Laboratory Technologists,Post-baccalaureate certificate,13.95,08/2025,2
29-2011,29-2011.00,Medical and Clinical Laboratory Technologists,"Some college, no degree",1.54,08/2025,3
29-2011,29-2011.00,Medical and Clinical Laboratory Technologists,Less than high school diploma,0.0,08/2025,4
29-2011,29-2011.00,Medical and Clinical Laboratory Technologists,High school diploma or equivalent,0.0,08/2025,5
29-2011,29-2011.00,Medical and Clinical Laboratory Technologists,Post-secondary certificate,0.0,08/2025,6
29-2012,29-2012.00,Medical and Clinical Laboratory Technicians,Bachelor's degree,45.93,07/2014,1
29-2012,29-2012.00,Medical and Clinical Laboratory Technicians,Associate's degree,30.9,07/2014,2
29-2012,29-2012.00,Medical and Clinical Laboratory Technicians,Post-baccalaureate certificate,10.47,07/2014,3
29-2012,29-2012.00,Medical and Clinical Laboratory Technicians,Master's degree,6.8,07/2014,4
29-2012,29-2012.00,Medical and Clinical Laboratory Technicians,High school diploma or equivalent,4.24,07/2014,5
29-2012,29-2012.00,Medical and Clinical Laboratory Technicians,"Some college, no degree",0.91,07/2014,6
29-2031,29-2031.00,Cardiovascular Technologists and Technicians,Associate's degree,62.9,07/2014,1
29-2031,29-2031.00,Cardiovascular Technologists and Technicians,Post-secondary certificate,12.85,07/2014,2
29-2031,29-2031.00,Cardiovascular Technologists and Technicians,High school diploma or equivalent,9.85,07/2014,3
29-2031,29-2031.00,Cardiovascular Technologists and Technicians,"Some college, no degree",7.82,07/2014,4
29-2031,29-2031.00,Cardiovascular Technologists and Technicians,First professional degree,3.81,07/2014,5
29-2031,29-2031.00,Cardiovascular Technologists and Technicians,Bachelor's degree,2.77,07/2014,6
29-2032,29-2032.00,Diagnostic Medical Sonographers,Associate's degree,47.13,07/2013,1
29-2032,29-2032.00,Diagnostic Medical Sonographers,Post-secondary certificate,19.34,07/2013,2
29-2032,29-2032.00,Diagnostic Medical Sonographers,Bachelor's degree,16.83,07/2013,3
29-2032,29-2032.00,Diagnostic Medical Sonographers,First professional degree,16.7,07/2013,4
29-2032,29-2032.00,Diagnostic Medical Sonographers,Less than high school diploma,0.0,07/2013,5
29-2032,29-2032.00,Diagnostic Medical Sonographers,High school diploma or equivalent,0.0,07/2013,6
29-2033,29-2033.00,Nuclear Medicine Technologists,Associate's degree,62.63,07/2013,1
29-2033,29-2033.00,Nuclear Medicine Technologists,Bachelor's degree,21.5,07/2013,2
29-2033,29-2033.00,Nuclear Medicine Technologists,Post-baccalaureate certificate,5.76,07/2013,3
29-2033,29-2033.00,Nuclear Medicine Technologists,Post-secondary certificate,4.24,07/2013,4
29-2033,29-2033.00,Nuclear Medicine Technologists,First professional degree,4.07,07/2013,5
29-2033,29-2033.00,Nuclear Medicine Technologists,"Some college, no degree",1.81,07/2013,6
29-2034,29-2034.00,Radiologic Technologists and Technicians,Associate's degree,72.85,08/2022,1
29-2034,29-2034.00,Radiologic Technologists and Technicians,Post-secondary certificate,16.52,08/2022,2
29-2034,29-2034.00,Radiologic Technologists and Technicians,Bachelor's degree,10.63,08/2022,3
29-2034,29-2034.00,Radiologic Technologists and Technicians,Less than high school diploma,0.0,08/2022,4
29-2034,29-2034.00,Radiologic Technologists and Technicians,High school diploma or equivalent,0.0,08/2022,5
29-2034,29-2034.00,Radiologic Technologists and Technicians,"Some college, no degree",0.0,08/2022,6
29-2051,29-2051.00,Dietetic Technicians,Associate's degree,34.57,08/2021,1
29-2051,29-2051.00,Dietetic Technicians,Post-secondary certificate,26.85,08/2021,2
29-2051,29-2051.00,Dietetic Technicians,"Some college, no degree",14.64,08/2021,3
29-2051,29-2051.00,Dietetic Technicians,Less than high school diploma,9.69,08/2021,4
29-2051,29-2051.00,Dietetic Technicians,High school diploma or equivalent,7.54,08/2021,5
29-2051,29-2051.00,Dietetic Technicians,Bachelor's degree,6.71,08/2021,6
29-2052,29-2052.00,Pharmacy Technicians,Post-secondary certificate,41.97,08/2021,1
29-2052,29-2052.00,Pharmacy Technicians,High school diploma or equivalent,35.73,08/2021,2
29-2052,29-2052.00,Pharmacy Technicians,"Some college, no degree",14.63,08/2021,3
29-2052,29-2052.00,Pharmacy Technicians,Bachelor's degree,3.84,08/2021,4
29-2052,29-2052.00,Pharmacy Technicians,Associate's degree,3.83,08/2021,5
29-2052,29-2052.00,Pharmacy Technicians,Less than high school diploma,0.0,08/2021,6
29-2053,29-2053.00,Psychiatric Technicians,High school diploma or equivalent,19.77,08/2023,1
29-2053,29-2053.00,Psychiatric Technicians,Post-secondary certificate,5.02,08/2023,2
29-2053,29-2053.00,Psychiatric Technicians,Associate's degree,3.18,08/2023,3
29-2053,29-2053.00,Psychiatric Technicians,Master's degree,2.13,08/2023,4
29-2053,29-2053.00,Psychiatric Technicians,Less than high school diploma,0.0,08/2023,5
29-2053,29-2053.00,Psychiatric Technicians,Post-baccalaureate certificate,0.0,08/2023,6
29-2055,29-2055.00,Surgical Technologists,Associate's degree,40.56,07/2013,1
29-2055,29-2055.00,Surgical Technologists,Post-secondary certificate,31.22,07/2013,2
29-2055,29-2055.00,Surgical Technologists,"Some college, no degree",23.24,07/2013,3
29-2055,29-2055.00,Surgical Technologists,High school diploma or equivalent,4.98,07/2013,4
29-2055,29-2055.00,Surgical Technologists,Less than high school diploma,0.0,07/2013,5
29-2055,29-2055.00,Surgical Technologists,Bachelor's degree,0.0,07/2013,6
29-2056,29-2056.00,Veterinary Technologists and Technicians,High school diploma or equivalent,41.25,08/2020,1
29-2056,29-2056.00,Veterinary Technologists and Technicians,Associate's degree,26.35,08/2020,2
29-2056,29-2056.00,Veterinary Technologists and Technicians,Post-secondary certificate,14.63,08/2020,3
29-2056,29-2056.00,Veterinary Technologists and Technicians,"Some college, no degree",7.37,08/2020,4
29-2056,29-2056.00,Veterinary Technologists and Technicians,Doctoral degree,5.54,08/2020,5
29-2056,29-2056.00,Veterinary Technologists and Technicians,Bachelor's degree,4.86,08/2020,6
29-2061,29-2061.00,Licensed Practical and Licensed Vocational Nurses,"Some college, no degree",38.24,08/2021,1
29-2061,29-2061.00,Licensed Practical and Licensed Vocational Nurses,Post-secondary certificate,34.77,08/2021,2
29-2061,29-2061.00,Licensed Practical and Licensed Vocational Nurses,Associate's degree,15.9,08/2021,3
29-2061,29-2061.00,Licensed Practical and Licensed Vocational Nurses,Bachelor's degree,11.09,08/2021,4
29-2061,29-2061.00,Licensed Practical and Licensed Vocational Nurses,Less than high school diploma,0.0,08/2021,5
29-2061,29-2061.00,Licensed Practical and Licensed Vocational Nurses,High school diploma or equivalent,0.0,08/2021,6
29-2092,29-2092.00,Hearing Aid Specialists,Doctoral degree,43.99,08/2020,1
29-2092,29-2092.00,Hearing Aid Specialists,High school diploma or equivalent,22.13,08/2020,2
29-2092,29-2092.00,Hearing Aid Specialists,Post-secondary certificate,11.96,08/2020,3
29-2092,29-2092.00,Hearing Aid Specialists,Post-baccalaureate certificate,11.92,08/2020,4
29-2092,29-2092.00,Hearing Aid Specialists,Associate's degree,9.17,08/2020,5
29-2092,29-2092.00,Hearing Aid Specialists,Bachelor's degree,0.44,08/2020,6
29-2099,29-2099.08,Patient Representatives,High school diploma or equivalent,26.65,08/2020,1
29-2099,29-2099.08,Patient Representatives,Master's degree,23.2,08/2020,2
29-2099,29-2099.08,Patient Representatives,Bachelor's degree,15.27,08/2020,3
29-2099,29-2099.08,Patient Representatives,Post-secondary certificate,12.18,08/2020,4
29-2099,29-2099.08,Patient Representatives,"Some college, no degree",11.77,08/2020,5
29-2099,29-2099.08,Patient Representatives,Associate's degree,10.92,08/2020,6
29-9091,29-9091.00,Athletic Trainers,Master's degree,54.33,08/2021,1
29-9091,29-9091.00,Athletic Trainers,Bachelor's degree,37.39,08/2021,2
29-9091,29-9091.00,Athletic Trainers,High school diploma or equivalent,8.28,08/2021,3
29-9091,29-9091.00,Athletic Trainers,Less than high school diploma,0.0,08/2021,4
29-9091,29-9091.00,Athletic Trainers,Post-secondary certificate,0.0,08/2021,5
29-9091,29-9091.00,Athletic Trainers,"Some college, no degree",0.0,08/2021,6
29-9093,29-9093.00,Surgical Assistants,Associate's degree,24.96,07/2015,1
29-9093,29-9093.00,Surgical Assistants,Post-baccalaureate certificate,16.12,07/2015,2
29-9093,29-9093.00,Surgical Assistants,Post-secondary certificate,15.36,07/2015,3
29-9093,29-9093.00,Surgical Assistants,High school diploma or equivalent,13.17,07/2015,4
29-9093,29-9093.00,Surgical Assistants,"Some college, no degree",10.63,07/2015,5
29-9093,29-9093.00,Surgical Assistants,Bachelor's degree,7.8,07/2015,6
29-9099,29-9099.01,Midwives,Post-secondary certificate,32.75,08/2021,1
29-9099,29-9099.01,Midwives,Master's degree,28.79,08/2021,2
29-9099,29-9099.01,Midwives,Post-baccalaureate certificate,15.93,08/2021,3
29-9099,29-9099.01,Midwives,Bachelor's degree,12.19,08/2021,4
29-9099,29-9099.01,Midwives,"Some college, no degree",8.83,08/2021,5
29-9099,29-9099.01,Midwives,Post-master's certificate,1.51,08/2021,6
31-1121,31-1121.00,Home Health Aides,High school diploma or equivalent,62.61,07/2014,1
31-1121,31-1121.00,Home Health Aides,Post-secondary certificate,20.9,07/2014,2
31-1121,31-1121.00,Home Health Aides,Associate's degree,8.84,07/2014,3
31-1121,31-1121.00,Home Health Aides,"Some college, no degree",7.02,07/2014,4
31-1121,31-1121.00,Home Health Aides,Less than high school diploma,0.62,07/2014,5
31-1121,31-1121.00,Home Health Aides,Bachelor's degree,0.0,07/2014,6
31-1122,31-1122.00,Personal Care Aides,High school diploma or equivalent,47.76,08/2023,1
31-1122,31-1122.00,Personal Care Aides,Associate's degree,22.48,08/2023,2
31-1122,31-1122.00,Personal Care Aides,Post-secondary certificate,6.24,08/2023,3
31-1122,31-1122.00,Personal Care Aides,"Some college, no degree",5.99,08/2023,4
31-1122,31-1122.00,Personal Care Aides,Bachelor's degree,0.0,08/2023,5
31-1122,31-1122.00,Personal Care Aides,Post-baccalaureate certificate,0.0,08/2023,6
31-1131,31-1131.00,Nursing Assistants,High school diploma or equivalent,38.69,08/2020,1
31-1131,31-1131.00,Nursing Assistants,Post-secondary certificate,23.98,08/2020,2
31-1131,31-1131.00,Nursing Assistants,"Some college, no degree",12.2,08/2020,3
31-1131,31-1131.00,Nursing Assistants,Associate's degree,9.82,08/2020,4
31-1131,31-1131.00,Nursing Assistants,Bachelor's degree,6.1,08/2020,5
31-1131,31-1131.00,Nursing Assistants,First professional degree,3.79,08/2020,6
31-1132,31-1132.00,Orderlies,High school diploma or equivalent,89.32,07/2016,1
31-1132,31-1132.00,Orderlies,Less than high school diploma,6.55,07/2016,2
31-1132,31-1132.00,Orderlies,Post-secondary certificate,4.13,07/2016,3
31-1132,31-1132.00,Orderlies,"Some college, no degree",0.0,07/2016,4
31-1132,31-1132.00,Orderlies,Associate's degree,0.0,07/2016,5
31-1132,31-1132.00,Orderlies,Bachelor's degree,0.0,07/2016,6
31-1133,31-1133.00,Psychiatric Aides,"Some college, no degree",45.7,08/2023,1
31-1133,31-1133.00,Psychiatric Aides,High school diploma or equivalent,24.17,08/2023,2
31-1133,31-1133.00,Psychiatric Aides,Post-secondary certificate,16.49,08/2023,3
31-1133,31-1133.00,Psychiatric Aides,Associate's degree,9.56,08/2023,4
31-1133,31-1133.00,Psychiatric Aides,Bachelor's degree,4.08,08/2023,5
31-1133,31-1133.00,Psychiatric Aides,Less than high school diploma,0.0,08/2023,6
31-2011,31-2011.00,Occupational Therapy Assistants,Associate's degree,91.74,08/2022,1
31-2011,31-2011.00,Occupational Therapy Assistants,"Some college, no degree",5.07,08/2022,2
31-2011,31-2011.00,Occupational Therapy Assistants,Bachelor's degree,2.74,08/2022,3
31-2011,31-2011.00,Occupational Therapy Assistants,Post-baccalaureate certificate,0.45,08/2022,4
31-2011,31-2011.00,Occupational Therapy Assistants,Less than high school diploma,0.0,08/2022,5
31-2011,31-2011.00,Occupational Therapy Assistants,High school diploma or equivalent,0.0,08/2022,6
31-2012,31-2012.00,Occupational Therapy Aides,High school diploma or equivalent,36.76,08/2020,1
31-2012,31-2012.00,Occupational Therapy Aides,"Some college, no degree",24.32,08/2020,2
31-2012,31-2012.00,Occupational Therapy Aides,Post-secondary certificate,8.72,08/2020,3
31-2012,31-2012.00,Occupational Therapy Aides,First professional degree,1.8,08/2020,4
31-2012,31-2012.00,Occupational Therapy Aides,Less than high school diploma,0.0,08/2020,5
31-2012,31-2012.00,Occupational Therapy Aides,Bachelor's degree,0.0,08/2020,6
31-2021,31-2021.00,Physical Therapist Assistants,Associate's degree,84.16,08/2020,1
31-2021,31-2021.00,Physical Therapist Assistants,Bachelor's degree,14.88,08/2020,2
31-2021,31-2021.00,Physical Therapist Assistants,First professional degree,0.97,08/2020,3
31-2021,31-2021.00,Physical Therapist Assistants,Less than high school diploma,0.0,08/2020,4
31-2021,31-2021.00,Physical Therapist Assistants,High school diploma or equivalent,0.0,08/2020,5
31-2021,31-2021.00,Physical Therapist Assistants,Post-secondary certificate,0.0,08/2020,6
31-2022,31-2022.00,Physical Therapist Aides,High school diploma or equivalent,34.41,08/2023,1
31-2022,31-2022.00,Physical Therapist Aides,Associate's degree,25.1,08/2023,2
31-2022,31-2022.00,Physical Therapist Aides,Less than high school diploma,10.09,08/2023,3
31-2022,31-2022.00,Physical Therapist Aides,Doctoral degree,10.09,08/2023,4
31-2022,31-2022.00,Physical Therapist Aides,"Some college, no degree",9.61,08/2023,5
31-2022,31-2022.00,Physical Therapist Aides,Bachelor's degree,8.62,08/2023,6
31-9091,31-9091.00,Dental Assistants,Post-secondary certificate,46.04,08/2021,1
31-9091,31-9091.00,Dental Assistants,High school diploma or equivalent,28.61,08/2021,2
31-9091,31-9091.00,Dental Assistants,"Some college, no degree",17.06,08/2021,3
31-9091,31-9091.00,Dental Assistants,Associate's degree,8.29,08/2021,4
31-9091,31-9091.00,Dental Assistants,Less than high school diploma,0.0,08/2021,5
31-9091,31-9091.00,Dental Assistants,Bachelor's degree,0.0,08/2021,6
31-9092,31-9092.00,Medical Assistants,High school diploma or equivalent,20.54,08/2021,1
31-9092,31-9092.00,Medical Assistants,Bachelor's degree,17.47,08/2021,2
31-9092,31-9092.00,Medical Assistants,"Some college, no degree",17.2,08/2021,3
31-9092,31-9092.00,Medical Assistants,Associate's degree,0.05,08/2021,4
31-9092,31-9092.00,Medical Assistants,Less than high school diploma,0.0,08/2021,5
31-9092,31-9092.00,Medical Assistants,Post-baccalaureate certificate,0.0,08/2021,6
31-9093,31-9093.00,Medical Equipment Preparers,High school diploma or equivalent,43.76,07/2014,1
31-9093,31-9093.00,Medical Equipment Preparers,Post-secondary certificate,31.22,07/2014,2
31-9093,31-9093.00,Medical Equipment Preparers,Bachelor's degree,15.3,07/2014,3
31-9093,31-9093.00,Medical Equipment Preparers,"Some college, no degree",4.42,07/2014,4
31-9093,31-9093.00,Medical Equipment Preparers,Associate's degree,3.52,07/2014,5
31-9093,31-9093.00,Medical Equipment Preparers,Master's degree,1.78,07/2014,6
31-9094,31-9094.00,Medical Transcriptionists,Post-secondary certificate,38.89,08/2021,1
31-9094,31-9094.00,Medical Transcriptionists,"Some college, no degree",33.65,08/2021,2
31-9094,31-9094.00,Medical Transcriptionists,High school diploma or equivalent,16.73,08/2021,3
31-9094,31-9094.00,Medical Transcriptionists,Associate's degree,10.73,08/2021,4
31-9094,31-9094.00,Medical Transcriptionists,Less than high school diploma,0.0,08/2021,5
31-9094,31-9094.00,Medical Transcriptionists,Bachelor's degree,0.0,08/2021,6
31-9095,31-9095.00,Pharmacy Aides,Post-secondary certificate,18.21,07/2014,1
31-9095,31-9095.00,Pharmacy Aides,"Some college, no degree",5.56,07/2014,2
31-9095,31-9095.00,Pharmacy Aides,Associate's degree,0.0,07/2014,3
31-9095,31-9095.00,Pharmacy Aides,Bachelor's degree,0.0,07/2014,4
31-9095,31-9095.00,Pharmacy Aides,Post-baccalaureate certificate,0.0,07/2014,5
31-9095,31-9095.00,Pharmacy Aides,Master's degree,0.0,07/2014,6
31-9096,31-9096.00,Veterinary Assistants and Laboratory Animal Caretakers,High school diploma or equivalent,78.23,08/2020,1
31-9096,31-9096.00,Veterinary Assistants and Laboratory Animal Caretakers,Post-secondary certificate,10.89,08/2020,2
31-9096,31-9096.00,Veterinary Assistants and Laboratory Animal Caretakers,Less than high school diploma,6.44,08/2020,3
31-9096,31-9096.00,Veterinary Assistants and Laboratory Animal Caretakers,"Some college, no degree",3.67,08/2020,4
31-9096,31-9096.00,Veterinary Assistants and Laboratory Animal Caretakers,Post-baccalaureate certificate,0.45,08/2020,5
31-9096,31-9096.00,Veterinary Assistants and Laboratory Animal Caretakers,Associate's degree,0.31,08/2020,6
31-9099,31-9099.01,Speech-Language Pathology Assistants,Bachelor's degree,23.34,08/2022,1
31-9099,31-9099.01,Speech-Language Pathology Assistants,Post-baccalaureate certificate,14.12,08/2022,2
31-9099,31-9099.01,Speech-Language Pathology Assistants,Master's degree,4.81,08/2022,3
31-9099,31-9099.01,Speech-Language Pathology Assistants,Less than high school diploma,0.0,08/2022,4
31-9099,31-9099.01,Speech-Language Pathology Assistants,High school diploma or equivalent,0.0,08/2022,5
31-9099,31-9099.01,Speech-Language Pathology Assistants,Post-secondary certificate,0.0,08/2022,6
33-1011,33-1011.00,First-Line Supervisors of Correctional Officers,High school diploma or equivalent,58.99,08/2020,1
33-1011,33-1011.00,First-Line Supervisors of Correctional Officers,Associate's degree,22.88,08/2020,2
33-1011,33-1011.00,First-Line Supervisors of Correctional Officers,Bachelor's degree,10.69,08/2020,3
33-1011,33-1011.00,First-Line Supervisors of Correctional Officers,Post-secondary certificate,5.15,08/2020,4
33-1011,33-1011.00,First-Line Supervisors of Correctional Officers,"Some college, no degree",2.28,08/2020,5
33-1011,33-1011.00,First-Line Supervisors of Correctional Officers,Less than high school diploma,0.0,08/2020,6
33-1012,33-1012.00,First-Line Supervisors of Police and Detectives,High school diploma or equivalent,56.42,08/2024,1
33-1012,33-1012.00,First-Line Supervisors of Police and Detectives,"Some college, no degree",19.62,08/2024,2
33-1012,33-1012.00,First-Line Supervisors of Police and Detectives,Bachelor's degree,19.42,08/2024,3
33-1012,33-1012.00,First-Line Supervisors of Police and Detectives,Associate's degree,3.62,08/2024,4
33-1012,33-1012.00,First-Line Supervisors of Police and Detectives,Post-secondary certificate,0.92,08/2024,5
33-1012,33-1012.00,First-Line Supervisors of Police and Detectives,Less than high school diploma,0.0,08/2024,6
33-1021,33-1021.00,First-Line Supervisors of Firefighting and Prevention Workers,High school diploma or equivalent,29.25,08/2022,1
33-1021,33-1021.00,First-Line Supervisors of Firefighting and Prevention Workers,Associate's degree,23.84,08/2022,2
33-1021,33-1021.00,First-Line Supervisors of Firefighting and Prevention Workers,Post-secondary certificate,18.72,08/2022,3
33-1021,33-1021.00,First-Line Supervisors of Firefighting and Prevention Workers,"Some college, no degree",11.76,08/2022,4
33-1021,33-1021.00,First-Line Supervisors of Firefighting and Prevention Workers,Bachelor's degree,9.55,08/2022,5
33-1021,33-1021.00,First-Line Supervisors of Firefighting and Prevention Workers,Post-baccalaureate certificate,3.69,08/2022,6
33-1091,33-1091.00,First-Line Supervisors of Security Workers,Associate's degree,29.75,08/2025,1
33-1091,33-1091.00,First-Line Supervisors of Security Workers,High school diploma or equivalent,27.72,08/2025,2
33-1091,33-1091.00,First-Line Supervisors of Security Workers,"Some college, no degree",26.12,08/2025,3
33-1091,33-1091.00,First-Line Supervisors of Security Workers,Bachelor's degree,11.43,08/2025,4
33-1091,33-1091.00,First-Line Supervisors of Security Workers,Post-secondary certificate,4.99,08/2025,5
33-1091,33-1091.00,First-Line Supervisors of Security Workers,Less than high school diploma,0.0,08/2025,6
33-2011,33-2011.00,Firefighters,High school diploma or equivalent,35.89,08/2022,1
33-2011,33-2011.00,Firefighters,Post-secondary certificate,24.6,08/2022,2
33-2011,33-2011.00,Firefighters,"Some college, no degree",19.5,08/2022,3
33-2011,33-2011.00,Firefighters,Less than high school diploma,9.36,08/2022,4
33-2011,33-2011.00,Firefighters,Associate's degree,7.15,08/2022,5
33-2011,33-2011.00,Firefighters,First professional degree,2.96,08/2022,6
33-2021,33-2021.00,Fire Inspectors and Investigators,Post-secondary certificate,27.49,08/2022,1
33-2021,33-2021.00,Fire Inspectors and Investigators,"Some college, no degree",26.01,08/2022,2
33-2021,33-2021.00,Fire Inspectors and Investigators,High school diploma or equivalent,22.64,08/2022,3
33-2021,33-2021.00,Fire Inspectors and Investigators,Associate's degree,12.82,08/2022,4
33-2021,33-2021.00,Fire Inspectors and Investigators,Less than high school diploma,6.8,08/2022,5
33-2021,33-2021.00,Fire Inspectors and Investigators,Master's degree,2.04,08/2022,6
33-2022,33-2022.00,Forest Fire Inspectors and Prevention Specialists,High school diploma or equivalent,31.63,08/2019,1
33-2022,33-2022.00,Forest Fire Inspectors and Prevention Specialists,Bachelor's degree,24.03,08/2019,2
33-2022,33-2022.00,Forest Fire Inspectors and Prevention Specialists,Associate's degree,17.9,08/2019,3
33-2022,33-2022.00,Forest Fire Inspectors and Prevention Specialists,"Some college, no degree",17.52,08/2019,4
33-2022,33-2022.00,Forest Fire Inspectors and Prevention Specialists,Post-secondary certificate,8.92,08/2019,5
33-2022,33-2022.00,Forest Fire Inspectors and Prevention Specialists,Less than high school diploma,0.0,08/2019,6
33-3011,33-3011.00,Bailiffs,High school diploma or equivalent,39.86,08/2020,1
33-3011,33-3011.00,Bailiffs,Post-secondary certificate,20.84,08/2020,2
33-3011,33-3011.00,Bailiffs,Less than high school diploma,5.94,08/2020,3
33-3011,33-3011.00,Bailiffs,"Some college, no degree",0.0,08/2020,4
33-3011,33-3011.00,Bailiffs,Bachelor's degree,0.0,08/2020,5
33-3011,33-3011.00,Bailiffs,Post-baccalaureate certificate,0.0,08/2020,6
33-3012,33-3012.00,Correctional Officers and Jailers,High school diploma or equivalent,92.43,08/2023,1
33-3012,33-3012.00,Correctional Officers and Jailers,Associate's degree,7.57,08/2023,2
33-3012,33-3012.00,Correctional Officers and Jailers,Less than high school diploma,0.0,08/2023,3
33-3012,33-3012.00,Correctional Officers and Jailers,Post-secondary certificate,0.0,08/2023,4
33-3012,33-3012.00,Correctional Officers and Jailers,"Some college, no degree",0.0,08/2023,5
33-3012,33-3012.00,Correctional Officers and Jailers,Bachelor's degree,0.0,08/2023,6
33-3021,33-3021.02,Police Identification and Records Officers,High school diploma or equivalent,34.62,08/2025,1
33-3021,33-3021.00,Detectives and Criminal Investigators,High school diploma or equivalent,32.48,08/2022,2
33-3021,33-3021.02,Police Identification and Records Officers,"Some college, no degree",28.5,08/2025,3
33-3021,33-3021.02,Police Identification and Records Officers,Bachelor's degree,24.86,08/2025,4
33-3021,33-3021.00,Detectives and Criminal Investigators,Associate's degree,19.95,08/2022,5
33-3021,33-3021.00,Detectives and Criminal Investigators,Post-secondary certificate,19.72,08/2022,6
33-3031,33-3031.00,Fish and Game Wardens,Bachelor's degree,79.35,07/2014,1
33-3031,33-3031.00,Fish and Game Wardens,High school diploma or equivalent,13.77,07/2014,2
33-3031,33-3031.00,Fish and Game Wardens,Associate's degree,4.39,07/2014,3
33-3031,33-3031.00,Fish and Game Wardens,"Some college, no degree",1.95,07/2014,4
33-3031,33-3031.00,Fish and Game Wardens,Post-secondary certificate,0.55,07/2014,5
33-3031,33-3031.00,Fish and Game Wardens,Less than high school diploma,0.0,07/2014,6
33-3041,33-3041.00,Parking Enforcement Workers,High school diploma or equivalent,90.61,07/2016,1
33-3041,33-3041.00,Parking Enforcement Workers,Less than high school diploma,4.33,07/2016,2
33-3041,33-3041.00,Parking Enforcement Workers,"Some college, no degree",1.78,07/2016,3
33-3041,33-3041.00,Parking Enforcement Workers,Post-secondary certificate,1.57,07/2016,4
33-3041,33-3041.00,Parking Enforcement Workers,Bachelor's degree,1.43,07/2016,5
33-3041,33-3041.00,Parking Enforcement Workers,Associate's degree,0.27,07/2016,6
33-3051,33-3051.00,Police and Sheriff's Patrol Officers,High school diploma or equivalent,40.4,08/2022,1
33-3051,33-3051.04,Customs and Border Protection Officers,High school diploma or equivalent,39.01,07/2012,2
33-3051,33-3051.04,Customs and Border Protection Officers,Bachelor's degree,27.15,07/2012,3
33-3051,33-3051.00,Police and Sheriff's Patrol Officers,Post-secondary certificate,21.31,08/2022,4
33-3051,33-3051.00,Police and Sheriff's Patrol Officers,Associate's degree,17.09,08/2022,5
33-3051,33-3051.00,Police and Sheriff's Patrol Officers,"Some college, no degree",14.65,08/2022,6
33-3052,33-3052.00,Transit and Railroad Police,Bachelor's degree,28.41,07/2017,1
33-3052,33-3052.00,Transit and Railroad Police,"Some college, no degree",25.93,07/2017,2
33-3052,33-3052.00,Transit and Railroad Police,High school diploma or equivalent,20.57,07/2017,3
33-3052,33-3052.00,Transit and Railroad Police,Post-secondary certificate,13.78,07/2017,4
33-3052,33-3052.00,Transit and Railroad Police,Associate's degree,5.39,07/2017,5
33-3052,33-3052.00,Transit and Railroad Police,Master's degree,4.55,07/2017,6
33-9021,33-9021.00,Private Detectives and Investigators,Bachelor's degree,37.69,07/2015,1
33-9021,33-9021.00,Private Detectives and Investigators,High school diploma or equivalent,25.11,07/2015,2
33-9021,33-9021.00,Private Detectives and Investigators,Associate's degree,16.41,07/2015,3
33-9021,33-9021.00,Private Detectives and Investigators,"Some college, no degree",12.07,07/2015,4
33-9021,33-9021.00,Private Detectives and Investigators,Post-baccalaureate certificate,4.46,07/2015,5
33-9021,33-9021.00,Private Detectives and Investigators,Post-secondary certificate,4.25,07/2015,6
33-9031,33-9031.00,Gambling Surveillance Officers and Gambling Investigators,High school diploma or equivalent,84.07,08/2019,1
33-9031,33-9031.00,Gambling Surveillance Officers and Gambling Investigators,Post-secondary certificate,5.87,08/2019,2
33-9031,33-9031.00,Gambling Surveillance Officers and Gambling Investigators,Associate's degree,5.1,08/2019,3
33-9031,33-9031.00,Gambling Surveillance Officers and Gambling Investigators,"Some college, no degree",2.72,08/2019,4
33-9031,33-9031.00,Gambling Surveillance Officers and Gambling Investigators,Less than high school diploma,2.24,08/2019,5
33-9031,33-9031.00,Gambling Surveillance Officers and Gambling Investigators,Bachelor's degree,0.0,08/2019,6
33-9032,33-9032.00,Security Guards,High school diploma or equivalent,79.26,08/2023,1
33-9032,33-9032.00,Security Guards,"Some college, no degree",9.56,08/2023,2
33-9032,33-9032.00,Security Guards,Associate's degree,5.06,08/2023,3
33-9032,33-9032.00,Security Guards,Post-secondary certificate,4.16,08/2023,4
33-9032,33-9032.00,Security Guards,Bachelor's degree,1.96,08/2023,5
33-9032,33-9032.00,Security Guards,Less than high school diploma,0.0,08/2023,6
33-9091,33-9091.00,Crossing Guards and Flaggers,High school diploma or equivalent,72.8,07/2016,1
33-9091,33-9091.00,Crossing Guards and Flaggers,Less than high school diploma,17.95,07/2016,2
33-9091,33-9091.00,Crossing Guards and Flaggers,"Some college, no degree",6.04,07/2016,3
33-9091,33-9091.00,Crossing Guards and Flaggers,Post-secondary certificate,3.21,07/2016,4
33-9091,33-9091.00,Crossing Guards and Flaggers,Associate's degree,0.0,07/2016,5
33-9091,33-9091.00,Crossing Guards and Flaggers,Bachelor's degree,0.0,07/2016,6
33-9092,33-9092.00,"Lifeguards, Ski Patrol, and Other Recreational Protective Service Workers",Less than high school diploma,39.22,08/2020,1
33-9092,33-9092.00,"Lifeguards, Ski Patrol, and Other Recreational Protective Service Workers",High school diploma or equivalent,21.13,08/2020,2
33-9092,33-9092.00,"Lifeguards, Ski Patrol, and Other Recreational Protective Service Workers",Post-secondary certificate,17.28,08/2020,3
33-9092,33-9092.00,"Lifeguards, Ski Patrol, and Other Recreational Protective Service Workers",Associate's degree,16.1,08/2020,4
33-9092,33-9092.00,"Lifeguards, Ski Patrol, and Other Recreational Protective Service Workers","Some college, no degree",5.05,08/2020,5
33-9092,33-9092.00,"Lifeguards, Ski Patrol, and Other Recreational Protective Service Workers",Bachelor's degree,1.22,08/2020,6
33-9099,33-9099.02,Retail Loss Prevention Specialists,High school diploma or equivalent,68.63,07/2014,1
33-9099,33-9099.02,Retail Loss Prevention Specialists,Associate's degree,11.43,07/2014,2
33-9099,33-9099.02,Retail Loss Prevention Specialists,Bachelor's degree,10.5,07/2014,3
33-9099,33-9099.02,Retail Loss Prevention Specialists,Less than high school diploma,5.15,07/2014,4
33-9099,33-9099.02,Retail Loss Prevention Specialists,Post-secondary certificate,4.29,07/2014,5
33-9099,33-9099.02,Retail Loss Prevention Specialists,"Some college, no degree",0.0,07/2014,6
35-1012,35-1012.00,First-Line Supervisors of Food Preparation and Serving Workers,High school diploma or equivalent,69.59,08/2025,1
35-1012,35-1012.00,First-Line Supervisors of Food Preparation and Serving Workers,Less than high school diploma,27.15,08/2025,2
35-1012,35-1012.00,First-Line Supervisors of Food Preparation and Serving Workers,Post-secondary certificate,1.86,08/2025,3
35-1012,35-1012.00,First-Line Supervisors of Food Preparation and Serving Workers,"Some college, no degree",1.35,08/2025,4
35-1012,35-1012.00,First-Line Supervisors of Food Preparation and Serving Workers,Associate's degree,0.05,08/2025,5
35-1012,35-1012.00,First-Line Supervisors of Food Preparation and Serving Workers,Bachelor's degree,0.0,08/2025,6
35-2011,35-2011.00,"Cooks, Fast Food",High school diploma or equivalent,57.98,08/2019,1
35-2011,35-2011.00,"Cooks, Fast Food",Less than high school diploma,42.02,08/2019,2
35-2011,35-2011.00,"Cooks, Fast Food",Post-secondary certificate,0.0,08/2019,3
35-2011,35-2011.00,"Cooks, Fast Food","Some college, no degree",0.0,08/2019,4
35-2011,35-2011.00,"Cooks, Fast Food",Associate's degree,0.0,08/2019,5
35-2011,35-2011.00,"Cooks, Fast Food",Bachelor's degree,0.0,08/2019,6
35-2012,35-2012.00,"Cooks, Institution and Cafeteria",High school diploma or equivalent,71.14,08/2019,1
35-2012,35-2012.00,"Cooks, Institution and Cafeteria",Post-secondary certificate,14.21,08/2019,2
35-2012,35-2012.00,"Cooks, Institution and Cafeteria",Bachelor's degree,6.78,08/2019,3
35-2012,35-2012.00,"Cooks, Institution and Cafeteria","Some college, no degree",5.85,08/2019,4
35-2012,35-2012.00,"Cooks, Institution and Cafeteria",Less than high school diploma,1.94,08/2019,5
35-2012,35-2012.00,"Cooks, Institution and Cafeteria",Associate's degree,0.08,08/2019,6
35-2014,35-2014.00,"Cooks, Restaurant",High school diploma or equivalent,47.33,08/2025,1
35-2014,35-2014.00,"Cooks, Restaurant",Less than high school diploma,34.43,08/2025,2
35-2014,35-2014.00,"Cooks, Restaurant",Associate's degree,11.79,08/2025,3
35-2014,35-2014.00,"Cooks, Restaurant","Some college, no degree",6.37,08/2025,4
35-2014,35-2014.00,"Cooks, Restaurant",Post-secondary certificate,0.07,08/2025,5
35-2014,35-2014.00,"Cooks, Restaurant",Bachelor's degree,0.0,08/2025,6
35-2015,35-2015.00,"Cooks, Short Order",High school diploma or equivalent,66.35,08/2025,1
35-2015,35-2015.00,"Cooks, Short Order",Less than high school diploma,14.43,08/2025,2
35-2015,35-2015.00,"Cooks, Short Order","Some college, no degree",9.47,08/2025,3
35-2015,35-2015.00,"Cooks, Short Order",Post-secondary certificate,7.38,08/2025,4
35-2015,35-2015.00,"Cooks, Short Order",Associate's degree,2.38,08/2025,5
35-2015,35-2015.00,"Cooks, Short Order",Bachelor's degree,0.0,08/2025,6
35-2021,35-2021.00,Food Preparation Workers,Doctoral degree,4.15,08/2024,1
35-2021,35-2021.00,Food Preparation Workers,Less than high school diploma,2.73,08/2024,2
35-2021,35-2021.00,Food Preparation Workers,Post-secondary certificate,1.2,08/2024,3
35-2021,35-2021.00,Food Preparation Workers,Associate's degree,0.0,08/2024,4
35-2021,35-2021.00,Food Preparation Workers,Bachelor's degree,0.0,08/2024,5
35-2021,35-2021.00,Food Preparation Workers,Post-baccalaureate certificate,0.0,08/2024,6
35-3011,35-3011.00,Bartenders,High school diploma or equivalent,42.96,07/2017,1
35-3011,35-3011.00,Bartenders,Less than high school diploma,36.98,07/2017,2
35-3011,35-3011.00,Bartenders,"Some college, no degree",16.37,07/2017,3
35-3011,35-3011.00,Bartenders,Post-secondary certificate,2.57,07/2017,4
35-3011,35-3011.00,Bartenders,Bachelor's degree,1.12,07/2017,5
35-3011,35-3011.00,Bartenders,Associate's degree,0.0,07/2017,6
35-3023,35-3023.01,Baristas,Less than high school diploma,57.13,07/2015,1
35-3023,35-3023.00,Fast Food and Counter Workers,Less than high school diploma,56.28,08/2025,2
35-3023,35-3023.01,Baristas,High school diploma or equivalent,28.76,07/2015,3
35-3023,35-3023.00,Fast Food and Counter Workers,High school diploma or equivalent,23.96,08/2025,4
35-3023,35-3023.00,Fast Food and Counter Workers,"Some college, no degree",17.17,08/2025,5
35-3023,35-3023.01,Baristas,"Some college, no degree",8.64,07/2015,6
35-3031,35-3031.00,Waiters and Waitresses,High school diploma or equivalent,57.57,08/2025,1
35-3031,35-3031.00,Waiters and Waitresses,Less than high school diploma,32.33,08/2025,2
35-3031,35-3031.00,Waiters and Waitresses,Post-secondary certificate,8.29,08/2025,3
35-3031,35-3031.00,Waiters and Waitresses,"Some college, no degree",1.14,08/2025,4
35-3031,35-3031.00,Waiters and Waitresses,Associate's degree,0.67,08/2025,5
35-3031,35-3031.00,Waiters and Waitresses,Bachelor's degree,0.0,08/2025,6
35-3041,35-3041.00,"Food Servers, Nonrestaurant",High school diploma or equivalent,48.08,08/2020,1
35-3041,35-3041.00,"Food Servers, Nonrestaurant",Less than high school diploma,27.09,08/2020,2
35-3041,35-3041.00,"Food Servers, Nonrestaurant","Some college, no degree",8.64,08/2020,3
35-3041,35-3041.00,"Food Servers, Nonrestaurant",Post-doctoral training,6.64,08/2020,4
35-3041,35-3041.00,"Food Servers, Nonrestaurant",Bachelor's degree,6.18,08/2020,5
35-3041,35-3041.00,"Food Servers, Nonrestaurant",Associate's degree,2.0,08/2020,6
35-9011,35-9011.00,Dining Room and Cafeteria Attendants and Bartender Helpers,High school diploma or equivalent,74.01,08/2021,1
35-9011,35-9011.00,Dining Room and Cafeteria Attendants and Bartender Helpers,Less than high school diploma,22.43,08/2021,2
35-9011,35-9011.00,Dining Room and Cafeteria Attendants and Bartender Helpers,Post-secondary certificate,2.49,08/2021,3
35-9011,35-9011.00,Dining Room and Cafeteria Attendants and Bartender Helpers,Associate's degree,1.07,08/2021,4
35-9011,35-9011.00,Dining Room and Cafeteria Attendants and Bartender Helpers,"Some college, no degree",0.0,08/2021,5
35-9011,35-9011.00,Dining Room and Cafeteria Attendants and Bartender Helpers,Bachelor's degree,0.0,08/2021,6
35-9021,35-9021.00,Dishwashers,High school diploma or equivalent,55.87,08/2025,1
35-9021,35-9021.00,Dishwashers,Less than high school diploma,43.39,08/2025,2
35-9021,35-9021.00,Dishwashers,"Some college, no degree",0.74,08/2025,3
35-9021,35-9021.00,Dishwashers,Post-secondary certificate,0.0,08/2025,4
35-9021,35-9021.00,Dishwashers,Associate's degree,0.0,08/2025,5
35-9021,35-9021.00,Dishwashers,Bachelor's degree,0.0,08/2025,6
35-9031,35-9031.00,"Hosts and Hostesses, Restaurant, Lounge, and Coffee Shop",Less than high school diploma,41.98,08/2025,1
35-9031,35-9031.00,"Hosts and Hostesses, Restaurant, Lounge, and Coffee Shop",High school diploma or equivalent,29.2,08/2025,2
35-9031,35-9031.00,"Hosts and Hostesses, Restaurant, Lounge, and Coffee Shop","Some college, no degree",15.7,08/2025,3
35-9031,35-9031.00,"Hosts and Hostesses, Restaurant, Lounge, and Coffee Shop",Bachelor's degree,13.12,08/2025,4
35-9031,35-9031.00,"Hosts and Hostesses, Restaurant, Lounge, and Coffee Shop",Post-secondary certificate,0.0,08/2025,5
35-9031,35-9031.00,"Hosts and Hostesses, Restaurant, Lounge, and Coffee Shop",Associate's degree,0.0,08/2025,6
37-1011,37-1011.00,First-Line Supervisors of Housekeeping and Janitorial Workers,High school diploma or equivalent,43.26,08/2020,1
37-1011,37-1011.00,First-Line Supervisors of Housekeeping and Janitorial Workers,"Some college, no degree",19.19,08/2020,2
37-1011,37-1011.00,First-Line Supervisors of Housekeeping and Janitorial Workers,Associate's degree,14.45,08/2020,3
37-1011,37-1011.00,First-Line Supervisors of Housekeeping and Janitorial Workers,Bachelor's degree,12.25,08/2020,4
37-1011,37-1011.00,First-Line Supervisors of Housekeeping and Janitorial Workers,Post-secondary certificate,7.78,08/2020,5
37-1011,37-1011.00,First-Line Supervisors of Housekeeping and Janitorial Workers,Less than high school diploma,3.07,08/2020,6
37-1012,37-1012.00,"First-Line Supervisors of Landscaping, Lawn Service, and Groundskeeping Workers",Bachelor's degree,32.32,08/2021,1
37-1012,37-1012.00,"First-Line Supervisors of Landscaping, Lawn Service, and Groundskeeping Workers",High school diploma or equivalent,19.95,08/2021,2
37-1012,37-1012.00,"First-Line Supervisors of Landscaping, Lawn Service, and Groundskeeping Workers",Associate's degree,13.55,08/2021,3
37-1012,37-1012.00,"First-Line Supervisors of Landscaping, Lawn Service, and Groundskeeping Workers",Post-secondary certificate,13.23,08/2021,4
37-1012,37-1012.00,"First-Line Supervisors of Landscaping, Lawn Service, and Groundskeeping Workers","Some college, no degree",10.38,08/2021,5
37-1012,37-1012.00,"First-Line Supervisors of Landscaping, Lawn Service, and Groundskeeping Workers",Post-master's certificate,6.34,08/2021,6
37-2011,37-2011.00,"Janitors and Cleaners, Except Maids and Housekeeping Cleaners",Less than high school diploma,13.51,08/2023,1
37-2011,37-2011.00,"Janitors and Cleaners, Except Maids and Housekeeping Cleaners",Post-doctoral training,0.6,08/2023,2
37-2011,37-2011.00,"Janitors and Cleaners, Except Maids and Housekeeping Cleaners",Post-secondary certificate,0.0,08/2023,3
37-2011,37-2011.00,"Janitors and Cleaners, Except Maids and Housekeeping Cleaners","Some college, no degree",0.0,08/2023,4
37-2011,37-2011.00,"Janitors and Cleaners, Except Maids and Housekeeping Cleaners",Associate's degree,0.0,08/2023,5
37-2011,37-2011.00,"Janitors and Cleaners, Except Maids and Housekeeping Cleaners",Post-baccalaureate certificate,0.0,08/2023,6
37-2012,37-2012.00,Maids and Housekeeping Cleaners,Less than high school diploma,44.6,08/2020,1
37-2012,37-2012.00,Maids and Housekeeping Cleaners,High school diploma or equivalent,35.51,08/2020,2
37-2012,37-2012.00,Maids and Housekeeping Cleaners,Post-secondary certificate,6.67,08/2020,3
37-2012,37-2012.00,Maids and Housekeeping Cleaners,Bachelor's degree,5.88,08/2020,4
37-2012,37-2012.00,Maids and Housekeeping Cleaners,Post-doctoral training,4.97,08/2020,5
37-2012,37-2012.00,Maids and Housekeeping Cleaners,"Some college, no degree",2.37,08/2020,6
37-2021,37-2021.00,Pest Control Workers,High school diploma or equivalent,90.24,07/2015,1
37-2021,37-2021.00,Pest Control Workers,Post-secondary certificate,8.79,07/2015,2
37-2021,37-2021.00,Pest Control Workers,"Some college, no degree",0.59,07/2015,3
37-2021,37-2021.00,Pest Control Workers,Associate's degree,0.38,07/2015,4
37-2021,37-2021.00,Pest Control Workers,Less than high school diploma,0.0,07/2015,5
37-2021,37-2021.00,Pest Control Workers,Bachelor's degree,0.0,07/2015,6
37-3011,37-3011.00,Landscaping and Groundskeeping Workers,Less than high school diploma,39.15,07/2015,1
37-3011,37-3011.00,Landscaping and Groundskeeping Workers,Post-secondary certificate,31.2,07/2015,2
37-3011,37-3011.00,Landscaping and Groundskeeping Workers,Bachelor's degree,18.33,07/2015,3
37-3011,37-3011.00,Landscaping and Groundskeeping Workers,High school diploma or equivalent,8.22,07/2015,4
37-3011,37-3011.00,Landscaping and Groundskeeping Workers,Associate's degree,3.1,07/2015,5
37-3011,37-3011.00,Landscaping and Groundskeeping Workers,"Some college, no degree",0.0,07/2015,6
37-3012,37-3012.00,"Pesticide Handlers, Sprayers, and Applicators, Vegetation",High school diploma or equivalent,56.25,07/2015,1
37-3012,37-3012.00,"Pesticide Handlers, Sprayers, and Applicators, Vegetation",Post-secondary certificate,15.68,07/2015,2
37-3012,37-3012.00,"Pesticide Handlers, Sprayers, and Applicators, Vegetation",Less than high school diploma,14.99,07/2015,3
37-3012,37-3012.00,"Pesticide Handlers, Sprayers, and Applicators, Vegetation",Bachelor's degree,12.82,07/2015,4
37-3012,37-3012.00,"Pesticide Handlers, Sprayers, and Applicators, Vegetation",Associate's degree,0.26,07/2015,5
37-3012,37-3012.00,"Pesticide Handlers, Sprayers, and Applicators, Vegetation","Some college, no degree",0.0,07/2015,6
37-3013,37-3013.00,Tree Trimmers and Pruners,Less than high school diploma,56.81,08/2018,1
37-3013,37-3013.00,Tree Trimmers and Pruners,High school diploma or equivalent,37.13,08/2018,2
37-3013,37-3013.00,Tree Trimmers and Pruners,"Some college, no degree",3.83,08/2018,3
37-3013,37-3013.00,Tree Trimmers and Pruners,Post-secondary certificate,2.23,08/2018,4
37-3013,37-3013.00,Tree Trimmers and Pruners,Associate's degree,0.0,08/2018,5
37-3013,37-3013.00,Tree Trimmers and Pruners,Bachelor's degree,0.0,08/2018,6
39-1013,39-1013.00,First-Line Supervisors of Gambling Services Workers,High school diploma or equivalent,47.7,08/2022,1
39-1013,39-1013.00,First-Line Supervisors of Gambling Services Workers,"Some college, no degree",17.22,08/2022,2
39-1013,39-1013.00,First-Line Supervisors of Gambling Services Workers,Post-secondary certificate,11.93,08/2022,3
39-1013,39-1013.00,First-Line Supervisors of Gambling Services Workers,Associate's degree,10.6,08/2022,4
39-1013,39-1013.00,First-Line Supervisors of Gambling Services Workers,Bachelor's degree,6.45,08/2022,5
39-1013,39-1013.00,First-Line Supervisors of Gambling Services Workers,Less than high school diploma,6.09,08/2022,6
39-1022,39-1022.00,First-Line Supervisors of Personal Service Workers,High school diploma or equivalent,14.93,08/2024,1
39-1022,39-1022.00,First-Line Supervisors of Personal Service Workers,Bachelor's degree,7.54,08/2024,2
39-1022,39-1022.00,First-Line Supervisors of Personal Service Workers,Less than high school diploma,3.02,08/2024,3
39-1022,39-1022.00,First-Line Supervisors of Personal Service Workers,Master's degree,2.85,08/2024,4
39-1022,39-1022.00,First-Line Supervisors of Personal Service Workers,Post-secondary certificate,0.0,08/2024,5
39-1022,39-1022.00,First-Line Supervisors of Personal Service Workers,Post-baccalaureate certificate,0.0,08/2024,6
39-2011,39-2011.00,Animal Trainers,High school diploma or equivalent,44.38,07/2014,1
39-2011,39-2011.00,Animal Trainers,Less than high school diploma,22.64,07/2014,2
39-2011,39-2011.00,Animal Trainers,"Some college, no degree",16.56,07/2014,3
39-2011,39-2011.00,Animal Trainers,Post-secondary certificate,7.85,07/2014,4
39-2011,39-2011.00,Animal Trainers,Associate's degree,6.82,07/2014,5
39-2011,39-2011.00,Animal Trainers,Bachelor's degree,1.75,07/2014,6
39-2021,39-2021.00,Animal Caretakers,High school diploma or equivalent,63.55,08/2019,1
39-2021,39-2021.00,Animal Caretakers,Associate's degree,13.58,08/2019,2
39-2021,39-2021.00,Animal Caretakers,Bachelor's degree,13.37,08/2019,3
39-2021,39-2021.00,Animal Caretakers,Less than high school diploma,9.5,08/2019,4
39-2021,39-2021.00,Animal Caretakers,Post-secondary certificate,0.0,08/2019,5
39-2021,39-2021.00,Animal Caretakers,"Some college, no degree",0.0,08/2019,6
39-3011,39-3011.00,Gambling Dealers,High school diploma or equivalent,69.02,08/2019,1
39-3011,39-3011.00,Gambling Dealers,Less than high school diploma,15.26,08/2019,2
39-3011,39-3011.00,Gambling Dealers,"Some college, no degree",6.14,08/2019,3
39-3011,39-3011.00,Gambling Dealers,Post-secondary certificate,4.82,08/2019,4
39-3011,39-3011.00,Gambling Dealers,Associate's degree,4.76,08/2019,5
39-3011,39-3011.00,Gambling Dealers,Bachelor's degree,0.0,08/2019,6
39-3012,39-3012.00,Gambling and Sports Book Writers and Runners,High school diploma or equivalent,87.07,07/2014,1
39-3012,39-3012.00,Gambling and Sports Book Writers and Runners,"Some college, no degree",6.58,07/2014,2
39-3012,39-3012.00,Gambling and Sports Book Writers and Runners,Associate's degree,2.75,07/2014,3
39-3012,39-3012.00,Gambling and Sports Book Writers and Runners,Post-secondary certificate,1.98,07/2014,4
39-3012,39-3012.00,Gambling and Sports Book Writers and Runners,Less than high school diploma,1.63,07/2014,5
39-3012,39-3012.00,Gambling and Sports Book Writers and Runners,Bachelor's degree,0.0,07/2014,6
39-3021,39-3021.00,Motion Picture Projectionists,High school diploma or equivalent,61.11,08/2020,1
39-3021,39-3021.00,Motion Picture Projectionists,Less than high school diploma,19.85,08/2020,2
39-3021,39-3021.00,Motion Picture Projectionists,Bachelor's degree,10.09,08/2020,3
39-3021,39-3021.00,Motion Picture Projectionists,"Some college, no degree",8.94,08/2020,4
39-3021,39-3021.00,Motion Picture Projectionists,Post-secondary certificate,0.0,08/2020,5
39-3021,39-3021.00,Motion Picture Projectionists,Associate's degree,0.0,08/2020,6
39-3031,39-3031.00,"Ushers, Lobby Attendants, and Ticket Takers",High school diploma or equivalent,61.44,07/2015,1
39-3031,39-3031.00,"Ushers, Lobby Attendants, and Ticket Takers",Less than high school diploma,33.0,07/2015,2
39-3031,39-3031.00,"Ushers, Lobby Attendants, and Ticket Takers",Associate's degree,2.7,07/2015,3
39-3031,39-3031.00,"Ushers, Lobby Attendants, and Ticket Takers",Bachelor's degree,1.65,07/2015,4
39-3031,39-3031.00,"Ushers, Lobby Attendants, and Ticket Takers","Some college, no degree",1.2,07/2015,5
39-3031,39-3031.00,"Ushers, Lobby Attendants, and Ticket Takers",Post-secondary certificate,0.0,07/2015,6
39-3091,39-3091.00,Amusement and Recreation Attendants,Less than high school diploma,64.17,08/2020,1
39-3091,39-3091.00,Amusement and Recreation Attendants,High school diploma or equivalent,31.89,08/2020,2
39-3091,39-3091.00,Amusement and Recreation Attendants,Associate's degree,2.51,08/2020,3
39-3091,39-3091.00,Amusement and Recreation Attendants,Bachelor's degree,1.43,08/2020,4
39-3091,39-3091.00,Amusement and Recreation Attendants,Post-secondary certificate,0.0,08/2020,5
39-3091,39-3091.00,Amusement and Recreation Attendants,"Some college, no degree",0.0,08/2020,6
39-3092,39-3092.00,Costume Attendants,High school diploma or equivalent,32.24,07/2016,1
39-3092,39-3092.00,Costume Attendants,Bachelor's degree,29.6,07/2016,2
39-3092,39-3092.00,Costume Attendants,"Some college, no degree",14.85,07/2016,3
39-3092,39-3092.00,Costume Attendants,Less than high school diploma,10.39,07/2016,4
39-3092,39-3092.00,Costume Attendants,Post-secondary certificate,7.52,07/2016,5
39-3092,39-3092.00,Costume Attendants,Associate's degree,3.86,07/2016,6
39-3093,39-3093.00,"Locker Room, Coatroom, and Dressing Room Attendants",High school diploma or equivalent,64.84,07/2011,1
39-3093,39-3093.00,"Locker Room, Coatroom, and Dressing Room Attendants",Less than high school diploma,22.02,07/2011,2
39-3093,39-3093.00,"Locker Room, Coatroom, and Dressing Room Attendants","Some college, no degree",7.68,07/2011,3
39-3093,39-3093.00,"Locker Room, Coatroom, and Dressing Room Attendants",Post-secondary certificate,5.47,07/2011,4
39-3093,39-3093.00,"Locker Room, Coatroom, and Dressing Room Attendants",Associate's degree,0.0,07/2011,5
39-3093,39-3093.00,"Locker Room, Coatroom, and Dressing Room Attendants",Bachelor's degree,0.0,07/2011,6
39-4011,39-4011.00,Embalmers,Associate's degree,86.37,08/2021,1
39-4011,39-4011.00,Embalmers,Bachelor's degree,13.63,08/2021,2
39-4011,39-4011.00,Embalmers,Less than high school diploma,0.0,08/2021,3
39-4011,39-4011.00,Embalmers,High school diploma or equivalent,0.0,08/2021,4
39-4011,39-4011.00,Embalmers,Post-secondary certificate,0.0,08/2021,5
39-4011,39-4011.00,Embalmers,"Some college, no degree",0.0,08/2021,6
39-4021,39-4021.00,Funeral Attendants,High school diploma or equivalent,47.04,08/2024,1
39-4021,39-4021.00,Funeral Attendants,Associate's degree,22.48,08/2024,2
39-4021,39-4021.00,Funeral Attendants,"Some college, no degree",12.63,08/2024,3
39-4021,39-4021.00,Funeral Attendants,Bachelor's degree,9.29,08/2024,4
39-4021,39-4021.00,Funeral Attendants,Less than high school diploma,6.82,08/2024,5
39-4021,39-4021.00,Funeral Attendants,First professional degree,1.73,08/2024,6
39-4031,39-4031.00,"Morticians, Undertakers, and Funeral Arrangers",Associate's degree,73.23,08/2024,1
39-4031,39-4031.00,"Morticians, Undertakers, and Funeral Arrangers",High school diploma or equivalent,15.28,08/2024,2
39-4031,39-4031.00,"Morticians, Undertakers, and Funeral Arrangers",Bachelor's degree,11.24,08/2024,3
39-4031,39-4031.00,"Morticians, Undertakers, and Funeral Arrangers","Some college, no degree",0.25,08/2024,4
39-4031,39-4031.00,"Morticians, Undertakers, and Funeral Arrangers",Less than high school diploma,0.0,08/2024,5
39-4031,39-4031.00,"Morticians, Undertakers, and Funeral Arrangers",Post-secondary certificate,0.0,08/2024,6
39-5011,39-5011.00,Barbers,Post-secondary certificate,28.7,08/2018,1
39-5011,39-5011.00,Barbers,High school diploma or equivalent,24.55,08/2018,2
39-5011,39-5011.00,Barbers,Less than high school diploma,20.94,08/2018,3
39-5011,39-5011.00,Barbers,"Some college, no degree",11.74,08/2018,4
39-5011,39-5011.00,Barbers,Associate's degree,11.13,08/2018,5
39-5011,39-5011.00,Barbers,Bachelor's degree,1.68,08/2018,6
39-5012,39-5012.00,"Hairdressers, Hairstylists, and Cosmetologists",Post-secondary certificate,78.97,07/2016,1
39-5012,39-5012.00,"Hairdressers, Hairstylists, and Cosmetologists",High school diploma or equivalent,20.93,07/2016,2
39-5012,39-5012.00,"Hairdressers, Hairstylists, and Cosmetologists","Some college, no degree",0.1,07/2016,3
39-5012,39-5012.00,"Hairdressers, Hairstylists, and Cosmetologists",Less than high school diploma,0.0,07/2016,4
39-5012,39-5012.00,"Hairdressers, Hairstylists, and Cosmetologists",Associate's degree,0.0,07/2016,5
39-5012,39-5012.00,"Hairdressers, Hairstylists, and Cosmetologists",Bachelor's degree,0.0,07/2016,6
39-5092,39-5092.00,Manicurists and Pedicurists,Post-secondary certificate,14.77,07/2015,1
39-5092,39-5092.00,Manicurists and Pedicurists,"Some college, no degree",0.27,07/2015,2
39-5092,39-5092.00,Manicurists and Pedicurists,Associate's degree,0.0,07/2015,3
39-5092,39-5092.00,Manicurists and Pedicurists,Bachelor's degree,0.0,07/2015,4
39-5092,39-5092.00,Manicurists and Pedicurists,Post-baccalaureate certificate,0.0,07/2015,5
39-5092,39-5092.00,Manicurists and Pedicurists,Master's degree,0.0,07/2015,6
39-5093,39-5093.00,Shampooers,Post-secondary certificate,67.55,06/2008,1
39-5093,39-5093.00,Shampooers,High school diploma or equivalent,18.35,06/2008,2
39-5093,39-5093.00,Shampooers,Less than high school diploma,13.05,06/2008,3
39-5093,39-5093.00,Shampooers,"Some college, no degree",1.05,06/2008,4
39-5093,39-5093.00,Shampooers,Associate's degree,0.0,06/2008,5
39-5093,39-5093.00,Shampooers,Bachelor's degree,0.0,06/2008,6
39-5094,39-5094.00,Skincare Specialists,High school diploma or equivalent,39.15,08/2025,1
39-5094,39-5094.00,Skincare Specialists,Post-secondary certificate,30.24,08/2025,2
39-5094,39-5094.00,Skincare Specialists,"Some college, no degree",8.76,08/2025,3
39-5094,39-5094.00,Skincare Specialists,Post-doctoral training,2.65,08/2025,4
39-5094,39-5094.00,Skincare Specialists,Less than high school diploma,0.0,08/2025,5
39-5094,39-5094.00,Skincare Specialists,Associate's degree,0.0,08/2025,6
39-6011,39-6011.00,Baggage Porters and Bellhops,Less than high school diploma,41.75,08/2018,1
39-6011,39-6011.00,Baggage Porters and Bellhops,High school diploma or equivalent,41.28,08/2018,2
39-6011,39-6011.00,Baggage Porters and Bellhops,"Some college, no degree",9.47,08/2018,3
39-6011,39-6011.00,Baggage Porters and Bellhops,Post-secondary certificate,7.51,08/2018,4
39-6011,39-6011.00,Baggage Porters and Bellhops,Associate's degree,0.0,08/2018,5
39-6011,39-6011.00,Baggage Porters and Bellhops,Bachelor's degree,0.0,08/2018,6
39-7011,39-7011.00,Tour Guides and Escorts,Associate's degree,30.96,08/2020,1
39-7011,39-7011.00,Tour Guides and Escorts,Bachelor's degree,30.03,08/2020,2
39-7011,39-7011.00,Tour Guides and Escorts,High school diploma or equivalent,21.82,08/2020,3
39-7011,39-7011.00,Tour Guides and Escorts,Post-secondary certificate,7.74,08/2020,4
39-7011,39-7011.00,Tour Guides and Escorts,Less than high school diploma,4.08,08/2020,5
39-7011,39-7011.00,Tour Guides and Escorts,Master's degree,2.14,08/2020,6
39-7012,39-7012.00,Travel Guides,High school diploma or equivalent,45.84,08/2022,1
39-7012,39-7012.00,Travel Guides,"Some college, no degree",21.25,08/2022,2
39-7012,39-7012.00,Travel Guides,Less than high school diploma,17.65,08/2022,3
39-7012,39-7012.00,Travel Guides,Post-secondary certificate,8.77,08/2022,4
39-7012,39-7012.00,Travel Guides,Bachelor's degree,5.7,08/2022,5
39-7012,39-7012.00,Travel Guides,Associate's degree,0.78,08/2022,6
39-9011,39-9011.00,Childcare Workers,High school diploma or equivalent,38.54,08/2018,1
39-9011,39-9011.00,Childcare Workers,Associate's degree,22.71,08/2018,2
39-9011,39-9011.00,Childcare Workers,Less than high school diploma,14.28,08/2018,3
39-9011,39-9011.00,Childcare Workers,"Some college, no degree",10.17,08/2018,4
39-9011,39-9011.00,Childcare Workers,Bachelor's degree,8.71,08/2018,5
39-9011,39-9011.00,Childcare Workers,Post-secondary certificate,5.59,08/2018,6
39-9032,39-9032.00,Recreation Workers,Bachelor's degree,61.96,07/2017,1
39-9032,39-9032.00,Recreation Workers,High school diploma or equivalent,25.48,07/2017,2
39-9032,39-9032.00,Recreation Workers,Associate's degree,8.1,07/2017,3
39-9032,39-9032.00,Recreation Workers,Post-secondary certificate,3.22,07/2017,4
39-9032,39-9032.00,Recreation Workers,Less than high school diploma,0.65,07/2017,5
39-9032,39-9032.00,Recreation Workers,"Some college, no degree",0.45,07/2017,6
39-9041,39-9041.00,Residential Advisors,"Some college, no degree",50.25,08/2019,1
39-9041,39-9041.00,Residential Advisors,Bachelor's degree,31.29,08/2019,2
39-9041,39-9041.00,Residential Advisors,Less than high school diploma,7.32,08/2019,3
39-9041,39-9041.00,Residential Advisors,Doctoral degree,6.34,08/2019,4
39-9041,39-9041.00,Residential Advisors,Master's degree,3.35,08/2019,5
39-9041,39-9041.00,Residential Advisors,High school diploma or equivalent,1.45,08/2019,6
41-1011,41-1011.00,First-Line Supervisors of Retail Sales Workers,High school diploma or equivalent,51.67,08/2018,1
41-1011,41-1011.00,First-Line Supervisors of Retail Sales Workers,Associate's degree,18.86,08/2018,2
41-1011,41-1011.00,First-Line Supervisors of Retail Sales Workers,Less than high school diploma,14.08,08/2018,3
41-1011,41-1011.00,First-Line Supervisors of Retail Sales Workers,Post-secondary certificate,8.92,08/2018,4
41-1011,41-1011.00,First-Line Supervisors of Retail Sales Workers,"Some college, no degree",6.05,08/2018,5
41-1011,41-1011.00,First-Line Supervisors of Retail Sales Workers,Bachelor's degree,0.42,08/2018,6
41-1012,41-1012.00,First-Line Supervisors of Non-Retail Sales Workers,Bachelor's degree,44.97,08/2020,1
41-1012,41-1012.00,First-Line Supervisors of Non-Retail Sales Workers,"Some college, no degree",16.49,08/2020,2
41-1012,41-1012.00,First-Line Supervisors of Non-Retail Sales Workers,High school diploma or equivalent,16.0,08/2020,3
41-1012,41-1012.00,First-Line Supervisors of Non-Retail Sales Workers,Master's degree,12.96,08/2020,4
41-1012,41-1012.00,First-Line Supervisors of Non-Retail Sales Workers,Associate's degree,9.58,08/2020,5
41-1012,41-1012.00,First-Line Supervisors of Non-Retail Sales Workers,Less than high school diploma,0.0,08/2020,6
41-2011,41-2011.00,Cashiers,High school diploma or equivalent,44.32,08/2024,1
41-2011,41-2011.00,Cashiers,Less than high school diploma,37.34,08/2024,2
41-2011,41-2011.00,Cashiers,Post-secondary certificate,9.17,08/2024,3
41-2011,41-2011.00,Cashiers,"Some college, no degree",9.17,08/2024,4
41-2011,41-2011.00,Cashiers,Associate's degree,0.0,08/2024,5
41-2011,41-2011.00,Cashiers,Bachelor's degree,0.0,08/2024,6
41-2012,41-2012.00,Gambling Change Persons and Booth Cashiers,High school diploma or equivalent,96.45,08/2019,1
41-2012,41-2012.00,Gambling Change Persons and Booth Cashiers,"Some college, no degree",2.36,08/2019,2
41-2012,41-2012.00,Gambling Change Persons and Booth Cashiers,Post-secondary certificate,1.19,08/2019,3
41-2012,41-2012.00,Gambling Change Persons and Booth Cashiers,Less than high school diploma,0.0,08/2019,4
41-2012,41-2012.00,Gambling Change Persons and Booth Cashiers,Associate's degree,0.0,08/2019,5
41-2012,41-2012.00,Gambling Change Persons and Booth Cashiers,Bachelor's degree,0.0,08/2019,6
41-2021,41-2021.00,Counter and Rental Clerks,High school diploma or equivalent,55.86,08/2019,1
41-2021,41-2021.00,Counter and Rental Clerks,Bachelor's degree,20.25,08/2019,2
41-2021,41-2021.00,Counter and Rental Clerks,"Some college, no degree",13.21,08/2019,3
41-2021,41-2021.00,Counter and Rental Clerks,Associate's degree,9.47,08/2019,4
41-2021,41-2021.00,Counter and Rental Clerks,Less than high school diploma,0.78,08/2019,5
41-2021,41-2021.00,Counter and Rental Clerks,Post-secondary certificate,0.43,08/2019,6
41-2022,41-2022.00,Parts Salespersons,High school diploma or equivalent,46.85,08/2023,1
41-2022,41-2022.00,Parts Salespersons,"Some college, no degree",25.22,08/2023,2
41-2022,41-2022.00,Parts Salespersons,Bachelor's degree,13.61,08/2023,3
41-2022,41-2022.00,Parts Salespersons,Associate's degree,9.33,08/2023,4
41-2022,41-2022.00,Parts Salespersons,Post-secondary certificate,4.98,08/2023,5
41-2022,41-2022.00,Parts Salespersons,Less than high school diploma,0.0,08/2023,6
41-2031,41-2031.00,Retail Salespersons,High school diploma or equivalent,63.45,08/2018,1
41-2031,41-2031.00,Retail Salespersons,Less than high school diploma,19.32,08/2018,2
41-2031,41-2031.00,Retail Salespersons,Associate's degree,9.79,08/2018,3
41-2031,41-2031.00,Retail Salespersons,Bachelor's degree,4.01,08/2018,4
41-2031,41-2031.00,Retail Salespersons,Post-secondary certificate,2.02,08/2018,5
41-2031,41-2031.00,Retail Salespersons,"Some college, no degree",1.42,08/2018,6
41-3011,41-3011.00,Advertising Sales Agents,Bachelor's degree,51.85,08/2018,1
41-3011,41-3011.00,Advertising Sales Agents,High school diploma or equivalent,29.83,08/2018,2
41-3011,41-3011.00,Advertising Sales Agents,"Some college, no degree",13.28,08/2018,3
41-3011,41-3011.00,Advertising Sales Agents,Associate's degree,3.6,08/2018,4
41-3011,41-3011.00,Advertising Sales Agents,Post-secondary certificate,1.43,08/2018,5
41-3011,41-3011.00,Advertising Sales Agents,Less than high school diploma,0.0,08/2018,6
41-3021,41-3021.00,Insurance Sales Agents,Associate's degree,15.76,08/2018,1
41-3021,41-3021.00,Insurance Sales Agents,High school diploma or equivalent,14.79,08/2018,2
41-3021,41-3021.00,Insurance Sales Agents,Post-secondary certificate,14.5,08/2018,3
41-3021,41-3021.00,Insurance Sales Agents,"Some college, no degree",8.05,08/2018,4
41-3021,41-3021.00,Insurance Sales Agents,Post-baccalaureate certificate,7.43,08/2018,5
41-3021,41-3021.00,Insurance Sales Agents,Less than high school diploma,0.0,08/2018,6
41-3031,41-3031.00,"Securities, Commodities, and Financial Services Sales Agents",Bachelor's degree,55.3,08/2022,1
41-3031,41-3031.00,"Securities, Commodities, and Financial Services Sales Agents",High school diploma or equivalent,26.83,08/2022,2
41-3031,41-3031.00,"Securities, Commodities, and Financial Services Sales Agents",Post-baccalaureate certificate,6.03,08/2022,3
41-3031,41-3031.00,"Securities, Commodities, and Financial Services Sales Agents","Some college, no degree",5.83,08/2022,4
41-3031,41-3031.00,"Securities, Commodities, and Financial Services Sales Agents",Master's degree,3.8,08/2022,5
41-3031,41-3031.00,"Securities, Commodities, and Financial Services Sales Agents",Associate's degree,1.1,08/2022,6
41-3041,41-3041.00,Travel Agents,Associate's degree,37.25,07/2016,1
41-3041,41-3041.00,Travel Agents,High school diploma or equivalent,30.8,07/2016,2
41-3041,41-3041.00,Travel Agents,Bachelor's degree,14.36,07/2016,3
41-3041,41-3041.00,Travel Agents,Post-secondary certificate,11.49,07/2016,4
41-3041,41-3041.00,Travel Agents,"Some college, no degree",6.11,07/2016,5
41-3041,41-3041.00,Travel Agents,Less than high school diploma,0.0,07/2016,6
41-4011,41-4011.07,Solar Sales Representatives and Assessors,Associate's degree,44.93,08/2024,1
41-4011,41-4011.00,"Sales Representatives, Wholesale and Manufacturing, Technical and Scientific Products",Bachelor's degree,39.48,07/2014,2
41-4011,41-4011.00,"Sales Representatives, Wholesale and Manufacturing, Technical and Scientific Products","Some college, no degree",30.47,07/2014,3
41-4011,41-4011.07,Solar Sales Representatives and Assessors,Bachelor's degree,21.63,08/2024,4
41-4011,41-4011.00,"Sales Representatives, Wholesale and Manufacturing, Technical and Scientific Products",High school diploma or equivalent,14.41,07/2014,5
41-4011,41-4011.00,"Sales Representatives, Wholesale and Manufacturing, Technical and Scientific Products",Post-secondary certificate,13.75,07/2014,6
41-4012,41-4012.00,"Sales Representatives, Wholesale and Manufacturing, Except Technical and Scientific Products","Some college, no degree",14.18,08/2020,1
41-4012,41-4012.00,"Sales Representatives, Wholesale and Manufacturing, Except Technical and Scientific Products",Associate's degree,3.96,08/2020,2
41-4012,41-4012.00,"Sales Representatives, Wholesale and Manufacturing, Except Technical and Scientific Products",Less than high school diploma,0.0,08/2020,3
41-4012,41-4012.00,"Sales Representatives, Wholesale and Manufacturing, Except Technical and Scientific Products",Post-secondary certificate,0.0,08/2020,4
41-4012,41-4012.00,"Sales Representatives, Wholesale and Manufacturing, Except Technical and Scientific Products",Post-baccalaureate certificate,0.0,08/2020,5
41-4012,41-4012.00,"Sales Representatives, Wholesale and Manufacturing, Except Technical and Scientific Products",Master's degree,0.0,08/2020,6
41-9011,41-9011.00,Demonstrators and Product Promoters,High school diploma or equivalent,64.35,07/2016,1
41-9011,41-9011.00,Demonstrators and Product Promoters,Less than high school diploma,34.99,07/2016,2
41-9011,41-9011.00,Demonstrators and Product Promoters,Master's degree,0.65,07/2016,3
41-9011,41-9011.00,Demonstrators and Product Promoters,Post-secondary certificate,0.0,07/2016,4
41-9011,41-9011.00,Demonstrators and Product Promoters,"Some college, no degree",0.0,07/2016,5
41-9011,41-9011.00,Demonstrators and Product Promoters,Associate's degree,0.0,07/2016,6
41-9012,41-9012.00,Models,High school diploma or equivalent,76.3,08/2021,1
41-9012,41-9012.00,Models,Less than high school diploma,17.41,08/2021,2
41-9012,41-9012.00,Models,Bachelor's degree,3.94,08/2021,3
41-9012,41-9012.00,Models,"Some college, no degree",2.35,08/2021,4
41-9012,41-9012.00,Models,Post-secondary certificate,0.0,08/2021,5
41-9012,41-9012.00,Models,Associate's degree,0.0,08/2021,6
41-9021,41-9021.00,Real Estate Brokers,Bachelor's degree,36.73,07/2015,1
41-9021,41-9021.00,Real Estate Brokers,"Some college, no degree",23.65,07/2015,2
41-9021,41-9021.00,Real Estate Brokers,High school diploma or equivalent,12.42,07/2015,3
41-9021,41-9021.00,Real Estate Brokers,Post-baccalaureate certificate,8.6,07/2015,4
41-9021,41-9021.00,Real Estate Brokers,First professional degree,8.6,07/2015,5
41-9021,41-9021.00,Real Estate Brokers,Associate's degree,5.89,07/2015,6
41-9031,41-9031.00,Sales Engineers,Bachelor's degree,57.33,08/2022,1
41-9031,41-9031.00,Sales Engineers,Associate's degree,11.51,08/2022,2
41-9031,41-9031.00,Sales Engineers,"Some college, no degree",6.0,08/2022,3
41-9031,41-9031.00,Sales Engineers,Less than high school diploma,0.0,08/2022,4
41-9031,41-9031.00,Sales Engineers,High school diploma or equivalent,0.0,08/2022,5
41-9031,41-9031.00,Sales Engineers,Post-secondary certificate,0.0,08/2022,6
41-9041,41-9041.00,Telemarketers,High school diploma or equivalent,39.46,08/2023,1
41-9041,41-9041.00,Telemarketers,"Some college, no degree",37.31,08/2023,2
41-9041,41-9041.00,Telemarketers,Less than high school diploma,19.76,08/2023,3
41-9041,41-9041.00,Telemarketers,Associate's degree,3.47,08/2023,4
41-9041,41-9041.00,Telemarketers,Post-secondary certificate,0.0,08/2023,5
41-9041,41-9041.00,Telemarketers,Bachelor's degree,0.0,08/2023,6
43-1011,43-1011.00,First-Line Supervisors of Office and Administrative Support Workers,Bachelor's degree,45.22,07/2015,1
43-1011,43-1011.00,First-Line Supervisors of Office and Administrative Support Workers,High school diploma or equivalent,23.18,07/2015,2
43-1011,43-1011.00,First-Line Supervisors of Office and Administrative Support Workers,"Some college, no degree",20.03,07/2015,3
43-1011,43-1011.00,First-Line Supervisors of Office and Administrative Support Workers,Associate's degree,9.62,07/2015,4
43-1011,43-1011.00,First-Line Supervisors of Office and Administrative Support Workers,Master's degree,1.33,07/2015,5
43-1011,43-1011.00,First-Line Supervisors of Office and Administrative Support Workers,Post-secondary certificate,0.62,07/2015,6
43-2011,43-2011.00,"Switchboard Operators, Including Answering Service",High school diploma or equivalent,88.55,08/2022,1
43-2011,43-2011.00,"Switchboard Operators, Including Answering Service",Post-secondary certificate,5.14,08/2022,2
43-2011,43-2011.00,"Switchboard Operators, Including Answering Service",Post-baccalaureate certificate,3.04,08/2022,3
43-2011,43-2011.00,"Switchboard Operators, Including Answering Service","Some college, no degree",2.05,08/2022,4
43-2011,43-2011.00,"Switchboard Operators, Including Answering Service",Less than high school diploma,0.64,08/2022,5
43-2011,43-2011.00,"Switchboard Operators, Including Answering Service",Associate's degree,0.58,08/2022,6
43-2021,43-2021.00,Telephone Operators,High school diploma or equivalent,97.83,08/2024,1
43-2021,43-2021.00,Telephone Operators,Associate's degree,1.93,08/2024,2
43-2021,43-2021.00,Telephone Operators,"Some college, no degree",0.24,08/2024,3
43-2021,43-2021.00,Telephone Operators,Less than high school diploma,0.0,08/2024,4
43-2021,43-2021.00,Telephone Operators,Post-secondary certificate,0.0,08/2024,5
43-2021,43-2021.00,Telephone Operators,Bachelor's degree,0.0,08/2024,6
43-3011,43-3011.00,Bill and Account Collectors,High school diploma or equivalent,48.15,08/2018,1
43-3011,43-3011.00,Bill and Account Collectors,"Some college, no degree",27.37,08/2018,2
43-3011,43-3011.00,Bill and Account Collectors,Bachelor's degree,21.12,08/2018,3
43-3011,43-3011.00,Bill and Account Collectors,Less than high school diploma,2.3,08/2018,4
43-3011,43-3011.00,Bill and Account Collectors,Post-secondary certificate,1.06,08/2018,5
43-3011,43-3011.00,Bill and Account Collectors,Associate's degree,0.0,08/2018,6
43-3021,43-3021.00,Billing and Posting Clerks,"Some college, no degree",51.49,08/2022,1
43-3021,43-3021.00,Billing and Posting Clerks,High school diploma or equivalent,20.7,08/2022,2
43-3021,43-3021.00,Billing and Posting Clerks,Post-secondary certificate,16.61,08/2022,3
43-3021,43-3021.00,Billing and Posting Clerks,Associate's degree,9.24,08/2022,4
43-3021,43-3021.00,Billing and Posting Clerks,Bachelor's degree,1.96,08/2022,5
43-3021,43-3021.00,Billing and Posting Clerks,Less than high school diploma,0.0,08/2022,6
43-3031,43-3031.00,"Bookkeeping, Accounting, and Auditing Clerks",High school diploma or equivalent,40.89,07/2017,1
43-3031,43-3031.00,"Bookkeeping, Accounting, and Auditing Clerks",Post-secondary certificate,20.79,07/2017,2
43-3031,43-3031.00,"Bookkeeping, Accounting, and Auditing Clerks",Bachelor's degree,12.19,07/2017,3
43-3031,43-3031.00,"Bookkeeping, Accounting, and Auditing Clerks",Associate's degree,8.54,07/2017,4
43-3031,43-3031.00,"Bookkeeping, Accounting, and Auditing Clerks",Master's degree,6.52,07/2017,5
43-3031,43-3031.00,"Bookkeeping, Accounting, and Auditing Clerks",Less than high school diploma,6.35,07/2017,6
43-3041,43-3041.00,Gambling Cage Workers,High school diploma or equivalent,84.85,08/2023,1
43-3041,43-3041.00,Gambling Cage Workers,"Some college, no degree",13.71,08/2023,2
43-3041,43-3041.00,Gambling Cage Workers,Associate's degree,1.44,08/2023,3
43-3041,43-3041.00,Gambling Cage Workers,Less than high school diploma,0.0,08/2023,4
43-3041,43-3041.00,Gambling Cage Workers,Post-secondary certificate,0.0,08/2023,5
43-3041,43-3041.00,Gambling Cage Workers,Bachelor's degree,0.0,08/2023,6
43-3051,43-3051.00,Payroll and Timekeeping Clerks,Bachelor's degree,31.84,08/2022,1
43-3051,43-3051.00,Payroll and Timekeeping Clerks,High school diploma or equivalent,20.55,08/2022,2
43-3051,43-3051.00,Payroll and Timekeeping Clerks,Associate's degree,17.26,08/2022,3
43-3051,43-3051.00,Payroll and Timekeeping Clerks,Less than high school diploma,0.0,08/2022,4
43-3051,43-3051.00,Payroll and Timekeeping Clerks,Post-secondary certificate,0.0,08/2022,5
43-3051,43-3051.00,Payroll and Timekeeping Clerks,Post-baccalaureate certificate,0.0,08/2022,6
43-3061,43-3061.00,Procurement Clerks,High school diploma or equivalent,48.23,08/2022,1
43-3061,43-3061.00,Procurement Clerks,Bachelor's degree,32.73,08/2022,2
43-3061,43-3061.00,Procurement Clerks,"Some college, no degree",16.79,08/2022,3
43-3061,43-3061.00,Procurement Clerks,Associate's degree,2.25,08/2022,4
43-3061,43-3061.00,Procurement Clerks,Less than high school diploma,0.0,08/2022,5
43-3061,43-3061.00,Procurement Clerks,Post-secondary certificate,0.0,08/2022,6
43-3071,43-3071.00,Tellers,High school diploma or equivalent,72.95,08/2018,1
43-3071,43-3071.00,Tellers,"Some college, no degree",8.97,08/2018,2
43-3071,43-3071.00,Tellers,Bachelor's degree,8.32,08/2018,3
43-3071,43-3071.00,Tellers,Associate's degree,5.4,08/2018,4
43-3071,43-3071.00,Tellers,Post-secondary certificate,2.69,08/2018,5
43-3071,43-3071.00,Tellers,Less than high school diploma,1.67,08/2018,6
43-4011,43-4011.00,Brokerage Clerks,Bachelor's degree,38.23,07/2014,1
43-4011,43-4011.00,Brokerage Clerks,High school diploma or equivalent,29.13,07/2014,2
43-4011,43-4011.00,Brokerage Clerks,"Some college, no degree",19.95,07/2014,3
43-4011,43-4011.00,Brokerage Clerks,Associate's degree,12.69,07/2014,4
43-4011,43-4011.00,Brokerage Clerks,Less than high school diploma,0.0,07/2014,5
43-4011,43-4011.00,Brokerage Clerks,Post-secondary certificate,0.0,07/2014,6
43-4021,43-4021.00,Correspondence Clerks,High school diploma or equivalent,42.91,08/2023,1
43-4021,43-4021.00,Correspondence Clerks,Associate's degree,28.07,08/2023,2
43-4021,43-4021.00,Correspondence Clerks,"Some college, no degree",17.41,08/2023,3
43-4021,43-4021.00,Correspondence Clerks,Bachelor's degree,11.61,08/2023,4
43-4021,43-4021.00,Correspondence Clerks,Less than high school diploma,0.0,08/2023,5
43-4021,43-4021.00,Correspondence Clerks,Post-secondary certificate,0.0,08/2023,6
43-4031,43-4031.00,"Court, Municipal, and License Clerks",High school diploma or equivalent,49.97,08/2022,1
43-4031,43-4031.00,"Court, Municipal, and License Clerks","Some college, no degree",17.69,08/2022,2
43-4031,43-4031.00,"Court, Municipal, and License Clerks",Associate's degree,13.12,08/2022,3
43-4031,43-4031.00,"Court, Municipal, and License Clerks",Bachelor's degree,10.38,08/2022,4
43-4031,43-4031.00,"Court, Municipal, and License Clerks",First professional degree,3.4,08/2022,5
43-4031,43-4031.00,"Court, Municipal, and License Clerks",Less than high school diploma,2.52,08/2022,6
43-4051,43-4051.00,Customer Service Representatives,High school diploma or equivalent,54.76,08/2022,1
43-4051,43-4051.00,Customer Service Representatives,"Some college, no degree",17.36,08/2022,2
43-4051,43-4051.00,Customer Service Representatives,Bachelor's degree,14.22,08/2022,3
43-4051,43-4051.00,Customer Service Representatives,Associate's degree,13.67,08/2022,4
43-4051,43-4051.00,Customer Service Representatives,Less than high school diploma,0.0,08/2022,5
43-4051,43-4051.00,Customer Service Representatives,Post-secondary certificate,0.0,08/2022,6
43-4061,43-4061.00,"Eligibility Interviewers, Government Programs",High school diploma or equivalent,25.6,08/2023,1
43-4061,43-4061.00,"Eligibility Interviewers, Government Programs",Bachelor's degree,24.22,08/2023,2
43-4061,43-4061.00,"Eligibility Interviewers, Government Programs",Associate's degree,23.58,08/2023,3
43-4061,43-4061.00,"Eligibility Interviewers, Government Programs","Some college, no degree",19.44,08/2023,4
43-4061,43-4061.00,"Eligibility Interviewers, Government Programs",Master's degree,7.15,08/2023,5
43-4061,43-4061.00,"Eligibility Interviewers, Government Programs",Less than high school diploma,0.0,08/2023,6
43-4071,43-4071.00,File Clerks,Associate's degree,38.41,08/2025,1
43-4071,43-4071.00,File Clerks,High school diploma or equivalent,30.14,08/2025,2
43-4071,43-4071.00,File Clerks,"Some college, no degree",23.17,08/2025,3
43-4071,43-4071.00,File Clerks,Bachelor's degree,8.28,08/2025,4
43-4071,43-4071.00,File Clerks,Less than high school diploma,0.0,08/2025,5
43-4071,43-4071.00,File Clerks,Post-secondary certificate,0.0,08/2025,6
43-4081,43-4081.00,"Hotel, Motel, and Resort Desk Clerks",High school diploma or equivalent,75.03,07/2017,1
43-4081,43-4081.00,"Hotel, Motel, and Resort Desk Clerks","Some college, no degree",10.79,07/2017,2
43-4081,43-4081.00,"Hotel, Motel, and Resort Desk Clerks",Associate's degree,6.17,07/2017,3
43-4081,43-4081.00,"Hotel, Motel, and Resort Desk Clerks",Bachelor's degree,4.6,07/2017,4
43-4081,43-4081.00,"Hotel, Motel, and Resort Desk Clerks",Post-secondary certificate,2.42,07/2017,5
43-4081,43-4081.00,"Hotel, Motel, and Resort Desk Clerks",Less than high school diploma,1.0,07/2017,6
43-4111,43-4111.00,"Interviewers, Except Eligibility and Loan",High school diploma or equivalent,42.42,08/2021,1
43-4111,43-4111.00,"Interviewers, Except Eligibility and Loan",Associate's degree,33.47,08/2021,2
43-4111,43-4111.00,"Interviewers, Except Eligibility and Loan","Some college, no degree",5.87,08/2021,3
43-4111,43-4111.00,"Interviewers, Except Eligibility and Loan",Bachelor's degree,0.94,08/2021,4
43-4111,43-4111.00,"Interviewers, Except Eligibility and Loan",Master's degree,0.23,08/2021,5
43-4121,43-4121.00,"Library Assistants, Clerical",High school diploma or equivalent,49.83,08/2018,1
43-4121,43-4121.00,"Library Assistants, Clerical","Some college, no degree",14.14,08/2018,2
43-4121,43-4121.00,"Library Assistants, Clerical",Associate's degree,12.12,08/2018,3
43-4121,43-4121.00,"Library Assistants, Clerical",Post-secondary certificate,10.74,08/2018,4
43-4121,43-4121.00,"Library Assistants, Clerical",Less than high school diploma,8.6,08/2018,5
43-4121,43-4121.00,"Library Assistants, Clerical",Bachelor's degree,4.56,08/2018,6
43-4131,43-4131.00,Loan Interviewers and Clerks,High school diploma or equivalent,42.85,07/2017,1
43-4131,43-4131.00,Loan Interviewers and Clerks,Bachelor's degree,38.26,07/2017,2
43-4131,43-4131.00,Loan Interviewers and Clerks,Post-secondary certificate,12.12,07/2017,3
43-4131,43-4131.00,Loan Interviewers and Clerks,Associate's degree,6.69,07/2017,4
43-4131,43-4131.00,Loan Interviewers and Clerks,"Some college, no degree",0.09,07/2017,5
43-4131,43-4131.00,Loan Interviewers and Clerks,Less than high school diploma,0.0,07/2017,6
43-4141,43-4141.00,New Accounts Clerks,High school diploma or equivalent,45.6,08/2020,1
43-4141,43-4141.00,New Accounts Clerks,"Some college, no degree",28.22,08/2020,2
43-4141,43-4141.00,New Accounts Clerks,Post-secondary certificate,15.45,08/2020,3
43-4141,43-4141.00,New Accounts Clerks,Associate's degree,10.73,08/2020,4
43-4141,43-4141.00,New Accounts Clerks,Less than high school diploma,0.0,08/2020,5
43-4141,43-4141.00,New Accounts Clerks,Bachelor's degree,0.0,08/2020,6
43-4151,43-4151.00,Order Clerks,High school diploma or equivalent,63.04,08/2023,1
43-4151,43-4151.00,Order Clerks,Post-secondary certificate,24.17,08/2023,2
43-4151,43-4151.00,Order Clerks,Bachelor's degree,12.07,08/2023,3
43-4151,43-4151.00,Order Clerks,"Some college, no degree",0.72,08/2023,4
43-4151,43-4151.00,Order Clerks,Less than high school diploma,0.0,08/2023,5
43-4151,43-4151.00,Order Clerks,Associate's degree,0.0,08/2023,6
43-4161,43-4161.00,"Human Resources Assistants, Except Payroll and Timekeeping",Bachelor's degree,33.81,07/2017,1
43-4161,43-4161.00,"Human Resources Assistants, Except Payroll and Timekeeping",Associate's degree,27.35,07/2017,2
43-4161,43-4161.00,"Human Resources Assistants, Except Payroll and Timekeeping",High school diploma or equivalent,21.12,07/2017,3
43-4161,43-4161.00,"Human Resources Assistants, Except Payroll and Timekeeping","Some college, no degree",11.22,07/2017,4
43-4161,43-4161.00,"Human Resources Assistants, Except Payroll and Timekeeping",Post-secondary certificate,5.71,07/2017,5
43-4161,43-4161.00,"Human Resources Assistants, Except Payroll and Timekeeping",Master's degree,0.8,07/2017,6
43-4171,43-4171.00,Receptionists and Information Clerks,High school diploma or equivalent,49.48,08/2023,1
43-4171,43-4171.00,Receptionists and Information Clerks,"Some college, no degree",25.66,08/2023,2
43-4171,43-4171.00,Receptionists and Information Clerks,Post-secondary certificate,20.86,08/2023,3
43-4171,43-4171.00,Receptionists and Information Clerks,Associate's degree,3.68,08/2023,4
43-4171,43-4171.00,Receptionists and Information Clerks,Less than high school diploma,0.32,08/2023,5
43-4171,43-4171.00,Receptionists and Information Clerks,Bachelor's degree,0.0,08/2023,6
43-4181,43-4181.00,Reservation and Transportation Ticket Agents and Travel Clerks,Less than high school diploma,9.29,07/2013,1
43-4181,43-4181.00,Reservation and Transportation Ticket Agents and Travel Clerks,Associate's degree,2.18,07/2013,2
43-4181,43-4181.00,Reservation and Transportation Ticket Agents and Travel Clerks,Post-secondary certificate,0.59,07/2013,3
43-4181,43-4181.00,Reservation and Transportation Ticket Agents and Travel Clerks,Bachelor's degree,0.59,07/2013,4
43-4181,43-4181.00,Reservation and Transportation Ticket Agents and Travel Clerks,Post-baccalaureate certificate,0.0,07/2013,5
43-4181,43-4181.00,Reservation and Transportation Ticket Agents and Travel Clerks,Master's degree,0.0,07/2013,6
43-5011,43-5011.01,Freight Forwarders,Bachelor's degree,43.66,08/2024,1
43-5011,43-5011.00,Cargo and Freight Agents,Bachelor's degree,30.75,08/2021,2
43-5011,43-5011.00,Cargo and Freight Agents,"Some college, no degree",19.15,08/2021,3
43-5011,43-5011.00,Cargo and Freight Agents,Post-secondary certificate,18.08,08/2021,4
43-5011,43-5011.00,Cargo and Freight Agents,Associate's degree,18.08,08/2021,5
43-5011,43-5011.01,Freight Forwarders,Associate's degree,16.15,08/2024,6
43-5021,43-5021.00,Couriers and Messengers,High school diploma or equivalent,74.33,07/2016,1
43-5021,43-5021.00,Couriers and Messengers,Associate's degree,13.07,07/2016,2
43-5021,43-5021.00,Couriers and Messengers,Post-secondary certificate,9.32,07/2016,3
43-5021,43-5021.00,Couriers and Messengers,Less than high school diploma,3.28,07/2016,4
43-5021,43-5021.00,Couriers and Messengers,"Some college, no degree",0.0,07/2016,5
43-5021,43-5021.00,Couriers and Messengers,Bachelor's degree,0.0,07/2016,6
43-5031,43-5031.00,Public Safety Telecommunicators,High school diploma or equivalent,63.35,08/2023,1
43-5031,43-5031.00,Public Safety Telecommunicators,Post-secondary certificate,10.64,08/2023,2
43-5031,43-5031.00,Public Safety Telecommunicators,Associate's degree,10.27,08/2023,3
43-5031,43-5031.00,Public Safety Telecommunicators,Bachelor's degree,4.74,08/2023,4
43-5031,43-5031.00,Public Safety Telecommunicators,Less than high school diploma,0.0,08/2023,5
43-5031,43-5031.00,Public Safety Telecommunicators,Post-baccalaureate certificate,0.0,08/2023,6
43-5032,43-5032.00,"Dispatchers, Except Police, Fire, and Ambulance",High school diploma or equivalent,47.36,08/2021,1
43-5032,43-5032.00,"Dispatchers, Except Police, Fire, and Ambulance","Some college, no degree",25.63,08/2021,2
43-5032,43-5032.00,"Dispatchers, Except Police, Fire, and Ambulance",Associate's degree,7.9,08/2021,3
43-5032,43-5032.00,"Dispatchers, Except Police, Fire, and Ambulance",Post-secondary certificate,7.05,08/2021,4
43-5032,43-5032.00,"Dispatchers, Except Police, Fire, and Ambulance",Bachelor's degree,7.01,08/2021,5
43-5032,43-5032.00,"Dispatchers, Except Police, Fire, and Ambulance",Less than high school diploma,5.04,08/2021,6
43-5041,43-5041.00,"Meter Readers, Utilities",High school diploma or equivalent,71.05,07/2016,1
43-5041,43-5041.00,"Meter Readers, Utilities","Some college, no degree",17.28,07/2016,2
43-5041,43-5041.00,"Meter Readers, Utilities",Associate's degree,8.74,07/2016,3
43-5041,43-5041.00,"Meter Readers, Utilities",Bachelor's degree,2.39,07/2016,4
43-5041,43-5041.00,"Meter Readers, Utilities",Post-secondary certificate,0.54,07/2016,5
43-5041,43-5041.00,"Meter Readers, Utilities",Less than high school diploma,0.0,07/2016,6
43-5051,43-5051.00,Postal Service Clerks,High school diploma or equivalent,67.56,07/2016,1
43-5051,43-5051.00,Postal Service Clerks,"Some college, no degree",17.88,07/2016,2
43-5051,43-5051.00,Postal Service Clerks,Less than high school diploma,7.76,07/2016,3
43-5051,43-5051.00,Postal Service Clerks,Post-secondary certificate,6.8,07/2016,4
43-5051,43-5051.00,Postal Service Clerks,Associate's degree,0.0,07/2016,5
43-5051,43-5051.00,Postal Service Clerks,Bachelor's degree,0.0,07/2016,6
43-5052,43-5052.00,Postal Service Mail Carriers,High school diploma or equivalent,78.21,07/2016,1
43-5052,43-5052.00,Postal Service Mail Carriers,Less than high school diploma,14.57,07/2016,2
43-5052,43-5052.00,Postal Service Mail Carriers,"Some college, no degree",7.22,07/2016,3
43-5052,43-5052.00,Postal Service Mail Carriers,Post-secondary certificate,0.0,07/2016,4
43-5052,43-5052.00,Postal Service Mail Carriers,Associate's degree,0.0,07/2016,5
43-5052,43-5052.00,Postal Service Mail Carriers,Bachelor's degree,0.0,07/2016,6
43-5053,43-5053.00,"Postal Service Mail Sorters, Processors, and Processing Machine Operators",High school diploma or equivalent,81.39,07/2016,1
43-5053,43-5053.00,"Postal Service Mail Sorters, Processors, and Processing Machine Operators",Less than high school diploma,12.48,07/2016,2
43-5053,43-5053.00,"Postal Service Mail Sorters, Processors, and Processing Machine Operators","Some college, no degree",6.14,07/2016,3
43-5053,43-5053.00,"Postal Service Mail Sorters, Processors, and Processing Machine Operators",Post-secondary certificate,0.0,07/2016,4
43-5053,43-5053.00,"Postal Service Mail Sorters, Processors, and Processing Machine Operators",Associate's degree,0.0,07/2016,5
43-5053,43-5053.00,"Postal Service Mail Sorters, Processors, and Processing Machine Operators",Bachelor's degree,0.0,07/2016,6
43-5061,43-5061.00,"Production, Planning, and Expediting Clerks",High school diploma or equivalent,36.75,08/2022,1
43-5061,43-5061.00,"Production, Planning, and Expediting Clerks","Some college, no degree",21.17,08/2022,2
43-5061,43-5061.00,"Production, Planning, and Expediting Clerks",Less than high school diploma,19.48,08/2022,3
43-5061,43-5061.00,"Production, Planning, and Expediting Clerks",Associate's degree,13.21,08/2022,4
43-5061,43-5061.00,"Production, Planning, and Expediting Clerks",Post-secondary certificate,9.4,08/2022,5
43-5061,43-5061.00,"Production, Planning, and Expediting Clerks",Bachelor's degree,0.0,08/2022,6
43-5071,43-5071.00,"Shipping, Receiving, and Inventory Clerks",High school diploma or equivalent,74.91,08/2019,1
43-5071,43-5071.00,"Shipping, Receiving, and Inventory Clerks",Associate's degree,11.94,08/2019,2
43-5071,43-5071.00,"Shipping, Receiving, and Inventory Clerks",Bachelor's degree,10.76,08/2019,3
43-5071,43-5071.00,"Shipping, Receiving, and Inventory Clerks","Some college, no degree",1.88,08/2019,4
43-5071,43-5071.00,"Shipping, Receiving, and Inventory Clerks",Post-secondary certificate,0.52,08/2019,5
43-5071,43-5071.00,"Shipping, Receiving, and Inventory Clerks",Less than high school diploma,0.0,08/2019,6
43-5111,43-5111.00,"Weighers, Measurers, Checkers, and Samplers, Recordkeeping",High school diploma or equivalent,49.95,08/2018,1
43-5111,43-5111.00,"Weighers, Measurers, Checkers, and Samplers, Recordkeeping",Less than high school diploma,21.5,08/2018,2
43-5111,43-5111.00,"Weighers, Measurers, Checkers, and Samplers, Recordkeeping","Some college, no degree",19.49,08/2018,3
43-5111,43-5111.00,"Weighers, Measurers, Checkers, and Samplers, Recordkeeping",Associate's degree,4.99,08/2018,4
43-5111,43-5111.00,"Weighers, Measurers, Checkers, and Samplers, Recordkeeping",Post-secondary certificate,3.56,08/2018,5
43-5111,43-5111.00,"Weighers, Measurers, Checkers, and Samplers, Recordkeeping",Bachelor's degree,0.51,08/2018,6
43-6011,43-6011.00,Executive Secretaries and Executive Administrative Assistants,Associate's degree,33.77,07/2017,1
43-6011,43-6011.00,Executive Secretaries and Executive Administrative Assistants,High school diploma or equivalent,24.2,07/2017,2
43-6011,43-6011.00,Executive Secretaries and Executive Administrative Assistants,"Some college, no degree",20.91,07/2017,3
43-6011,43-6011.00,Executive Secretaries and Executive Administrative Assistants,Bachelor's degree,11.87,07/2017,4
43-6011,43-6011.00,Executive Secretaries and Executive Administrative Assistants,Post-master's certificate,3.38,07/2017,5
43-6011,43-6011.00,Executive Secretaries and Executive Administrative Assistants,First professional degree,2.88,07/2017,6
43-6012,43-6012.00,Legal Secretaries and Administrative Assistants,Associate's degree,48.14,08/2024,1
43-6012,43-6012.00,Legal Secretaries and Administrative Assistants,High school diploma or equivalent,17.31,08/2024,2
43-6012,43-6012.00,Legal Secretaries and Administrative Assistants,Post-secondary certificate,14.32,08/2024,3
43-6012,43-6012.00,Legal Secretaries and Administrative Assistants,"Some college, no degree",13.23,08/2024,4
43-6012,43-6012.00,Legal Secretaries and Administrative Assistants,Bachelor's degree,7.0,08/2024,5
43-6012,43-6012.00,Legal Secretaries and Administrative Assistants,Less than high school diploma,0.0,08/2024,6
43-6013,43-6013.00,Medical Secretaries and Administrative Assistants,High school diploma or equivalent,47.63,08/2021,1
43-6013,43-6013.00,Medical Secretaries and Administrative Assistants,Associate's degree,25.97,08/2021,2
43-6013,43-6013.00,Medical Secretaries and Administrative Assistants,Post-secondary certificate,19.88,08/2021,3
43-6013,43-6013.00,Medical Secretaries and Administrative Assistants,Less than high school diploma,5.33,08/2021,4
43-6013,43-6013.00,Medical Secretaries and Administrative Assistants,"Some college, no degree",1.18,08/2021,5
43-6013,43-6013.00,Medical Secretaries and Administrative Assistants,Bachelor's degree,0.0,08/2021,6
43-6014,43-6014.00,"Secretaries and Administrative Assistants, Except Legal, Medical, and Executive",High school diploma or equivalent,49.9,08/2019,1
43-6014,43-6014.00,"Secretaries and Administrative Assistants, Except Legal, Medical, and Executive",Associate's degree,22.37,08/2019,2
43-6014,43-6014.00,"Secretaries and Administrative Assistants, Except Legal, Medical, and Executive",Bachelor's degree,10.98,08/2019,3
43-6014,43-6014.00,"Secretaries and Administrative Assistants, Except Legal, Medical, and Executive","Some college, no degree",10.23,08/2019,4
43-6014,43-6014.00,"Secretaries and Administrative Assistants, Except Legal, Medical, and Executive",Post-secondary certificate,6.51,08/2019,5
43-6014,43-6014.00,"Secretaries and Administrative Assistants, Except Legal, Medical, and Executive",Less than high school diploma,0.0,08/2019,6
43-9021,43-9021.00,Data Entry Keyers,Associate's degree,11.14,08/2018,1
43-9021,43-9021.00,Data Entry Keyers,Less than high school diploma,0.0,08/2018,2
43-9021,43-9021.00,Data Entry Keyers,Post-secondary certificate,0.0,08/2018,3
43-9021,43-9021.00,Data Entry Keyers,Bachelor's degree,0.0,08/2018,4
43-9021,43-9021.00,Data Entry Keyers,Post-baccalaureate certificate,0.0,08/2018,5
43-9021,43-9021.00,Data Entry Keyers,Master's degree,0.0,08/2018,6
43-9022,43-9022.00,Word Processors and Typists,High school diploma or equivalent,49.61,07/2017,1
43-9022,43-9022.00,Word Processors and Typists,"Some college, no degree",45.45,07/2017,2
43-9022,43-9022.00,Word Processors and Typists,Associate's degree,2.98,07/2017,3
43-9022,43-9022.00,Word Processors and Typists,Less than high school diploma,1.96,07/2017,4
43-9022,43-9022.00,Word Processors and Typists,Post-secondary certificate,0.0,07/2017,5
43-9022,43-9022.00,Word Processors and Typists,Bachelor's degree,0.0,07/2017,6
43-9031,43-9031.00,Desktop Publishers,Bachelor's degree,38.7,08/2021,1
43-9031,43-9031.00,Desktop Publishers,Associate's degree,11.14,08/2021,2
43-9031,43-9031.00,Desktop Publishers,Post-secondary certificate,4.86,08/2021,3
43-9031,43-9031.00,Desktop Publishers,"Some college, no degree",1.0,08/2021,4
43-9031,43-9031.00,Desktop Publishers,Less than high school diploma,0.0,08/2021,5
43-9031,43-9031.00,Desktop Publishers,Post-baccalaureate certificate,0.0,08/2021,6
43-9041,43-9041.00,Insurance Claims and Policy Processing Clerks,High school diploma or equivalent,54.85,08/2022,1
43-9041,43-9041.00,Insurance Claims and Policy Processing Clerks,Associate's degree,21.13,08/2022,2
43-9041,43-9041.00,Insurance Claims and Policy Processing Clerks,"Some college, no degree",9.33,08/2022,3
43-9041,43-9041.00,Insurance Claims and Policy Processing Clerks,Post-secondary certificate,7.64,08/2022,4
43-9041,43-9041.00,Insurance Claims and Policy Processing Clerks,Bachelor's degree,6.58,08/2022,5
43-9041,43-9041.00,Insurance Claims and Policy Processing Clerks,Less than high school diploma,0.46,08/2022,6
43-9051,43-9051.00,"Mail Clerks and Mail Machine Operators, Except Postal Service",Associate's degree,6.17,07/2016,1
43-9051,43-9051.00,"Mail Clerks and Mail Machine Operators, Except Postal Service",Post-secondary certificate,0.0,07/2016,2
43-9051,43-9051.00,"Mail Clerks and Mail Machine Operators, Except Postal Service","Some college, no degree",0.0,07/2016,3
43-9051,43-9051.00,"Mail Clerks and Mail Machine Operators, Except Postal Service",Bachelor's degree,0.0,07/2016,4
43-9051,43-9051.00,"Mail Clerks and Mail Machine Operators, Except Postal Service",Post-baccalaureate certificate,0.0,07/2016,5
43-9051,43-9051.00,"Mail Clerks and Mail Machine Operators, Except Postal Service",Master's degree,0.0,07/2016,6
43-9061,43-9061.00,"Office Clerks, General",High school diploma or equivalent,40.59,08/2018,1
43-9061,43-9061.00,"Office Clerks, General",Associate's degree,36.41,08/2018,2
43-9061,43-9061.00,"Office Clerks, General","Some college, no degree",14.74,08/2018,3
43-9061,43-9061.00,"Office Clerks, General",Post-secondary certificate,6.52,08/2018,4
43-9061,43-9061.00,"Office Clerks, General",Less than high school diploma,1.5,08/2018,5
43-9061,43-9061.00,"Office Clerks, General",Bachelor's degree,0.24,08/2018,6
43-9071,43-9071.00,"Office Machine Operators, Except Computer",High school diploma or equivalent,67.73,07/2017,1
43-9071,43-9071.00,"Office Machine Operators, Except Computer",Bachelor's degree,17.43,07/2017,2
43-9071,43-9071.00,"Office Machine Operators, Except Computer",Post-secondary certificate,9.03,07/2017,3
43-9071,43-9071.00,"Office Machine Operators, Except Computer",Associate's degree,5.81,07/2017,4
43-9071,43-9071.00,"Office Machine Operators, Except Computer",Less than high school diploma,0.0,07/2017,5
43-9071,43-9071.00,"Office Machine Operators, Except Computer","Some college, no degree",0.0,07/2017,6
43-9081,43-9081.00,Proofreaders and Copy Markers,Bachelor's degree,47.3,07/2016,1
43-9081,43-9081.00,Proofreaders and Copy Markers,Associate's degree,23.2,07/2016,2
43-9081,43-9081.00,Proofreaders and Copy Markers,"Some college, no degree",12.04,07/2016,3
43-9081,43-9081.00,Proofreaders and Copy Markers,Post-secondary certificate,6.24,07/2016,4
43-9081,43-9081.00,Proofreaders and Copy Markers,Less than high school diploma,0.0,07/2016,5
43-9081,43-9081.00,Proofreaders and Copy Markers,Post-baccalaureate certificate,0.0,07/2016,6
43-9111,43-9111.00,Statistical Assistants,Bachelor's degree,59.21,07/2015,1
43-9111,43-9111.00,Statistical Assistants,"Some college, no degree",11.93,07/2015,2
43-9111,43-9111.00,Statistical Assistants,Master's degree,11.3,07/2015,3
43-9111,43-9111.00,Statistical Assistants,First professional degree,7.38,07/2015,4
43-9111,43-9111.00,Statistical Assistants,High school diploma or equivalent,6.03,07/2015,5
43-9111,43-9111.00,Statistical Assistants,Post-baccalaureate certificate,2.07,07/2015,6
45-1011,45-1011.00,"First-Line Supervisors of Farming, Fishing, and Forestry Workers",Bachelor's degree,32.89,08/2022,1
45-1011,45-1011.00,"First-Line Supervisors of Farming, Fishing, and Forestry Workers",High school diploma or equivalent,31.52,08/2022,2
45-1011,45-1011.00,"First-Line Supervisors of Farming, Fishing, and Forestry Workers",Post-secondary certificate,13.7,08/2022,3
45-1011,45-1011.00,"First-Line Supervisors of Farming, Fishing, and Forestry Workers",Less than high school diploma,9.72,08/2022,4
45-1011,45-1011.00,"First-Line Supervisors of Farming, Fishing, and Forestry Workers","Some college, no degree",6.1,08/2022,5
45-1011,45-1011.00,"First-Line Supervisors of Farming, Fishing, and Forestry Workers",Associate's degree,4.06,08/2022,6
45-2011,45-2011.00,Agricultural Inspectors,High school diploma or equivalent,56.17,07/2013,1
45-2011,45-2011.00,Agricultural Inspectors,"Some college, no degree",12.48,07/2013,2
45-2011,45-2011.00,Agricultural Inspectors,Associate's degree,12.23,07/2013,3
45-2011,45-2011.00,Agricultural Inspectors,Bachelor's degree,10.33,07/2013,4
45-2011,45-2011.00,Agricultural Inspectors,Less than high school diploma,7.0,07/2013,5
45-2011,45-2011.00,Agricultural Inspectors,First professional degree,1.79,07/2013,6
45-2021,45-2021.00,Animal Breeders,High school diploma or equivalent,85.74,08/2018,1
45-2021,45-2021.00,Animal Breeders,Post-secondary certificate,5.74,08/2018,2
45-2021,45-2021.00,Animal Breeders,"Some college, no degree",4.46,08/2018,3
45-2021,45-2021.00,Animal Breeders,Bachelor's degree,3.43,08/2018,4
45-2021,45-2021.00,Animal Breeders,Post-baccalaureate certificate,0.63,08/2018,5
45-2021,45-2021.00,Animal Breeders,Less than high school diploma,0.0,08/2018,6
45-2041,45-2041.00,"Graders and Sorters, Agricultural Products",Less than high school diploma,63.8,07/2017,1
45-2041,45-2041.00,"Graders and Sorters, Agricultural Products",High school diploma or equivalent,26.69,07/2017,2
45-2041,45-2041.00,"Graders and Sorters, Agricultural Products",Associate's degree,4.86,07/2017,3
45-2041,45-2041.00,"Graders and Sorters, Agricultural Products",Post-secondary certificate,4.65,07/2017,4
45-2041,45-2041.00,"Graders and Sorters, Agricultural Products","Some college, no degree",0.0,07/2017,5
45-2041,45-2041.00,"Graders and Sorters, Agricultural Products",Bachelor's degree,0.0,07/2017,6
45-2091,45-2091.00,Agricultural Equipment Operators,Less than high school diploma,56.78,08/2019,1
45-2091,45-2091.00,Agricultural Equipment Operators,High school diploma or equivalent,19.13,08/2019,2
45-2091,45-2091.00,Agricultural Equipment Operators,Post-secondary certificate,14.41,08/2019,3
45-2091,45-2091.00,Agricultural Equipment Operators,"Some college, no degree",9.53,08/2019,4
45-2091,45-2091.00,Agricultural Equipment Operators,Associate's degree,0.14,08/2019,5
45-2091,45-2091.00,Agricultural Equipment Operators,Bachelor's degree,0.0,08/2019,6
45-2092,45-2092.00,"Farmworkers and Laborers, Crop, Nursery, and Greenhouse",Less than high school diploma,38.96,08/2022,1
45-2092,45-2092.00,"Farmworkers and Laborers, Crop, Nursery, and Greenhouse",High school diploma or equivalent,28.54,08/2022,2
45-2092,45-2092.00,"Farmworkers and Laborers, Crop, Nursery, and Greenhouse",Bachelor's degree,15.33,08/2022,3
45-2092,45-2092.00,"Farmworkers and Laborers, Crop, Nursery, and Greenhouse","Some college, no degree",5.32,08/2022,4
45-2092,45-2092.00,"Farmworkers and Laborers, Crop, Nursery, and Greenhouse",Master's degree,5.12,08/2022,5
45-2092,45-2092.00,"Farmworkers and Laborers, Crop, Nursery, and Greenhouse",First professional degree,2.95,08/2022,6
45-2093,45-2093.00,"Farmworkers, Farm, Ranch, and Aquacultural Animals","Some college, no degree",39.39,08/2019,1
45-2093,45-2093.00,"Farmworkers, Farm, Ranch, and Aquacultural Animals",High school diploma or equivalent,24.97,08/2019,2
45-2093,45-2093.00,"Farmworkers, Farm, Ranch, and Aquacultural Animals",Less than high school diploma,18.0,08/2019,3
45-2093,45-2093.00,"Farmworkers, Farm, Ranch, and Aquacultural Animals",Associate's degree,8.94,08/2019,4
45-2093,45-2093.00,"Farmworkers, Farm, Ranch, and Aquacultural Animals",Post-secondary certificate,8.47,08/2019,5
45-2093,45-2093.00,"Farmworkers, Farm, Ranch, and Aquacultural Animals",Bachelor's degree,0.23,08/2019,6
45-4011,45-4011.00,Forest and Conservation Workers,High school diploma or equivalent,43.63,08/2023,1
45-4011,45-4011.00,Forest and Conservation Workers,Bachelor's degree,22.55,08/2023,2
45-4011,45-4011.00,Forest and Conservation Workers,Master's degree,20.25,08/2023,3
45-4011,45-4011.00,Forest and Conservation Workers,"Some college, no degree",6.5,08/2023,4
45-4011,45-4011.00,Forest and Conservation Workers,Less than high school diploma,3.43,08/2023,5
45-4011,45-4011.00,Forest and Conservation Workers,Post-secondary certificate,1.87,08/2023,6
45-4021,45-4021.00,Fallers,Less than high school diploma,55.82,06/2007,1
45-4021,45-4021.00,Fallers,High school diploma or equivalent,44.18,06/2007,2
45-4021,45-4021.00,Fallers,Post-secondary certificate,0.0,06/2007,3
45-4021,45-4021.00,Fallers,"Some college, no degree",0.0,06/2007,4
45-4021,45-4021.00,Fallers,Associate's degree,0.0,06/2007,5
45-4021,45-4021.00,Fallers,Bachelor's degree,0.0,06/2007,6
45-4022,45-4022.00,Logging Equipment Operators,Less than high school diploma,55.42,07/2017,1
45-4022,45-4022.00,Logging Equipment Operators,High school diploma or equivalent,43.69,07/2017,2
45-4022,45-4022.00,Logging Equipment Operators,Post-secondary certificate,0.89,07/2017,3
45-4022,45-4022.00,Logging Equipment Operators,"Some college, no degree",0.0,07/2017,4
45-4022,45-4022.00,Logging Equipment Operators,Associate's degree,0.0,07/2017,5
45-4022,45-4022.00,Logging Equipment Operators,Bachelor's degree,0.0,07/2017,6
45-4023,45-4023.00,Log Graders and Scalers,High school diploma or equivalent,64.23,07/2017,1
45-4023,45-4023.00,Log Graders and Scalers,"Some college, no degree",11.64,07/2017,2
45-4023,45-4023.00,Log Graders and Scalers,Less than high school diploma,11.18,07/2017,3
45-4023,45-4023.00,Log Graders and Scalers,Post-secondary certificate,10.99,07/2017,4
45-4023,45-4023.00,Log Graders and Scalers,Associate's degree,1.96,07/2017,5
45-4023,45-4023.00,Log Graders and Scalers,Bachelor's degree,0.0,07/2017,6
47-1011,47-1011.03,Solar Energy Installation Managers,High school diploma or equivalent,52.86,08/2024,1
47-1011,47-1011.00,First-Line Supervisors of Construction Trades and Extraction Workers,Post-secondary certificate,27.04,08/2020,2
47-1011,47-1011.00,First-Line Supervisors of Construction Trades and Extraction Workers,Less than high school diploma,21.95,08/2020,3
47-1011,47-1011.00,First-Line Supervisors of Construction Trades and Extraction Workers,High school diploma or equivalent,20.79,08/2020,4
47-1011,47-1011.03,Solar Energy Installation Managers,Less than high school diploma,18.71,08/2024,5
47-1011,47-1011.00,First-Line Supervisors of Construction Trades and Extraction Workers,Associate's degree,11.88,08/2020,6
47-2011,47-2011.00,Boilermakers,Post-secondary certificate,32.08,08/2025,1
47-2011,47-2011.00,Boilermakers,"Some college, no degree",15.93,08/2025,2
47-2011,47-2011.00,Boilermakers,Less than high school diploma,0.0,08/2025,3
47-2011,47-2011.00,Boilermakers,Associate's degree,0.0,08/2025,4
47-2011,47-2011.00,Boilermakers,Bachelor's degree,0.0,08/2025,5
47-2011,47-2011.00,Boilermakers,Post-baccalaureate certificate,0.0,08/2025,6
47-2021,47-2021.00,Brickmasons and Blockmasons,High school diploma or equivalent,70.42,08/2018,1
47-2021,47-2021.00,Brickmasons and Blockmasons,Less than high school diploma,13.48,08/2018,2
47-2021,47-2021.00,Brickmasons and Blockmasons,"Some college, no degree",13.38,08/2018,3
47-2021,47-2021.00,Brickmasons and Blockmasons,Associate's degree,2.71,08/2018,4
47-2021,47-2021.00,Brickmasons and Blockmasons,Post-secondary certificate,0.0,08/2018,5
47-2021,47-2021.00,Brickmasons and Blockmasons,Bachelor's degree,0.0,08/2018,6
47-2031,47-2031.00,Carpenters,High school diploma or equivalent,52.4,08/2022,1
47-2031,47-2031.00,Carpenters,Post-secondary certificate,21.46,08/2022,2
47-2031,47-2031.00,Carpenters,Less than high school diploma,17.73,08/2022,3
47-2031,47-2031.00,Carpenters,"Some college, no degree",8.41,08/2022,4
47-2031,47-2031.00,Carpenters,Associate's degree,0.0,08/2022,5
47-2031,47-2031.00,Carpenters,Bachelor's degree,0.0,08/2022,6
47-2041,47-2041.00,Carpet Installers,High school diploma or equivalent,69.22,07/2011,1
47-2041,47-2041.00,Carpet Installers,Less than high school diploma,22.34,07/2011,2
47-2041,47-2041.00,Carpet Installers,"Some college, no degree",7.18,07/2011,3
47-2041,47-2041.00,Carpet Installers,Post-secondary certificate,1.26,07/2011,4
47-2041,47-2041.00,Carpet Installers,Associate's degree,0.0,07/2011,5
47-2041,47-2041.00,Carpet Installers,Bachelor's degree,0.0,07/2011,6
47-2042,47-2042.00,"Floor Layers, Except Carpet, Wood, and Hard Tiles",High school diploma or equivalent,89.53,12/2005,1
47-2042,47-2042.00,"Floor Layers, Except Carpet, Wood, and Hard Tiles",Less than high school diploma,5.71,12/2005,2
47-2042,47-2042.00,"Floor Layers, Except Carpet, Wood, and Hard Tiles",Post-secondary certificate,4.4,12/2005,3
47-2042,47-2042.00,"Floor Layers, Except Carpet, Wood, and Hard Tiles","Some college, no degree",0.35,12/2005,4
47-2042,47-2042.00,"Floor Layers, Except Carpet, Wood, and Hard Tiles",Associate's degree,0.0,12/2005,5
47-2042,47-2042.00,"Floor Layers, Except Carpet, Wood, and Hard Tiles",Bachelor's degree,0.0,12/2005,6
47-2043,47-2043.00,Floor Sanders and Finishers,Less than high school diploma,46.62,08/2021,1
47-2043,47-2043.00,Floor Sanders and Finishers,High school diploma or equivalent,34.6,08/2021,2
47-2043,47-2043.00,Floor Sanders and Finishers,Post-secondary certificate,16.44,08/2021,3
47-2043,47-2043.00,Floor Sanders and Finishers,"Some college, no degree",2.34,08/2021,4
47-2043,47-2043.00,Floor Sanders and Finishers,Associate's degree,0.0,08/2021,5
47-2043,47-2043.00,Floor Sanders and Finishers,Bachelor's degree,0.0,08/2021,6
47-2044,47-2044.00,Tile and Stone Setters,High school diploma or equivalent,47.98,08/2023,1
47-2044,47-2044.00,Tile and Stone Setters,Less than high school diploma,36.88,08/2023,2
47-2044,47-2044.00,Tile and Stone Setters,"Some college, no degree",10.73,08/2023,3
47-2044,47-2044.00,Tile and Stone Setters,Post-secondary certificate,4.41,08/2023,4
47-2044,47-2044.00,Tile and Stone Setters,Associate's degree,0.0,08/2023,5
47-2044,47-2044.00,Tile and Stone Setters,Bachelor's degree,0.0,08/2023,6
47-2051,47-2051.00,Cement Masons and Concrete Finishers,Less than high school diploma,51.7,08/2018,1
47-2051,47-2051.00,Cement Masons and Concrete Finishers,High school diploma or equivalent,35.02,08/2018,2
47-2051,47-2051.00,Cement Masons and Concrete Finishers,Post-secondary certificate,12.65,08/2018,3
47-2051,47-2051.00,Cement Masons and Concrete Finishers,Associate's degree,0.62,08/2018,4
47-2051,47-2051.00,Cement Masons and Concrete Finishers,"Some college, no degree",0.0,08/2018,5
47-2051,47-2051.00,Cement Masons and Concrete Finishers,Bachelor's degree,0.0,08/2018,6
47-2053,47-2053.00,Terrazzo Workers and Finishers,High school diploma or equivalent,69.89,07/2015,1
47-2053,47-2053.00,Terrazzo Workers and Finishers,Less than high school diploma,14.2,07/2015,2
47-2053,47-2053.00,Terrazzo Workers and Finishers,Post-secondary certificate,9.56,07/2015,3
47-2053,47-2053.00,Terrazzo Workers and Finishers,"Some college, no degree",6.36,07/2015,4
47-2053,47-2053.00,Terrazzo Workers and Finishers,Associate's degree,0.0,07/2015,5
47-2053,47-2053.00,Terrazzo Workers and Finishers,Bachelor's degree,0.0,07/2015,6
47-2061,47-2061.00,Construction Laborers,High school diploma or equivalent,34.9,08/2020,1
47-2061,47-2061.00,Construction Laborers,Less than high school diploma,32.53,08/2020,2
47-2061,47-2061.00,Construction Laborers,Associate's degree,4.59,08/2020,3
47-2061,47-2061.00,Construction Laborers,"Some college, no degree",0.0,08/2020,4
47-2061,47-2061.00,Construction Laborers,Bachelor's degree,0.0,08/2020,5
47-2061,47-2061.00,Construction Laborers,Post-baccalaureate certificate,0.0,08/2020,6
47-2071,47-2071.00,"Paving, Surfacing, and Tamping Equipment Operators",Less than high school diploma,40.99,08/2020,1
47-2071,47-2071.00,"Paving, Surfacing, and Tamping Equipment Operators",High school diploma or equivalent,38.42,08/2020,2
47-2071,47-2071.00,"Paving, Surfacing, and Tamping Equipment Operators",Post-secondary certificate,20.59,08/2020,3
47-2071,47-2071.00,"Paving, Surfacing, and Tamping Equipment Operators","Some college, no degree",0.0,08/2020,4
47-2071,47-2071.00,"Paving, Surfacing, and Tamping Equipment Operators",Associate's degree,0.0,08/2020,5
47-2071,47-2071.00,"Paving, Surfacing, and Tamping Equipment Operators",Bachelor's degree,0.0,08/2020,6
47-2072,47-2072.00,Pile Driver Operators,High school diploma or equivalent,52.59,08/2018,1
47-2072,47-2072.00,Pile Driver Operators,Post-secondary certificate,20.95,08/2018,2
47-2072,47-2072.00,Pile Driver Operators,Less than high school diploma,18.59,08/2018,3
47-2072,47-2072.00,Pile Driver Operators,"Some college, no degree",7.88,08/2018,4
47-2072,47-2072.00,Pile Driver Operators,Associate's degree,0.0,08/2018,5
47-2072,47-2072.00,Pile Driver Operators,Bachelor's degree,0.0,08/2018,6
47-2073,47-2073.00,Operating Engineers and Other Construction Equipment Operators,Less than high school diploma,1.39,08/2020,1
47-2073,47-2073.00,Operating Engineers and Other Construction Equipment Operators,Post-secondary certificate,0.55,08/2020,2
47-2073,47-2073.00,Operating Engineers and Other Construction Equipment Operators,Associate's degree,0.0,08/2020,3
47-2073,47-2073.00,Operating Engineers and Other Construction Equipment Operators,Bachelor's degree,0.0,08/2020,4
47-2073,47-2073.00,Operating Engineers and Other Construction Equipment Operators,Post-baccalaureate certificate,0.0,08/2020,5
47-2073,47-2073.00,Operating Engineers and Other Construction Equipment Operators,Master's degree,0.0,08/2020,6
47-2081,47-2081.00,Drywall and Ceiling Tile Installers,Less than high school diploma,41.87,07/2016,1
47-2081,47-2081.00,Drywall and Ceiling Tile Installers,High school diploma or equivalent,24.36,07/2016,2
47-2081,47-2081.00,Drywall and Ceiling Tile Installers,Post-secondary certificate,19.3,07/2016,3
47-2081,47-2081.00,Drywall and Ceiling Tile Installers,"Some college, no degree",9.65,07/2016,4
47-2081,47-2081.00,Drywall and Ceiling Tile Installers,Bachelor's degree,4.82,07/2016,5
47-2081,47-2081.00,Drywall and Ceiling Tile Installers,Associate's degree,0.0,07/2016,6
47-2082,47-2082.00,Tapers,High school diploma or equivalent,45.73,07/2015,1
47-2082,47-2082.00,Tapers,Less than high school diploma,28.99,07/2015,2
47-2082,47-2082.00,Tapers,Post-secondary certificate,25.28,07/2015,3
47-2082,47-2082.00,Tapers,"Some college, no degree",0.0,07/2015,4
47-2082,47-2082.00,Tapers,Associate's degree,0.0,07/2015,5
47-2082,47-2082.00,Tapers,Bachelor's degree,0.0,07/2015,6
47-2111,47-2111.00,Electricians,Post-secondary certificate,61.71,08/2022,1
47-2111,47-2111.00,Electricians,High school diploma or equivalent,30.58,08/2022,2
47-2111,47-2111.00,Electricians,Less than high school diploma,2.31,08/2022,3
47-2111,47-2111.00,Electricians,"Some college, no degree",2.31,08/2022,4
47-2111,47-2111.00,Electricians,Associate's degree,1.79,08/2022,5
47-2111,47-2111.00,Electricians,First professional degree,1.31,08/2022,6
47-2121,47-2121.00,Glaziers,High school diploma or equivalent,44.16,08/2023,1
47-2121,47-2121.00,Glaziers,Less than high school diploma,35.77,08/2023,2
47-2121,47-2121.00,Glaziers,Post-secondary certificate,12.0,08/2023,3
47-2121,47-2121.00,Glaziers,"Some college, no degree",8.08,08/2023,4
47-2121,47-2121.00,Glaziers,Associate's degree,0.0,08/2023,5
47-2121,47-2121.00,Glaziers,Bachelor's degree,0.0,08/2023,6
47-2131,47-2131.00,"Insulation Workers, Floor, Ceiling, and Wall",High school diploma or equivalent,68.21,07/2015,1
47-2131,47-2131.00,"Insulation Workers, Floor, Ceiling, and Wall",Less than high school diploma,29.37,07/2015,2
47-2131,47-2131.00,"Insulation Workers, Floor, Ceiling, and Wall",Post-secondary certificate,2.42,07/2015,3
47-2131,47-2131.00,"Insulation Workers, Floor, Ceiling, and Wall","Some college, no degree",0.0,07/2015,4
47-2131,47-2131.00,"Insulation Workers, Floor, Ceiling, and Wall",Associate's degree,0.0,07/2015,5
47-2131,47-2131.00,"Insulation Workers, Floor, Ceiling, and Wall",Bachelor's degree,0.0,07/2015,6
47-2132,47-2132.00,"Insulation Workers, Mechanical",High school diploma or equivalent,71.69,08/2023,1
47-2132,47-2132.00,"Insulation Workers, Mechanical",Post-secondary certificate,20.8,08/2023,2
47-2132,47-2132.00,"Insulation Workers, Mechanical",Less than high school diploma,7.52,08/2023,3
47-2132,47-2132.00,"Insulation Workers, Mechanical","Some college, no degree",0.0,08/2023,4
47-2132,47-2132.00,"Insulation Workers, Mechanical",Associate's degree,0.0,08/2023,5
47-2132,47-2132.00,"Insulation Workers, Mechanical",Bachelor's degree,0.0,08/2023,6
47-2141,47-2141.00,"Painters, Construction and Maintenance",Post-doctoral training,1.85,08/2025,1
47-2141,47-2141.00,"Painters, Construction and Maintenance","Some college, no degree",0.0,08/2025,2
47-2141,47-2141.00,"Painters, Construction and Maintenance",Associate's degree,0.0,08/2025,3
47-2141,47-2141.00,"Painters, Construction and Maintenance",Bachelor's degree,0.0,08/2025,4
47-2141,47-2141.00,"Painters, Construction and Maintenance",Post-baccalaureate certificate,0.0,08/2025,5
47-2141,47-2141.00,"Painters, Construction and Maintenance",Master's degree,0.0,08/2025,6
47-2142,47-2142.00,Paperhangers,High school diploma or equivalent,54.08,06/2008,1
47-2142,47-2142.00,Paperhangers,Less than high school diploma,24.07,06/2008,2
47-2142,47-2142.00,Paperhangers,Post-secondary certificate,3.36,06/2008,3
47-2142,47-2142.00,Paperhangers,Associate's degree,0.0,06/2008,4
47-2142,47-2142.00,Paperhangers,Bachelor's degree,0.0,06/2008,5
47-2142,47-2142.00,Paperhangers,Post-baccalaureate certificate,0.0,06/2008,6
47-2151,47-2151.00,Pipelayers,Less than high school diploma,65.4,08/2025,1
47-2151,47-2151.00,Pipelayers,High school diploma or equivalent,32.88,08/2025,2
47-2151,47-2151.00,Pipelayers,Post-secondary certificate,1.72,08/2025,3
47-2152,47-2152.00,"Plumbers, Pipefitters, and Steamfitters",Post-secondary certificate,43.26,08/2022,1
47-2152,47-2152.04,Solar Thermal Installers and Technicians,High school diploma or equivalent,43.24,07/2015,2
47-2152,47-2152.00,"Plumbers, Pipefitters, and Steamfitters",High school diploma or equivalent,34.84,08/2022,3
47-2152,47-2152.04,Solar Thermal Installers and Technicians,"Some college, no degree",24.9,07/2015,4
47-2152,47-2152.04,Solar Thermal Installers and Technicians,Bachelor's degree,11.23,07/2015,5
47-2152,47-2152.04,Solar Thermal Installers and Technicians,Post-baccalaureate certificate,11.23,07/2015,6
47-2161,47-2161.00,Plasterers and Stucco Masons,Less than high school diploma,67.95,07/2015,1
47-2161,47-2161.00,Plasterers and Stucco Masons,High school diploma or equivalent,27.89,07/2015,2
47-2161,47-2161.00,Plasterers and Stucco Masons,Post-secondary certificate,2.8,07/2015,3
47-2161,47-2161.00,Plasterers and Stucco Masons,Associate's degree,1.36,07/2015,4
47-2161,47-2161.00,Plasterers and Stucco Masons,"Some college, no degree",0.0,07/2015,5
47-2161,47-2161.00,Plasterers and Stucco Masons,Bachelor's degree,0.0,07/2015,6
47-2171,47-2171.00,Reinforcing Iron and Rebar Workers,Less than high school diploma,36.56,07/2015,1
47-2171,47-2171.00,Reinforcing Iron and Rebar Workers,High school diploma or equivalent,33.86,07/2015,2
47-2171,47-2171.00,Reinforcing Iron and Rebar Workers,Post-secondary certificate,29.58,07/2015,3
47-2171,47-2171.00,Reinforcing Iron and Rebar Workers,"Some college, no degree",0.0,07/2015,4
47-2171,47-2171.00,Reinforcing Iron and Rebar Workers,Associate's degree,0.0,07/2015,5
47-2171,47-2171.00,Reinforcing Iron and Rebar Workers,Bachelor's degree,0.0,07/2015,6
47-2181,47-2181.00,Roofers,High school diploma or equivalent,48.9,07/2015,1
47-2181,47-2181.00,Roofers,Less than high school diploma,26.14,07/2015,2
47-2181,47-2181.00,Roofers,Post-secondary certificate,10.83,07/2015,3
47-2181,47-2181.00,Roofers,"Some college, no degree",7.53,07/2015,4
47-2181,47-2181.00,Roofers,First professional degree,2.42,07/2015,5
47-2181,47-2181.00,Roofers,Doctoral degree,2.08,07/2015,6
47-2211,47-2211.00,Sheet Metal Workers,High school diploma or equivalent,49.0,08/2023,1
47-2211,47-2211.00,Sheet Metal Workers,Post-secondary certificate,43.81,08/2023,2
47-2211,47-2211.00,Sheet Metal Workers,Less than high school diploma,7.2,08/2023,3
47-2211,47-2211.00,Sheet Metal Workers,"Some college, no degree",0.0,08/2023,4
47-2211,47-2211.00,Sheet Metal Workers,Associate's degree,0.0,08/2023,5
47-2211,47-2211.00,Sheet Metal Workers,Bachelor's degree,0.0,08/2023,6
47-2221,47-2221.00,Structural Iron and Steel Workers,High school diploma or equivalent,42.11,07/2015,1
47-2221,47-2221.00,Structural Iron and Steel Workers,Less than high school diploma,33.66,07/2015,2
47-2221,47-2221.00,Structural Iron and Steel Workers,Post-secondary certificate,19.21,07/2015,3
47-2221,47-2221.00,Structural Iron and Steel Workers,Post-baccalaureate certificate,5.03,07/2015,4
47-2221,47-2221.00,Structural Iron and Steel Workers,"Some college, no degree",0.0,07/2015,5
47-2221,47-2221.00,Structural Iron and Steel Workers,Associate's degree,0.0,07/2015,6
47-2231,47-2231.00,Solar Photovoltaic Installers,Post-secondary certificate,36.91,08/2024,1
47-2231,47-2231.00,Solar Photovoltaic Installers,High school diploma or equivalent,33.71,08/2024,2
47-2231,47-2231.00,Solar Photovoltaic Installers,Bachelor's degree,13.94,08/2024,3
47-2231,47-2231.00,Solar Photovoltaic Installers,Less than high school diploma,10.97,08/2024,4
47-2231,47-2231.00,Solar Photovoltaic Installers,Associate's degree,3.38,08/2024,5
47-2231,47-2231.00,Solar Photovoltaic Installers,Master's degree,1.1,08/2024,6
47-3011,47-3011.00,"Helpers--Brickmasons, Blockmasons, Stonemasons, and Tile and Marble Setters",High school diploma or equivalent,58.01,07/2013,1
47-3011,47-3011.00,"Helpers--Brickmasons, Blockmasons, Stonemasons, and Tile and Marble Setters",Less than high school diploma,24.19,07/2013,2
47-3011,47-3011.00,"Helpers--Brickmasons, Blockmasons, Stonemasons, and Tile and Marble Setters",Post-secondary certificate,11.57,07/2013,3
47-3011,47-3011.00,"Helpers--Brickmasons, Blockmasons, Stonemasons, and Tile and Marble Setters",First professional degree,6.23,07/2013,4
47-3011,47-3011.00,"Helpers--Brickmasons, Blockmasons, Stonemasons, and Tile and Marble Setters","Some college, no degree",0.0,07/2013,5
47-3011,47-3011.00,"Helpers--Brickmasons, Blockmasons, Stonemasons, and Tile and Marble Setters",Associate's degree,0.0,07/2013,6
47-3012,47-3012.00,Helpers--Carpenters,Less than high school diploma,25.35,07/2013,1
47-3012,47-3012.00,Helpers--Carpenters,"Some college, no degree",17.96,07/2013,2
47-3012,47-3012.00,Helpers--Carpenters,Post-secondary certificate,3.1,07/2013,3
47-3012,47-3012.00,Helpers--Carpenters,Associate's degree,0.0,07/2013,4
47-3012,47-3012.00,Helpers--Carpenters,Bachelor's degree,0.0,07/2013,5
47-3012,47-3012.00,Helpers--Carpenters,Post-baccalaureate certificate,0.0,07/2013,6
47-3013,47-3013.00,Helpers--Electricians,High school diploma or equivalent,70.79,08/2023,1
47-3013,47-3013.00,Helpers--Electricians,Post-secondary certificate,13.03,08/2023,2
47-3013,47-3013.00,Helpers--Electricians,Less than high school diploma,10.71,08/2023,3
47-3013,47-3013.00,Helpers--Electricians,"Some college, no degree",2.84,08/2023,4
47-3013,47-3013.00,Helpers--Electricians,Associate's degree,1.33,08/2023,5
47-3013,47-3013.00,Helpers--Electricians,Bachelor's degree,1.3,08/2023,6
47-3014,47-3014.00,"Helpers--Painters, Paperhangers, Plasterers, and Stucco Masons",Less than high school diploma,68.24,06/2007,1
47-3014,47-3014.00,"Helpers--Painters, Paperhangers, Plasterers, and Stucco Masons",High school diploma or equivalent,26.19,06/2007,2
47-3014,47-3014.00,"Helpers--Painters, Paperhangers, Plasterers, and Stucco Masons",Post-secondary certificate,3.68,06/2007,3
47-3014,47-3014.00,"Helpers--Painters, Paperhangers, Plasterers, and Stucco Masons",Associate's degree,1.4,06/2007,4
47-3014,47-3014.00,"Helpers--Painters, Paperhangers, Plasterers, and Stucco Masons","Some college, no degree",0.49,06/2007,5
47-3014,47-3014.00,"Helpers--Painters, Paperhangers, Plasterers, and Stucco Masons",Bachelor's degree,0.0,06/2007,6
47-3015,47-3015.00,"Helpers--Pipelayers, Plumbers, Pipefitters, and Steamfitters",Post-secondary certificate,26.83,07/2011,1
47-3015,47-3015.00,"Helpers--Pipelayers, Plumbers, Pipefitters, and Steamfitters",Master's degree,9.69,07/2011,2
47-3015,47-3015.00,"Helpers--Pipelayers, Plumbers, Pipefitters, and Steamfitters","Some college, no degree",9.18,07/2011,3
47-3015,47-3015.00,"Helpers--Pipelayers, Plumbers, Pipefitters, and Steamfitters",Less than high school diploma,5.6,07/2011,4
47-3015,47-3015.00,"Helpers--Pipelayers, Plumbers, Pipefitters, and Steamfitters",Associate's degree,0.0,07/2011,5
47-3015,47-3015.00,"Helpers--Pipelayers, Plumbers, Pipefitters, and Steamfitters",Bachelor's degree,0.0,07/2011,6
47-3016,47-3016.00,Helpers--Roofers,Less than high school diploma,32.7,06/2008,1
47-3016,47-3016.00,Helpers--Roofers,Post-doctoral training,16.01,06/2008,2
47-3016,47-3016.00,Helpers--Roofers,"Some college, no degree",7.91,06/2008,3
47-3016,47-3016.00,Helpers--Roofers,Post-secondary certificate,0.0,06/2008,4
47-3016,47-3016.00,Helpers--Roofers,Associate's degree,0.0,06/2008,5
47-3016,47-3016.00,Helpers--Roofers,Bachelor's degree,0.0,06/2008,6
47-4021,47-4021.00,Elevator and Escalator Installers and Repairers,High school diploma or equivalent,47.49,08/2023,1
47-4021,47-4021.00,Elevator and Escalator Installers and Repairers,Post-secondary certificate,47.14,08/2023,2
47-4021,47-4021.00,Elevator and Escalator Installers and Repairers,Associate's degree,4.54,08/2023,3
47-4021,47-4021.00,Elevator and Escalator Installers and Repairers,"Some college, no degree",0.49,08/2023,4
47-4021,47-4021.00,Elevator and Escalator Installers and Repairers,Bachelor's degree,0.34,08/2023,5
47-4021,47-4021.00,Elevator and Escalator Installers and Repairers,Less than high school diploma,0.0,08/2023,6
47-4031,47-4031.00,Fence Erectors,High school diploma or equivalent,47.51,08/2019,1
47-4031,47-4031.00,Fence Erectors,Less than high school diploma,29.4,08/2019,2
47-4031,47-4031.00,Fence Erectors,Post-secondary certificate,1.01,08/2019,3
47-4031,47-4031.00,Fence Erectors,Associate's degree,0.0,08/2019,4
47-4031,47-4031.00,Fence Erectors,Bachelor's degree,0.0,08/2019,5
47-4031,47-4031.00,Fence Erectors,Post-baccalaureate certificate,0.0,08/2019,6
47-4041,47-4041.00,Hazardous Materials Removal Workers,Less than high school diploma,26.03,07/2015,1
47-4041,47-4041.00,Hazardous Materials Removal Workers,High school diploma or equivalent,24.89,07/2015,2
47-4041,47-4041.00,Hazardous Materials Removal Workers,Post-secondary certificate,19.71,07/2015,3
47-4041,47-4041.00,Hazardous Materials Removal Workers,Bachelor's degree,13.76,07/2015,4
47-4041,47-4041.00,Hazardous Materials Removal Workers,"Some college, no degree",13.66,07/2015,5
47-4041,47-4041.00,Hazardous Materials Removal Workers,Associate's degree,1.94,07/2015,6
47-4051,47-4051.00,Highway Maintenance Workers,High school diploma or equivalent,88.29,07/2017,1
47-4051,47-4051.00,Highway Maintenance Workers,Less than high school diploma,5.21,07/2017,2
47-4051,47-4051.00,Highway Maintenance Workers,Associate's degree,5.07,07/2017,3
47-4051,47-4051.00,Highway Maintenance Workers,Post-secondary certificate,1.43,07/2017,4
47-4051,47-4051.00,Highway Maintenance Workers,"Some college, no degree",0.0,07/2017,5
47-4051,47-4051.00,Highway Maintenance Workers,Bachelor's degree,0.0,07/2017,6
47-4061,47-4061.00,Rail-Track Laying and Maintenance Equipment Operators,High school diploma or equivalent,90.22,07/2015,1
47-4061,47-4061.00,Rail-Track Laying and Maintenance Equipment Operators,Less than high school diploma,9.78,07/2015,2
47-4061,47-4061.00,Rail-Track Laying and Maintenance Equipment Operators,Post-secondary certificate,0.0,07/2015,3
47-4061,47-4061.00,Rail-Track Laying and Maintenance Equipment Operators,"Some college, no degree",0.0,07/2015,4
47-4061,47-4061.00,Rail-Track Laying and Maintenance Equipment Operators,Associate's degree,0.0,07/2015,5
47-4061,47-4061.00,Rail-Track Laying and Maintenance Equipment Operators,Bachelor's degree,0.0,07/2015,6
47-4071,47-4071.00,Septic Tank Servicers and Sewer Pipe Cleaners,High school diploma or equivalent,40.44,07/2017,1
47-4071,47-4071.00,Septic Tank Servicers and Sewer Pipe Cleaners,Less than high school diploma,37.08,07/2017,2
47-4071,47-4071.00,Septic Tank Servicers and Sewer Pipe Cleaners,Post-secondary certificate,22.13,07/2017,3
47-4071,47-4071.00,Septic Tank Servicers and Sewer Pipe Cleaners,"Some college, no degree",0.34,07/2017,4
47-4071,47-4071.00,Septic Tank Servicers and Sewer Pipe Cleaners,Associate's degree,0.0,07/2017,5
47-4071,47-4071.00,Septic Tank Servicers and Sewer Pipe Cleaners,Bachelor's degree,0.0,07/2017,6
47-4091,47-4091.00,Segmental Pavers,High school diploma or equivalent,58.91,06/2008,1
47-4091,47-4091.00,Segmental Pavers,Post-secondary certificate,30.89,06/2008,2
47-4091,47-4091.00,Segmental Pavers,Less than high school diploma,6.57,06/2008,3
47-4091,47-4091.00,Segmental Pavers,"Some college, no degree",2.83,06/2008,4
47-4091,47-4091.00,Segmental Pavers,Associate's degree,0.8,06/2008,5
47-4091,47-4091.00,Segmental Pavers,Bachelor's degree,0.0,06/2008,6
47-5011,47-5011.00,"Derrick Operators, Oil and Gas",Less than high school diploma,68.54,06/2006,1
47-5011,47-5011.00,"Derrick Operators, Oil and Gas",High school diploma or equivalent,22.91,06/2006,2
47-5011,47-5011.00,"Derrick Operators, Oil and Gas",Post-secondary certificate,4.94,06/2006,3
47-5011,47-5011.00,"Derrick Operators, Oil and Gas",Associate's degree,3.6,06/2006,4
47-5011,47-5011.00,"Derrick Operators, Oil and Gas","Some college, no degree",0.0,06/2006,5
47-5011,47-5011.00,"Derrick Operators, Oil and Gas",Bachelor's degree,0.0,06/2006,6
47-5012,47-5012.00,"Rotary Drill Operators, Oil and Gas",Less than high school diploma,31.11,12/2005,1
47-5012,47-5012.00,"Rotary Drill Operators, Oil and Gas",High school diploma or equivalent,28.74,12/2005,2
47-5012,47-5012.00,"Rotary Drill Operators, Oil and Gas","Some college, no degree",22.15,12/2005,3
47-5012,47-5012.00,"Rotary Drill Operators, Oil and Gas",Post-secondary certificate,9.08,12/2005,4
47-5012,47-5012.00,"Rotary Drill Operators, Oil and Gas",Bachelor's degree,8.91,12/2005,5
47-5012,47-5012.00,"Rotary Drill Operators, Oil and Gas",Associate's degree,0.0,12/2005,6
47-5013,47-5013.00,"Service Unit Operators, Oil and Gas",Post-secondary certificate,0.0,07/2013,1
47-5013,47-5013.00,"Service Unit Operators, Oil and Gas","Some college, no degree",0.0,07/2013,2
47-5013,47-5013.00,"Service Unit Operators, Oil and Gas",Associate's degree,0.0,07/2013,3
47-5013,47-5013.00,"Service Unit Operators, Oil and Gas",Bachelor's degree,0.0,07/2013,4
47-5013,47-5013.00,"Service Unit Operators, Oil and Gas",Post-baccalaureate certificate,0.0,07/2013,5
47-5013,47-5013.00,"Service Unit Operators, Oil and Gas",Master's degree,0.0,07/2013,6
47-5022,47-5022.00,"Excavating and Loading Machine and Dragline Operators, Surface Mining",High school diploma or equivalent,71.12,07/2013,1
47-5022,47-5022.00,"Excavating and Loading Machine and Dragline Operators, Surface Mining",Less than high school diploma,23.17,07/2013,2
47-5022,47-5022.00,"Excavating and Loading Machine and Dragline Operators, Surface Mining",Post-secondary certificate,5.71,07/2013,3
47-5022,47-5022.00,"Excavating and Loading Machine and Dragline Operators, Surface Mining","Some college, no degree",0.0,07/2013,4
47-5022,47-5022.00,"Excavating and Loading Machine and Dragline Operators, Surface Mining",Associate's degree,0.0,07/2013,5
47-5022,47-5022.00,"Excavating and Loading Machine and Dragline Operators, Surface Mining",Bachelor's degree,0.0,07/2013,6
47-5023,47-5023.00,"Earth Drillers, Except Oil and Gas",High school diploma or equivalent,72.77,07/2017,1
47-5023,47-5023.00,"Earth Drillers, Except Oil and Gas",Less than high school diploma,15.07,07/2017,2
47-5023,47-5023.00,"Earth Drillers, Except Oil and Gas",Post-secondary certificate,12.15,07/2017,3
47-5023,47-5023.00,"Earth Drillers, Except Oil and Gas","Some college, no degree",0.0,07/2017,4
47-5023,47-5023.00,"Earth Drillers, Except Oil and Gas",Associate's degree,0.0,07/2017,5
47-5023,47-5023.00,"Earth Drillers, Except Oil and Gas",Bachelor's degree,0.0,07/2017,6
47-5041,47-5041.00,Continuous Mining Machine Operators,High school diploma or equivalent,81.27,07/2016,1
47-5041,47-5041.00,Continuous Mining Machine Operators,Post-secondary certificate,9.64,07/2016,2
47-5041,47-5041.00,Continuous Mining Machine Operators,"Some college, no degree",5.13,07/2016,3
47-5041,47-5041.00,Continuous Mining Machine Operators,Less than high school diploma,3.96,07/2016,4
47-5041,47-5041.00,Continuous Mining Machine Operators,Associate's degree,0.0,07/2016,5
47-5041,47-5041.00,Continuous Mining Machine Operators,Bachelor's degree,0.0,07/2016,6
47-5043,47-5043.00,"Roof Bolters, Mining",High school diploma or equivalent,86.71,07/2017,1
47-5043,47-5043.00,"Roof Bolters, Mining",Less than high school diploma,13.29,07/2017,2
47-5043,47-5043.00,"Roof Bolters, Mining",Post-secondary certificate,0.0,07/2017,3
47-5043,47-5043.00,"Roof Bolters, Mining","Some college, no degree",0.0,07/2017,4
47-5043,47-5043.00,"Roof Bolters, Mining",Associate's degree,0.0,07/2017,5
47-5043,47-5043.00,"Roof Bolters, Mining",Bachelor's degree,0.0,07/2017,6
47-5044,47-5044.00,"Loading and Moving Machine Operators, Underground Mining",High school diploma or equivalent,52.59,08/2022,1
47-5044,47-5044.00,"Loading and Moving Machine Operators, Underground Mining",Less than high school diploma,39.96,08/2022,2
47-5044,47-5044.00,"Loading and Moving Machine Operators, Underground Mining",Post-secondary certificate,6.15,08/2022,3
47-5044,47-5044.00,"Loading and Moving Machine Operators, Underground Mining",Associate's degree,1.3,08/2022,4
47-5044,47-5044.00,"Loading and Moving Machine Operators, Underground Mining","Some college, no degree",0.0,08/2022,5
47-5044,47-5044.00,"Loading and Moving Machine Operators, Underground Mining",Bachelor's degree,0.0,08/2022,6
47-5051,47-5051.00,"Rock Splitters, Quarry",Less than high school diploma,49.54,06/2008,1
47-5051,47-5051.00,"Rock Splitters, Quarry",High school diploma or equivalent,31.48,06/2008,2
47-5051,47-5051.00,"Rock Splitters, Quarry",Post-secondary certificate,0.0,06/2008,3
47-5051,47-5051.00,"Rock Splitters, Quarry","Some college, no degree",0.0,06/2008,4
47-5051,47-5051.00,"Rock Splitters, Quarry",Associate's degree,0.0,06/2008,5
47-5051,47-5051.00,"Rock Splitters, Quarry",Bachelor's degree,0.0,06/2008,6
47-5071,47-5071.00,"Roustabouts, Oil and Gas",Associate's degree,0.38,08/2023,1
47-5071,47-5071.00,"Roustabouts, Oil and Gas",Post-secondary certificate,0.0,08/2023,2
47-5071,47-5071.00,"Roustabouts, Oil and Gas","Some college, no degree",0.0,08/2023,3
47-5071,47-5071.00,"Roustabouts, Oil and Gas",Bachelor's degree,0.0,08/2023,4
47-5071,47-5071.00,"Roustabouts, Oil and Gas",Post-baccalaureate certificate,0.0,08/2023,5
47-5071,47-5071.00,"Roustabouts, Oil and Gas",Master's degree,0.0,08/2023,6
47-5081,47-5081.00,Helpers--Extraction Workers,High school diploma or equivalent,96.59,08/2018,1
47-5081,47-5081.00,Helpers--Extraction Workers,Post-secondary certificate,1.71,08/2018,2
47-5081,47-5081.00,Helpers--Extraction Workers,Associate's degree,1.71,08/2018,3
47-5081,47-5081.00,Helpers--Extraction Workers,Less than high school diploma,0.0,08/2018,4
47-5081,47-5081.00,Helpers--Extraction Workers,"Some college, no degree",0.0,08/2018,5
47-5081,47-5081.00,Helpers--Extraction Workers,Bachelor's degree,0.0,08/2018,6
49-1011,49-1011.00,"First-Line Supervisors of Mechanics, Installers, and Repairers",High school diploma or equivalent,54.15,08/2021,1
49-1011,49-1011.00,"First-Line Supervisors of Mechanics, Installers, and Repairers","Some college, no degree",16.91,08/2021,2
49-1011,49-1011.00,"First-Line Supervisors of Mechanics, Installers, and Repairers",Post-secondary certificate,13.08,08/2021,3
49-1011,49-1011.00,"First-Line Supervisors of Mechanics, Installers, and Repairers",Bachelor's degree,7.57,08/2021,4
49-1011,49-1011.00,"First-Line Supervisors of Mechanics, Installers, and Repairers",Associate's degree,3.2,08/2021,5
49-1011,49-1011.00,"First-Line Supervisors of Mechanics, Installers, and Repairers",Less than high school diploma,3.05,08/2021,6
49-2011,49-2011.00,"Computer, Automated Teller, and Office Machine Repairers",Associate's degree,32.97,07/2015,1
49-2011,49-2011.00,"Computer, Automated Teller, and Office Machine Repairers",Post-secondary certificate,31.04,07/2015,2
49-2011,49-2011.00,"Computer, Automated Teller, and Office Machine Repairers","Some college, no degree",7.47,07/2015,3
49-2011,49-2011.00,"Computer, Automated Teller, and Office Machine Repairers",Bachelor's degree,0.38,07/2015,4
49-2011,49-2011.00,"Computer, Automated Teller, and Office Machine Repairers",Less than high school diploma,0.0,07/2015,5
49-2011,49-2011.00,"Computer, Automated Teller, and Office Machine Repairers",Post-baccalaureate certificate,0.0,07/2015,6
49-2021,49-2021.00,"Radio, Cellular, and Tower Equipment Installers and Repairers",High school diploma or equivalent,30.71,08/2022,1
49-2021,49-2021.00,"Radio, Cellular, and Tower Equipment Installers and Repairers",Post-secondary certificate,21.68,08/2022,2
49-2021,49-2021.00,"Radio, Cellular, and Tower Equipment Installers and Repairers","Some college, no degree",18.01,08/2022,3
49-2021,49-2021.00,"Radio, Cellular, and Tower Equipment Installers and Repairers",Associate's degree,15.67,08/2022,4
49-2021,49-2021.00,"Radio, Cellular, and Tower Equipment Installers and Repairers",Bachelor's degree,9.75,08/2022,5
49-2021,49-2021.00,"Radio, Cellular, and Tower Equipment Installers and Repairers",Less than high school diploma,4.17,08/2022,6
49-2022,49-2022.00,"Telecommunications Equipment Installers and Repairers, Except Line Installers",High school diploma or equivalent,43.06,07/2017,1
49-2022,49-2022.00,"Telecommunications Equipment Installers and Repairers, Except Line Installers",Post-secondary certificate,21.36,07/2017,2
49-2022,49-2022.00,"Telecommunications Equipment Installers and Repairers, Except Line Installers","Some college, no degree",10.38,07/2017,3
49-2022,49-2022.00,"Telecommunications Equipment Installers and Repairers, Except Line Installers",Associate's degree,7.77,07/2017,4
49-2022,49-2022.00,"Telecommunications Equipment Installers and Repairers, Except Line Installers",Less than high school diploma,0.0,07/2017,5
49-2022,49-2022.00,"Telecommunications Equipment Installers and Repairers, Except Line Installers",Post-baccalaureate certificate,0.0,07/2017,6
49-2091,49-2091.00,Avionics Technicians,Post-secondary certificate,49.95,07/2015,1
49-2091,49-2091.00,Avionics Technicians,High school diploma or equivalent,18.2,07/2015,2
49-2091,49-2091.00,Avionics Technicians,Associate's degree,16.31,07/2015,3
49-2091,49-2091.00,Avionics Technicians,"Some college, no degree",12.21,07/2015,4
49-2091,49-2091.00,Avionics Technicians,Bachelor's degree,3.33,07/2015,5
49-2091,49-2091.00,Avionics Technicians,Less than high school diploma,0.0,07/2015,6
49-2092,49-2092.00,"Electric Motor, Power Tool, and Related Repairers",Post-secondary certificate,39.17,07/2017,1
49-2092,49-2092.00,"Electric Motor, Power Tool, and Related Repairers",High school diploma or equivalent,30.93,07/2017,2
49-2092,49-2092.00,"Electric Motor, Power Tool, and Related Repairers",Associate's degree,19.77,07/2017,3
49-2092,49-2092.00,"Electric Motor, Power Tool, and Related Repairers","Some college, no degree",8.28,07/2017,4
49-2092,49-2092.00,"Electric Motor, Power Tool, and Related Repairers",Less than high school diploma,1.86,07/2017,5
49-2092,49-2092.00,"Electric Motor, Power Tool, and Related Repairers",Bachelor's degree,0.0,07/2017,6
49-2093,49-2093.00,"Electrical and Electronics Installers and Repairers, Transportation Equipment",Post-secondary certificate,47.69,08/2019,1
49-2093,49-2093.00,"Electrical and Electronics Installers and Repairers, Transportation Equipment",High school diploma or equivalent,28.33,08/2019,2
49-2093,49-2093.00,"Electrical and Electronics Installers and Repairers, Transportation Equipment",Post-baccalaureate certificate,14.35,08/2019,3
49-2093,49-2093.00,"Electrical and Electronics Installers and Repairers, Transportation Equipment",Associate's degree,9.63,08/2019,4
49-2093,49-2093.00,"Electrical and Electronics Installers and Repairers, Transportation Equipment",Less than high school diploma,0.0,08/2019,5
49-2093,49-2093.00,"Electrical and Electronics Installers and Repairers, Transportation Equipment","Some college, no degree",0.0,08/2019,6
49-2094,49-2094.00,"Electrical and Electronics Repairers, Commercial and Industrial Equipment",Associate's degree,45.71,08/2021,1
49-2094,49-2094.00,"Electrical and Electronics Repairers, Commercial and Industrial Equipment",Post-secondary certificate,32.27,08/2021,2
49-2094,49-2094.00,"Electrical and Electronics Repairers, Commercial and Industrial Equipment",High school diploma or equivalent,22.02,08/2021,3
49-2094,49-2094.00,"Electrical and Electronics Repairers, Commercial and Industrial Equipment",Less than high school diploma,0.0,08/2021,4
49-2094,49-2094.00,"Electrical and Electronics Repairers, Commercial and Industrial Equipment","Some college, no degree",0.0,08/2021,5
49-2094,49-2094.00,"Electrical and Electronics Repairers, Commercial and Industrial Equipment",Bachelor's degree,0.0,08/2021,6
49-2095,49-2095.00,"Electrical and Electronics Repairers, Powerhouse, Substation, and Relay",Post-secondary certificate,50.33,07/2017,1
49-2095,49-2095.00,"Electrical and Electronics Repairers, Powerhouse, Substation, and Relay",Associate's degree,27.91,07/2017,2
49-2095,49-2095.00,"Electrical and Electronics Repairers, Powerhouse, Substation, and Relay","Some college, no degree",11.19,07/2017,3
49-2095,49-2095.00,"Electrical and Electronics Repairers, Powerhouse, Substation, and Relay",High school diploma or equivalent,8.18,07/2017,4
49-2095,49-2095.00,"Electrical and Electronics Repairers, Powerhouse, Substation, and Relay",Bachelor's degree,2.39,07/2017,5
49-2095,49-2095.00,"Electrical and Electronics Repairers, Powerhouse, Substation, and Relay",Less than high school diploma,0.0,07/2017,6
49-2096,49-2096.00,"Electronic Equipment Installers and Repairers, Motor Vehicles",Post-secondary certificate,47.4,07/2016,1
49-2096,49-2096.00,"Electronic Equipment Installers and Repairers, Motor Vehicles",High school diploma or equivalent,44.78,07/2016,2
49-2096,49-2096.00,"Electronic Equipment Installers and Repairers, Motor Vehicles",Associate's degree,4.31,07/2016,3
49-2096,49-2096.00,"Electronic Equipment Installers and Repairers, Motor Vehicles",Less than high school diploma,2.39,07/2016,4
49-2096,49-2096.00,"Electronic Equipment Installers and Repairers, Motor Vehicles","Some college, no degree",1.12,07/2016,5
49-2096,49-2096.00,"Electronic Equipment Installers and Repairers, Motor Vehicles",Bachelor's degree,0.0,07/2016,6
49-2097,49-2097.00,Audiovisual Equipment Installers and Repairers,High school diploma or equivalent,38.35,08/2023,1
49-2097,49-2097.00,Audiovisual Equipment Installers and Repairers,Associate's degree,14.43,08/2023,2
49-2097,49-2097.00,Audiovisual Equipment Installers and Repairers,Less than high school diploma,12.18,08/2023,3
49-2097,49-2097.00,Audiovisual Equipment Installers and Repairers,Bachelor's degree,5.23,08/2023,4
49-2097,49-2097.00,Audiovisual Equipment Installers and Repairers,Post-secondary certificate,2.27,08/2023,5
49-2097,49-2097.00,Audiovisual Equipment Installers and Repairers,Post-baccalaureate certificate,0.0,08/2023,6
49-2098,49-2098.00,Security and Fire Alarm Systems Installers,Post-secondary certificate,48.58,07/2015,1
49-2098,49-2098.00,Security and Fire Alarm Systems Installers,High school diploma or equivalent,41.41,07/2015,2
49-2098,49-2098.00,Security and Fire Alarm Systems Installers,"Some college, no degree",8.41,07/2015,3
49-2098,49-2098.00,Security and Fire Alarm Systems Installers,Associate's degree,1.6,07/2015,4
49-2098,49-2098.00,Security and Fire Alarm Systems Installers,Less than high school diploma,0.0,07/2015,5
49-2098,49-2098.00,Security and Fire Alarm Systems Installers,Bachelor's degree,0.0,07/2015,6
49-3011,49-3011.00,Aircraft Mechanics and Service Technicians,Post-secondary certificate,66.17,08/2025,1
49-3011,49-3011.00,Aircraft Mechanics and Service Technicians,Associate's degree,15.06,08/2025,2
49-3011,49-3011.00,Aircraft Mechanics and Service Technicians,High school diploma or equivalent,10.02,08/2025,3
49-3011,49-3011.00,Aircraft Mechanics and Service Technicians,"Some college, no degree",8.12,08/2025,4
49-3011,49-3011.00,Aircraft Mechanics and Service Technicians,Bachelor's degree,0.63,08/2025,5
49-3011,49-3011.00,Aircraft Mechanics and Service Technicians,Less than high school diploma,0.0,08/2025,6
49-3021,49-3021.00,Automotive Body and Related Repairers,High school diploma or equivalent,41.99,08/2019,1
49-3021,49-3021.00,Automotive Body and Related Repairers,Post-secondary certificate,34.65,08/2019,2
49-3021,49-3021.00,Automotive Body and Related Repairers,Less than high school diploma,23.35,08/2019,3
49-3022,49-3022.00,Automotive Glass Installers and Repairers,High school diploma or equivalent,89.5,07/2014,1
49-3022,49-3022.00,Automotive Glass Installers and Repairers,Less than high school diploma,9.12,07/2014,2
49-3022,49-3022.00,Automotive Glass Installers and Repairers,Post-secondary certificate,1.37,07/2014,3
49-3022,49-3022.00,Automotive Glass Installers and Repairers,"Some college, no degree",0.0,07/2014,4
49-3022,49-3022.00,Automotive Glass Installers and Repairers,Associate's degree,0.0,07/2014,5
49-3022,49-3022.00,Automotive Glass Installers and Repairers,Bachelor's degree,0.0,07/2014,6
49-3023,49-3023.00,Automotive Service Technicians and Mechanics,Post-secondary certificate,50.25,08/2022,1
49-3023,49-3023.00,Automotive Service Technicians and Mechanics,High school diploma or equivalent,42.6,08/2022,2
49-3023,49-3023.00,Automotive Service Technicians and Mechanics,"Some college, no degree",5.78,08/2022,3
49-3023,49-3023.00,Automotive Service Technicians and Mechanics,Associate's degree,1.37,08/2022,4
49-3023,49-3023.00,Automotive Service Technicians and Mechanics,Less than high school diploma,0.0,08/2022,5
49-3023,49-3023.00,Automotive Service Technicians and Mechanics,Bachelor's degree,0.0,08/2022,6
49-3031,49-3031.00,Bus and Truck Mechanics and Diesel Engine Specialists,Post-secondary certificate,39.49,08/2022,1
49-3031,49-3031.00,Bus and Truck Mechanics and Diesel Engine Specialists,High school diploma or equivalent,36.89,08/2022,2
49-3031,49-3031.00,Bus and Truck Mechanics and Diesel Engine Specialists,Less than high school diploma,1.0,08/2022,3
49-3031,49-3031.00,Bus and Truck Mechanics and Diesel Engine Specialists,Associate's degree,0.67,08/2022,4
49-3031,49-3031.00,Bus and Truck Mechanics and Diesel Engine Specialists,Bachelor's degree,0.0,08/2022,5
49-3031,49-3031.00,Bus and Truck Mechanics and Diesel Engine Specialists,Post-baccalaureate certificate,0.0,08/2022,6
49-3041,49-3041.00,Farm Equipment Mechanics and Service Technicians,Post-secondary certificate,51.53,08/2025,1
49-3041,49-3041.00,Farm Equipment Mechanics and Service Technicians,High school diploma or equivalent,43.29,08/2025,2
49-3041,49-3041.00,Farm Equipment Mechanics and Service Technicians,Associate's degree,3.01,08/2025,3
49-3041,49-3041.00,Farm Equipment Mechanics and Service Technicians,"Some college, no degree",1.65,08/2025,4
49-3041,49-3041.00,Farm Equipment Mechanics and Service Technicians,Less than high school diploma,0.52,08/2025,5
49-3041,49-3041.00,Farm Equipment Mechanics and Service Technicians,Bachelor's degree,0.0,08/2025,6
49-3042,49-3042.00,"Mobile Heavy Equipment Mechanics, Except Engines",Post-secondary certificate,54.58,07/2017,1
49-3042,49-3042.00,"Mobile Heavy Equipment Mechanics, Except Engines",High school diploma or equivalent,29.63,07/2017,2
49-3042,49-3042.00,"Mobile Heavy Equipment Mechanics, Except Engines","Some college, no degree",7.87,07/2017,3
49-3042,49-3042.00,"Mobile Heavy Equipment Mechanics, Except Engines",Associate's degree,5.28,07/2017,4
49-3042,49-3042.00,"Mobile Heavy Equipment Mechanics, Except Engines",Less than high school diploma,2.65,07/2017,5
49-3042,49-3042.00,"Mobile Heavy Equipment Mechanics, Except Engines",Bachelor's degree,0.0,07/2017,6
49-3043,49-3043.00,Rail Car Repairers,High school diploma or equivalent,61.41,08/2019,1
49-3043,49-3043.00,Rail Car Repairers,Post-secondary certificate,37.62,08/2019,2
49-3043,49-3043.00,Rail Car Repairers,Associate's degree,0.96,08/2019,3
49-3043,49-3043.00,Rail Car Repairers,Less than high school diploma,0.0,08/2019,4
49-3043,49-3043.00,Rail Car Repairers,"Some college, no degree",0.0,08/2019,5
49-3043,49-3043.00,Rail Car Repairers,Bachelor's degree,0.0,08/2019,6
49-3051,49-3051.00,Motorboat Mechanics and Service Technicians,Post-secondary certificate,53.7,07/2015,1
49-3051,49-3051.00,Motorboat Mechanics and Service Technicians,High school diploma or equivalent,23.62,07/2015,2
49-3051,49-3051.00,Motorboat Mechanics and Service Technicians,"Some college, no degree",11.53,07/2015,3
49-3051,49-3051.00,Motorboat Mechanics and Service Technicians,Less than high school diploma,6.61,07/2015,4
49-3051,49-3051.00,Motorboat Mechanics and Service Technicians,Associate's degree,4.54,07/2015,5
49-3051,49-3051.00,Motorboat Mechanics and Service Technicians,Bachelor's degree,0.0,07/2015,6
49-3052,49-3052.00,Motorcycle Mechanics,High school diploma or equivalent,25.73,08/2021,1
49-3052,49-3052.00,Motorcycle Mechanics,Bachelor's degree,9.47,08/2021,2
49-3052,49-3052.00,Motorcycle Mechanics,Associate's degree,3.95,08/2021,3
49-3052,49-3052.00,Motorcycle Mechanics,First professional degree,1.27,08/2021,4
49-3052,49-3052.00,Motorcycle Mechanics,Less than high school diploma,0.0,08/2021,5
49-3052,49-3052.00,Motorcycle Mechanics,"Some college, no degree",0.0,08/2021,6
49-3053,49-3053.00,Outdoor Power Equipment and Other Small Engine Mechanics,High school diploma or equivalent,48.05,08/2018,1
49-3053,49-3053.00,Outdoor Power Equipment and Other Small Engine Mechanics,"Some college, no degree",27.27,08/2018,2
49-3053,49-3053.00,Outdoor Power Equipment and Other Small Engine Mechanics,Post-secondary certificate,12.46,08/2018,3
49-3053,49-3053.00,Outdoor Power Equipment and Other Small Engine Mechanics,Less than high school diploma,12.22,08/2018,4
49-3053,49-3053.00,Outdoor Power Equipment and Other Small Engine Mechanics,Associate's degree,0.0,08/2018,5
49-3053,49-3053.00,Outdoor Power Equipment and Other Small Engine Mechanics,Bachelor's degree,0.0,08/2018,6
49-3091,49-3091.00,Bicycle Repairers,High school diploma or equivalent,29.96,07/2016,1
49-3091,49-3091.00,Bicycle Repairers,"Some college, no degree",17.66,07/2016,2
49-3091,49-3091.00,Bicycle Repairers,Post-secondary certificate,1.57,07/2016,3
49-3091,49-3091.00,Bicycle Repairers,Associate's degree,0.0,07/2016,4
49-3091,49-3091.00,Bicycle Repairers,Bachelor's degree,0.0,07/2016,5
49-3091,49-3091.00,Bicycle Repairers,Post-baccalaureate certificate,0.0,07/2016,6
49-3092,49-3092.00,Recreational Vehicle Service Technicians,Less than high school diploma,46.26,08/2025,1
49-3092,49-3092.00,Recreational Vehicle Service Technicians,High school diploma or equivalent,31.61,08/2025,2
49-3092,49-3092.00,Recreational Vehicle Service Technicians,"Some college, no degree",1.55,08/2025,3
49-3092,49-3092.00,Recreational Vehicle Service Technicians,Associate's degree,0.0,08/2025,4
49-3092,49-3092.00,Recreational Vehicle Service Technicians,Bachelor's degree,0.0,08/2025,5
49-3092,49-3092.00,Recreational Vehicle Service Technicians,Post-baccalaureate certificate,0.0,08/2025,6
49-3093,49-3093.00,Tire Repairers and Changers,High school diploma or equivalent,41.02,07/2014,1
49-3093,49-3093.00,Tire Repairers and Changers,Less than high school diploma,27.27,07/2014,2
49-3093,49-3093.00,Tire Repairers and Changers,Post-secondary certificate,26.4,07/2014,3
49-3093,49-3093.00,Tire Repairers and Changers,First professional degree,2.41,07/2014,4
49-3093,49-3093.00,Tire Repairers and Changers,Associate's degree,2.03,07/2014,5
49-3093,49-3093.00,Tire Repairers and Changers,"Some college, no degree",0.88,07/2014,6
49-9011,49-9011.00,Mechanical Door Repairers,High school diploma or equivalent,70.83,07/2015,1
49-9011,49-9011.00,Mechanical Door Repairers,Less than high school diploma,17.25,07/2015,2
49-9011,49-9011.00,Mechanical Door Repairers,Post-secondary certificate,11.8,07/2015,3
49-9011,49-9011.00,Mechanical Door Repairers,"Some college, no degree",0.12,07/2015,4
49-9011,49-9011.00,Mechanical Door Repairers,Associate's degree,0.0,07/2015,5
49-9011,49-9011.00,Mechanical Door Repairers,Bachelor's degree,0.0,07/2015,6
49-9012,49-9012.00,"Control and Valve Installers and Repairers, Except Mechanical Door",High school diploma or equivalent,46.98,07/2017,1
49-9012,49-9012.00,"Control and Valve Installers and Repairers, Except Mechanical Door",Post-secondary certificate,41.84,07/2017,2
49-9012,49-9012.00,"Control and Valve Installers and Repairers, Except Mechanical Door",Associate's degree,6.75,07/2017,3
49-9012,49-9012.00,"Control and Valve Installers and Repairers, Except Mechanical Door","Some college, no degree",2.99,07/2017,4
49-9012,49-9012.00,"Control and Valve Installers and Repairers, Except Mechanical Door",Bachelor's degree,1.44,07/2017,5
49-9012,49-9012.00,"Control and Valve Installers and Repairers, Except Mechanical Door",Less than high school diploma,0.0,07/2017,6
49-9021,49-9021.00,"Heating, Air Conditioning, and Refrigeration Mechanics and Installers",Post-secondary certificate,68.08,08/2022,1
49-9021,49-9021.00,"Heating, Air Conditioning, and Refrigeration Mechanics and Installers",Less than high school diploma,20.23,08/2022,2
49-9021,49-9021.00,"Heating, Air Conditioning, and Refrigeration Mechanics and Installers","Some college, no degree",6.93,08/2022,3
49-9021,49-9021.00,"Heating, Air Conditioning, and Refrigeration Mechanics and Installers",High school diploma or equivalent,3.26,08/2022,4
49-9021,49-9021.00,"Heating, Air Conditioning, and Refrigeration Mechanics and Installers",Associate's degree,1.5,08/2022,5
49-9021,49-9021.00,"Heating, Air Conditioning, and Refrigeration Mechanics and Installers",Bachelor's degree,0.0,08/2022,6
49-9031,49-9031.00,Home Appliance Repairers,High school diploma or equivalent,68.97,08/2018,1
49-9031,49-9031.00,Home Appliance Repairers,Post-secondary certificate,20.34,08/2018,2
49-9031,49-9031.00,Home Appliance Repairers,Less than high school diploma,7.62,08/2018,3
49-9031,49-9031.00,Home Appliance Repairers,Associate's degree,3.08,08/2018,4
49-9031,49-9031.00,Home Appliance Repairers,"Some college, no degree",0.0,08/2018,5
49-9031,49-9031.00,Home Appliance Repairers,Bachelor's degree,0.0,08/2018,6
49-9041,49-9041.00,Industrial Machinery Mechanics,Post-secondary certificate,47.22,08/2021,1
49-9041,49-9041.00,Industrial Machinery Mechanics,High school diploma or equivalent,39.09,08/2021,2
49-9041,49-9041.00,Industrial Machinery Mechanics,Associate's degree,13.7,08/2021,3
49-9041,49-9041.00,Industrial Machinery Mechanics,Less than high school diploma,0.0,08/2021,4
49-9041,49-9041.00,Industrial Machinery Mechanics,"Some college, no degree",0.0,08/2021,5
49-9041,49-9041.00,Industrial Machinery Mechanics,Bachelor's degree,0.0,08/2021,6
49-9043,49-9043.00,"Maintenance Workers, Machinery",Post-secondary certificate,54.1,08/2024,1
49-9043,49-9043.00,"Maintenance Workers, Machinery",High school diploma or equivalent,40.73,08/2024,2
49-9043,49-9043.00,"Maintenance Workers, Machinery",Associate's degree,2.59,08/2024,3
49-9043,49-9043.00,"Maintenance Workers, Machinery",Post-baccalaureate certificate,2.59,08/2024,4
49-9043,49-9043.00,"Maintenance Workers, Machinery",Less than high school diploma,0.0,08/2024,5
49-9043,49-9043.00,"Maintenance Workers, Machinery","Some college, no degree",0.0,08/2024,6
49-9045,49-9045.00,"Refractory Materials Repairers, Except Brickmasons",High school diploma or equivalent,74.85,06/2007,1
49-9045,49-9045.00,"Refractory Materials Repairers, Except Brickmasons",Post-secondary certificate,17.27,06/2007,2
49-9045,49-9045.00,"Refractory Materials Repairers, Except Brickmasons","Some college, no degree",7.08,06/2007,3
49-9045,49-9045.00,"Refractory Materials Repairers, Except Brickmasons",Less than high school diploma,0.8,06/2007,4
49-9045,49-9045.00,"Refractory Materials Repairers, Except Brickmasons",Associate's degree,0.0,06/2007,5
49-9045,49-9045.00,"Refractory Materials Repairers, Except Brickmasons",Bachelor's degree,0.0,06/2007,6
49-9051,49-9051.00,Electrical Power-Line Installers and Repairers,High school diploma or equivalent,50.29,08/2021,1
49-9051,49-9051.00,Electrical Power-Line Installers and Repairers,Post-secondary certificate,18.88,08/2021,2
49-9051,49-9051.00,Electrical Power-Line Installers and Repairers,Less than high school diploma,18.08,08/2021,3
49-9051,49-9051.00,Electrical Power-Line Installers and Repairers,"Some college, no degree",9.94,08/2021,4
49-9051,49-9051.00,Electrical Power-Line Installers and Repairers,First professional degree,2.81,08/2021,5
49-9051,49-9051.00,Electrical Power-Line Installers and Repairers,Associate's degree,0.0,08/2021,6
49-9052,49-9052.00,Telecommunications Line Installers and Repairers,High school diploma or equivalent,59.59,07/2015,1
49-9052,49-9052.00,Telecommunications Line Installers and Repairers,Post-secondary certificate,14.05,07/2015,2
49-9052,49-9052.00,Telecommunications Line Installers and Repairers,Less than high school diploma,13.1,07/2015,3
49-9052,49-9052.00,Telecommunications Line Installers and Repairers,"Some college, no degree",12.37,07/2015,4
49-9052,49-9052.00,Telecommunications Line Installers and Repairers,Associate's degree,0.89,07/2015,5
49-9052,49-9052.00,Telecommunications Line Installers and Repairers,Bachelor's degree,0.0,07/2015,6
49-9061,49-9061.00,Camera and Photographic Equipment Repairers,High school diploma or equivalent,32.31,07/2015,1
49-9061,49-9061.00,Camera and Photographic Equipment Repairers,Post-secondary certificate,28.48,07/2015,2
49-9061,49-9061.00,Camera and Photographic Equipment Repairers,Less than high school diploma,13.33,07/2015,3
49-9061,49-9061.00,Camera and Photographic Equipment Repairers,"Some college, no degree",10.8,07/2015,4
49-9061,49-9061.00,Camera and Photographic Equipment Repairers,Associate's degree,7.99,07/2015,5
49-9061,49-9061.00,Camera and Photographic Equipment Repairers,Bachelor's degree,7.08,07/2015,6
49-9062,49-9062.00,Medical Equipment Repairers,Associate's degree,39.32,08/2023,1
49-9062,49-9062.00,Medical Equipment Repairers,High school diploma or equivalent,34.72,08/2023,2
49-9062,49-9062.00,Medical Equipment Repairers,Post-secondary certificate,13.28,08/2023,3
49-9062,49-9062.00,Medical Equipment Repairers,"Some college, no degree",12.67,08/2023,4
49-9062,49-9062.00,Medical Equipment Repairers,Less than high school diploma,0.0,08/2023,5
49-9062,49-9062.00,Medical Equipment Repairers,Bachelor's degree,0.0,08/2023,6
49-9064,49-9064.00,Watch and Clock Repairers,High school diploma or equivalent,22.37,08/2018,1
49-9064,49-9064.00,Watch and Clock Repairers,"Some college, no degree",7.51,08/2018,2
49-9064,49-9064.00,Watch and Clock Repairers,Post-baccalaureate certificate,1.68,08/2018,3
49-9064,49-9064.00,Watch and Clock Repairers,Less than high school diploma,1.22,08/2018,4
49-9064,49-9064.00,Watch and Clock Repairers,Bachelor's degree,0.0,08/2018,5
49-9064,49-9064.00,Watch and Clock Repairers,Master's degree,0.0,08/2018,6
49-9071,49-9071.00,"Maintenance and Repair Workers, General",Post-secondary certificate,62.97,08/2021,1
49-9071,49-9071.00,"Maintenance and Repair Workers, General",High school diploma or equivalent,24.94,08/2021,2
49-9071,49-9071.00,"Maintenance and Repair Workers, General","Some college, no degree",6.62,08/2021,3
49-9071,49-9071.00,"Maintenance and Repair Workers, General",Associate's degree,2.85,08/2021,4
49-9071,49-9071.00,"Maintenance and Repair Workers, General",Master's degree,1.17,08/2021,5
49-9071,49-9071.00,"Maintenance and Repair Workers, General",Less than high school diploma,1.08,08/2021,6
49-9081,49-9081.00,Wind Turbine Service Technicians,Post-secondary certificate,34.42,08/2021,1
49-9081,49-9081.00,Wind Turbine Service Technicians,High school diploma or equivalent,28.74,08/2021,2
49-9081,49-9081.00,Wind Turbine Service Technicians,"Some college, no degree",21.78,08/2021,3
49-9081,49-9081.00,Wind Turbine Service Technicians,Associate's degree,15.07,08/2021,4
49-9081,49-9081.00,Wind Turbine Service Technicians,Less than high school diploma,0.0,08/2021,5
49-9081,49-9081.00,Wind Turbine Service Technicians,Bachelor's degree,0.0,08/2021,6
49-9091,49-9091.00,"Coin, Vending, and Amusement Machine Servicers and Repairers",High school diploma or equivalent,91.61,07/2017,1
49-9091,49-9091.00,"Coin, Vending, and Amusement Machine Servicers and Repairers",Post-secondary certificate,7.58,07/2017,2
49-9091,49-9091.00,"Coin, Vending, and Amusement Machine Servicers and Repairers",Associate's degree,0.81,07/2017,3
49-9091,49-9091.00,"Coin, Vending, and Amusement Machine Servicers and Repairers",Less than high school diploma,0.0,07/2017,4
49-9091,49-9091.00,"Coin, Vending, and Amusement Machine Servicers and Repairers","Some college, no degree",0.0,07/2017,5
49-9091,49-9091.00,"Coin, Vending, and Amusement Machine Servicers and Repairers",Bachelor's degree,0.0,07/2017,6
49-9092,49-9092.00,Commercial Divers,Post-secondary certificate,72.4,07/2015,1
49-9092,49-9092.00,Commercial Divers,Associate's degree,11.57,07/2015,2
49-9092,49-9092.00,Commercial Divers,High school diploma or equivalent,7.7,07/2015,3
49-9092,49-9092.00,Commercial Divers,Bachelor's degree,5.02,07/2015,4
49-9092,49-9092.00,Commercial Divers,"Some college, no degree",3.3,07/2015,5
49-9092,49-9092.00,Commercial Divers,Less than high school diploma,0.0,07/2015,6
49-9095,49-9095.00,Manufactured Building and Mobile Home Installers,Less than high school diploma,59.23,06/2007,1
49-9095,49-9095.00,Manufactured Building and Mobile Home Installers,High school diploma or equivalent,39.53,06/2007,2
49-9095,49-9095.00,Manufactured Building and Mobile Home Installers,Post-secondary certificate,1.24,06/2007,3
49-9095,49-9095.00,Manufactured Building and Mobile Home Installers,"Some college, no degree",0.0,06/2007,4
49-9095,49-9095.00,Manufactured Building and Mobile Home Installers,Associate's degree,0.0,06/2007,5
49-9095,49-9095.00,Manufactured Building and Mobile Home Installers,Bachelor's degree,0.0,06/2007,6
49-9096,49-9096.00,Riggers,High school diploma or equivalent,62.85,08/2020,1
49-9096,49-9096.00,Riggers,Less than high school diploma,21.17,08/2020,2
49-9096,49-9096.00,Riggers,Post-secondary certificate,15.98,08/2020,3
49-9096,49-9096.00,Riggers,"Some college, no degree",0.0,08/2020,4
49-9096,49-9096.00,Riggers,Associate's degree,0.0,08/2020,5
49-9096,49-9096.00,Riggers,Bachelor's degree,0.0,08/2020,6
49-9097,49-9097.00,Signal and Track Switch Repairers,Less than high school diploma,33.98,08/2021,1
49-9097,49-9097.00,Signal and Track Switch Repairers,High school diploma or equivalent,28.74,08/2021,2
49-9097,49-9097.00,Signal and Track Switch Repairers,Post-secondary certificate,23.78,08/2021,3
49-9097,49-9097.00,Signal and Track Switch Repairers,"Some college, no degree",9.63,08/2021,4
49-9097,49-9097.00,Signal and Track Switch Repairers,Associate's degree,3.87,08/2021,5
49-9098,49-9098.00,"Helpers--Installation, Maintenance, and Repair Workers",High school diploma or equivalent,31.74,08/2020,1
49-9098,49-9098.00,"Helpers--Installation, Maintenance, and Repair Workers",Associate's degree,25.12,08/2020,2
49-9098,49-9098.00,"Helpers--Installation, Maintenance, and Repair Workers",Post-secondary certificate,23.48,08/2020,3
49-9098,49-9098.00,"Helpers--Installation, Maintenance, and Repair Workers","Some college, no degree",17.34,08/2020,4
49-9098,49-9098.00,"Helpers--Installation, Maintenance, and Repair Workers",Less than high school diploma,2.29,08/2020,5
49-9098,49-9098.00,"Helpers--Installation, Maintenance, and Repair Workers",Bachelor's degree,0.01,08/2020,6
49-9099,49-9099.01,Geothermal Technicians,High school diploma or equivalent,65.75,08/2020,1
49-9099,49-9099.01,Geothermal Technicians,Post-secondary certificate,20.48,08/2020,2
49-9099,49-9099.01,Geothermal Technicians,"Some college, no degree",12.25,08/2020,3
49-9099,49-9099.01,Geothermal Technicians,Associate's degree,1.52,08/2020,4
49-9099,49-9099.01,Geothermal Technicians,Less than high school diploma,0.0,08/2020,5
49-9099,49-9099.01,Geothermal Technicians,Bachelor's degree,0.0,08/2020,6
51-1011,51-1011.00,First-Line Supervisors of Production and Operating Workers,High school diploma or equivalent,32.83,08/2020,1
51-1011,51-1011.00,First-Line Supervisors of Production and Operating Workers,"Some college, no degree",14.96,08/2020,2
51-1011,51-1011.00,First-Line Supervisors of Production and Operating Workers,Less than high school diploma,14.17,08/2020,3
51-1011,51-1011.00,First-Line Supervisors of Production and Operating Workers,Associate's degree,13.62,08/2020,4
51-1011,51-1011.00,First-Line Supervisors of Production and Operating Workers,Bachelor's degree,11.96,08/2020,5
51-1011,51-1011.00,First-Line Supervisors of Production and Operating Workers,Post-secondary certificate,11.6,08/2020,6
51-2011,51-2011.00,"Aircraft Structure, Surfaces, Rigging, and Systems Assemblers",High school diploma or equivalent,54.84,07/2015,1
51-2011,51-2011.00,"Aircraft Structure, Surfaces, Rigging, and Systems Assemblers",Post-secondary certificate,15.66,07/2015,2
51-2011,51-2011.00,"Aircraft Structure, Surfaces, Rigging, and Systems Assemblers",Bachelor's degree,15.65,07/2015,3
51-2011,51-2011.00,"Aircraft Structure, Surfaces, Rigging, and Systems Assemblers",Associate's degree,9.98,07/2015,4
51-2011,51-2011.00,"Aircraft Structure, Surfaces, Rigging, and Systems Assemblers",Less than high school diploma,3.23,07/2015,5
51-2011,51-2011.00,"Aircraft Structure, Surfaces, Rigging, and Systems Assemblers","Some college, no degree",0.64,07/2015,6
51-2021,51-2021.00,"Coil Winders, Tapers, and Finishers",High school diploma or equivalent,57.18,07/2017,1
51-2021,51-2021.00,"Coil Winders, Tapers, and Finishers",Post-secondary certificate,40.87,07/2017,2
51-2021,51-2021.00,"Coil Winders, Tapers, and Finishers",Less than high school diploma,1.64,07/2017,3
51-2021,51-2021.00,"Coil Winders, Tapers, and Finishers",Associate's degree,0.3,07/2017,4
51-2021,51-2021.00,"Coil Winders, Tapers, and Finishers","Some college, no degree",0.0,07/2017,5
51-2021,51-2021.00,"Coil Winders, Tapers, and Finishers",Bachelor's degree,0.0,07/2017,6
51-2022,51-2022.00,Electrical and Electronic Equipment Assemblers,High school diploma or equivalent,54.69,07/2013,1
51-2022,51-2022.00,Electrical and Electronic Equipment Assemblers,Less than high school diploma,25.46,07/2013,2
51-2022,51-2022.00,Electrical and Electronic Equipment Assemblers,"Some college, no degree",11.65,07/2013,3
51-2022,51-2022.00,Electrical and Electronic Equipment Assemblers,Post-secondary certificate,8.2,07/2013,4
51-2022,51-2022.00,Electrical and Electronic Equipment Assemblers,Associate's degree,0.0,07/2013,5
51-2022,51-2022.00,Electrical and Electronic Equipment Assemblers,Bachelor's degree,0.0,07/2013,6
51-2023,51-2023.00,Electromechanical Equipment Assemblers,High school diploma or equivalent,52.73,07/2017,1
51-2023,51-2023.00,Electromechanical Equipment Assemblers,"Some college, no degree",16.88,07/2017,2
51-2023,51-2023.00,Electromechanical Equipment Assemblers,Post-secondary certificate,10.77,07/2017,3
51-2023,51-2023.00,Electromechanical Equipment Assemblers,Doctoral degree,0.58,07/2017,4
51-2023,51-2023.00,Electromechanical Equipment Assemblers,Less than high school diploma,0.0,07/2017,5
51-2023,51-2023.00,Electromechanical Equipment Assemblers,Bachelor's degree,0.0,07/2017,6
51-2031,51-2031.00,Engine and Other Machine Assemblers,High school diploma or equivalent,64.05,07/2014,1
51-2031,51-2031.00,Engine and Other Machine Assemblers,Post-secondary certificate,12.88,07/2014,2
51-2031,51-2031.00,Engine and Other Machine Assemblers,Less than high school diploma,11.15,07/2014,3
51-2031,51-2031.00,Engine and Other Machine Assemblers,Master's degree,7.2,07/2014,4
51-2031,51-2031.00,Engine and Other Machine Assemblers,"Some college, no degree",4.72,07/2014,5
51-2031,51-2031.00,Engine and Other Machine Assemblers,Associate's degree,0.0,07/2014,6
51-2041,51-2041.00,Structural Metal Fabricators and Fitters,High school diploma or equivalent,76.67,08/2024,1
51-2041,51-2041.00,Structural Metal Fabricators and Fitters,Less than high school diploma,18.04,08/2024,2
51-2041,51-2041.00,Structural Metal Fabricators and Fitters,Post-secondary certificate,2.97,08/2024,3
51-2041,51-2041.00,Structural Metal Fabricators and Fitters,Associate's degree,2.32,08/2024,4
51-2041,51-2041.00,Structural Metal Fabricators and Fitters,"Some college, no degree",0.0,08/2024,5
51-2041,51-2041.00,Structural Metal Fabricators and Fitters,Bachelor's degree,0.0,08/2024,6
51-2051,51-2051.00,Fiberglass Laminators and Fabricators,High school diploma or equivalent,45.8,08/2020,1
51-2051,51-2051.00,Fiberglass Laminators and Fabricators,Less than high school diploma,42.54,08/2020,2
51-2051,51-2051.00,Fiberglass Laminators and Fabricators,"Some college, no degree",11.02,08/2020,3
51-2051,51-2051.00,Fiberglass Laminators and Fabricators,Bachelor's degree,0.63,08/2020,4
51-2051,51-2051.00,Fiberglass Laminators and Fabricators,Post-secondary certificate,0.0,08/2020,5
51-2051,51-2051.00,Fiberglass Laminators and Fabricators,Associate's degree,0.0,08/2020,6
51-2061,51-2061.00,Timing Device Assemblers and Adjusters,High school diploma or equivalent,91.37,06/2008,1
51-2061,51-2061.00,Timing Device Assemblers and Adjusters,First professional degree,4.16,06/2008,2
51-2061,51-2061.00,Timing Device Assemblers and Adjusters,Less than high school diploma,2.29,06/2008,3
51-2061,51-2061.00,Timing Device Assemblers and Adjusters,Post-secondary certificate,1.16,06/2008,4
51-2061,51-2061.00,Timing Device Assemblers and Adjusters,"Some college, no degree",1.02,06/2008,5
51-2061,51-2061.00,Timing Device Assemblers and Adjusters,Associate's degree,0.0,06/2008,6
51-2092,51-2092.00,Team Assemblers,High school diploma or equivalent,81.47,08/2020,1
51-2092,51-2092.00,Team Assemblers,Bachelor's degree,6.74,08/2020,2
51-2092,51-2092.00,Team Assemblers,"Some college, no degree",6.61,08/2020,3
51-2092,51-2092.00,Team Assemblers,Less than high school diploma,3.78,08/2020,4
51-2092,51-2092.00,Team Assemblers,Associate's degree,0.94,08/2020,5
51-2092,51-2092.00,Team Assemblers,Post-secondary certificate,0.47,08/2020,6
51-3011,51-3011.00,Bakers,High school diploma or equivalent,57.5,07/2015,1
51-3011,51-3011.00,Bakers,Less than high school diploma,24.97,07/2015,2
51-3011,51-3011.00,Bakers,"Some college, no degree",9.47,07/2015,3
51-3011,51-3011.00,Bakers,Post-secondary certificate,8.06,07/2015,4
51-3011,51-3011.00,Bakers,Associate's degree,0.0,07/2015,5
51-3011,51-3011.00,Bakers,Bachelor's degree,0.0,07/2015,6
51-3021,51-3021.00,Butchers and Meat Cutters,High school diploma or equivalent,69.93,07/2016,1
51-3021,51-3021.00,Butchers and Meat Cutters,Less than high school diploma,20.36,07/2016,2
51-3021,51-3021.00,Butchers and Meat Cutters,"Some college, no degree",7.27,07/2016,3
51-3021,51-3021.00,Butchers and Meat Cutters,Post-secondary certificate,2.44,07/2016,4
51-3021,51-3021.00,Butchers and Meat Cutters,Associate's degree,0.0,07/2016,5
51-3021,51-3021.00,Butchers and Meat Cutters,Bachelor's degree,0.0,07/2016,6
51-3022,51-3022.00,"Meat, Poultry, and Fish Cutters and Trimmers",High school diploma or equivalent,36.26,07/2017,1
51-3022,51-3022.00,"Meat, Poultry, and Fish Cutters and Trimmers",Doctoral degree,1.3,07/2017,2
51-3022,51-3022.00,"Meat, Poultry, and Fish Cutters and Trimmers",Post-secondary certificate,0.0,07/2017,3
51-3022,51-3022.00,"Meat, Poultry, and Fish Cutters and Trimmers","Some college, no degree",0.0,07/2017,4
51-3022,51-3022.00,"Meat, Poultry, and Fish Cutters and Trimmers",Associate's degree,0.0,07/2017,5
51-3022,51-3022.00,"Meat, Poultry, and Fish Cutters and Trimmers",Bachelor's degree,0.0,07/2017,6
51-3023,51-3023.00,Slaughterers and Meat Packers,High school diploma or equivalent,60.8,07/2017,1
51-3023,51-3023.00,Slaughterers and Meat Packers,Less than high school diploma,28.63,07/2017,2
51-3023,51-3023.00,Slaughterers and Meat Packers,"Some college, no degree",10.57,07/2017,3
51-3023,51-3023.00,Slaughterers and Meat Packers,Post-secondary certificate,0.0,07/2017,4
51-3023,51-3023.00,Slaughterers and Meat Packers,Associate's degree,0.0,07/2017,5
51-3023,51-3023.00,Slaughterers and Meat Packers,Bachelor's degree,0.0,07/2017,6
51-3091,51-3091.00,"Food and Tobacco Roasting, Baking, and Drying Machine Operators and Tenders",High school diploma or equivalent,60.77,07/2017,1
51-3091,51-3091.00,"Food and Tobacco Roasting, Baking, and Drying Machine Operators and Tenders",Less than high school diploma,22.77,07/2017,2
51-3091,51-3091.00,"Food and Tobacco Roasting, Baking, and Drying Machine Operators and Tenders","Some college, no degree",10.81,07/2017,3
51-3091,51-3091.00,"Food and Tobacco Roasting, Baking, and Drying Machine Operators and Tenders",Post-secondary certificate,5.65,07/2017,4
51-3091,51-3091.00,"Food and Tobacco Roasting, Baking, and Drying Machine Operators and Tenders",Associate's degree,0.0,07/2017,5
51-3091,51-3091.00,"Food and Tobacco Roasting, Baking, and Drying Machine Operators and Tenders",Bachelor's degree,0.0,07/2017,6
51-3092,51-3092.00,Food Batchmakers,High school diploma or equivalent,37.83,08/2021,1
51-3092,51-3092.00,Food Batchmakers,"Some college, no degree",26.74,08/2021,2
51-3092,51-3092.00,Food Batchmakers,Post-secondary certificate,21.51,08/2021,3
51-3092,51-3092.00,Food Batchmakers,Less than high school diploma,13.91,08/2021,4
51-3092,51-3092.00,Food Batchmakers,Associate's degree,0.0,08/2021,5
51-3092,51-3092.00,Food Batchmakers,Bachelor's degree,0.0,08/2021,6
51-3093,51-3093.00,Food Cooking Machine Operators and Tenders,High school diploma or equivalent,85.92,08/2021,1
51-3093,51-3093.00,Food Cooking Machine Operators and Tenders,Post-secondary certificate,13.96,08/2021,2
51-3093,51-3093.00,Food Cooking Machine Operators and Tenders,Less than high school diploma,0.07,08/2021,3
51-3093,51-3093.00,Food Cooking Machine Operators and Tenders,"Some college, no degree",0.05,08/2021,4
51-3093,51-3093.00,Food Cooking Machine Operators and Tenders,Associate's degree,0.0,08/2021,5
51-3093,51-3093.00,Food Cooking Machine Operators and Tenders,Bachelor's degree,0.0,08/2021,6
51-4021,51-4021.00,"Extruding and Drawing Machine Setters, Operators, and Tenders, Metal and Plastic",High school diploma or equivalent,84.69,07/2015,1
51-4021,51-4021.00,"Extruding and Drawing Machine Setters, Operators, and Tenders, Metal and Plastic",Post-secondary certificate,11.22,07/2015,2
51-4021,51-4021.00,"Extruding and Drawing Machine Setters, Operators, and Tenders, Metal and Plastic",Less than high school diploma,3.64,07/2015,3
51-4021,51-4021.00,"Extruding and Drawing Machine Setters, Operators, and Tenders, Metal and Plastic",Doctoral degree,0.45,07/2015,4
51-4021,51-4021.00,"Extruding and Drawing Machine Setters, Operators, and Tenders, Metal and Plastic","Some college, no degree",0.0,07/2015,5
51-4021,51-4021.00,"Extruding and Drawing Machine Setters, Operators, and Tenders, Metal and Plastic",Associate's degree,0.0,07/2015,6
51-4022,51-4022.00,"Forging Machine Setters, Operators, and Tenders, Metal and Plastic",High school diploma or equivalent,82.3,07/2016,1
51-4022,51-4022.00,"Forging Machine Setters, Operators, and Tenders, Metal and Plastic",Less than high school diploma,17.7,07/2016,2
51-4022,51-4022.00,"Forging Machine Setters, Operators, and Tenders, Metal and Plastic",Post-secondary certificate,0.0,07/2016,3
51-4022,51-4022.00,"Forging Machine Setters, Operators, and Tenders, Metal and Plastic","Some college, no degree",0.0,07/2016,4
51-4022,51-4022.00,"Forging Machine Setters, Operators, and Tenders, Metal and Plastic",Associate's degree,0.0,07/2016,5
51-4022,51-4022.00,"Forging Machine Setters, Operators, and Tenders, Metal and Plastic",Bachelor's degree,0.0,07/2016,6
51-4023,51-4023.00,"Rolling Machine Setters, Operators, and Tenders, Metal and Plastic",High school diploma or equivalent,74.21,08/2018,1
51-4023,51-4023.00,"Rolling Machine Setters, Operators, and Tenders, Metal and Plastic",Less than high school diploma,12.57,08/2018,2
51-4023,51-4023.00,"Rolling Machine Setters, Operators, and Tenders, Metal and Plastic","Some college, no degree",9.86,08/2018,3
51-4023,51-4023.00,"Rolling Machine Setters, Operators, and Tenders, Metal and Plastic",Post-secondary certificate,3.36,08/2018,4
51-4023,51-4023.00,"Rolling Machine Setters, Operators, and Tenders, Metal and Plastic",Associate's degree,0.0,08/2018,5
51-4023,51-4023.00,"Rolling Machine Setters, Operators, and Tenders, Metal and Plastic",Bachelor's degree,0.0,08/2018,6
51-4031,51-4031.00,"Cutting, Punching, and Press Machine Setters, Operators, and Tenders, Metal and Plastic",High school diploma or equivalent,63.43,08/2025,1
51-4031,51-4031.00,"Cutting, Punching, and Press Machine Setters, Operators, and Tenders, Metal and Plastic",Post-secondary certificate,34.85,08/2025,2
51-4031,51-4031.00,"Cutting, Punching, and Press Machine Setters, Operators, and Tenders, Metal and Plastic",Less than high school diploma,0.86,08/2025,3
51-4031,51-4031.00,"Cutting, Punching, and Press Machine Setters, Operators, and Tenders, Metal and Plastic","Some college, no degree",0.86,08/2025,4
51-4031,51-4031.00,"Cutting, Punching, and Press Machine Setters, Operators, and Tenders, Metal and Plastic",Associate's degree,0.0,08/2025,5
51-4031,51-4031.00,"Cutting, Punching, and Press Machine Setters, Operators, and Tenders, Metal and Plastic",Bachelor's degree,0.0,08/2025,6
51-4032,51-4032.00,"Drilling and Boring Machine Tool Setters, Operators, and Tenders, Metal and Plastic",High school diploma or equivalent,56.88,08/2022,1
51-4032,51-4032.00,"Drilling and Boring Machine Tool Setters, Operators, and Tenders, Metal and Plastic","Some college, no degree",12.19,08/2022,2
51-4032,51-4032.00,"Drilling and Boring Machine Tool Setters, Operators, and Tenders, Metal and Plastic",Associate's degree,12.11,08/2022,3
51-4032,51-4032.00,"Drilling and Boring Machine Tool Setters, Operators, and Tenders, Metal and Plastic",Less than high school diploma,9.76,08/2022,4
51-4032,51-4032.00,"Drilling and Boring Machine Tool Setters, Operators, and Tenders, Metal and Plastic",Bachelor's degree,7.12,08/2022,5
51-4032,51-4032.00,"Drilling and Boring Machine Tool Setters, Operators, and Tenders, Metal and Plastic",Post-secondary certificate,1.94,08/2022,6
51-4033,51-4033.00,"Grinding, Lapping, Polishing, and Buffing Machine Tool Setters, Operators, and Tenders, Metal and Plastic",High school diploma or equivalent,80.11,07/2016,1
51-4033,51-4033.00,"Grinding, Lapping, Polishing, and Buffing Machine Tool Setters, Operators, and Tenders, Metal and Plastic",Post-secondary certificate,14.28,07/2016,2
51-4033,51-4033.00,"Grinding, Lapping, Polishing, and Buffing Machine Tool Setters, Operators, and Tenders, Metal and Plastic","Some college, no degree",4.2,07/2016,3
51-4033,51-4033.00,"Grinding, Lapping, Polishing, and Buffing Machine Tool Setters, Operators, and Tenders, Metal and Plastic",Less than high school diploma,1.42,07/2016,4
51-4033,51-4033.00,"Grinding, Lapping, Polishing, and Buffing Machine Tool Setters, Operators, and Tenders, Metal and Plastic",Associate's degree,0.0,07/2016,5
51-4033,51-4033.00,"Grinding, Lapping, Polishing, and Buffing Machine Tool Setters, Operators, and Tenders, Metal and Plastic",Bachelor's degree,0.0,07/2016,6
51-4034,51-4034.00,"Lathe and Turning Machine Tool Setters, Operators, and Tenders, Metal and Plastic",High school diploma or equivalent,31.64,08/2024,1
51-4034,51-4034.00,"Lathe and Turning Machine Tool Setters, Operators, and Tenders, Metal and Plastic","Some college, no degree",28.86,08/2024,2
51-4034,51-4034.00,"Lathe and Turning Machine Tool Setters, Operators, and Tenders, Metal and Plastic",Less than high school diploma,18.19,08/2024,3
51-4034,51-4034.00,"Lathe and Turning Machine Tool Setters, Operators, and Tenders, Metal and Plastic",Post-secondary certificate,11.58,08/2024,4
51-4034,51-4034.00,"Lathe and Turning Machine Tool Setters, Operators, and Tenders, Metal and Plastic",First professional degree,9.62,08/2024,5
51-4034,51-4034.00,"Lathe and Turning Machine Tool Setters, Operators, and Tenders, Metal and Plastic",Post-doctoral training,0.1,08/2024,6
51-4035,51-4035.00,"Milling and Planing Machine Setters, Operators, and Tenders, Metal and Plastic",High school diploma or equivalent,47.3,08/2023,1
51-4035,51-4035.00,"Milling and Planing Machine Setters, Operators, and Tenders, Metal and Plastic",Bachelor's degree,18.83,08/2023,2
51-4035,51-4035.00,"Milling and Planing Machine Setters, Operators, and Tenders, Metal and Plastic",Post-secondary certificate,15.03,08/2023,3
51-4035,51-4035.00,"Milling and Planing Machine Setters, Operators, and Tenders, Metal and Plastic",Less than high school diploma,9.7,08/2023,4
51-4035,51-4035.00,"Milling and Planing Machine Setters, Operators, and Tenders, Metal and Plastic","Some college, no degree",9.13,08/2023,5
51-4035,51-4035.00,"Milling and Planing Machine Setters, Operators, and Tenders, Metal and Plastic",Associate's degree,0.0,08/2023,6
51-4041,51-4041.00,Machinists,High school diploma or equivalent,35.91,08/2020,1
51-4041,51-4041.00,Machinists,Post-secondary certificate,33.12,08/2020,2
51-4041,51-4041.00,Machinists,"Some college, no degree",17.34,08/2020,3
51-4041,51-4041.00,Machinists,Less than high school diploma,13.63,08/2020,4
51-4041,51-4041.00,Machinists,Associate's degree,0.0,08/2020,5
51-4041,51-4041.00,Machinists,Bachelor's degree,0.0,08/2020,6
51-4051,51-4051.00,Metal-Refining Furnace Operators and Tenders,Post-secondary certificate,0.0,08/2018,1
51-4051,51-4051.00,Metal-Refining Furnace Operators and Tenders,"Some college, no degree",0.0,08/2018,2
51-4051,51-4051.00,Metal-Refining Furnace Operators and Tenders,Associate's degree,0.0,08/2018,3
51-4051,51-4051.00,Metal-Refining Furnace Operators and Tenders,Bachelor's degree,0.0,08/2018,4
51-4051,51-4051.00,Metal-Refining Furnace Operators and Tenders,Post-baccalaureate certificate,0.0,08/2018,5
51-4051,51-4051.00,Metal-Refining Furnace Operators and Tenders,Master's degree,0.0,08/2018,6
51-4052,51-4052.00,"Pourers and Casters, Metal",High school diploma or equivalent,79.96,08/2024,1
51-4052,51-4052.00,"Pourers and Casters, Metal",Less than high school diploma,20.04,08/2024,2
51-4052,51-4052.00,"Pourers and Casters, Metal",Post-secondary certificate,0.0,08/2024,3
51-4052,51-4052.00,"Pourers and Casters, Metal","Some college, no degree",0.0,08/2024,4
51-4052,51-4052.00,"Pourers and Casters, Metal",Associate's degree,0.0,08/2024,5
51-4052,51-4052.00,"Pourers and Casters, Metal",Bachelor's degree,0.0,08/2024,6
51-4061,51-4061.00,"Model Makers, Metal and Plastic",Post-secondary certificate,37.73,08/2025,1
51-4061,51-4061.00,"Model Makers, Metal and Plastic","Some college, no degree",15.48,08/2025,2
51-4061,51-4061.00,"Model Makers, Metal and Plastic",Associate's degree,4.96,08/2025,3
51-4061,51-4061.00,"Model Makers, Metal and Plastic",Post-master's certificate,0.83,08/2025,4
51-4061,51-4061.00,"Model Makers, Metal and Plastic",Less than high school diploma,0.0,08/2025,5
51-4061,51-4061.00,"Model Makers, Metal and Plastic",Bachelor's degree,0.0,08/2025,6
51-4062,51-4062.00,"Patternmakers, Metal and Plastic",High school diploma or equivalent,33.48,07/2017,1
51-4062,51-4062.00,"Patternmakers, Metal and Plastic",Post-secondary certificate,15.0,07/2017,2
51-4062,51-4062.00,"Patternmakers, Metal and Plastic",Less than high school diploma,8.68,07/2017,3
51-4062,51-4062.00,"Patternmakers, Metal and Plastic",Associate's degree,2.47,07/2017,4
51-4062,51-4062.00,"Patternmakers, Metal and Plastic",Bachelor's degree,0.11,07/2017,5
51-4062,51-4062.00,"Patternmakers, Metal and Plastic",Post-baccalaureate certificate,0.0,07/2017,6
51-4071,51-4071.00,Foundry Mold and Coremakers,High school diploma or equivalent,64.37,08/2023,1
51-4071,51-4071.00,Foundry Mold and Coremakers,Less than high school diploma,35.63,08/2023,2
51-4071,51-4071.00,Foundry Mold and Coremakers,Post-secondary certificate,0.0,08/2023,3
51-4071,51-4071.00,Foundry Mold and Coremakers,"Some college, no degree",0.0,08/2023,4
51-4071,51-4071.00,Foundry Mold and Coremakers,Associate's degree,0.0,08/2023,5
51-4071,51-4071.00,Foundry Mold and Coremakers,Bachelor's degree,0.0,08/2023,6
51-4072,51-4072.00,"Molding, Coremaking, and Casting Machine Setters, Operators, and Tenders, Metal and Plastic",High school diploma or equivalent,56.98,07/2016,1
51-4072,51-4072.00,"Molding, Coremaking, and Casting Machine Setters, Operators, and Tenders, Metal and Plastic",Less than high school diploma,30.31,07/2016,2
51-4072,51-4072.00,"Molding, Coremaking, and Casting Machine Setters, Operators, and Tenders, Metal and Plastic",Post-secondary certificate,11.15,07/2016,3
51-4072,51-4072.00,"Molding, Coremaking, and Casting Machine Setters, Operators, and Tenders, Metal and Plastic","Some college, no degree",1.56,07/2016,4
51-4072,51-4072.00,"Molding, Coremaking, and Casting Machine Setters, Operators, and Tenders, Metal and Plastic",Associate's degree,0.0,07/2016,5
51-4072,51-4072.00,"Molding, Coremaking, and Casting Machine Setters, Operators, and Tenders, Metal and Plastic",Bachelor's degree,0.0,07/2016,6
51-4081,51-4081.00,"Multiple Machine Tool Setters, Operators, and Tenders, Metal and Plastic",High school diploma or equivalent,81.65,08/2021,1
51-4081,51-4081.00,"Multiple Machine Tool Setters, Operators, and Tenders, Metal and Plastic",Post-secondary certificate,7.64,08/2021,2
51-4081,51-4081.00,"Multiple Machine Tool Setters, Operators, and Tenders, Metal and Plastic","Some college, no degree",5.64,08/2021,3
51-4081,51-4081.00,"Multiple Machine Tool Setters, Operators, and Tenders, Metal and Plastic",Associate's degree,3.94,08/2021,4
51-4081,51-4081.00,"Multiple Machine Tool Setters, Operators, and Tenders, Metal and Plastic",Less than high school diploma,1.13,08/2021,5
51-4081,51-4081.00,"Multiple Machine Tool Setters, Operators, and Tenders, Metal and Plastic",Bachelor's degree,0.0,08/2021,6
51-4111,51-4111.00,Tool and Die Makers,Post-secondary certificate,40.85,08/2021,1
51-4111,51-4111.00,Tool and Die Makers,High school diploma or equivalent,39.61,08/2021,2
51-4111,51-4111.00,Tool and Die Makers,Associate's degree,9.87,08/2021,3
51-4111,51-4111.00,Tool and Die Makers,Less than high school diploma,9.67,08/2021,4
51-4111,51-4111.00,Tool and Die Makers,"Some college, no degree",0.0,08/2021,5
51-4111,51-4111.00,Tool and Die Makers,Bachelor's degree,0.0,08/2021,6
51-4121,51-4121.00,"Welders, Cutters, Solderers, and Brazers",High school diploma or equivalent,53.55,08/2022,1
51-4121,51-4121.00,"Welders, Cutters, Solderers, and Brazers",Less than high school diploma,20.83,08/2022,2
51-4121,51-4121.00,"Welders, Cutters, Solderers, and Brazers",Post-secondary certificate,11.64,08/2022,3
51-4121,51-4121.00,"Welders, Cutters, Solderers, and Brazers","Some college, no degree",11.28,08/2022,4
51-4121,51-4121.00,"Welders, Cutters, Solderers, and Brazers",Associate's degree,1.75,08/2022,5
51-4121,51-4121.00,"Welders, Cutters, Solderers, and Brazers",Bachelor's degree,0.94,08/2022,6
51-4122,51-4122.00,"Welding, Soldering, and Brazing Machine Setters, Operators, and Tenders",High school diploma or equivalent,32.0,08/2024,1
51-4122,51-4122.00,"Welding, Soldering, and Brazing Machine Setters, Operators, and Tenders",Less than high school diploma,21.79,08/2024,2
51-4122,51-4122.00,"Welding, Soldering, and Brazing Machine Setters, Operators, and Tenders",Associate's degree,0.0,08/2024,3
51-4122,51-4122.00,"Welding, Soldering, and Brazing Machine Setters, Operators, and Tenders",Bachelor's degree,0.0,08/2024,4
51-4122,51-4122.00,"Welding, Soldering, and Brazing Machine Setters, Operators, and Tenders",Post-baccalaureate certificate,0.0,08/2024,5
51-4122,51-4122.00,"Welding, Soldering, and Brazing Machine Setters, Operators, and Tenders",Master's degree,0.0,08/2024,6
51-4191,51-4191.00,"Heat Treating Equipment Setters, Operators, and Tenders, Metal and Plastic",High school diploma or equivalent,69.85,07/2016,1
51-4191,51-4191.00,"Heat Treating Equipment Setters, Operators, and Tenders, Metal and Plastic",Less than high school diploma,20.06,07/2016,2
51-4191,51-4191.00,"Heat Treating Equipment Setters, Operators, and Tenders, Metal and Plastic",Post-secondary certificate,9.81,07/2016,3
51-4191,51-4191.00,"Heat Treating Equipment Setters, Operators, and Tenders, Metal and Plastic",Associate's degree,0.28,07/2016,4
51-4191,51-4191.00,"Heat Treating Equipment Setters, Operators, and Tenders, Metal and Plastic","Some college, no degree",0.0,07/2016,5
51-4191,51-4191.00,"Heat Treating Equipment Setters, Operators, and Tenders, Metal and Plastic",Bachelor's degree,0.0,07/2016,6
51-4192,51-4192.00,"Layout Workers, Metal and Plastic",High school diploma or equivalent,60.01,08/2018,1
51-4192,51-4192.00,"Layout Workers, Metal and Plastic","Some college, no degree",14.54,08/2018,2
51-4192,51-4192.00,"Layout Workers, Metal and Plastic",Post-secondary certificate,11.59,08/2018,3
51-4192,51-4192.00,"Layout Workers, Metal and Plastic",Associate's degree,8.99,08/2018,4
51-4192,51-4192.00,"Layout Workers, Metal and Plastic",Less than high school diploma,4.88,08/2018,5
51-4192,51-4192.00,"Layout Workers, Metal and Plastic",Bachelor's degree,0.0,08/2018,6
51-4193,51-4193.00,"Plating Machine Setters, Operators, and Tenders, Metal and Plastic",Less than high school diploma,49.2,07/2016,1
51-4193,51-4193.00,"Plating Machine Setters, Operators, and Tenders, Metal and Plastic",High school diploma or equivalent,46.75,07/2016,2
51-4193,51-4193.00,"Plating Machine Setters, Operators, and Tenders, Metal and Plastic",Bachelor's degree,3.43,07/2016,3
51-4193,51-4193.00,"Plating Machine Setters, Operators, and Tenders, Metal and Plastic","Some college, no degree",0.62,07/2016,4
51-4193,51-4193.00,"Plating Machine Setters, Operators, and Tenders, Metal and Plastic",Post-secondary certificate,0.0,07/2016,5
51-4193,51-4193.00,"Plating Machine Setters, Operators, and Tenders, Metal and Plastic",Associate's degree,0.0,07/2016,6
51-4194,51-4194.00,"Tool Grinders, Filers, and Sharpeners",High school diploma or equivalent,44.99,07/2016,1
51-4194,51-4194.00,"Tool Grinders, Filers, and Sharpeners",Post-secondary certificate,35.67,07/2016,2
51-4194,51-4194.00,"Tool Grinders, Filers, and Sharpeners",Less than high school diploma,13.28,07/2016,3
51-4194,51-4194.00,"Tool Grinders, Filers, and Sharpeners",Associate's degree,6.07,07/2016,4
51-4194,51-4194.00,"Tool Grinders, Filers, and Sharpeners","Some college, no degree",0.0,07/2016,5
51-4194,51-4194.00,"Tool Grinders, Filers, and Sharpeners",Bachelor's degree,0.0,07/2016,6
51-5111,51-5111.00,Prepress Technicians and Workers,High school diploma or equivalent,39.34,07/2016,1
51-5111,51-5111.00,Prepress Technicians and Workers,Associate's degree,23.19,07/2016,2
51-5111,51-5111.00,Prepress Technicians and Workers,"Some college, no degree",20.65,07/2016,3
51-5111,51-5111.00,Prepress Technicians and Workers,Post-secondary certificate,9.47,07/2016,4
51-5111,51-5111.00,Prepress Technicians and Workers,Bachelor's degree,5.2,07/2016,5
51-5111,51-5111.00,Prepress Technicians and Workers,Less than high school diploma,2.14,07/2016,6
51-5112,51-5112.00,Printing Press Operators,High school diploma or equivalent,73.17,08/2020,1
51-5112,51-5112.00,Printing Press Operators,Post-secondary certificate,19.46,08/2020,2
51-5112,51-5112.00,Printing Press Operators,"Some college, no degree",6.15,08/2020,3
51-5112,51-5112.00,Printing Press Operators,Less than high school diploma,1.22,08/2020,4
51-5112,51-5112.00,Printing Press Operators,Associate's degree,0.0,08/2020,5
51-5112,51-5112.00,Printing Press Operators,Bachelor's degree,0.0,08/2020,6
51-5113,51-5113.00,Print Binding and Finishing Workers,High school diploma or equivalent,87.93,07/2015,1
51-5113,51-5113.00,Print Binding and Finishing Workers,Less than high school diploma,4.35,07/2015,2
51-5113,51-5113.00,Print Binding and Finishing Workers,Post-secondary certificate,3.79,07/2015,3
51-5113,51-5113.00,Print Binding and Finishing Workers,Associate's degree,2.78,07/2015,4
51-5113,51-5113.00,Print Binding and Finishing Workers,"Some college, no degree",1.16,07/2015,5
51-5113,51-5113.00,Print Binding and Finishing Workers,Bachelor's degree,0.0,07/2015,6
51-6011,51-6011.00,Laundry and Dry-Cleaning Workers,Less than high school diploma,65.22,07/2015,1
51-6011,51-6011.00,Laundry and Dry-Cleaning Workers,High school diploma or equivalent,34.16,07/2015,2
51-6011,51-6011.00,Laundry and Dry-Cleaning Workers,Post-secondary certificate,0.62,07/2015,3
51-6011,51-6011.00,Laundry and Dry-Cleaning Workers,"Some college, no degree",0.0,07/2015,4
51-6011,51-6011.00,Laundry and Dry-Cleaning Workers,Associate's degree,0.0,07/2015,5
51-6011,51-6011.00,Laundry and Dry-Cleaning Workers,Bachelor's degree,0.0,07/2015,6
51-6021,51-6021.00,"Pressers, Textile, Garment, and Related Materials",Less than high school diploma,59.18,07/2017,1
51-6021,51-6021.00,"Pressers, Textile, Garment, and Related Materials",High school diploma or equivalent,25.62,07/2017,2
51-6021,51-6021.00,"Pressers, Textile, Garment, and Related Materials",Doctoral degree,14.15,07/2017,3
51-6021,51-6021.00,"Pressers, Textile, Garment, and Related Materials",Associate's degree,1.05,07/2017,4
51-6021,51-6021.00,"Pressers, Textile, Garment, and Related Materials",Post-secondary certificate,0.0,07/2017,5
51-6021,51-6021.00,"Pressers, Textile, Garment, and Related Materials","Some college, no degree",0.0,07/2017,6
51-6031,51-6031.00,Sewing Machine Operators,Less than high school diploma,52.93,07/2017,1
51-6031,51-6031.00,Sewing Machine Operators,High school diploma or equivalent,41.37,07/2017,2
51-6031,51-6031.00,Sewing Machine Operators,Associate's degree,4.97,07/2017,3
51-6031,51-6031.00,Sewing Machine Operators,Post-secondary certificate,0.72,07/2017,4
51-6031,51-6031.00,Sewing Machine Operators,"Some college, no degree",0.0,07/2017,5
51-6031,51-6031.00,Sewing Machine Operators,Bachelor's degree,0.0,07/2017,6
51-6041,51-6041.00,Shoe and Leather Workers and Repairers,High school diploma or equivalent,56.39,08/2022,1
51-6041,51-6041.00,Shoe and Leather Workers and Repairers,Less than high school diploma,43.61,08/2022,2
51-6041,51-6041.00,Shoe and Leather Workers and Repairers,Post-secondary certificate,0.0,08/2022,3
51-6041,51-6041.00,Shoe and Leather Workers and Repairers,"Some college, no degree",0.0,08/2022,4
51-6041,51-6041.00,Shoe and Leather Workers and Repairers,Associate's degree,0.0,08/2022,5
51-6041,51-6041.00,Shoe and Leather Workers and Repairers,Bachelor's degree,0.0,08/2022,6
51-6042,51-6042.00,Shoe Machine Operators and Tenders,High school diploma or equivalent,38.0,08/2024,1
51-6042,51-6042.00,Shoe Machine Operators and Tenders,"Some college, no degree",15.31,08/2024,2
51-6042,51-6042.00,Shoe Machine Operators and Tenders,Associate's degree,0.29,08/2024,3
51-6042,51-6042.00,Shoe Machine Operators and Tenders,Post-secondary certificate,0.0,08/2024,4
51-6042,51-6042.00,Shoe Machine Operators and Tenders,Bachelor's degree,0.0,08/2024,5
51-6042,51-6042.00,Shoe Machine Operators and Tenders,Post-baccalaureate certificate,0.0,08/2024,6
51-6051,51-6051.00,"Sewers, Hand",Less than high school diploma,82.18,08/2024,1
51-6051,51-6051.00,"Sewers, Hand",High school diploma or equivalent,10.83,08/2024,2
51-6051,51-6051.00,"Sewers, Hand","Some college, no degree",4.06,08/2024,3
51-6051,51-6051.00,"Sewers, Hand",Associate's degree,2.03,08/2024,4
51-6051,51-6051.00,"Sewers, Hand",First professional degree,0.52,08/2024,5
51-6051,51-6051.00,"Sewers, Hand",Post-secondary certificate,0.38,08/2024,6
51-6052,51-6052.00,"Tailors, Dressmakers, and Custom Sewers",High school diploma or equivalent,57.66,08/2020,1
51-6052,51-6052.00,"Tailors, Dressmakers, and Custom Sewers",Less than high school diploma,16.87,08/2020,2
51-6052,51-6052.00,"Tailors, Dressmakers, and Custom Sewers",Post-secondary certificate,16.01,08/2020,3
51-6052,51-6052.00,"Tailors, Dressmakers, and Custom Sewers",Bachelor's degree,9.46,08/2020,4
51-6052,51-6052.00,"Tailors, Dressmakers, and Custom Sewers","Some college, no degree",0.0,08/2020,5
51-6052,51-6052.00,"Tailors, Dressmakers, and Custom Sewers",Associate's degree,0.0,08/2020,6
51-6061,51-6061.00,Textile Bleaching and Dyeing Machine Operators and Tenders,High school diploma or equivalent,55.98,08/2023,1
51-6061,51-6061.00,Textile Bleaching and Dyeing Machine Operators and Tenders,Less than high school diploma,35.33,08/2023,2
51-6061,51-6061.00,Textile Bleaching and Dyeing Machine Operators and Tenders,Associate's degree,6.44,08/2023,3
51-6061,51-6061.00,Textile Bleaching and Dyeing Machine Operators and Tenders,"Some college, no degree",2.26,08/2023,4
51-6061,51-6061.00,Textile Bleaching and Dyeing Machine Operators and Tenders,Post-secondary certificate,0.0,08/2023,5
51-6061,51-6061.00,Textile Bleaching and Dyeing Machine Operators and Tenders,Bachelor's degree,0.0,08/2023,6
51-6062,51-6062.00,"Textile Cutting Machine Setters, Operators, and Tenders",High school diploma or equivalent,67.69,08/2019,1
51-6062,51-6062.00,"Textile Cutting Machine Setters, Operators, and Tenders",Less than high school diploma,32.31,08/2019,2
51-6062,51-6062.00,"Textile Cutting Machine Setters, Operators, and Tenders",Post-secondary certificate,0.0,08/2019,3
51-6062,51-6062.00,"Textile Cutting Machine Setters, Operators, and Tenders","Some college, no degree",0.0,08/2019,4
51-6062,51-6062.00,"Textile Cutting Machine Setters, Operators, and Tenders",Associate's degree,0.0,08/2019,5
51-6062,51-6062.00,"Textile Cutting Machine Setters, Operators, and Tenders",Bachelor's degree,0.0,08/2019,6
51-6063,51-6063.00,"Textile Knitting and Weaving Machine Setters, Operators, and Tenders",High school diploma or equivalent,94.68,08/2023,1
51-6063,51-6063.00,"Textile Knitting and Weaving Machine Setters, Operators, and Tenders",Less than high school diploma,5.32,08/2023,2
51-6063,51-6063.00,"Textile Knitting and Weaving Machine Setters, Operators, and Tenders",Post-secondary certificate,0.0,08/2023,3
51-6063,51-6063.00,"Textile Knitting and Weaving Machine Setters, Operators, and Tenders","Some college, no degree",0.0,08/2023,4
51-6063,51-6063.00,"Textile Knitting and Weaving Machine Setters, Operators, and Tenders",Associate's degree,0.0,08/2023,5
51-6063,51-6063.00,"Textile Knitting and Weaving Machine Setters, Operators, and Tenders",Bachelor's degree,0.0,08/2023,6
51-6064,51-6064.00,"Textile Winding, Twisting, and Drawing Out Machine Setters, Operators, and Tenders",Less than high school diploma,53.84,08/2019,1
51-6064,51-6064.00,"Textile Winding, Twisting, and Drawing Out Machine Setters, Operators, and Tenders",High school diploma or equivalent,46.16,08/2019,2
51-6064,51-6064.00,"Textile Winding, Twisting, and Drawing Out Machine Setters, Operators, and Tenders",Post-secondary certificate,0.0,08/2019,3
51-6064,51-6064.00,"Textile Winding, Twisting, and Drawing Out Machine Setters, Operators, and Tenders","Some college, no degree",0.0,08/2019,4
51-6064,51-6064.00,"Textile Winding, Twisting, and Drawing Out Machine Setters, Operators, and Tenders",Associate's degree,0.0,08/2019,5
51-6064,51-6064.00,"Textile Winding, Twisting, and Drawing Out Machine Setters, Operators, and Tenders",Bachelor's degree,0.0,08/2019,6
51-6091,51-6091.00,"Extruding and Forming Machine Setters, Operators, and Tenders, Synthetic and Glass Fibers",High school diploma or equivalent,74.09,08/2019,1
51-6091,51-6091.00,"Extruding and Forming Machine Setters, Operators, and Tenders, Synthetic and Glass Fibers",Less than high school diploma,19.43,08/2019,2
51-6091,51-6091.00,"Extruding and Forming Machine Setters, Operators, and Tenders, Synthetic and Glass Fibers",Post-secondary certificate,6.48,08/2019,3
51-6091,51-6091.00,"Extruding and Forming Machine Setters, Operators, and Tenders, Synthetic and Glass Fibers","Some college, no degree",0.0,08/2019,4
51-6091,51-6091.00,"Extruding and Forming Machine Setters, Operators, and Tenders, Synthetic and Glass Fibers",Associate's degree,0.0,08/2019,5
51-6091,51-6091.00,"Extruding and Forming Machine Setters, Operators, and Tenders, Synthetic and Glass Fibers",Bachelor's degree,0.0,08/2019,6
51-6092,51-6092.00,Fabric and Apparel Patternmakers,High school diploma or equivalent,40.66,07/2016,1
51-6092,51-6092.00,Fabric and Apparel Patternmakers,Bachelor's degree,26.36,07/2016,2
51-6092,51-6092.00,Fabric and Apparel Patternmakers,"Some college, no degree",18.58,07/2016,3
51-6092,51-6092.00,Fabric and Apparel Patternmakers,Post-secondary certificate,11.53,07/2016,4
51-6092,51-6092.00,Fabric and Apparel Patternmakers,Less than high school diploma,2.86,07/2016,5
51-6092,51-6092.00,Fabric and Apparel Patternmakers,Associate's degree,0.0,07/2016,6
51-6093,51-6093.00,Upholsterers,High school diploma or equivalent,56.18,07/2016,1
51-6093,51-6093.00,Upholsterers,Less than high school diploma,43.82,07/2016,2
51-6093,51-6093.00,Upholsterers,Post-secondary certificate,0.0,07/2016,3
51-6093,51-6093.00,Upholsterers,"Some college, no degree",0.0,07/2016,4
51-6093,51-6093.00,Upholsterers,Associate's degree,0.0,07/2016,5
51-6093,51-6093.00,Upholsterers,Bachelor's degree,0.0,07/2016,6
51-7011,51-7011.00,Cabinetmakers and Bench Carpenters,High school diploma or equivalent,62.02,07/2015,1
51-7011,51-7011.00,Cabinetmakers and Bench Carpenters,Post-secondary certificate,26.62,07/2015,2
51-7011,51-7011.00,Cabinetmakers and Bench Carpenters,Less than high school diploma,11.36,07/2015,3
51-7011,51-7011.00,Cabinetmakers and Bench Carpenters,"Some college, no degree",0.0,07/2015,4
51-7011,51-7011.00,Cabinetmakers and Bench Carpenters,Associate's degree,0.0,07/2015,5
51-7011,51-7011.00,Cabinetmakers and Bench Carpenters,Bachelor's degree,0.0,07/2015,6
51-7021,51-7021.00,Furniture Finishers,High school diploma or equivalent,61.21,07/2017,1
51-7021,51-7021.00,Furniture Finishers,Less than high school diploma,35.54,07/2017,2
51-7021,51-7021.00,Furniture Finishers,Post-secondary certificate,3.25,07/2017,3
51-7021,51-7021.00,Furniture Finishers,"Some college, no degree",0.0,07/2017,4
51-7021,51-7021.00,Furniture Finishers,Associate's degree,0.0,07/2017,5
51-7021,51-7021.00,Furniture Finishers,Bachelor's degree,0.0,07/2017,6
51-7031,51-7031.00,"Model Makers, Wood",Post-secondary certificate,30.84,08/2024,1
51-7031,51-7031.00,"Model Makers, Wood",Less than high school diploma,30.21,08/2024,2
51-7031,51-7031.00,"Model Makers, Wood",High school diploma or equivalent,20.3,08/2024,3
51-7031,51-7031.00,"Model Makers, Wood",Bachelor's degree,14.33,08/2024,4
51-7031,51-7031.00,"Model Makers, Wood","Some college, no degree",4.32,08/2024,5
51-7032,51-7032.00,"Patternmakers, Wood",High school diploma or equivalent,57.25,08/2021,1
51-7032,51-7032.00,"Patternmakers, Wood",Post-secondary certificate,26.45,08/2021,2
51-7032,51-7032.00,"Patternmakers, Wood","Some college, no degree",15.6,08/2021,3
51-7032,51-7032.00,"Patternmakers, Wood",Less than high school diploma,0.7,08/2021,4
51-7032,51-7032.00,"Patternmakers, Wood",Associate's degree,0.0,08/2021,5
51-7032,51-7032.00,"Patternmakers, Wood",Bachelor's degree,0.0,08/2021,6
51-7041,51-7041.00,"Sawing Machine Setters, Operators, and Tenders, Wood",High school diploma or equivalent,59.25,07/2013,1
51-7041,51-7041.00,"Sawing Machine Setters, Operators, and Tenders, Wood",Less than high school diploma,21.75,07/2013,2
51-7041,51-7041.00,"Sawing Machine Setters, Operators, and Tenders, Wood",Post-secondary certificate,9.5,07/2013,3
51-7041,51-7041.00,"Sawing Machine Setters, Operators, and Tenders, Wood","Some college, no degree",9.5,07/2013,4
51-7041,51-7041.00,"Sawing Machine Setters, Operators, and Tenders, Wood",Associate's degree,0.0,07/2013,5
51-7041,51-7041.00,"Sawing Machine Setters, Operators, and Tenders, Wood",Bachelor's degree,0.0,07/2013,6
51-7042,51-7042.00,"Woodworking Machine Setters, Operators, and Tenders, Except Sawing",High school diploma or equivalent,73.06,07/2015,1
51-7042,51-7042.00,"Woodworking Machine Setters, Operators, and Tenders, Except Sawing",Less than high school diploma,20.67,07/2015,2
51-7042,51-7042.00,"Woodworking Machine Setters, Operators, and Tenders, Except Sawing",Post-secondary certificate,4.55,07/2015,3
51-7042,51-7042.00,"Woodworking Machine Setters, Operators, and Tenders, Except Sawing",Bachelor's degree,1.72,07/2015,4
51-7042,51-7042.00,"Woodworking Machine Setters, Operators, and Tenders, Except Sawing","Some college, no degree",0.0,07/2015,5
51-7042,51-7042.00,"Woodworking Machine Setters, Operators, and Tenders, Except Sawing",Associate's degree,0.0,07/2015,6
51-8011,51-8011.00,Nuclear Power Reactor Operators,High school diploma or equivalent,50.09,07/2014,1
51-8011,51-8011.00,Nuclear Power Reactor Operators,Post-secondary certificate,15.73,07/2014,2
51-8011,51-8011.00,Nuclear Power Reactor Operators,Bachelor's degree,15.32,07/2014,3
51-8011,51-8011.00,Nuclear Power Reactor Operators,Associate's degree,12.63,07/2014,4
51-8011,51-8011.00,Nuclear Power Reactor Operators,"Some college, no degree",6.22,07/2014,5
51-8011,51-8011.00,Nuclear Power Reactor Operators,Less than high school diploma,0.0,07/2014,6
51-8012,51-8012.00,Power Distributors and Dispatchers,Post-secondary certificate,40.32,08/2024,1
51-8012,51-8012.00,Power Distributors and Dispatchers,Associate's degree,24.05,08/2024,2
51-8012,51-8012.00,Power Distributors and Dispatchers,High school diploma or equivalent,21.55,08/2024,3
51-8012,51-8012.00,Power Distributors and Dispatchers,"Some college, no degree",8.44,08/2024,4
51-8012,51-8012.00,Power Distributors and Dispatchers,Bachelor's degree,5.64,08/2024,5
51-8012,51-8012.00,Power Distributors and Dispatchers,Less than high school diploma,0.0,08/2024,6
51-8013,51-8013.00,Power Plant Operators,High school diploma or equivalent,59.81,08/2024,1
51-8013,51-8013.03,Biomass Plant Technicians,High school diploma or equivalent,46.51,08/2020,2
51-8013,51-8013.04,Hydroelectric Plant Technicians,Associate's degree,34.02,08/2024,3
51-8013,51-8013.04,Hydroelectric Plant Technicians,Post-secondary certificate,33.97,08/2024,4
51-8013,51-8013.04,Hydroelectric Plant Technicians,"Some college, no degree",22.39,08/2024,5
51-8013,51-8013.03,Biomass Plant Technicians,Post-secondary certificate,21.85,08/2020,6
51-8021,51-8021.00,Stationary Engineers and Boiler Operators,Post-secondary certificate,47.15,08/2023,1
51-8021,51-8021.00,Stationary Engineers and Boiler Operators,High school diploma or equivalent,37.8,08/2023,2
51-8021,51-8021.00,Stationary Engineers and Boiler Operators,Associate's degree,10.52,08/2023,3
51-8021,51-8021.00,Stationary Engineers and Boiler Operators,"Some college, no degree",4.53,08/2023,4
51-8021,51-8021.00,Stationary Engineers and Boiler Operators,Less than high school diploma,0.0,08/2023,5
51-8021,51-8021.00,Stationary Engineers and Boiler Operators,Bachelor's degree,0.0,08/2023,6
51-8091,51-8091.00,Chemical Plant and System Operators,Post-secondary certificate,0.97,07/2015,1
51-8091,51-8091.00,Chemical Plant and System Operators,"Some college, no degree",0.51,07/2015,2
51-8091,51-8091.00,Chemical Plant and System Operators,Master's degree,0.3,07/2015,3
51-8091,51-8091.00,Chemical Plant and System Operators,Associate's degree,0.21,07/2015,4
51-8091,51-8091.00,Chemical Plant and System Operators,Doctoral degree,0.21,07/2015,5
51-8091,51-8091.00,Chemical Plant and System Operators,Less than high school diploma,0.0,07/2015,6
51-8092,51-8092.00,Gas Plant Operators,High school diploma or equivalent,58.44,08/2023,1
51-8092,51-8092.00,Gas Plant Operators,Post-secondary certificate,31.05,08/2023,2
51-8092,51-8092.00,Gas Plant Operators,Associate's degree,10.51,08/2023,3
51-8092,51-8092.00,Gas Plant Operators,Less than high school diploma,0.0,08/2023,4
51-8092,51-8092.00,Gas Plant Operators,"Some college, no degree",0.0,08/2023,5
51-8092,51-8092.00,Gas Plant Operators,Bachelor's degree,0.0,08/2023,6
51-8093,51-8093.00,"Petroleum Pump System Operators, Refinery Operators, and Gaugers",High school diploma or equivalent,97.02,08/2023,1
51-8093,51-8093.00,"Petroleum Pump System Operators, Refinery Operators, and Gaugers",Post-secondary certificate,1.69,08/2023,2
51-8093,51-8093.00,"Petroleum Pump System Operators, Refinery Operators, and Gaugers","Some college, no degree",1.29,08/2023,3
51-8093,51-8093.00,"Petroleum Pump System Operators, Refinery Operators, and Gaugers",Less than high school diploma,0.0,08/2023,4
51-8093,51-8093.00,"Petroleum Pump System Operators, Refinery Operators, and Gaugers",Associate's degree,0.0,08/2023,5
51-8093,51-8093.00,"Petroleum Pump System Operators, Refinery Operators, and Gaugers",Bachelor's degree,0.0,08/2023,6
51-8099,51-8099.01,Biofuels Processing Technicians,High school diploma or equivalent,71.18,07/2016,1
51-8099,51-8099.01,Biofuels Processing Technicians,Post-secondary certificate,18.07,07/2016,2
51-8099,51-8099.01,Biofuels Processing Technicians,Associate's degree,5.69,07/2016,3
51-8099,51-8099.01,Biofuels Processing Technicians,"Some college, no degree",3.21,07/2016,4
51-8099,51-8099.01,Biofuels Processing Technicians,Less than high school diploma,1.85,07/2016,5
51-8099,51-8099.01,Biofuels Processing Technicians,Bachelor's degree,0.0,07/2016,6
51-9011,51-9011.00,Chemical Equipment Operators and Tenders,High school diploma or equivalent,48.79,07/2015,1
51-9011,51-9011.00,Chemical Equipment Operators and Tenders,"Some college, no degree",20.64,07/2015,2
51-9011,51-9011.00,Chemical Equipment Operators and Tenders,Post-secondary certificate,13.5,07/2015,3
51-9011,51-9011.00,Chemical Equipment Operators and Tenders,Associate's degree,13.5,07/2015,4
51-9011,51-9011.00,Chemical Equipment Operators and Tenders,Less than high school diploma,1.8,07/2015,5
51-9011,51-9011.00,Chemical Equipment Operators and Tenders,Bachelor's degree,1.77,07/2015,6
51-9012,51-9012.00,"Separating, Filtering, Clarifying, Precipitating, and Still Machine Setters, Operators, and Tenders",High school diploma or equivalent,90.81,07/2015,1
51-9012,51-9012.00,"Separating, Filtering, Clarifying, Precipitating, and Still Machine Setters, Operators, and Tenders",Less than high school diploma,4.72,07/2015,2
51-9012,51-9012.00,"Separating, Filtering, Clarifying, Precipitating, and Still Machine Setters, Operators, and Tenders",Post-secondary certificate,1.92,07/2015,3
51-9012,51-9012.00,"Separating, Filtering, Clarifying, Precipitating, and Still Machine Setters, Operators, and Tenders","Some college, no degree",1.47,07/2015,4
51-9012,51-9012.00,"Separating, Filtering, Clarifying, Precipitating, and Still Machine Setters, Operators, and Tenders",Bachelor's degree,0.76,07/2015,5
51-9012,51-9012.00,"Separating, Filtering, Clarifying, Precipitating, and Still Machine Setters, Operators, and Tenders",Post-baccalaureate certificate,0.32,07/2015,6
51-9021,51-9021.00,"Crushing, Grinding, and Polishing Machine Setters, Operators, and Tenders",High school diploma or equivalent,61.72,08/2024,1
51-9021,51-9021.00,"Crushing, Grinding, and Polishing Machine Setters, Operators, and Tenders",Less than high school diploma,19.39,08/2024,2
51-9021,51-9021.00,"Crushing, Grinding, and Polishing Machine Setters, Operators, and Tenders",Post-secondary certificate,1.23,08/2024,3
51-9021,51-9021.00,"Crushing, Grinding, and Polishing Machine Setters, Operators, and Tenders",Associate's degree,0.0,08/2024,4
51-9021,51-9021.00,"Crushing, Grinding, and Polishing Machine Setters, Operators, and Tenders",Bachelor's degree,0.0,08/2024,5
51-9021,51-9021.00,"Crushing, Grinding, and Polishing Machine Setters, Operators, and Tenders",Post-baccalaureate certificate,0.0,08/2024,6
51-9022,51-9022.00,"Grinding and Polishing Workers, Hand",High school diploma or equivalent,37.33,08/2023,1
51-9022,51-9022.00,"Grinding and Polishing Workers, Hand",Less than high school diploma,26.74,08/2023,2
51-9022,51-9022.00,"Grinding and Polishing Workers, Hand","Some college, no degree",11.9,08/2023,3
51-9022,51-9022.00,"Grinding and Polishing Workers, Hand",Associate's degree,0.0,08/2023,4
51-9022,51-9022.00,"Grinding and Polishing Workers, Hand",Bachelor's degree,0.0,08/2023,5
51-9022,51-9022.00,"Grinding and Polishing Workers, Hand",Post-baccalaureate certificate,0.0,08/2023,6
51-9023,51-9023.00,"Mixing and Blending Machine Setters, Operators, and Tenders",High school diploma or equivalent,80.32,08/2023,1
51-9023,51-9023.00,"Mixing and Blending Machine Setters, Operators, and Tenders",Post-secondary certificate,11.87,08/2023,2
51-9023,51-9023.00,"Mixing and Blending Machine Setters, Operators, and Tenders","Some college, no degree",6.3,08/2023,3
51-9023,51-9023.00,"Mixing and Blending Machine Setters, Operators, and Tenders",Less than high school diploma,1.51,08/2023,4
51-9023,51-9023.00,"Mixing and Blending Machine Setters, Operators, and Tenders",Associate's degree,0.0,08/2023,5
51-9023,51-9023.00,"Mixing and Blending Machine Setters, Operators, and Tenders",Bachelor's degree,0.0,08/2023,6
51-9031,51-9031.00,"Cutters and Trimmers, Hand",Less than high school diploma,72.8,08/2019,1
51-9031,51-9031.00,"Cutters and Trimmers, Hand",High school diploma or equivalent,16.38,08/2019,2
51-9031,51-9031.00,"Cutters and Trimmers, Hand","Some college, no degree",5.67,08/2019,3
51-9031,51-9031.00,"Cutters and Trimmers, Hand",Associate's degree,5.15,08/2019,4
51-9031,51-9031.00,"Cutters and Trimmers, Hand",Post-secondary certificate,0.0,08/2019,5
51-9031,51-9031.00,"Cutters and Trimmers, Hand",Bachelor's degree,0.0,08/2019,6
51-9032,51-9032.00,"Cutting and Slicing Machine Setters, Operators, and Tenders",High school diploma or equivalent,55.36,07/2016,1
51-9032,51-9032.00,"Cutting and Slicing Machine Setters, Operators, and Tenders",Less than high school diploma,38.14,07/2016,2
51-9032,51-9032.00,"Cutting and Slicing Machine Setters, Operators, and Tenders",Post-secondary certificate,4.91,07/2016,3
51-9032,51-9032.00,"Cutting and Slicing Machine Setters, Operators, and Tenders","Some college, no degree",1.29,07/2016,4
51-9032,51-9032.00,"Cutting and Slicing Machine Setters, Operators, and Tenders",Post-baccalaureate certificate,0.29,07/2016,5
51-9032,51-9032.00,"Cutting and Slicing Machine Setters, Operators, and Tenders",Associate's degree,0.0,07/2016,6
51-9041,51-9041.00,"Extruding, Forming, Pressing, and Compacting Machine Setters, Operators, and Tenders",High school diploma or equivalent,78.21,07/2016,1
51-9041,51-9041.00,"Extruding, Forming, Pressing, and Compacting Machine Setters, Operators, and Tenders",Post-secondary certificate,9.07,07/2016,2
51-9041,51-9041.00,"Extruding, Forming, Pressing, and Compacting Machine Setters, Operators, and Tenders","Some college, no degree",7.77,07/2016,3
51-9041,51-9041.00,"Extruding, Forming, Pressing, and Compacting Machine Setters, Operators, and Tenders",First professional degree,3.9,07/2016,4
51-9041,51-9041.00,"Extruding, Forming, Pressing, and Compacting Machine Setters, Operators, and Tenders",Less than high school diploma,0.72,07/2016,5
51-9041,51-9041.00,"Extruding, Forming, Pressing, and Compacting Machine Setters, Operators, and Tenders",Associate's degree,0.33,07/2016,6
51-9051,51-9051.00,"Furnace, Kiln, Oven, Drier, and Kettle Operators and Tenders",High school diploma or equivalent,55.94,07/2015,1
51-9051,51-9051.00,"Furnace, Kiln, Oven, Drier, and Kettle Operators and Tenders",Less than high school diploma,21.43,07/2015,2
51-9051,51-9051.00,"Furnace, Kiln, Oven, Drier, and Kettle Operators and Tenders",Post-secondary certificate,15.92,07/2015,3
51-9051,51-9051.00,"Furnace, Kiln, Oven, Drier, and Kettle Operators and Tenders","Some college, no degree",3.9,07/2015,4
51-9051,51-9051.00,"Furnace, Kiln, Oven, Drier, and Kettle Operators and Tenders",Bachelor's degree,1.84,07/2015,5
51-9051,51-9051.00,"Furnace, Kiln, Oven, Drier, and Kettle Operators and Tenders",Associate's degree,0.97,07/2015,6
51-9061,51-9061.00,"Inspectors, Testers, Sorters, Samplers, and Weighers",High school diploma or equivalent,69.81,08/2020,1
51-9061,51-9061.00,"Inspectors, Testers, Sorters, Samplers, and Weighers",Post-secondary certificate,26.89,08/2020,2
51-9061,51-9061.00,"Inspectors, Testers, Sorters, Samplers, and Weighers","Some college, no degree",2.64,08/2020,3
51-9061,51-9061.00,"Inspectors, Testers, Sorters, Samplers, and Weighers",Associate's degree,0.66,08/2020,4
51-9061,51-9061.00,"Inspectors, Testers, Sorters, Samplers, and Weighers",Less than high school diploma,0.0,08/2020,5
51-9061,51-9061.00,"Inspectors, Testers, Sorters, Samplers, and Weighers",Bachelor's degree,0.0,08/2020,6
51-9071,51-9071.06,Gem and Diamond Workers,High school diploma or equivalent,57.85,06/2008,1
51-9071,51-9071.00,Jewelers and Precious Stone and Metal Workers,High school diploma or equivalent,25.34,08/2025,2
51-9071,51-9071.00,Jewelers and Precious Stone and Metal Workers,Post-secondary certificate,21.43,08/2025,3
51-9071,51-9071.00,Jewelers and Precious Stone and Metal Workers,"Some college, no degree",19.45,08/2025,4
51-9071,51-9071.06,Gem and Diamond Workers,Bachelor's degree,19.01,06/2008,5
51-9071,51-9071.00,Jewelers and Precious Stone and Metal Workers,Associate's degree,16.5,08/2025,6
51-9081,51-9081.00,Dental Laboratory Technicians,High school diploma or equivalent,51.74,08/2022,1
51-9081,51-9081.00,Dental Laboratory Technicians,Post-secondary certificate,18.16,08/2022,2
51-9081,51-9081.00,Dental Laboratory Technicians,Less than high school diploma,13.23,08/2022,3
51-9081,51-9081.00,Dental Laboratory Technicians,"Some college, no degree",7.43,08/2022,4
51-9081,51-9081.00,Dental Laboratory Technicians,Master's degree,5.68,08/2022,5
51-9081,51-9081.00,Dental Laboratory Technicians,Associate's degree,1.89,08/2022,6
51-9082,51-9082.00,Medical Appliance Technicians,Associate's degree,26.27,07/2015,1
51-9082,51-9082.00,Medical Appliance Technicians,High school diploma or equivalent,21.22,07/2015,2
51-9082,51-9082.00,Medical Appliance Technicians,Bachelor's degree,18.17,07/2015,3
51-9082,51-9082.00,Medical Appliance Technicians,Post-secondary certificate,10.16,07/2015,4
51-9082,51-9082.00,Medical Appliance Technicians,Master's degree,9.51,07/2015,5
51-9082,51-9082.00,Medical Appliance Technicians,"Some college, no degree",8.63,07/2015,6
51-9083,51-9083.00,Ophthalmic Laboratory Technicians,High school diploma or equivalent,56.4,07/2015,1
51-9083,51-9083.00,Ophthalmic Laboratory Technicians,"Some college, no degree",14.58,07/2015,2
51-9083,51-9083.00,Ophthalmic Laboratory Technicians,Post-secondary certificate,8.82,07/2015,3
51-9083,51-9083.00,Ophthalmic Laboratory Technicians,Associate's degree,6.54,07/2015,4
51-9083,51-9083.00,Ophthalmic Laboratory Technicians,Less than high school diploma,4.83,07/2015,5
51-9083,51-9083.00,Ophthalmic Laboratory Technicians,Bachelor's degree,3.73,07/2015,6
51-9111,51-9111.00,Packaging and Filling Machine Operators and Tenders,High school diploma or equivalent,79.69,07/2017,1
51-9111,51-9111.00,Packaging and Filling Machine Operators and Tenders,Associate's degree,2.22,07/2017,2
51-9111,51-9111.00,Packaging and Filling Machine Operators and Tenders,Post-secondary certificate,0.82,07/2017,3
51-9111,51-9111.00,Packaging and Filling Machine Operators and Tenders,"Some college, no degree",0.0,07/2017,4
51-9111,51-9111.00,Packaging and Filling Machine Operators and Tenders,Bachelor's degree,0.0,07/2017,5
51-9111,51-9111.00,Packaging and Filling Machine Operators and Tenders,Post-baccalaureate certificate,0.0,07/2017,6
51-9123,51-9123.00,"Painting, Coating, and Decorating Workers",Less than high school diploma,59.01,08/2019,1
51-9123,51-9123.00,"Painting, Coating, and Decorating Workers",High school diploma or equivalent,21.21,08/2019,2
51-9123,51-9123.00,"Painting, Coating, and Decorating Workers","Some college, no degree",17.01,08/2019,3
51-9123,51-9123.00,"Painting, Coating, and Decorating Workers",Post-secondary certificate,2.77,08/2019,4
51-9123,51-9123.00,"Painting, Coating, and Decorating Workers",Associate's degree,0.0,08/2019,5
51-9123,51-9123.00,"Painting, Coating, and Decorating Workers",Bachelor's degree,0.0,08/2019,6
51-9124,51-9124.00,"Coating, Painting, and Spraying Machine Setters, Operators, and Tenders",High school diploma or equivalent,62.67,08/2022,1
51-9124,51-9124.00,"Coating, Painting, and Spraying Machine Setters, Operators, and Tenders",Less than high school diploma,26.66,08/2022,2
51-9124,51-9124.00,"Coating, Painting, and Spraying Machine Setters, Operators, and Tenders",Post-secondary certificate,7.07,08/2022,3
51-9124,51-9124.00,"Coating, Painting, and Spraying Machine Setters, Operators, and Tenders","Some college, no degree",3.6,08/2022,4
51-9124,51-9124.00,"Coating, Painting, and Spraying Machine Setters, Operators, and Tenders",Associate's degree,0.0,08/2022,5
51-9124,51-9124.00,"Coating, Painting, and Spraying Machine Setters, Operators, and Tenders",Bachelor's degree,0.0,08/2022,6
51-9141,51-9141.00,Semiconductor Processing Technicians,High school diploma or equivalent,83.85,12/2006,1
51-9141,51-9141.00,Semiconductor Processing Technicians,Less than high school diploma,11.72,12/2006,2
51-9141,51-9141.00,Semiconductor Processing Technicians,Associate's degree,2.34,12/2006,3
51-9141,51-9141.00,Semiconductor Processing Technicians,Post-secondary certificate,1.32,12/2006,4
51-9141,51-9141.00,Semiconductor Processing Technicians,"Some college, no degree",0.45,12/2006,5
51-9141,51-9141.00,Semiconductor Processing Technicians,Post-doctoral training,0.15,12/2006,6
51-9151,51-9151.00,Photographic Process Workers and Processing Machine Operators,High school diploma or equivalent,84.07,07/2017,1
51-9151,51-9151.00,Photographic Process Workers and Processing Machine Operators,"Some college, no degree",7.66,07/2017,2
51-9151,51-9151.00,Photographic Process Workers and Processing Machine Operators,Bachelor's degree,5.2,07/2017,3
51-9151,51-9151.00,Photographic Process Workers and Processing Machine Operators,Post-secondary certificate,2.06,07/2017,4
51-9151,51-9151.00,Photographic Process Workers and Processing Machine Operators,Associate's degree,0.74,07/2017,5
51-9151,51-9151.00,Photographic Process Workers and Processing Machine Operators,Less than high school diploma,0.28,07/2017,6
51-9161,51-9161.00,Computer Numerically Controlled Tool Operators,High school diploma or equivalent,48.24,08/2023,1
51-9161,51-9161.00,Computer Numerically Controlled Tool Operators,Post-secondary certificate,21.16,08/2023,2
51-9161,51-9161.00,Computer Numerically Controlled Tool Operators,"Some college, no degree",16.8,08/2023,3
51-9161,51-9161.00,Computer Numerically Controlled Tool Operators,Associate's degree,7.08,08/2023,4
51-9161,51-9161.00,Computer Numerically Controlled Tool Operators,Less than high school diploma,3.5,08/2023,5
51-9161,51-9161.00,Computer Numerically Controlled Tool Operators,Bachelor's degree,3.22,08/2023,6
51-9162,51-9162.00,Computer Numerically Controlled Tool Programmers,High school diploma or equivalent,32.77,08/2025,1
51-9162,51-9162.00,Computer Numerically Controlled Tool Programmers,Post-secondary certificate,31.39,08/2025,2
51-9162,51-9162.00,Computer Numerically Controlled Tool Programmers,"Some college, no degree",19.68,08/2025,3
51-9162,51-9162.00,Computer Numerically Controlled Tool Programmers,Associate's degree,14.3,08/2025,4
51-9162,51-9162.00,Computer Numerically Controlled Tool Programmers,Bachelor's degree,1.86,08/2025,5
51-9162,51-9162.00,Computer Numerically Controlled Tool Programmers,Less than high school diploma,0.0,08/2025,6
51-9191,51-9191.00,Adhesive Bonding Machine Operators and Tenders,High school diploma or equivalent,72.61,07/2015,1
51-9191,51-9191.00,Adhesive Bonding Machine Operators and Tenders,Post-secondary certificate,16.74,07/2015,2
51-9191,51-9191.00,Adhesive Bonding Machine Operators and Tenders,Less than high school diploma,10.21,07/2015,3
51-9191,51-9191.00,Adhesive Bonding Machine Operators and Tenders,"Some college, no degree",0.43,07/2015,4
51-9191,51-9191.00,Adhesive Bonding Machine Operators and Tenders,Associate's degree,0.0,07/2015,5
51-9191,51-9191.00,Adhesive Bonding Machine Operators and Tenders,Bachelor's degree,0.0,07/2015,6
51-9192,51-9192.00,"Cleaning, Washing, and Metal Pickling Equipment Operators and Tenders","Some college, no degree",3.89,07/2017,1
51-9192,51-9192.00,"Cleaning, Washing, and Metal Pickling Equipment Operators and Tenders",Associate's degree,3.89,07/2017,2
51-9192,51-9192.00,"Cleaning, Washing, and Metal Pickling Equipment Operators and Tenders",Post-secondary certificate,0.73,07/2017,3
51-9192,51-9192.00,"Cleaning, Washing, and Metal Pickling Equipment Operators and Tenders",Bachelor's degree,0.0,07/2017,4
51-9192,51-9192.00,"Cleaning, Washing, and Metal Pickling Equipment Operators and Tenders",Post-baccalaureate certificate,0.0,07/2017,5
51-9192,51-9192.00,"Cleaning, Washing, and Metal Pickling Equipment Operators and Tenders",Master's degree,0.0,07/2017,6
51-9193,51-9193.00,Cooling and Freezing Equipment Operators and Tenders,High school diploma or equivalent,7.31,07/2017,1
51-9193,51-9193.00,Cooling and Freezing Equipment Operators and Tenders,"Some college, no degree",0.48,07/2017,2
51-9193,51-9193.00,Cooling and Freezing Equipment Operators and Tenders,Associate's degree,0.0,07/2017,3
51-9193,51-9193.00,Cooling and Freezing Equipment Operators and Tenders,Bachelor's degree,0.0,07/2017,4
51-9193,51-9193.00,Cooling and Freezing Equipment Operators and Tenders,Post-baccalaureate certificate,0.0,07/2017,5
51-9193,51-9193.00,Cooling and Freezing Equipment Operators and Tenders,Master's degree,0.0,07/2017,6
51-9194,51-9194.00,Etchers and Engravers,High school diploma or equivalent,53.86,07/2017,1
51-9194,51-9194.00,Etchers and Engravers,Less than high school diploma,32.66,07/2017,2
51-9194,51-9194.00,Etchers and Engravers,Associate's degree,12.72,07/2017,3
51-9194,51-9194.00,Etchers and Engravers,Post-secondary certificate,0.75,07/2017,4
51-9194,51-9194.00,Etchers and Engravers,"Some college, no degree",0.0,07/2017,5
51-9194,51-9194.00,Etchers and Engravers,Bachelor's degree,0.0,07/2017,6
51-9195,51-9195.03,"Stone Cutters and Carvers, Manufacturing",High school diploma or equivalent,65.55,07/2015,1
51-9195,51-9195.04,"Glass Blowers, Molders, Benders, and Finishers",Less than high school diploma,43.24,07/2015,2
51-9195,51-9195.04,"Glass Blowers, Molders, Benders, and Finishers",High school diploma or equivalent,34.36,07/2015,3
51-9195,51-9195.05,"Potters, Manufacturing","Some college, no degree",30.9,08/2020,4
51-9195,51-9195.05,"Potters, Manufacturing",High school diploma or equivalent,30.48,08/2020,5
51-9195,51-9195.03,"Stone Cutters and Carvers, Manufacturing",Less than high school diploma,21.77,07/2015,6
51-9196,51-9196.00,"Paper Goods Machine Setters, Operators, and Tenders",High school diploma or equivalent,69.35,08/2018,1
51-9196,51-9196.00,"Paper Goods Machine Setters, Operators, and Tenders",Less than high school diploma,20.15,08/2018,2
51-9196,51-9196.00,"Paper Goods Machine Setters, Operators, and Tenders","Some college, no degree",9.39,08/2018,3
51-9196,51-9196.00,"Paper Goods Machine Setters, Operators, and Tenders",Associate's degree,0.61,08/2018,4
51-9196,51-9196.00,"Paper Goods Machine Setters, Operators, and Tenders",Post-secondary certificate,0.51,08/2018,5
51-9196,51-9196.00,"Paper Goods Machine Setters, Operators, and Tenders",Bachelor's degree,0.0,08/2018,6
51-9197,51-9197.00,Tire Builders,High school diploma or equivalent,66.45,08/2020,1
51-9197,51-9197.00,Tire Builders,Less than high school diploma,26.13,08/2020,2
51-9197,51-9197.00,Tire Builders,Post-secondary certificate,6.89,08/2020,3
51-9197,51-9197.00,Tire Builders,Post-doctoral training,0.53,08/2020,4
51-9197,51-9197.00,Tire Builders,"Some college, no degree",0.0,08/2020,5
51-9197,51-9197.00,Tire Builders,Associate's degree,0.0,08/2020,6
51-9198,51-9198.00,Helpers--Production Workers,High school diploma or equivalent,49.3,07/2015,1
51-9198,51-9198.00,Helpers--Production Workers,Less than high school diploma,32.24,07/2015,2
51-9198,51-9198.00,Helpers--Production Workers,Post-secondary certificate,17.63,07/2015,3
51-9198,51-9198.00,Helpers--Production Workers,"Some college, no degree",0.83,07/2015,4
51-9198,51-9198.00,Helpers--Production Workers,Associate's degree,0.0,07/2015,5
51-9198,51-9198.00,Helpers--Production Workers,Bachelor's degree,0.0,07/2015,6
53-1041,53-1041.00,Aircraft Cargo Handling Supervisors,High school diploma or equivalent,64.06,07/2016,1
53-1041,53-1041.00,Aircraft Cargo Handling Supervisors,Bachelor's degree,18.46,07/2016,2
53-1041,53-1041.00,Aircraft Cargo Handling Supervisors,Less than high school diploma,10.19,07/2016,3
53-1041,53-1041.00,Aircraft Cargo Handling Supervisors,"Some college, no degree",4.74,07/2016,4
53-1041,53-1041.00,Aircraft Cargo Handling Supervisors,Post-secondary certificate,2.55,07/2016,5
53-1041,53-1041.00,Aircraft Cargo Handling Supervisors,Associate's degree,0.0,07/2016,6
53-1042,53-1042.01,Recycling Coordinators,High school diploma or equivalent,47.06,07/2014,1
53-1042,53-1042.00,"First-Line Supervisors of Helpers, Laborers, and Material Movers, Hand",High school diploma or equivalent,35.2,08/2024,2
53-1042,53-1042.00,"First-Line Supervisors of Helpers, Laborers, and Material Movers, Hand","Some college, no degree",30.77,08/2024,3
53-1042,53-1042.01,Recycling Coordinators,Bachelor's degree,30.11,07/2014,4
53-1042,53-1042.01,Recycling Coordinators,Associate's degree,22.84,07/2014,5
53-1042,53-1042.00,"First-Line Supervisors of Helpers, Laborers, and Material Movers, Hand",Bachelor's degree,8.52,08/2024,6
53-1043,53-1043.00,First-Line Supervisors of Material-Moving Machine and Vehicle Operators,High school diploma or equivalent,29.86,08/2023,1
53-1043,53-1043.00,First-Line Supervisors of Material-Moving Machine and Vehicle Operators,"Some college, no degree",28.79,08/2023,2
53-1043,53-1043.00,First-Line Supervisors of Material-Moving Machine and Vehicle Operators,Bachelor's degree,25.22,08/2023,3
53-1043,53-1043.00,First-Line Supervisors of Material-Moving Machine and Vehicle Operators,Associate's degree,13.57,08/2023,4
53-1043,53-1043.00,First-Line Supervisors of Material-Moving Machine and Vehicle Operators,Post-secondary certificate,2.56,08/2023,5
53-1043,53-1043.00,First-Line Supervisors of Material-Moving Machine and Vehicle Operators,Less than high school diploma,0.0,08/2023,6
53-2011,53-2011.00,"Airline Pilots, Copilots, and Flight Engineers",Bachelor's degree,61.02,08/2021,1
53-2011,53-2011.00,"Airline Pilots, Copilots, and Flight Engineers",High school diploma or equivalent,18.17,08/2021,2
53-2011,53-2011.00,"Airline Pilots, Copilots, and Flight Engineers",Less than high school diploma,8.0,08/2021,3
53-2011,53-2011.00,"Airline Pilots, Copilots, and Flight Engineers",Associate's degree,6.29,08/2021,4
53-2011,53-2011.00,"Airline Pilots, Copilots, and Flight Engineers",Post-secondary certificate,5.08,08/2021,5
53-2011,53-2011.00,"Airline Pilots, Copilots, and Flight Engineers","Some college, no degree",1.45,08/2021,6
53-2012,53-2012.00,Commercial Pilots,High school diploma or equivalent,28.63,08/2024,1
53-2012,53-2012.00,Commercial Pilots,"Some college, no degree",16.92,08/2024,2
53-2012,53-2012.00,Commercial Pilots,Less than high school diploma,15.11,08/2024,3
53-2012,53-2012.00,Commercial Pilots,Post-baccalaureate certificate,1.22,08/2024,4
53-2012,53-2012.00,Commercial Pilots,Associate's degree,1.09,08/2024,5
53-2012,53-2012.00,Commercial Pilots,Bachelor's degree,0.59,08/2024,6
53-2021,53-2021.00,Air Traffic Controllers,High school diploma or equivalent,36.14,07/2014,1
53-2021,53-2021.00,Air Traffic Controllers,Post-secondary certificate,20.79,07/2014,2
53-2021,53-2021.00,Air Traffic Controllers,Bachelor's degree,20.12,07/2014,3
53-2021,53-2021.00,Air Traffic Controllers,Associate's degree,14.13,07/2014,4
53-2021,53-2021.00,Air Traffic Controllers,"Some college, no degree",5.63,07/2014,5
53-2021,53-2021.00,Air Traffic Controllers,Post-baccalaureate certificate,1.82,07/2014,6
53-2022,53-2022.00,Airfield Operations Specialists,"Some college, no degree",14.7,08/2021,1
53-2022,53-2022.00,Airfield Operations Specialists,Associate's degree,0.61,08/2021,2
53-2022,53-2022.00,Airfield Operations Specialists,Less than high school diploma,0.0,08/2021,3
53-2022,53-2022.00,Airfield Operations Specialists,Post-secondary certificate,0.0,08/2021,4
53-2022,53-2022.00,Airfield Operations Specialists,Post-baccalaureate certificate,0.0,08/2021,5
53-2022,53-2022.00,Airfield Operations Specialists,Master's degree,0.0,08/2021,6
53-2031,53-2031.00,Flight Attendants,High school diploma or equivalent,70.27,08/2021,1
53-2031,53-2031.00,Flight Attendants,Bachelor's degree,12.35,08/2021,2
53-2031,53-2031.00,Flight Attendants,"Some college, no degree",10.41,08/2021,3
53-2031,53-2031.00,Flight Attendants,Less than high school diploma,3.48,08/2021,4
53-2031,53-2031.00,Flight Attendants,Associate's degree,2.65,08/2021,5
53-2031,53-2031.00,Flight Attendants,Post-secondary certificate,0.84,08/2021,6
53-3011,53-3011.00,"Ambulance Drivers and Attendants, Except Emergency Medical Technicians",High school diploma or equivalent,56.27,07/2017,1
53-3011,53-3011.00,"Ambulance Drivers and Attendants, Except Emergency Medical Technicians","Some college, no degree",23.13,07/2017,2
53-3011,53-3011.00,"Ambulance Drivers and Attendants, Except Emergency Medical Technicians",Post-secondary certificate,19.58,07/2017,3
53-3011,53-3011.00,"Ambulance Drivers and Attendants, Except Emergency Medical Technicians",Less than high school diploma,1.01,07/2017,4
53-3011,53-3011.00,"Ambulance Drivers and Attendants, Except Emergency Medical Technicians",Associate's degree,0.0,07/2017,5
53-3011,53-3011.00,"Ambulance Drivers and Attendants, Except Emergency Medical Technicians",Bachelor's degree,0.0,07/2017,6
53-3031,53-3031.00,Driver/Sales Workers,Post-secondary certificate,0.44,08/2020,1
53-3031,53-3031.00,Driver/Sales Workers,"Some college, no degree",0.0,08/2020,2
53-3031,53-3031.00,Driver/Sales Workers,Associate's degree,0.0,08/2020,3
53-3031,53-3031.00,Driver/Sales Workers,Bachelor's degree,0.0,08/2020,4
53-3031,53-3031.00,Driver/Sales Workers,Post-baccalaureate certificate,0.0,08/2020,5
53-3031,53-3031.00,Driver/Sales Workers,Master's degree,0.0,08/2020,6
53-3032,53-3032.00,Heavy and Tractor-Trailer Truck Drivers,High school diploma or equivalent,54.34,08/2022,1
53-3032,53-3032.00,Heavy and Tractor-Trailer Truck Drivers,Less than high school diploma,25.9,08/2022,2
53-3032,53-3032.00,Heavy and Tractor-Trailer Truck Drivers,Post-secondary certificate,18.51,08/2022,3
53-3032,53-3032.00,Heavy and Tractor-Trailer Truck Drivers,"Some college, no degree",1.24,08/2022,4
53-3032,53-3032.00,Heavy and Tractor-Trailer Truck Drivers,Associate's degree,0.0,08/2022,5
53-3032,53-3032.00,Heavy and Tractor-Trailer Truck Drivers,Bachelor's degree,0.0,08/2022,6
53-3033,53-3033.00,Light Truck Drivers,High school diploma or equivalent,73.97,08/2023,1
53-3033,53-3033.00,Light Truck Drivers,Less than high school diploma,24.59,08/2023,2
53-3033,53-3033.00,Light Truck Drivers,Associate's degree,1.17,08/2023,3
53-3033,53-3033.00,Light Truck Drivers,"Some college, no degree",0.27,08/2023,4
53-3033,53-3033.00,Light Truck Drivers,Post-secondary certificate,0.0,08/2023,5
53-3033,53-3033.00,Light Truck Drivers,Bachelor's degree,0.0,08/2023,6
53-3051,53-3051.00,"Bus Drivers, School",High school diploma or equivalent,59.27,08/2025,1
53-3051,53-3051.00,"Bus Drivers, School",Less than high school diploma,37.28,08/2025,2
53-3051,53-3051.00,"Bus Drivers, School",Post-secondary certificate,3.45,08/2025,3
53-3051,53-3051.00,"Bus Drivers, School","Some college, no degree",0.0,08/2025,4
53-3051,53-3051.00,"Bus Drivers, School",Associate's degree,0.0,08/2025,5
53-3051,53-3051.00,"Bus Drivers, School",Bachelor's degree,0.0,08/2025,6
53-3052,53-3052.00,"Bus Drivers, Transit and Intercity",High school diploma or equivalent,83.83,08/2018,1
53-3052,53-3052.00,"Bus Drivers, Transit and Intercity",Less than high school diploma,13.01,08/2018,2
53-3052,53-3052.00,"Bus Drivers, Transit and Intercity",Post-secondary certificate,1.66,08/2018,3
53-3052,53-3052.00,"Bus Drivers, Transit and Intercity","Some college, no degree",1.49,08/2018,4
53-3052,53-3052.00,"Bus Drivers, Transit and Intercity",Associate's degree,0.0,08/2018,5
53-3052,53-3052.00,"Bus Drivers, Transit and Intercity",Bachelor's degree,0.0,08/2018,6
53-3053,53-3053.00,Shuttle Drivers and Chauffeurs,High school diploma or equivalent,56.23,08/2025,1
53-3053,53-3053.00,Shuttle Drivers and Chauffeurs,Less than high school diploma,17.33,08/2025,2
53-3053,53-3053.00,Shuttle Drivers and Chauffeurs,Post-secondary certificate,0.17,08/2025,3
53-3053,53-3053.00,Shuttle Drivers and Chauffeurs,Master's degree,0.17,08/2025,4
53-3053,53-3053.00,Shuttle Drivers and Chauffeurs,Associate's degree,0.0,08/2025,5
53-3053,53-3053.00,Shuttle Drivers and Chauffeurs,Bachelor's degree,0.0,08/2025,6
53-4011,53-4011.00,Locomotive Engineers,High school diploma or equivalent,67.84,07/2015,1
53-4011,53-4011.00,Locomotive Engineers,Post-secondary certificate,23.21,07/2015,2
53-4011,53-4011.00,Locomotive Engineers,"Some college, no degree",6.58,07/2015,3
53-4011,53-4011.00,Locomotive Engineers,Less than high school diploma,2.37,07/2015,4
53-4011,53-4011.00,Locomotive Engineers,Associate's degree,0.0,07/2015,5
53-4011,53-4011.00,Locomotive Engineers,Bachelor's degree,0.0,07/2015,6
53-4013,53-4013.00,"Rail Yard Engineers, Dinkey Operators, and Hostlers",High school diploma or equivalent,82.54,08/2021,1
53-4013,53-4013.00,"Rail Yard Engineers, Dinkey Operators, and Hostlers",Post-secondary certificate,13.35,08/2021,2
53-4013,53-4013.00,"Rail Yard Engineers, Dinkey Operators, and Hostlers",Less than high school diploma,4.11,08/2021,3
53-4013,53-4013.00,"Rail Yard Engineers, Dinkey Operators, and Hostlers","Some college, no degree",0.0,08/2021,4
53-4013,53-4013.00,"Rail Yard Engineers, Dinkey Operators, and Hostlers",Associate's degree,0.0,08/2021,5
53-4013,53-4013.00,"Rail Yard Engineers, Dinkey Operators, and Hostlers",Bachelor's degree,0.0,08/2021,6
53-4031,53-4031.00,Railroad Conductors and Yardmasters,High school diploma or equivalent,85.64,07/2013,1
53-4031,53-4031.00,Railroad Conductors and Yardmasters,Post-secondary certificate,8.35,07/2013,2
53-4031,53-4031.00,Railroad Conductors and Yardmasters,Associate's degree,6.01,07/2013,3
53-4031,53-4031.00,Railroad Conductors and Yardmasters,Less than high school diploma,0.0,07/2013,4
53-4031,53-4031.00,Railroad Conductors and Yardmasters,"Some college, no degree",0.0,07/2013,5
53-4031,53-4031.00,Railroad Conductors and Yardmasters,Bachelor's degree,0.0,07/2013,6
53-4041,53-4041.00,Subway and Streetcar Operators,High school diploma or equivalent,86.52,08/2021,1
53-4041,53-4041.00,Subway and Streetcar Operators,Post-secondary certificate,8.9,08/2021,2
53-4041,53-4041.00,Subway and Streetcar Operators,"Some college, no degree",4.58,08/2021,3
53-4041,53-4041.00,Subway and Streetcar Operators,Less than high school diploma,0.0,08/2021,4
53-4041,53-4041.00,Subway and Streetcar Operators,Associate's degree,0.0,08/2021,5
53-4041,53-4041.00,Subway and Streetcar Operators,Bachelor's degree,0.0,08/2021,6
53-5011,53-5011.00,Sailors and Marine Oilers,Post-baccalaureate certificate,0.78,07/2016,1
53-5011,53-5011.00,Sailors and Marine Oilers,"Some college, no degree",0.62,07/2016,2
53-5011,53-5011.00,Sailors and Marine Oilers,Associate's degree,0.0,07/2016,3
53-5011,53-5011.00,Sailors and Marine Oilers,Bachelor's degree,0.0,07/2016,4
53-5011,53-5011.00,Sailors and Marine Oilers,Master's degree,0.0,07/2016,5
53-5011,53-5011.00,Sailors and Marine Oilers,Post-master's certificate,0.0,07/2016,6
53-5021,53-5021.00,"Captains, Mates, and Pilots of Water Vessels",High school diploma or equivalent,41.98,08/2022,1
53-5021,53-5021.00,"Captains, Mates, and Pilots of Water Vessels",Post-secondary certificate,36.61,08/2022,2
53-5021,53-5021.00,"Captains, Mates, and Pilots of Water Vessels",Bachelor's degree,8.43,08/2022,3
53-5021,53-5021.00,"Captains, Mates, and Pilots of Water Vessels","Some college, no degree",5.47,08/2022,4
53-5021,53-5021.00,"Captains, Mates, and Pilots of Water Vessels",Less than high school diploma,4.46,08/2022,5
53-5021,53-5021.00,"Captains, Mates, and Pilots of Water Vessels",Associate's degree,2.16,08/2022,6
53-5022,53-5022.00,Motorboat Operators,High school diploma or equivalent,39.74,08/2023,1
53-5022,53-5022.00,Motorboat Operators,Less than high school diploma,34.64,08/2023,2
53-5022,53-5022.00,Motorboat Operators,Bachelor's degree,13.95,08/2023,3
53-5022,53-5022.00,Motorboat Operators,"Some college, no degree",8.61,08/2023,4
53-5022,53-5022.00,Motorboat Operators,Post-secondary certificate,2.15,08/2023,5
53-5022,53-5022.00,Motorboat Operators,Post-doctoral training,0.91,08/2023,6
53-5031,53-5031.00,Ship Engineers,High school diploma or equivalent,47.95,08/2024,1
53-5031,53-5031.00,Ship Engineers,Post-secondary certificate,23.85,08/2024,2
53-5031,53-5031.00,Ship Engineers,Post-baccalaureate certificate,10.79,08/2024,3
53-5031,53-5031.00,Ship Engineers,Bachelor's degree,8.18,08/2024,4
53-5031,53-5031.00,Ship Engineers,"Some college, no degree",6.15,08/2024,5
53-5031,53-5031.00,Ship Engineers,Less than high school diploma,3.08,08/2024,6
53-6021,53-6021.00,Parking Attendants,High school diploma or equivalent,60.75,07/2015,1
53-6021,53-6021.00,Parking Attendants,Less than high school diploma,38.29,07/2015,2
53-6021,53-6021.00,Parking Attendants,Bachelor's degree,0.96,07/2015,3
53-6021,53-6021.00,Parking Attendants,Post-secondary certificate,0.0,07/2015,4
53-6021,53-6021.00,Parking Attendants,"Some college, no degree",0.0,07/2015,5
53-6021,53-6021.00,Parking Attendants,Associate's degree,0.0,07/2015,6
53-6031,53-6031.00,Automotive and Watercraft Service Attendants,High school diploma or equivalent,58.62,07/2016,1
53-6031,53-6031.00,Automotive and Watercraft Service Attendants,Post-secondary certificate,22.65,07/2016,2
53-6031,53-6031.00,Automotive and Watercraft Service Attendants,Less than high school diploma,16.3,07/2016,3
53-6031,53-6031.00,Automotive and Watercraft Service Attendants,"Some college, no degree",2.43,07/2016,4
53-6031,53-6031.00,Automotive and Watercraft Service Attendants,Associate's degree,0.0,07/2016,5
53-6031,53-6031.00,Automotive and Watercraft Service Attendants,Bachelor's degree,0.0,07/2016,6
53-6041,53-6041.00,Traffic Technicians,High school diploma or equivalent,42.94,07/2016,1
53-6041,53-6041.00,Traffic Technicians,"Some college, no degree",23.16,07/2016,2
53-6041,53-6041.00,Traffic Technicians,Associate's degree,12.47,07/2016,3
53-6041,53-6041.00,Traffic Technicians,Bachelor's degree,11.66,07/2016,4
53-6041,53-6041.00,Traffic Technicians,Post-secondary certificate,9.76,07/2016,5
53-6041,53-6041.00,Traffic Technicians,Less than high school diploma,0.0,07/2016,6
53-6051,53-6051.07,"Transportation Vehicle, Equipment and Systems Inspectors, Except Aviation",High school diploma or equivalent,57.78,07/2015,1
53-6051,53-6051.01,Aviation Inspectors,Associate's degree,33.65,08/2021,2
53-6051,53-6051.01,Aviation Inspectors,High school diploma or equivalent,29.17,08/2021,3
53-6051,53-6051.01,Aviation Inspectors,Post-secondary certificate,19.72,08/2021,4
53-6051,53-6051.01,Aviation Inspectors,"Some college, no degree",13.53,08/2021,5
53-6051,53-6051.07,"Transportation Vehicle, Equipment and Systems Inspectors, Except Aviation",Less than high school diploma,13.11,07/2015,6
53-6061,53-6061.00,Passenger Attendants,High school diploma or equivalent,82.22,07/2015,1
53-6061,53-6061.00,Passenger Attendants,Less than high school diploma,15.77,07/2015,2
53-6061,53-6061.00,Passenger Attendants,Post-secondary certificate,2.02,07/2015,3
53-6061,53-6061.00,Passenger Attendants,"Some college, no degree",0.0,07/2015,4
53-6061,53-6061.00,Passenger Attendants,Associate's degree,0.0,07/2015,5
53-6061,53-6061.00,Passenger Attendants,Bachelor's degree,0.0,07/2015,6
53-7011,53-7011.00,Conveyor Operators and Tenders,Less than high school diploma,70.04,07/2017,1
53-7011,53-7011.00,Conveyor Operators and Tenders,High school diploma or equivalent,24.32,07/2017,2
53-7011,53-7011.00,Conveyor Operators and Tenders,"Some college, no degree",5.1,07/2017,3
53-7011,53-7011.00,Conveyor Operators and Tenders,Post-secondary certificate,0.54,07/2017,4
53-7011,53-7011.00,Conveyor Operators and Tenders,Associate's degree,0.0,07/2017,5
53-7011,53-7011.00,Conveyor Operators and Tenders,Bachelor's degree,0.0,07/2017,6
53-7021,53-7021.00,Crane and Tower Operators,Post-secondary certificate,60.63,07/2015,1
53-7021,53-7021.00,Crane and Tower Operators,High school diploma or equivalent,31.53,07/2015,2
53-7021,53-7021.00,Crane and Tower Operators,Less than high school diploma,7.84,07/2015,3
53-7021,53-7021.00,Crane and Tower Operators,"Some college, no degree",0.0,07/2015,4
53-7021,53-7021.00,Crane and Tower Operators,Associate's degree,0.0,07/2015,5
53-7021,53-7021.00,Crane and Tower Operators,Bachelor's degree,0.0,07/2015,6
53-7031,53-7031.00,Dredge Operators,High school diploma or equivalent,79.97,06/2008,1
53-7031,53-7031.00,Dredge Operators,Post-secondary certificate,8.58,06/2008,2
53-7031,53-7031.00,Dredge Operators,Less than high school diploma,7.18,06/2008,3
53-7031,53-7031.00,Dredge Operators,"Some college, no degree",4.27,06/2008,4
53-7031,53-7031.00,Dredge Operators,Associate's degree,0.0,06/2008,5
53-7031,53-7031.00,Dredge Operators,Bachelor's degree,0.0,06/2008,6
53-7041,53-7041.00,Hoist and Winch Operators,Less than high school diploma,26.72,12/2004,1
53-7041,53-7041.00,Hoist and Winch Operators,Post-secondary certificate,23.51,12/2004,2
53-7041,53-7041.00,Hoist and Winch Operators,"Some college, no degree",8.56,12/2004,3
53-7041,53-7041.00,Hoist and Winch Operators,Associate's degree,0.0,12/2004,4
53-7041,53-7041.00,Hoist and Winch Operators,Bachelor's degree,0.0,12/2004,5
53-7041,53-7041.00,Hoist and Winch Operators,Post-baccalaureate certificate,0.0,12/2004,6
53-7051,53-7051.00,Industrial Truck and Tractor Operators,"Some college, no degree",4.05,08/2021,1
53-7051,53-7051.00,Industrial Truck and Tractor Operators,Post-secondary certificate,0.0,08/2021,2
53-7051,53-7051.00,Industrial Truck and Tractor Operators,Associate's degree,0.0,08/2021,3
53-7051,53-7051.00,Industrial Truck and Tractor Operators,Bachelor's degree,0.0,08/2021,4
53-7051,53-7051.00,Industrial Truck and Tractor Operators,Post-baccalaureate certificate,0.0,08/2021,5
53-7051,53-7051.00,Industrial Truck and Tractor Operators,Master's degree,0.0,08/2021,6
53-7061,53-7061.00,Cleaners of Vehicles and Equipment,High school diploma or equivalent,54.02,08/2022,1
53-7061,53-7061.00,Cleaners of Vehicles and Equipment,Less than high school diploma,23.76,08/2022,2
53-7061,53-7061.00,Cleaners of Vehicles and Equipment,Post-secondary certificate,2.27,08/2022,3
53-7061,53-7061.00,Cleaners of Vehicles and Equipment,Associate's degree,0.0,08/2022,4
53-7061,53-7061.00,Cleaners of Vehicles and Equipment,Bachelor's degree,0.0,08/2022,5
53-7061,53-7061.00,Cleaners of Vehicles and Equipment,Post-baccalaureate certificate,0.0,08/2022,6
53-7062,53-7062.04,Recycling and Reclamation Workers,High school diploma or equivalent,74.12,07/2012,1
53-7062,53-7062.04,Recycling and Reclamation Workers,Associate's degree,14.55,07/2012,2
53-7062,53-7062.04,Recycling and Reclamation Workers,Doctoral degree,8.01,07/2012,3
53-7062,53-7062.04,Recycling and Reclamation Workers,Less than high school diploma,1.87,07/2012,4
53-7062,53-7062.04,Recycling and Reclamation Workers,Post-secondary certificate,1.45,07/2012,5
53-7062,53-7062.00,"Laborers and Freight, Stock, and Material Movers, Hand","Some college, no degree",0.58,08/2024,6
53-7063,53-7063.00,Machine Feeders and Offbearers,High school diploma or equivalent,72.98,07/2016,1
53-7063,53-7063.00,Machine Feeders and Offbearers,Less than high school diploma,20.73,07/2016,2
53-7063,53-7063.00,Machine Feeders and Offbearers,Post-secondary certificate,3.99,07/2016,3
53-7063,53-7063.00,Machine Feeders and Offbearers,Associate's degree,2.3,07/2016,4
53-7063,53-7063.00,Machine Feeders and Offbearers,"Some college, no degree",0.0,07/2016,5
53-7063,53-7063.00,Machine Feeders and Offbearers,Bachelor's degree,0.0,07/2016,6
53-7064,53-7064.00,"Packers and Packagers, Hand",High school diploma or equivalent,53.78,08/2020,1
53-7064,53-7064.00,"Packers and Packagers, Hand",Less than high school diploma,32.52,08/2020,2
53-7064,53-7064.00,"Packers and Packagers, Hand","Some college, no degree",13.7,08/2020,3
53-7064,53-7064.00,"Packers and Packagers, Hand",Post-secondary certificate,0.0,08/2020,4
53-7064,53-7064.00,"Packers and Packagers, Hand",Associate's degree,0.0,08/2020,5
53-7064,53-7064.00,"Packers and Packagers, Hand",Bachelor's degree,0.0,08/2020,6
53-7065,53-7065.00,Stockers and Order Fillers,High school diploma or equivalent,56.56,08/2022,1
53-7065,53-7065.00,Stockers and Order Fillers,"Some college, no degree",29.59,08/2022,2
53-7065,53-7065.00,Stockers and Order Fillers,Less than high school diploma,7.79,08/2022,3
53-7065,53-7065.00,Stockers and Order Fillers,Associate's degree,3.68,08/2022,4
53-7065,53-7065.00,Stockers and Order Fillers,Post-secondary certificate,2.09,08/2022,5
53-7065,53-7065.00,Stockers and Order Fillers,Bachelor's degree,0.29,08/2022,6
53-7071,53-7071.00,Gas Compressor and Gas Pumping Station Operators,"Some college, no degree",11.06,07/2017,1
53-7071,53-7071.00,Gas Compressor and Gas Pumping Station Operators,Post-secondary certificate,10.45,07/2017,2
53-7071,53-7071.00,Gas Compressor and Gas Pumping Station Operators,Less than high school diploma,0.0,07/2017,3
53-7071,53-7071.00,Gas Compressor and Gas Pumping Station Operators,Bachelor's degree,0.0,07/2017,4
53-7071,53-7071.00,Gas Compressor and Gas Pumping Station Operators,Post-baccalaureate certificate,0.0,07/2017,5
53-7071,53-7071.00,Gas Compressor and Gas Pumping Station Operators,Master's degree,0.0,07/2017,6
53-7072,53-7072.00,"Pump Operators, Except Wellhead Pumpers","Some college, no degree",8.48,08/2021,1
53-7072,53-7072.00,"Pump Operators, Except Wellhead Pumpers",Post-secondary certificate,8.4,08/2021,2
53-7072,53-7072.00,"Pump Operators, Except Wellhead Pumpers",Associate's degree,4.61,08/2021,3
53-7072,53-7072.00,"Pump Operators, Except Wellhead Pumpers",Less than high school diploma,0.0,08/2021,4
53-7072,53-7072.00,"Pump Operators, Except Wellhead Pumpers",Post-baccalaureate certificate,0.0,08/2021,5
53-7072,53-7072.00,"Pump Operators, Except Wellhead Pumpers",Master's degree,0.0,08/2021,6
53-7073,53-7073.00,Wellhead Pumpers,High school diploma or equivalent,80.46,08/2019,1
53-7073,53-7073.00,Wellhead Pumpers,Post-secondary certificate,10.9,08/2019,2
53-7073,53-7073.00,Wellhead Pumpers,Associate's degree,7.38,08/2019,3
53-7073,53-7073.00,Wellhead Pumpers,Less than high school diploma,1.26,08/2019,4
53-7073,53-7073.00,Wellhead Pumpers,"Some college, no degree",0.0,08/2019,5
53-7073,53-7073.00,Wellhead Pumpers,Bachelor's degree,0.0,08/2019,6
53-7081,53-7081.00,Refuse and Recyclable Material Collectors,High school diploma or equivalent,81.47,08/2023,1
53-7081,53-7081.00,Refuse and Recyclable Material Collectors,Associate's degree,11.19,08/2023,2
53-7081,53-7081.00,Refuse and Recyclable Material Collectors,Post-secondary certificate,5.74,08/2023,3
53-7081,53-7081.00,Refuse and Recyclable Material Collectors,Less than high school diploma,1.6,08/2023,4
53-7081,53-7081.00,Refuse and Recyclable Material Collectors,"Some college, no degree",0.0,08/2023,5
53-7081,53-7081.00,Refuse and Recyclable Material Collectors,Bachelor's degree,0.0,08/2023,6
53-7121,53-7121.00,"Tank Car, Truck, and Ship Loaders",High school diploma or equivalent,81.42,08/2019,1
53-7121,53-7121.00,"Tank Car, Truck, and Ship Loaders",Less than high school diploma,12.01,08/2019,2
53-7121,53-7121.00,"Tank Car, Truck, and Ship Loaders",Post-secondary certificate,3.89,08/2019,3
53-7121,53-7121.00,"Tank Car, Truck, and Ship Loaders",Bachelor's degree,1.76,08/2019,4
53-7121,53-7121.00,"Tank Car, Truck, and Ship Loaders","Some college, no degree",0.91,08/2019,5
53-7121,53-7121.00,"Tank Car, Truck, and Ship Loaders",Associate's degree,0.0,08/2019,6
