posting_id,date_posted,job_title,normalized_role,role_family,company,industry,city,state,country,work_mode,experience_level,employment_type,salary_min,salary_max,salary_period,salary_currency,required_skills,preferred_skills,education_requirement,years_experience_required,remote_eligible,description_excerpt,recruiter_name,recruiter_email,recruiter_phone,source_type,source_record_id,synthetic_record
CP-00001,2026-03-26,Associate Software Developer,Junior Developer,Software Engineering,Orchard Education Labs,E-commerce,Portland,OR,United States,Remote,Associate,Full-time,46000.0,58000.0,year,USD,Azure | HTML/CSS | Project Management | Python,AWS | Linux | Project Management,Bachelor's degree,2,True,Synthetic associate opportunity in e-commerce focused on Azure and collaborative problem solving.,Parker Garcia,parker.garcia0@example.net,(555) 555-0100,synthetic_job_board,SYN-20260326-00001,True
CP-00002,2026-07-01,Application Developer,Software Engineer,Software Engineering,Blue Ridge Analytics,Cloud Services,Raleigh,NC,United States,Hybrid,Internship,Internship,36000.0,45000.0,year,USD,Git | Java | Linux | Python | React,Azure | C++ | Communication | Docker | Project Management,Bachelor's degree,0,True,Synthetic internship opportunity in cloud services focused on Git and collaborative problem solving.,Quinn Smith,quinn.smith1@example.org,(919) 555-0101,synthetic_job_board,SYN-20260701-00002,True
CP-00003,2026-02-18,Infrastructure Engineer,Network Engineer,Information Technology,Rainier Cloud Group,Government Technology,Seattle,WA,United States,Remote,Associate,Full-time,,,year,USD,AWS | Azure | Git | Linux,Git | Project Management | SIEM,Bachelor's degree,2,True,Synthetic associate opportunity in government technology focused on AWS and collaborative problem solving.,Jordan Clark,jordan.clark2@example.net,(206) 555-0102,synthetic_job_board,SYN-20260218-00003,True
CP-00004,2026-04-22,Security Operations Analyst,Cybersecurity Analyst,Cybersecurity,Cascade Secure Systems,Government Technology,Portland,OR,United States,On-site,Entry Level,Part-time,60000.0,80000.0,year,USD,Cybersecurity | Incident Response | Linux | Networking | Python,AWS | Azure | Git | Project Management | SQL,Bachelor's degree,2,False,Synthetic entry level opportunity in government technology focused on Cybersecurity and collaborative problem solving.,Quinn Wilson,quinn.wilson3@example.net,(555) 555-0103,synthetic_job_board,SYN-20260422-00004,True
CP-00005,2026-07-24,Digital Product Analyst,Product Analyst,Data & Analytics,Redwood Product Studio,E-commerce,Pittsburgh,PA,United States,Remote,Internship,Internship,32000.0,44000.0,year,USD,AWS | Communication | Data Visualization | Excel | Project Management | SQL,JavaScript | Project Management | Statistics | Tableau,Bachelor's degree preferred,0,True,Synthetic internship opportunity in e-commerce focused on AWS and collaborative problem solving.,Parker Patel,parker.patel4@example.com,(555) 555-0104,synthetic_job_board,SYN-20260724-00005,True
CP-00006,2026-05-01,Business Data Analyst,Data Analyst,Data & Analytics,Redwood Product Studio,Financial Services,Chicago,IL,United States,Hybrid,Associate,Full-time,-5000.0,82000.0,year,USD,Communication | Data Visualization | Excel | Power BI | Python | SQL | Tableau,AWS | Git | Project Management | Statistics,Bachelor's degree,1,True,Synthetic associate opportunity in financial services focused on Communication and collaborative problem solving.,Reese Kim,reese.kim5@example.net,(555) 555-0105,synthetic_job_board,SYN-20260501-00006,True
CP-00007,2026-07-20,Junior Network Engineer,Network Engineer,Information Technology,Summit Network Partners,Government Technology,Baltimore,MD,United States,Remote,Entry Level,Full-time,56000.0,69000.0,year,USD,Azure | Cisco | Communication | Linux,Azure | Git | Project Management,Bachelor's degree preferred,1,True,Synthetic entry level opportunity in government technology focused on Azure and collaborative problem solving.,Jordan Brown,jordan.brown6@example.com,(410) 555-0106,synthetic_job_board,SYN-20260720-00007,True
CP-00008,2026-07-26,Network Engineer,Network Engineer,Information Technology,Orchard Education Labs,Telecommunications,Seattle,WA,United States,Hybrid,Senior,Full-time,90000.0,115000.0,year,USD,Communication | Cybersecurity | Linux | Networking | Python,Git | Project Management | SIEM,Bachelor's degree,6,True,Synthetic senior opportunity in telecommunications focused on Communication and collaborative problem solving.,Morgan Kim,morgan.kim7@example.org,(206) 555-0107,synthetic_job_board,SYN-20260726-00008,True
CP-00009,2026-06-24,Industrial Automation Engineer,Automation Engineer,Electrical & Hardware Engineering,Front Range Controls,Logistics,Boston,MA,United States,Hybrid,Mid Level,Full-time,95000.0,126000.0,year,USD,AutoCAD | Communication | Control Systems | PLC | Python,Arduino | Git | Project Management | Robotics | SQL,Bachelor's degree,4,True,Synthetic mid level opportunity in logistics focused on AutoCAD and collaborative problem solving.,Taylor Davis,taylor.davis8@example.com,(555) 555-0108,synthetic_job_board,SYN-20260624-00009,True
CP-00010,2026-06-06,Software Engineer,Software Engineer,Software Engineering,Northstar Robotics,Software,San Diego,CA,United States,Remote,Entry Level,Full-time,76000.0,94000.0,year,USD,AWS | Azure | Communication | Git | Java | Linux | SQL,Azure | C++ | Communication | Docker | Project Management,No degree specified,1,True,Synthetic entry level opportunity in software focused on AWS and collaborative problem solving.,Reese Smith,reese.smith9@example.net,(555) 555-0109,synthetic_job_board,SYN-20260606-00010,True
CP-00011,2026-05-27,Backend Engineer,Software Engineer,Software Engineering,Redwood Product Studio,Cloud Services,San Diego,CA,United States,Hybrid,Internship,Internship,45000.0,54000.0,year,USD,AWS | Git | Java | JavaScript | Python | React,C++ | Project Management,High school diploma,0,True,Synthetic internship opportunity in cloud services focused on AWS and collaborative problem solving.,Reese Brown,reese.brown10@example.net,(555) 555-0110,synthetic_job_board,SYN-20260527-00011,True
CP-00012,2026-04-09,Electrical Design Engineer,Electrical Engineer,Electrical & Hardware Engineering,Axiom Circuit Labs,Aerospace,Minneapolis,MN,United States,Hybrid,Mid Level,Full-time,79000.0,108000.0,year,USD,Altium | AutoCAD | Communication | PLC | Python,Arduino | Embedded C | Git | LabVIEW | Project Management,Bachelor's degree,3,True,Synthetic mid level opportunity in aerospace focused on Altium and collaborative problem solving.,Cameron Davis,cameron.davis11@example.com,(555) 555-0111,synthetic_job_board,SYN-20260409-00012,True
CP-00013,2026-06-08,Backend Engineer,Software Engineer,Software Engineering,Front Range Controls,Software,Salt Lake City,UT,United States,On-site,Entry Level,Full-time,68000.0,85000.0,year,USD,Java | JavaScript | Linux | Python | React,Azure | Communication | Docker | Project Management,No degree specified,1,False,Synthetic entry level opportunity in software focused on Java and collaborative problem solving.,Cameron Patel,cameron.patel12@example.net,,synthetic_job_board,SYN-20260608-00013,True
CP-00014,2026-04-02,IT Support Specialist,IT Support Specialist,Information Technology,Potomac Digital Services,Healthcare,Pittsburgh,PA,United States,Hybrid,Entry Level,Full-time,37000.0,46000.0,year,USD,Communication | Networking | Technical Support | Ticketing Systems | Windows,Azure | Cybersecurity,Bachelor's degree preferred,0,True,Synthetic entry level opportunity in healthcare focused on Communication and collaborative problem solving.,Riley Patel,riley.patel13@example.org,(555) 555-0113,synthetic_job_board,SYN-20260402-00014,True
CP-00015,2026-02-22,IoT Engineer,Embedded Systems Engineer,Electrical & Hardware Engineering,Front Range Controls,Robotics,Chicago,IL,United States,On-site,Mid Level,Full-time,100000.0,118000.0,year,USD,Arduino | C++ | Circuit Design | Embedded C | Git | Linux | Microcontrollers,Altium | Communication | MATLAB | Python | RTOS,High school diploma,5,False,Synthetic mid level opportunity in robotics focused on Arduino and collaborative problem solving.,Morgan Kim,morgan.kim14@example.com,(555) 555-0114,synthetic_job_board,SYN-20260222-00015,True
CP-00016,2026-05-17,Power Systems Engineer,Electrical Engineer,Electrical & Hardware Engineering,Harborlight HealthTech,Advanced Manufacturing,Indianapolis,IN,United States,Hybrid,Internship,Internship,31000.0,37000.0,year,USD,Altium | AutoCAD | C++ | Circuit Design | MATLAB | PLC | Python,Arduino | Embedded C | Git | LabVIEW | Project Management,Bachelor's degree preferred,0,True,Synthetic internship opportunity in advanced manufacturing focused on Altium and collaborative problem solving.,Parker Kim,parker.kim15@example.org,(317) 555-0115,synthetic_job_board,SYN-20260517-00016,True
CP-00017,2026-04-04,SOC Analyst,Cybersecurity Analyst,Cybersecurity,Rainier Cloud Group,Cloud Services,Atlanta,GA,United States,Remote,Associate,Full-time,75000.0,90000.0,year,USD,AWS | Azure | Git | Incident Response | Networking,AWS | Azure | Git | Project Management | SQL,No degree specified,3,True,Synthetic associate opportunity in cloud services focused on AWS and collaborative problem solving.,Skyler Wilson,skyler.wilson16@example.com,(555) 555-0116,synthetic_job_board,SYN-20260404-00017,True
CP-00018,2026-07-14,Product Data Analyst,Product Analyst,Data & Analytics,Redwood Product Studio,Consumer Technology,Portland,OR,United States,Remote,Mid Level,Full-time,120000.0,90000.0,year,USD,Azure | Communication | Excel | Git | Product Analytics | SQL,JavaScript | Power BI | Project Management | Statistics,Bachelor's degree preferred,6,True,Synthetic mid level opportunity in consumer technology focused on Azure and collaborative problem solving.,Quinn Patel,quinn.patel17@example.com,(555) 555-0117,synthetic_job_board,SYN-20260714-00018,True
CP-00019,2026-05-05,Full Stack Engineer,Software Engineer,Software Engineering,Redwood Product Studio,Software,Pittsburgh,PA,United States,Remote,Entry Level,Full-time,69000.0,89000.0,year,USD,Communication | JavaScript | Linux | Python | React,C++ | Communication | Docker | Project Management,Bachelor's degree,1,True,Synthetic entry level opportunity in software focused on Communication and collaborative problem solving.,Reese Lewis,reese.lewis18@example.com,(555) 555-0118,synthetic_job_board,SYN-20260505-00019,True
CP-00020,2026-03-26,Product Analyst,Product Analyst,Data & Analytics,Redwood Product Studio,E-commerce,Boston,MA,United States,Remote,Entry Level,Full-time,63000.0,77000.0,year,USD,Azure | Communication | Data Visualization | Git,JavaScript | Project Management | Statistics,Bachelor's degree,0,True,Synthetic entry level opportunity in e-commerce focused on Azure and collaborative problem solving.,Skyler Patel,skyler.patel19@example.com,(555) 555-0119,synthetic_job_board,SYN-20260326-00020,True
CP-00021,2026-07-01,Power Systems Engineer,Electrical Engineer,Electrical & Hardware Engineering,Pioneer Aerospace Works,Robotics,San Diego,CA,United States,On-site,Entry Level,Full-time,61000.0,79000.0,year,USD,Altium | AutoCAD | C++ | Circuit Design | Communication | MATLAB | PLC,Arduino | Embedded C | Git,High school diploma,0,False,Synthetic entry level opportunity in robotics focused on Altium and collaborative problem solving.,Skyler Davis,skyler.davis20@example.com,(555) 555-0120,synthetic_job_board,SYN-20260701-00021,True
CP-00022,2026-07-03,Full Stack Engineer,Software Engineer,Software Engineering,Liberty Financial Tech,HealthTech,Minneapolis,MN,United States,On-site,Mid Level,Full-time,97000.0,135000.0,year,USD,AWS | Git | Java | React | SQL,Azure | C++ | Communication | Docker | Project Management,Bachelor's degree,3,False,Synthetic mid level opportunity in healthtech focused on AWS and collaborative problem solving.,Quinn Brown,quinn.brown21@example.net,(555) 555-0121,synthetic_job_board,SYN-20260703-00022,True
CP-00023,2026-04-03,PLC Engineer,Automation Engineer,Electrical & Hardware Engineering,Hoosier Automation Co.,Logistics,Austin,TX,United States,Remote,Entry Level,Full-time,53000.0,76000.0,year,USD,AutoCAD | Communication | Control Systems | Git | MATLAB | PLC | Project Management,Git | Robotics,,0,True,Synthetic entry level opportunity in logistics focused on AutoCAD and collaborative problem solving.,Cameron Lee,cameron.lee22@example.net,(512) 555-0122,synthetic_job_board,SYN-20260403-00023,True
CP-00024,2026-04-15,Infrastructure Engineer,Network Engineer,Information Technology,Keystone Energy Works,Managed Services,Phoenix,AZ,United States,On-site,Entry Level,Full-time,49000.0,67000.0,year,USD,Communication | Cybersecurity | Linux | Networking,AWS | Git | SIEM,Bachelor's degree,1,False,Synthetic entry level opportunity in managed services focused on Communication and collaborative problem solving.,Taylor Kim,taylor.kim23@example.org,(555) 555-0123,synthetic_job_board,SYN-20260415-00024,True
CP-00025,2026-02-12,Backend Engineer,Software Engineer,Software Engineering,Great Lakes Data Cooperative,FinTech,Austin,TX,United States,Remote,Mid Level,Full-time,111000.0,138000.0,year,USD,Azure | Java | Project Management | Python,Azure | C++ | Communication | Docker,No degree specified,6,True,Synthetic mid level opportunity in fintech focused on Azure and collaborative problem solving.,Riley Wilson,riley.wilson24@example.com,(512) 555-0124,synthetic_job_board,SYN-20260212-00025,True
CP-00026,2026-04-27,Software Engineer,Software Engineer,Software Engineering,Great Lakes Data Cooperative,FinTech,Austin,TX,United States,Hybrid,Internship,Internship,,,year,USD,Git | JavaScript | Python | React,C++ | Communication | Docker | Project Management,Bachelor's degree preferred,0,True,Synthetic internship opportunity in fintech focused on Git and collaborative problem solving.,Taylor Brown,taylor.brown25@example.org,(512) 555-0125,synthetic_job_board,SYN-20260427-00026,True
CP-00027,2026-03-22,SOC Analyst,Cybersecurity Analyst,Cybersecurity,Summit Network Partners,Cybersecurity,Seattle,WA,United States,Hybrid,Entry Level,Contract,67000.0,81000.0,year,USD,Communication | Incident Response | Linux | Python | SIEM,AWS | Azure | Git | Project Management | SQL,Bachelor's degree,0,True,Synthetic entry level opportunity in cybersecurity focused on Communication and collaborative problem solving.,Taylor Lee,taylor.lee26@example.net,(206) 555-0126,synthetic_job_board,SYN-20260322-00027,True
CP-00028,2026-04-13,Automation Engineer,Automation Engineer,Electrical & Hardware Engineering,Northstar Robotics,Food Production,Columbus,OH,United States,On-site,Associate,Full-time,72000.0,87000.0,year,USD,AutoCAD | Communication | Control Systems | MATLAB | Python,Arduino | Robotics | SQL,No degree specified,2,False,Synthetic associate opportunity in food production focused on AutoCAD and collaborative problem solving.,Casey Lewis,casey.lewis27@example.net,(555) 555-0127,synthetic_job_board,SYN-20260413-00028,True
CP-00029,2026-07-16,Network Engineer,Network Engineer,Information Technology,Sonoran Systems Lab,Managed Services,Indianapolis,IN,United States,On-site,Associate,Full-time,68000.0,81000.0,year,USD,Cisco | Communication | Cybersecurity | Linux | Networking | Python,AWS | Azure | Git | Project Management | SIEM,Bachelor's degree preferred,1,False,Synthetic associate opportunity in managed services focused on Cisco and collaborative problem solving.,Taylor Davis,taylor.davis28@example.com,(317) 555-0128,synthetic_job_board,SYN-20260716-00029,True
CP-00030,2026-02-19,SOC Analyst,Cybersecurity Analyst,Cybersecurity,Pioneer Aerospace Works,Financial Services,Austin,TX,United States,On-site,Entry Level,Full-time,67000.0,82000.0,year,USD,Communication | Incident Response | Linux | Networking | Python | SIEM,AWS | Azure | Git | SQL,Bachelor's degree,1,False,Synthetic entry level opportunity in financial services focused on Communication and collaborative problem solving.,Cameron Kim,cameron.kim29@example.net,,synthetic_job_board,SYN-20260219-00030,True
CP-00031,2026-06-04,Junior Data Analyst,Data Analyst,Data & Analytics,Orchard Education Labs,Healthcare,Denver,CO,United States,Hybrid,Entry Level,Full-time,46000.0,65000.0,year,USD,Communication | Data Visualization | Excel | Power BI | SQL | Tableau,Git | Project Management,No degree specified,1,True,Synthetic entry level opportunity in healthcare focused on Communication and collaborative problem solving.,Taylor Martin,taylor.martin30@example.org,(555) 555-0130,synthetic_job_board,SYN-20260604-00031,True
CP-00032,2026-03-08,Associate Product Analyst,Product Analyst,Data & Analytics,Orchard Education Labs,FinTech,Seattle,WA,United States,Hybrid,Mid Level,Full-time,74000.0,-1000.0,year,USD,Communication | Data Visualization | Excel | Product Analytics | SQL,Power BI | Project Management | Statistics | Tableau,Bachelor's degree,6,True,Synthetic mid level opportunity in fintech focused on Communication and collaborative problem solving.,Drew Clark,drew.clark31@example.org,(206) 555-0131,synthetic_job_board,SYN-20260308-00032,True
CP-00033,2026-04-22,Product Data Analyst,Product Analyst,Data & Analytics,Blue Ridge Analytics,E-commerce,Austin,TX,United States,On-site,Internship,Internship,34000.0,48000.0,year,USD,Communication | Data Visualization | Excel | Product Analytics | Python | SQL,Power BI | Project Management | Statistics | Tableau,High school diploma,0,False,Synthetic internship opportunity in e-commerce focused on Communication and collaborative problem solving.,Reese Patel,reese.patel32@example.org,(512) 555-0132,synthetic_job_board,SYN-20260422-00033,True
CP-00034,2026-03-23,Network Engineer,Network Engineer,Information Technology,Hoosier Automation Co.,Cloud Services,Chicago,IL,United States,Hybrid,Entry Level,Full-time,48000.0,64000.0,year,USD,Cisco | Communication | Cybersecurity | Linux | Networking | Python,AWS | SIEM,Bachelor's degree,2,True,Synthetic entry level opportunity in cloud services focused on Cisco and collaborative problem solving.,Casey Smith,casey.smith33@example.net,(555) 555-0133,synthetic_job_board,SYN-20260323-00034,True
CP-00035,2026-04-24,Application Developer,Software Engineer,Software Engineering,Blue Ridge Analytics,FinTech,Atlanta,GA,United States,Remote,Senior,Full-time,115000.0,150000.0,year,USD,Azure | Git | JavaScript | Linux | Project Management | React | SQL,Azure | Docker | Project Management,No degree specified,10,True,Synthetic senior opportunity in fintech focused on Azure and collaborative problem solving.,Skyler Smith,skyler.smith34@example.net,(555) 555-0134,synthetic_job_board,SYN-20260424-00035,True
CP-00036,2026-05-24,Product Data Analyst,Product Analyst,Data & Analytics,Blue Ridge Analytics,Software,Minneapolis,MN,United States,On-site,Senior,Full-time,92000.0,121000.0,year,USD,Communication | Data Visualization | Excel | Python | SQL,JavaScript | Power BI | Project Management | Statistics | Tableau,Bachelor's degree preferred,10,False,Synthetic senior opportunity in software focused on Communication and collaborative problem solving.,Cameron Davis,cameron.davis35@example.org,(555) 555-0135,synthetic_job_board,SYN-20260524-00036,True
CP-00037,2026-02-25,SOC Analyst,Cybersecurity Analyst,Cybersecurity,Rainier Cloud Group,Government Technology,Denver,CO,United States,On-site,Associate,Full-time,82000.0,112000.0,year,USD,Cybersecurity | Networking | Python | SIEM,AWS | Azure | Git | SQL,Bachelor's degree,2,False,Synthetic associate opportunity in government technology focused on Cybersecurity and collaborative problem solving.,Riley Wilson,riley.wilson36@example.com,(555) 555-0136,synthetic_job_board,SYN-20260225-00037,True
CP-00038,2026-04-04,Security Operations Analyst,Cybersecurity Analyst,Cybersecurity,Summit Network Partners,Cybersecurity,Atlanta,GA,United States,On-site,Internship,Internship,34000.0,43000.0,year,USD,Communication | Cybersecurity | Linux | Networking | Python | SIEM,AWS | Azure | Git | Project Management,No degree specified,0,False,Synthetic internship opportunity in cybersecurity focused on Communication and collaborative problem solving.,Cameron Davis,cameron.davis37@example.com,(555) 555-0137,synthetic_job_board,SYN-20260404-00038,True
CP-00039,2026-07-16,Associate Software Developer,Junior Developer,Software Engineering,Potomac Digital Services,Education Technology,Seattle,WA,United States,Remote,Senior,Full-time,90000.0,125000.0,year,USD,AWS | Azure | HTML/CSS | JavaScript | React | SQL,AWS | Java | Linux,Bachelor's degree,7,True,Synthetic senior opportunity in education technology focused on AWS and collaborative problem solving.,Drew Lee,drew.lee38@example.org,(206) 555-0138,synthetic_job_board,SYN-20260716-00039,True
CP-00040,2026-02-28,Automation Engineer,Automation Engineer,Electrical & Hardware Engineering,Axiom Circuit Labs,Energy,Denver,CO,United States,Hybrid,Internship,Internship,35000.0,50000.0,year,USD,AutoCAD | Communication | Control Systems | Python,Project Management | Robotics | SQL,Bachelor's degree,0,True,Synthetic internship opportunity in energy focused on AutoCAD and collaborative problem solving.,Taylor Wilson,taylor.wilson39@example.com,(555) 555-0139,synthetic_job_board,SYN-20260228-00040,True
CP-00041,2026-04-29,Junior Electrical Engineer,Electrical Engineer,Electrical & Hardware Engineering,Orchard Education Labs,Robotics,San Diego,CA,United States,On-site,Associate,Full-time,,,year,USD,Altium | AutoCAD | Circuit Design | Communication | PLC | Python,Arduino | Git | LabVIEW | Project Management,Bachelor's degree,2,False,Synthetic associate opportunity in robotics focused on Altium and collaborative problem solving.,Jordan Martin,jordan.martin40@example.com,(555) 555-0140,synthetic_job_board,SYN-20260429-00041,True
CP-00042,2026-02-05,Junior Data Analyst,Data Analyst,Data & Analytics,Liberty Financial Tech,Healthcare,Chicago,IL,United States,Hybrid,Associate,Full-time,,,year,USD,Communication | Power BI | SQL | Tableau,Git | Project Management,No degree specified,1,True,Synthetic associate opportunity in healthcare focused on Communication and collaborative problem solving.,Reese Davis,reese.davis41@example.net,(555) 555-0141,synthetic_job_board,SYN-20260205-00042,True
CP-00043,2026-05-17,Electrical Engineer,Electrical Engineer,Electrical & Hardware Engineering,Rainier Cloud Group,Energy,Baltimore,MD,United States,Remote,Entry Level,Full-time,,,year,USD,AutoCAD | Azure | C++ | Communication | Git | Project Management | Python,Embedded C | LabVIEW | Project Management,Bachelor's degree,2,True,Synthetic entry level opportunity in energy focused on AutoCAD and collaborative problem solving.,Riley Wilson,riley.wilson42@example.org,(410) 555-0142,synthetic_job_board,SYN-20260517-00043,True
CP-00044,2026-04-04,Entry-Level Developer,Junior Developer,Software Engineering,Front Range Controls,Software,Columbus,OH,United States,Remote,Entry Level,Full-time,46000.0,55000.0,year,USD,AWS | Communication | HTML/CSS | JavaScript | Project Management | Python | SQL,AWS | C++ | Java | Linux | Project Management,Bachelor's degree,0,True,Synthetic entry level opportunity in software focused on AWS and collaborative problem solving.,Reese Lewis,reese.lewis43@example.com,(555) 555-0143,synthetic_job_board,SYN-20260404-00044,True
CP-00045,not-a-date,Electrical Engineer,Electrical Engineer,Electrical & Hardware Engineering,Axiom Circuit Labs,Robotics,Chicago,IL,United States,On-site,Mid Level,Full-time,89000.0,106000.0,year,USD,AutoCAD | C++ | Circuit Design | Communication | MATLAB | PLC | Python,Git | LabVIEW,High school diploma,3,False,Synthetic mid level opportunity in robotics focused on AutoCAD and collaborative problem solving.,Jordan Lee,jordan.lee44@example.com,(555) 555-0144,synthetic_job_board,SYN-20260706-00045,True
CP-00046,2026-04-06,Embedded Software Engineer,Embedded Systems Engineer,Electrical & Hardware Engineering,Hoosier Automation Co.,Automotive,Indianapolis,IN,United States,On-site,Mid Level,Full-time,86000.0,102000.0,year,USD,C++ | Circuit Design | Git | Linux,Altium | Communication | MATLAB | Python | RTOS,No degree specified,4,False,Synthetic mid level opportunity in automotive focused on C++ and collaborative problem solving.,Parker Davis,parker.davis45@example.org,(317) 555-0145,synthetic_job_board,SYN-20260406-00046,True
CP-00047,2026-06-13,Information Security Analyst,Cybersecurity Analyst,Cybersecurity,Peachtree Technology Group,Government Technology,Chicago,IL,United States,On-site,Mid Level,Full-time,81000.0,116000.0,year,USD,Cybersecurity | Incident Response | Linux | Networking | Python | SIEM,AWS | Azure | Git | Project Management | SQL,Bachelor's degree,3,False,Synthetic mid level opportunity in government technology focused on Cybersecurity and collaborative problem solving.,Drew Clark,drew.clark46@example.com,(555) 555-0146,synthetic_job_board,SYN-20260613-00047,True
CP-00048,2026-05-28,Security Operations Analyst,Cybersecurity Analyst,Cybersecurity,Potomac Digital Services,Cybersecurity,Minneapolis,MN,United States,Remote,Mid Level,Full-time,90000.0,114000.0,year,USD,Azure | Communication | Git | Project Management,AWS | Azure | Git | Project Management | SQL,Bachelor's degree,6,True,Synthetic mid level opportunity in cybersecurity focused on Azure and collaborative problem solving.,Quinn Kim,quinn.kim47@example.com,(555) 555-0147,synthetic_job_board,SYN-20260528-00048,True
CP-00049,2026-05-18,Infrastructure Engineer,Network Engineer,Information Technology,Rainier Cloud Group,Managed Services,Chicago,IL,United States,On-site,Internship,Internship,38000.0,48000.0,year,USD,Cisco | Communication | Cybersecurity | Linux | Networking | Python,AWS | Project Management | SIEM,Bachelor's degree,0,False,Synthetic internship opportunity in managed services focused on Cisco and collaborative problem solving.,Skyler Martin,skyler.martin48@example.org,(555) 555-0148,synthetic_job_board,SYN-20260518-00049,True
CP-00050,2026-07-12,SOC Analyst,Cybersecurity Analyst,Cybersecurity,Liberty Financial Tech,Cybersecurity,Salt Lake City,UT,United States,Remote,Associate,Full-time,74000.0,92000.0,year,USD,Azure | Communication | Cybersecurity | Git | Incident Response | Linux | SIEM,AWS | Azure | Git | SQL,No degree specified,2,True,Synthetic associate opportunity in cybersecurity focused on Azure and collaborative problem solving.,Reese Lewis,reese.lewis49@example.net,(555) 555-0149,synthetic_job_board,SYN-20260712-00050,True
CP-00051,2026-05-20,Network Engineer,Network Engineer,Information Technology,Blue Ridge Analytics,Telecommunications,Chicago,IL,United States,Hybrid,Internship,Internship,36000.0,44000.0,year,USD,Cisco | Cybersecurity | Linux | Networking | Python,Azure | Git | Project Management | SIEM,No degree specified,0,True,Synthetic internship opportunity in telecommunications focused on Cisco and collaborative problem solving.,Casey Smith,casey.smith50@example.net,(555) 555-0150,synthetic_job_board,SYN-20260520-00051,True
CP-00052,2026-02-12,Product Data Analyst,Product Analyst,Data & Analytics,Great Lakes Data Cooperative,E-commerce,Seattle,WA,United States,Hybrid,Associate,Contract,73000.0,94000.0,year,USD,Communication | Data Visualization | Excel | Python,JavaScript | Power BI | Statistics,Bachelor's degree,2,True,Synthetic associate opportunity in e-commerce focused on Communication and collaborative problem solving.,Jordan Lee,jordan.lee51@example.org,(206) 555-0151,synthetic_job_board,SYN-20260212-00052,True
CP-00053,2026-04-14,Backend Engineer,Software Engineer,Software Engineering,Great Lakes Data Cooperative,HealthTech,Indianapolis,IN,United States,Hybrid,Mid Level,Full-time,83000.0,114000.0,year,USD,,C++ | Communication | Docker,Bachelor's degree,3,True,Synthetic mid level opportunity in healthtech focused on Git and collaborative problem solving.,Skyler Davis,skyler.davis52@example.org,(317) 555-0152,synthetic_job_board,SYN-20260414-00053,True
CP-00054,2026-05-05,Information Security Analyst,Cybersecurity Analyst,Cybersecurity,Northstar Robotics,Government Technology,Indianapolis,IN,United States,Remote,Associate,Full-time,71000.0,93000.0,year,USD,AWS | Cybersecurity | Incident Response | Networking | Python | SIEM,Azure | Git | Project Management,Bachelor's degree,2,True,Synthetic associate opportunity in government technology focused on AWS and collaborative problem solving.,Riley Brown,riley.brown53@example.org,(317) 555-0153,synthetic_job_board,SYN-20260505-00054,True
CP-00055,2026-06-04,Software Engineer,Software Engineer,Software Engineering,Rainier Cloud Group,FinTech,Austin,TX,United States,Hybrid,Internship,Internship,53000.0,66000.0,year,USD,AWS | Java | JavaScript | Python | React | SQL,Azure | C++ | Communication | Docker | Project Management,High school diploma,0,True,Synthetic internship opportunity in fintech focused on AWS and collaborative problem solving.,Drew Patel,drew.patel54@example.net,(512) 555-0154,synthetic_job_board,SYN-20260604-00055,True
CP-00056,2026-03-07,Firmware Engineer,Embedded Systems Engineer,Electrical & Hardware Engineering,Great Lakes Data Cooperative,Aerospace,Minneapolis,MN,United States,Remote,Internship,Internship,37000.0,52000.0,year,USD,AWS | Arduino | C++ | Git | Linux | Microcontrollers,Communication | MATLAB | Python | RTOS,Bachelor's degree,0,True,Synthetic internship opportunity in aerospace focused on AWS and collaborative problem solving.,Jordan Lee,jordan.lee55@example.com,(555) 555-0155,synthetic_job_board,SYN-20260307-00056,True
CP-00057,2026-06-06,Full Stack Engineer,Software Engineer,Software Engineering,Blue Ridge Analytics,FinTech,Pittsburgh,PA,United States,Hybrid,Entry Level,Full-time,57000.0,72000.0,year,USD,AWS | Git | Java | JavaScript | Python | React | SQL,Azure | C++ | Communication | Docker | Project Management,Bachelor's degree preferred,1,True,Synthetic entry level opportunity in fintech focused on AWS and collaborative problem solving.,Casey Wilson,casey.wilson56@example.org,(555) 555-0156,synthetic_job_board,SYN-20260606-00057,True
CP-00058,2026-04-28,Associate Software Developer,Junior Developer,Software Engineering,Rainier Cloud Group,E-commerce,Seattle,WA,United States,Remote,Senior,Part-time,99000.0,126000.0,year,USD,Azure | Git | Project Management | Python,AWS | C++ | Java | Linux | Project Management,Associate degree,6,True,Synthetic senior opportunity in e-commerce focused on Azure and collaborative problem solving.,Riley Brown,riley.brown57@example.net,(206) 555-0157,synthetic_job_board,SYN-20260428-00058,True
CP-00059,2026-02-20,Electrical Design Engineer,Electrical Engineer,Electrical & Hardware Engineering,Keystone Energy Works,Robotics,Seattle,WA,United States,Remote,Senior,Full-time,111000.0,149000.0,year,USD,AWS | Azure | Communication | Git | PLC | Project Management | Python,Arduino | Embedded C | Git | LabVIEW | Project Management,Bachelor's degree,6,True,Synthetic senior opportunity in robotics focused on AWS and collaborative problem solving.,Reese Lewis,reese.lewis58@example.org,(206) 555-0158,synthetic_job_board,SYN-20260220-00059,True
CP-00060,2026-05-11,IT Support Specialist,IT Support Specialist,Information Technology,Front Range Controls,Retail,Boston,MA,United States,On-site,Senior,Full-time,70000.0,92000.0,year,USD,Linux | Networking | Technical Support | Windows,Azure | Project Management | Python,Associate degree,6,False,Synthetic senior opportunity in retail focused on Linux and collaborative problem solving.,Riley Clark,riley.clark59@example.com,(555) 555-0159,synthetic_job_board,SYN-20260511-00060,True
CP-00061,2026-07-09,Industrial Automation Engineer,Automation Engineer,Electrical & Hardware Engineering,Northstar Robotics,Advanced Manufacturing,Seattle,WA,United States,On-site,Mid Level,Full-time,90000.0,123000.0,year,USD,Communication | Control Systems | MATLAB | PLC | Python,Arduino | Git | Project Management | Robotics | SQL,Bachelor's degree,6,False,Synthetic mid level opportunity in advanced manufacturing focused on Communication and collaborative problem solving.,Drew Davis,drew.davis60@example.org,(206) 555-0160,synthetic_job_board,SYN-20260709-00061,True
CP-00062,2026-03-21,Product Data Analyst,Product Analyst,Data & Analytics,Blue Ridge Analytics,Consumer Technology,Raleigh,NC,United States,Hybrid,Entry Level,Full-time,50000.0,68000.0,year,USD,Communication | Data Visualization | Excel | Product Analytics,JavaScript | Power BI | Project Management | Statistics | Tableau,Bachelor's degree preferred,0,True,Synthetic entry level opportunity in consumer technology focused on Communication and collaborative problem solving.,Casey Garcia,casey.garcia61@example.org,(919) 555-0161,synthetic_job_board,SYN-20260321-00062,True
CP-00063,2026-07-13,IoT Engineer,Embedded Systems Engineer,Electrical & Hardware Engineering,Hoosier Automation Co.,Robotics,Portland,OR,United States,Hybrid,Associate,Full-time,67000.0,85000.0,year,USD,Arduino | C++ | Embedded C | Microcontrollers,Altium | Communication | MATLAB | Python | RTOS,Bachelor's degree preferred,3,True,Synthetic associate opportunity in robotics focused on Arduino and collaborative problem solving.,Morgan Nguyen,morgan.nguyen62@example.net,(555) 555-0162,synthetic_job_board,SYN-20260713-00063,True
CP-00064,2026-04-05,Reporting Analyst,Data Analyst,Data & Analytics,Great Lakes Data Cooperative,Retail,Chicago,IL,United States,Hybrid,Internship,Internship,31000.0,42000.0,year,USD,Communication | Excel | Power BI | Python | Tableau,Project Management | Statistics,High school diploma,0,True,Synthetic internship opportunity in retail focused on Communication and collaborative problem solving.,Drew Lewis,drew.lewis63@example.com,,synthetic_job_board,SYN-20260405-00064,True
CP-00065,2026-07-07,Associate Software Developer,Junior Developer,Software Engineering,Redwood Product Studio,E-commerce,Raleigh,NC,United States,Remote,Entry Level,Full-time,52000.0,62000.0,year,USD,Azure | Git | Project Management | Python,AWS | Java | Linux | Project Management,Bachelor's degree,2,True,Synthetic entry level opportunity in e-commerce focused on Azure and collaborative problem solving.,Quinn Lewis,quinn.lewis64@example.net,(919) 555-0164,synthetic_job_board,SYN-20260707-00065,True
CP-00066,2026-05-13,Embedded Software Engineer,Embedded Systems Engineer,Electrical & Hardware Engineering,Northstar Robotics,Automotive,Atlanta,GA,United States,Hybrid,Internship,Internship,41000.0,49000.0,year,USD,Arduino | C++ | Circuit Design | Embedded C | Git | Linux | Microcontrollers,Altium | Communication | Python | RTOS,Bachelor's degree preferred,0,True,Synthetic internship opportunity in automotive focused on Arduino and collaborative problem solving.,Quinn Lee,quinn.lee65@example.com,(555) 555-0165,synthetic_job_board,SYN-20260513-00066,True
CP-00067,2026-02-16,Electrical Design Engineer,Electrical Engineer,Electrical & Hardware Engineering,Front Range Controls,Aerospace,Raleigh,NC,United States,On-site,Associate,Full-time,68000.0,88000.0,year,USD,Altium | AutoCAD | Circuit Design | MATLAB | PLC | Python,Arduino | Embedded C | Git | LabVIEW | Project Management,Bachelor's degree,2,False,Synthetic associate opportunity in aerospace focused on Altium and collaborative problem solving.,Reese Lewis,reese.lewis66@example.net,(919) 555-0166,synthetic_job_board,SYN-20260216-00067,True
CP-00068,2026-04-27,Software Engineer,Software Engineer,Software Engineering,Cascade Secure Systems,Cloud Services,Phoenix,AZ,United States,Remote,Senior,Full-time,119000.0,141000.0,year,USD,AWS | Azure | Communication | JavaScript,Azure | C++ | Communication | Docker | Project Management,Associate degree,8,True,Synthetic senior opportunity in cloud services focused on AWS and collaborative problem solving.,Morgan Garcia,morgan.garcia67@example.com,(555) 555-0167,synthetic_job_board,SYN-20260427-00068,True
CP-00069,2026-06-01,Junior Data Analyst,Data Analyst,Data & Analytics,Orchard Education Labs,Consulting,Baltimore,MD,United States,Hybrid,Internship,Internship,27000.0,37000.0,year,USD,Communication | Excel | Power BI | SQL,Project Management | Statistics,Bachelor's degree preferred,0,True,Synthetic internship opportunity in consulting focused on Communication and collaborative problem solving.,Casey Brown,casey.brown68@example.net,(410) 555-0168,synthetic_job_board,SYN-20260601-00069,True
CP-00070,2026-05-28,Full Stack Engineer,Software Engineer,Software Engineering,Harborlight HealthTech,Software,Salt Lake City,UT,United States,Hybrid,Mid Level,Full-time,88000.0,111000.0,year,USD,Git | Java | Python | React,Azure | C++ | Communication | Docker | Project Management,Bachelor's degree,5,True,Synthetic mid level opportunity in software focused on Git and collaborative problem solving.,Casey Kim,casey.kim69@example.org,(555) 555-0169,synthetic_job_board,SYN-20260528-00070,True
CP-00071,2026-05-08,Information Security Analyst,Cybersecurity Analyst,Cybersecurity,Rainier Cloud Group,Government Technology,Boston,MA,United States,On-site,Senior,Full-time,124000.0,157000.0,year,USD,Cybersecurity | Incident Response | Linux | Python,AWS | Azure | Project Management | SQL,No degree specified,6,False,Synthetic senior opportunity in government technology focused on Cybersecurity and collaborative problem solving.,Quinn Patel,quinn.patel70@example.com,(555) 555-0170,synthetic_job_board,SYN-20260508-00071,True
CP-00072,2026-02-10,Junior Network Engineer,Network Engineer,Information Technology,Front Range Controls,Managed Services,Indianapolis,IN,United States,Flexible-ish,Internship,Internship,33000.0,46000.0,year,USD,Cisco | Communication | Cybersecurity | Networking,Azure | SIEM,Bachelor's degree,0,False,Synthetic internship opportunity in managed services focused on Cisco and collaborative problem solving.,Drew Davis,drew.davis71@example.net,(317) 555-0171,synthetic_job_board,SYN-20260210-00072,True
CP-00073,2026-05-10,Junior Data Analyst,Data Analyst,Data & Analytics,Orchard Education Labs,Retail,Boston,MA,United States,On-site,Entry Level,Part-time,47000.0,62000.0,year,USD,Data Visualization | Power BI | SQL | Tableau,Project Management | Statistics,Bachelor's degree,1,False,Synthetic entry level opportunity in retail focused on Data Visualization and collaborative problem solving.,Skyler Patel,skyler.patel72@example.net,(555) 555-0172,synthetic_job_board,SYN-20260510-00073,True
CP-00074,2026-07-27,Associate Software Developer,Junior Developer,Software Engineering,Potomac Digital Services,Digital Agency,Boston,MA,United States,Remote,Entry Level,Full-time,56000.0,73000.0,year,USD,Communication | Git | Python | SQL,C++ | Project Management,Bachelor's degree preferred,2,True,Synthetic entry level opportunity in digital agency focused on Communication and collaborative problem solving.,Quinn Kim,quinn.kim73@example.com,(555) 555-0173,synthetic_job_board,SYN-20260727-00074,True
CP-00075,2026-04-25,Data Analyst,Data Analyst,Data & Analytics,Front Range Controls,Healthcare,Chicago,IL,United States,Remote,Mid Level,Full-time,72000.0,90000.0,year,USD,Communication | Git | SQL | Tableau,AWS | Git | Project Management | Statistics,Bachelor's degree preferred,6,True,Synthetic mid level opportunity in healthcare focused on Communication and collaborative problem solving.,Drew Davis,drew.davis74@example.com,(555) 555-0174,synthetic_job_board,SYN-20260425-00075,True
CP-00076,2026-06-20,IT Support Specialist,IT Support Specialist,Information Technology,Peachtree Technology Group,Healthcare,Baltimore,MD,United States,Remote,Internship,Internship,22000.0,30000.0,year,USD,Azure | Linux | Networking | Project Management | Technical Support | Ticketing Systems | Windows,Azure | Cybersecurity | Project Management | Python,Bachelor's degree preferred,0,True,Synthetic internship opportunity in healthcare focused on Azure and collaborative problem solving.,Casey Brown,casey.brown75@example.com,(410) 555-0175,synthetic_job_board,SYN-20260620-00076,True
CP-00077,2026-03-07,Power Systems Engineer,Electrical Engineer,Electrical & Hardware Engineering,Redwood Product Studio,Energy,Baltimore,MD,United States,Hybrid,Associate,Full-time,65000.0,87000.0,year,USD,Altium | AutoCAD | C++ | Circuit Design | Communication | PLC | Python,Arduino | Git | LabVIEW | Project Management,Bachelor's degree,2,True,Synthetic associate opportunity in energy focused on Altium and collaborative problem solving.,Drew Nguyen,drew.nguyen76@example.net,(410) 555-0176,synthetic_job_board,SYN-20260307-00077,True
CP-00078,2026-05-21,Data Analyst,Data Analyst,Data & Analytics,Keystone Energy Works,Healthcare,Seattle,WA,United States,Hybrid,Entry Level,Full-time,53000.0,74000.0,year,USD,Communication | Power BI | Python | SQL | Tableau,AWS | Git | Statistics,No degree specified,2,True,Synthetic entry level opportunity in healthcare focused on Communication and collaborative problem solving.,Parker Nguyen,parker.nguyen77@example.net,(206) 555-0177,synthetic_job_board,SYN-20260521-00078,True
CP-00079,2026-05-12,Junior Electrical Engineer,Electrical Engineer,Electrical & Hardware Engineering,Great Lakes Data Cooperative,Robotics,Indianapolis,IN,United States,On-site,Associate,Full-time,,,year,USD,Altium | AutoCAD | Circuit Design | PLC | Python,Git | Project Management,Bachelor's degree preferred,2,False,Synthetic associate opportunity in robotics focused on Altium and collaborative problem solving.,Morgan Nguyen,morgan.nguyen78@example.org,(317) 555-0178,synthetic_job_board,SYN-20260512-00079,True
CP-00080,2026-06-24,Reporting Analyst,Data Analyst,Data & Analytics,Summit Network Partners,Healthcare,Raleigh,NC,United States,Hybrid,Associate,Part-time,,,year,USD,Communication | Data Visualization | Power BI | Python,Git | Statistics,Bachelor's degree,1,True,Synthetic associate opportunity in healthcare focused on Communication and collaborative problem solving.,Drew Nguyen,drew.nguyen79@example.net,(919) 555-0179,synthetic_job_board,SYN-20260624-00080,True
CP-00081,2026-05-12,Application Developer,Software Engineer,Software Engineering,Northstar Robotics,Software,Columbus,OH,United States,Hybrid,Mid Level,Part-time,87000.0,112000.0,year,USD,AWS | Git | Java | JavaScript | Linux | Python | React,Azure | C++ | Communication | Docker | Project Management,High school diploma,6,True,Synthetic mid level opportunity in software focused on AWS and collaborative problem solving.,Casey Martin,casey.martin80@example.org,(555) 555-0180,synthetic_job_board,SYN-20260512-00081,True
CP-00082,2026-07-06,Junior Network Engineer,Network Engineer,Information Technology,Potomac Digital Services,Telecommunications,Pittsburgh,PA,United States,Hybrid,Associate,Full-time,65000.0,77000.0,year,USD,Cybersecurity | Linux | Networking | Python,AWS | Azure | Project Management,Bachelor's degree preferred,2,True,Synthetic associate opportunity in telecommunications focused on Cybersecurity and collaborative problem solving.,Skyler Garcia,skyler.garcia81@example.com,(555) 555-0181,synthetic_job_board,SYN-20260706-00082,True
CP-00083,2026-05-26,Software Engineer,Software Engineer,Software Engineering,Blue Ridge Analytics,Cloud Services,Columbus,OH,United States,Remote,Mid Level,Contract,85000.0,109000.0,year,USD,AWS | Azure | Java | Linux | Project Management,Azure | C++ | Communication,Bachelor's degree,6,True,Synthetic mid level opportunity in cloud services focused on AWS and collaborative problem solving.,Riley Garcia,riley.garcia82@example.net,(555) 555-0182,synthetic_job_board,SYN-20260526-00083,True
CP-00084,2026-07-07,IoT Engineer,Embedded Systems Engineer,Electrical & Hardware Engineering,Potomac Digital Services,Aerospace,Chicago,IL,United States,Hybrid,Entry Level,Part-time,58000.0,74000.0,year,USD,C++ | Circuit Design | Embedded C | Microcontrollers,Altium | Communication | MATLAB | Python | RTOS,Bachelor's degree preferred,2,True,Synthetic entry level opportunity in aerospace focused on C++ and collaborative problem solving.,Morgan Garcia,morgan.garcia83@example.org,(555) 555-0183,synthetic_job_board,SYN-20260707-00084,True
CP-00085,2026-02-09,Application Developer,Software Engineer,Software Engineering,Great Lakes Data Cooperative,Software,Austin,TX,United States,On-site,Entry Level,Full-time,66000.0,83000.0,year,USD,AWS | Git | Java | JavaScript | Python | React | SQL,Azure | C++ | Docker | Project Management,Associate degree,0,False,Synthetic entry level opportunity in software focused on AWS and collaborative problem solving.,Morgan Garcia,morgan.garcia84@example.net,(512) 555-0184,synthetic_job_board,SYN-20260209-00085,True
CP-00086,2026-04-27,Controls Engineer,Automation Engineer,Electrical & Hardware Engineering,Hoosier Automation Co.,Advanced Manufacturing,Austin,TX,United States,On-site,Associate,Full-time,76000.0,90000.0,year,USD,AutoCAD | Communication | Control Systems | MATLAB | PLC,Git | Project Management | Robotics,Bachelor's degree,2,False,Synthetic associate opportunity in advanced manufacturing focused on AutoCAD and collaborative problem solving.,Parker Patel,parker.patel85@example.org,(512) 555-0185,synthetic_job_board,SYN-20260427-00086,True
CP-00087,2026-05-06,Security Operations Analyst,Cybersecurity Analyst,Cybersecurity,Liberty Financial Tech,Government Technology,Raleigh,NC,United States,Remote,Senior,Full-time,122000.0,146000.0,year,USD,AWS | Cybersecurity | Incident Response | SIEM,AWS | Azure | Git | Project Management | SQL,Bachelor's degree,10,True,Synthetic senior opportunity in government technology focused on AWS and collaborative problem solving.,Skyler Brown,skyler.brown86@example.com,(919) 555-0186,synthetic_job_board,SYN-20260506-00087,True
CP-00088,2026-04-11,Network Operations Engineer,Network Engineer,Information Technology,Rainier Cloud Group,Government Technology,Pittsburgh,PA,United States,Hybrid,Associate,Contract,66000.0,78000.0,year,USD,Cisco | Communication | Cybersecurity | Linux | Networking,AWS | Azure | Git | Project Management | SIEM,Bachelor's degree,3,True,Synthetic associate opportunity in government technology focused on Cisco and collaborative problem solving.,Cameron Nguyen,cameron.nguyen87@example.net,(555) 555-0187,synthetic_job_board,SYN-20260411-00088,True
CP-00089,2026-04-07,Application Developer,Software Engineer,Software Engineering,Pioneer Aerospace Works,FinTech,Pittsburgh,PA,United States,Hybrid,Associate,Full-time,73000.0,101000.0,year,USD,JavaScript | Linux | React | SQL,Azure | Communication | Project Management,Bachelor's degree,1,True,Synthetic associate opportunity in fintech focused on JavaScript and collaborative problem solving.,Parker Kim,parker.kim88@example.com,(555) 555-0188,synthetic_job_board,SYN-20260407-00089,True
CP-00090,2026-04-09,Power Systems Engineer,Electrical Engineer,Electrical & Hardware Engineering,Axiom Circuit Labs,Advanced Manufacturing,Salt Lake City,UT,United States,On-site,New Grad,Internship,34000.0,44000.0,year,USD,Altium | AutoCAD | Circuit Design | PLC | Python,Embedded C | Git | LabVIEW | Project Management,Bachelor's degree preferred,0,False,Synthetic internship opportunity in advanced manufacturing focused on Altium and collaborative problem solving.,Reese Lewis,reese.lewis89@example.net,(555) 555-0189,synthetic_job_board,SYN-20260409-00090,True
CP-00091,2026-02-19,Business Data Analyst,Data Analyst,Data & Analytics,Great Lakes Data Cooperative,Financial Services,Baltimore,MD,United States,Remote,Mid Level,Full-time,67000.0,95000.0,year,USD,Communication | Excel | Git | Python,Git | Project Management,Bachelor's degree preferred,6,True,Synthetic mid level opportunity in financial services focused on Communication and collaborative problem solving.,Skyler Smith,skyler.smith90@example.org,(410) 555-0190,synthetic_job_board,SYN-20260219-00091,True
CP-00092,2026-03-12,Junior Electrical Engineer,Electrical Engineer,Electrical & Hardware Engineering,Summit Network Partners,Robotics,Baltimore,MD,United States,Remote,Entry Level,Full-time,58000.0,72000.0,year,USD,AWS | Altium | AutoCAD | Azure | PLC | Project Management | Python,Arduino | Embedded C | Git | LabVIEW | Project Management,Bachelor's degree,0,True,Synthetic entry level opportunity in robotics focused on AWS and collaborative problem solving.,Taylor Martin,taylor.martin91@example.com,(410) 555-0191,synthetic_job_board,SYN-20260312-00092,True
CP-00093,2026-03-05,SOC Analyst,Cybersecurity Analyst,Cybersecurity,Rainier Cloud Group,Cloud Services,Pittsburgh,PA,United States,Remote,Entry Level,Full-time,,,year,USD,Azure | Cybersecurity | Incident Response | Linux | Project Management,AWS | Azure | Git | Project Management | SQL,Bachelor's degree,1,True,Synthetic entry level opportunity in cloud services focused on Azure and collaborative problem solving.,Reese Davis,reese.davis92@example.org,(555) 555-0192,synthetic_job_board,SYN-20260305-00093,True
CP-00094,2026-05-26,Backend Engineer,Software Engineer,Software Engineering,Sonoran Systems Lab,HealthTech,Chicago,IL,United States,On-site,Senior,Full-time,127000.0,177000.0,year,USD,AWS | Git | Java | JavaScript | Linux | React | SQL,Docker | Project Management,Bachelor's degree,7,False,Synthetic senior opportunity in healthtech focused on AWS and collaborative problem solving.,Drew Davis,drew.davis93@example.org,(555) 555-0193,synthetic_job_board,SYN-20260526-00094,True
CP-00095,2026-03-22,SOC Analyst,Cybersecurity Analyst,Cybersecurity,Liberty Financial Tech,Cybersecurity,Salt Lake City,UT,United States,Remote,Senior,Full-time,123000.0,151000.0,year,USD,AWS | Cybersecurity | Incident Response | Linux | Networking | Project Management,AWS | Azure | Git | Project Management | SQL,Bachelor's degree,10,True,Synthetic senior opportunity in cybersecurity focused on AWS and collaborative problem solving.,Cameron Davis,cameron.davis94@example.org,(555) 555-0194,synthetic_job_board,SYN-20260322-00095,True
CP-00096,2026-02-26,Associate Product Analyst,Product Analyst,Data & Analytics,Redwood Product Studio,FinTech,Denver,CO,United States,Hybrid,Senior,Full-time,102000.0,144000.0,year,USD,Communication | Excel | Product Analytics | Python | SQL,JavaScript | Statistics,Bachelor's degree,8,True,Synthetic senior opportunity in fintech focused on Communication and collaborative problem solving.,Parker Patel,parker.patel95@example.org,(555) 555-0195,synthetic_job_board,SYN-20260226-00096,True
CP-00097,2026-02-09,Junior Electrical Engineer,Electrical Engineer,Electrical & Hardware Engineering,Front Range Controls,Aerospace,Seattle,WA,United States,On-site,Mid Level,Part-time,93000.0,110000.0,year,USD,Altium | AutoCAD | MATLAB | Python,Arduino | Embedded C | Project Management,Bachelor's degree,6,False,Synthetic mid level opportunity in aerospace focused on Altium and collaborative problem solving.,Jordan Patel,jordan.patel96@example.com,(206) 555-0196,synthetic_job_board,SYN-20260209-00097,True
CP-00098,2026-06-08,Automation Engineer,Automation Engineer,Electrical & Hardware Engineering,Front Range Controls,Food Production,Portland,OR,United States,Hybrid,Mid Level,Full-time,89000.0,109000.0,year,USD,AutoCAD | Communication | Control Systems | MATLAB | PLC | Python,Arduino | Git | Project Management | Robotics | SQL,Bachelor's degree,5,True,Synthetic mid level opportunity in food production focused on AutoCAD and collaborative problem solving.,Reese Lewis,reese.lewis0@example.org,(555) 555-0197,synthetic_job_board,SYN-20260608-00098,True
CP-00099,2026-05-09,PLC Engineer,Automation Engineer,Electrical & Hardware Engineering,Keystone Energy Works,Logistics,Minneapolis,MN,United States,Hybrid,Internship,Internship,36000.0,49000.0,year,USD,Communication | Control Systems | MATLAB | Python,Arduino | Project Management | SQL,No degree specified,0,True,Synthetic internship opportunity in logistics focused on Communication and collaborative problem solving.,Riley Garcia,riley.garcia1@example.net,(555) 555-0198,synthetic_job_board,SYN-20260509-00099,True
CP-00100,2026-03-16,Application Developer,Software Engineer,Software Engineering,Redwood Product Studio,Software,Indianapolis,IN,United States,Remote,Entry Level,Full-time,63000.0,84000.0,year,USD,AWS | Git | Java | SQL,Azure | C++ | Communication | Docker,Bachelor's degree,1,True,Synthetic entry level opportunity in software focused on AWS and collaborative problem solving.,Quinn Kim,quinn.kim2@example.com,(317) 555-0199,synthetic_job_board,SYN-20260316-00100,True
CP-00101,2026-03-13,Entry-Level Developer,Junior Developer,Software Engineering,Redwood Product Studio,Education Technology,Indianapolis,IN,United States,Hybrid,Associate,Full-time,53000.0,68000.0,year,USD,Communication | JavaScript | React | SQL,AWS | C++ | Java | Linux | Project Management,High school diploma,1,True,Synthetic associate opportunity in education technology focused on Communication and collaborative problem solving.,Taylor Clark,taylor.clark3@example.com,(317) 555-0100,synthetic_job_board,SYN-20260313-00101,True
CP-00102,2026-06-01,Data Analyst,Data Analyst,Data & Analytics,Blue Ridge Analytics,Healthcare,Seattle,WA,United States,Remote,Mid Level,Full-time,87000.0,105000.0,year,USD,Data Visualization | Project Management | Python | Tableau,AWS | Git | Project Management,No degree specified,6,True,Synthetic mid level opportunity in healthcare focused on Data Visualization and collaborative problem solving.,Skyler Wilson,skyler.wilson4@example.net,(206) 555-0101,synthetic_job_board,SYN-20260601-00102,True
CP-00103,2026-04-26,Software Engineer,Software Engineer,Software Engineering,Front Range Controls,HealthTech,Denver,CO,United States,Remote,Mid Level,Full-time,,,year,USD,Communication | Git | Java | JavaScript | Python | React,Azure | Docker,Bachelor's degree,3,True,Synthetic mid level opportunity in healthtech focused on Communication and collaborative problem solving.,Parker Brown,parker.brown5@example.org,(555) 555-0102,synthetic_job_board,SYN-20260426-00103,True
CP-00104,2026-02-16,Cybersecurity Analyst,Cybersecurity Analyst,Cybersecurity,Hoosier Automation Co.,Financial Services,San Diego,CA,United States,Remote,Entry Level,Full-time,66000.0,82000.0,year,USD,Azure | Cybersecurity | Git | SIEM,AWS | Azure | Git | SQL,Bachelor's degree,1,True,Synthetic entry level opportunity in financial services focused on Azure and collaborative problem solving.,Riley Nguyen,riley.nguyen6@example.com,(555) 555-0103,synthetic_job_board,SYN-20260216-00104,True
CP-00105,2026-04-26,Data Analyst,Data Analyst,Data & Analytics,Rainier Cloud Group,Healthcare,Denver,CO,United States,Remote,Mid Level,Full-time,82000.0,117000.0,year,USD,Excel | Project Management | SQL | Tableau,AWS | Git | Project Management | Statistics,Bachelor's degree preferred,5,True,Synthetic mid level opportunity in healthcare focused on Excel and collaborative problem solving.,Parker Davis,parker.davis7@example.org,(555) 555-0104,synthetic_job_board,SYN-20260426-00105,True
CP-00106,2026-02-19,Technical Support Specialist,IT Support Specialist,Information Technology,Peachtree Technology Group,Healthcare,Chicago,IL,United States,Hybrid,Entry Level,Contract,35000.0,47000.0,year,USD,Communication | Linux | Networking | Technical Support | Ticketing Systems | Windows,Azure | Project Management | Python,Bachelor's degree,1,True,Synthetic entry level opportunity in healthcare focused on Communication and collaborative problem solving.,Casey Patel,casey.patel8@example.org,(555) 555-0105,synthetic_job_board,SYN-20260219-00106,True
CP-00107,2026-03-14,Network Engineer,Network Engineer,Information Technology,Orchard Education Labs,Telecommunications,San Diego,CA,United States,Hybrid,Internship,Internship,33000.0,47000.0,year,USD,Cisco | Communication | Cybersecurity | Linux | Networking | Python,AWS | Azure | Git | Project Management | SIEM,Associate degree,0,True,Synthetic internship opportunity in telecommunications focused on Cisco and collaborative problem solving.,Reese Patel,reese.patel9@example.net,(555) 555-0106,synthetic_job_board,SYN-20260314-00107,True
CP-00108,2026-03-07,Electrical Engineer,Electrical Engineer,Electrical & Hardware Engineering,Front Range Controls,Advanced Manufacturing,Salt Lake City,UT,United States,Hybrid,Mid Level,Full-time,80000.0,106000.0,year,USD,Altium | AutoCAD | C++ | Circuit Design | MATLAB,Git | LabVIEW | Project Management,Bachelor's degree,4,True,Synthetic mid level opportunity in advanced manufacturing focused on Altium and collaborative problem solving.,Cameron Brown,cameron.brown10@example.org,(555) 555-0107,synthetic_job_board,SYN-20260307-00108,True
CP-00109,2026-03-26,Entry-Level Developer,Junior Developer,Software Engineering,Redwood Product Studio,E-commerce,Austin,TX,United States,Hybrid,Entry Level,Full-time,49000.0,67000.0,year,USD,Communication | Git | HTML/CSS | JavaScript | Python | SQL,AWS | Java | Linux | Project Management,Bachelor's degree,0,True,Synthetic entry level opportunity in e-commerce focused on Communication and collaborative problem solving.,Quinn Kim,quinn.kim11@example.com,(512) 555-0108,synthetic_job_board,SYN-20260326-00109,True
CP-00110,2026-02-15,Firmware Engineer,Embedded Systems Engineer,Electrical & Hardware Engineering,Liberty Financial Tech,Medical Devices,Indianapolis,IN,United States,On-site,Entry Level,Full-time,59000.0,83000.0,year,USD,Arduino | C++ | Circuit Design | Embedded C | Git | Linux | Microcontrollers,Altium | Communication | MATLAB | Python | RTOS,No degree specified,0,False,Synthetic entry level opportunity in medical devices focused on Arduino and collaborative problem solving.,Riley Kim,riley.kim12@example.org,(317) 555-0109,synthetic_job_board,SYN-20260215-00110,True
CP-00111,2026-07-28,Junior Web Developer,Junior Developer,Software Engineering,Hoosier Automation Co.,Digital Agency,Baltimore,MD,United States,Hybrid,Mid Level,Part-time,62000.0,88000.0,year,USD,Communication | Git | Python | React,AWS | Java | Linux | Project Management,Bachelor's degree,3,True,Synthetic mid level opportunity in digital agency focused on Communication and collaborative problem solving.,Riley Nguyen,riley.nguyen13@example.org,(410) 555-0110,synthetic_job_board,SYN-20260728-00111,True
CP-00112,2026-04-23,Automation Engineer,Automation Engineer,Electrical & Hardware Engineering,Front Range Controls,Food Production,Indianapolis,IN,United States,Remote,Entry Level,Part-time,54000.0,76000.0,year,USD,Communication | Control Systems | MATLAB | Project Management | Python,Arduino | Project Management,Bachelor's degree,1,True,Synthetic entry level opportunity in food production focused on Communication and collaborative problem solving.,Riley Brown,riley.brown14@example.com,,synthetic_job_board,SYN-20260423-00112,True
CP-00113,2026-06-16,Data Analyst,Data Analyst,Data & Analytics,Redwood Product Studio,Consulting,Columbus,OH,United States,Hybrid,Mid Level,Full-time,68000.0,98000.0,year,USD,Communication | Data Visualization | Power BI | Python | Tableau,AWS | Git | Statistics,Associate degree,3,True,Synthetic mid level opportunity in consulting focused on Communication and collaborative problem solving.,Skyler Garcia,skyler.garcia15@example.com,(555) 555-0112,synthetic_job_board,SYN-20260616-00113,True
CP-00114,2026-07-07,Network Engineer,Network Engineer,Information Technology,Hoosier Automation Co.,Managed Services,Baltimore,MD,United States,Hybrid,Associate,Full-time,62000.0,79000.0,year,USD,Cisco | Cybersecurity | Linux | Networking | Python,AWS | Project Management | SIEM,Associate degree,2,True,Synthetic associate opportunity in managed services focused on Cisco and collaborative problem solving.,Jordan Wilson,jordan.wilson16@example.org,(410) 555-0113,synthetic_job_board,SYN-20260707-00114,True
CP-00115,2026-05-15,Industrial Automation Engineer,Automation Engineer,Electrical & Hardware Engineering,Keystone Energy Works,Energy,Pittsburgh,PA,United States,On-site,Entry Level,Full-time,56000.0,71000.0,year,USD,AutoCAD | Control Systems | MATLAB | PLC | Python,Arduino | Git | Project Management | SQL,Bachelor's degree,1,False,Synthetic entry level opportunity in energy focused on AutoCAD and collaborative problem solving.,Cameron Martin,cameron.martin17@example.com,(555) 555-0114,synthetic_job_board,SYN-20260515-00115,True
CP-00116,2026-04-24,Full Stack Engineer,Software Engineer,Software Engineering,Harborlight HealthTech,FinTech,Portland,OR,United States,Remote,Senior,Full-time,,,year,USD,AWS | Git | Linux | Project Management | Python | React | SQL,Azure | C++ | Communication | Docker | Project Management,Bachelor's degree preferred,7,True,Synthetic senior opportunity in fintech focused on AWS and collaborative problem solving.,Taylor Brown,taylor.brown18@example.com,(555) 555-0115,synthetic_job_board,SYN-20260424-00116,True
CP-00117,2026-06-15,Reporting Analyst,Data Analyst,Data & Analytics,Liberty Financial Tech,Retail,Austin,TX,United States,Remote,Entry Level,Full-time,58000.0,73000.0,year,USD,Communication | Data Visualization | Python | SQL | Tableau,AWS | Git | Project Management | Statistics,Bachelor's degree preferred,1,True,Synthetic entry level opportunity in retail focused on Communication and collaborative problem solving.,Avery Clark,avery.clark19@example.com,(512) 555-0116,synthetic_job_board,SYN-20260615-00117,True
CP-00118,2026-05-12,Cybersecurity Analyst,Cybersecurity Analyst,Cybersecurity,Keystone Energy Works,Financial Services,Phoenix,AZ,United States,Hybrid,Mid Level,Full-time,78000.0,92000.0,year,USD,Communication | Cybersecurity | Incident Response | Linux | Networking | Python,AWS | Azure | Git | Project Management | SQL,Bachelor's degree,5,True,Synthetic mid level opportunity in financial services focused on Communication and collaborative problem solving.,Morgan Smith,morgan.smith20@example.org,(555) 555-0117,synthetic_job_board,SYN-20260512-00118,True
CP-00119,2026-03-11,Automation Engineer,Automation Engineer,Electrical & Hardware Engineering,Axiom Circuit Labs,Energy,Portland,OR,United States,On-site,Associate,Full-time,72000.0,97000.0,year,USD,AutoCAD | Communication | Control Systems | MATLAB | Python,Arduino | Git | Project Management,,1,False,Synthetic associate opportunity in energy focused on AutoCAD and collaborative problem solving.,Riley Davis,riley.davis21@example.com,(555) 555-0118,synthetic_job_board,SYN-20260311-00119,True
CP-00120,2026-07-23,Software Engineer,Software Engineer,Software Engineering,Blue Ridge Analytics,Cloud Services,Atlanta,GA,United States,Hybrid,Entry Level,Full-time,60000.0,84000.0,year,USD,AWS | Java | JavaScript | Linux | Python | React | SQL,Docker | Project Management,High school diploma,0,True,Synthetic entry level opportunity in cloud services focused on AWS and collaborative problem solving.,Morgan Brown,morgan.brown22@example.com,(555) 555-0119,synthetic_job_board,SYN-20260723-00120,True
CP-00121,2026-04-28,IT Support Specialist,IT Support Specialist,Information Technology,Orchard Education Labs,Healthcare,Atlanta,GA,United States,Hybrid,Internship,Internship,21000.0,27000.0,year,USD,Communication | Linux | Networking | Technical Support | Ticketing Systems,Azure | Cybersecurity,Bachelor's degree,0,True,Synthetic internship opportunity in healthcare focused on Communication and collaborative problem solving.,Avery Martin,avery.martin23@example.com,(555) 555-0120,synthetic_job_board,SYN-20260428-00121,True
CP-00122,2026-03-17,Reporting Analyst,Data Analyst,Data & Analytics,Summit Network Partners,Healthcare,Indianapolis,IN,United States,Hybrid,Mid Level,Full-time,65000.0,87000.0,year,USD,Communication | Data Visualization | Excel | Power BI | Python | SQL | Tableau,Git | Project Management,Bachelor's degree,5,True,Synthetic mid level opportunity in healthcare focused on Communication and collaborative problem solving.,Drew Brown,drew.brown24@example.net,(317) 555-0121,synthetic_job_board,SYN-20260317-00122,True
CP-00123,2026-05-24,Business Data Analyst,Data Analyst,Data & Analytics,Peachtree Technology Group,Healthcare,Denver,CO,United States,Remote,Associate,Full-time,,,year,USD,Excel | Git | SQL | Tableau,AWS | Git | Project Management | Statistics,No degree specified,1,True,Synthetic associate opportunity in healthcare focused on Excel and collaborative problem solving.,Avery Wilson,avery.wilson25@example.com,(555) 555-0122,synthetic_job_board,SYN-20260524-00123,True
CP-00124,2026-02-15,Junior Developer,Junior Developer,Software Engineering,Pioneer Aerospace Works,Software,Pittsburgh,PA,United States,Remote,Mid Level,Full-time,66000.0,83000.0,year,USD,AWS | Communication | Project Management | React | SQL,AWS | Java | Linux | Project Management,No degree specified,5,True,Synthetic mid level opportunity in software focused on AWS and collaborative problem solving.,Reese Garcia,reese.garcia26@example.net,(555) 555-0123,synthetic_job_board,SYN-20260215-00124,True
CP-00125,2026-04-28,Network Operations Engineer,Network Engineer,Information Technology,Axiom Circuit Labs,Managed Services,Boston,MA,United States,Hybrid,Entry Level,Full-time,70000.0,82000.0,year,USD,Cisco | Communication | Cybersecurity | Linux | Python,AWS | Azure | Git | Project Management | SIEM,Bachelor's degree,1,True,Synthetic entry level opportunity in managed services focused on Cisco and collaborative problem solving.,Parker Davis,parker.davis27@example.com,(555) 555-0124,synthetic_job_board,SYN-20260428-00125,True
CP-00126,2026-05-20,Embedded Systems Engineer,Embedded Systems Engineer,Electrical & Hardware Engineering,Liberty Financial Tech,Medical Devices,Boston,MA,United States,Hybrid,Associate,Contract,94000.0,115000.0,year,USD,Arduino | Circuit Design | Embedded C | Linux | Microcontrollers,Altium | MATLAB | Python,No degree specified,2,True,Synthetic associate opportunity in medical devices focused on Arduino and collaborative problem solving.,Cameron Smith,cameron.smith28@example.com,(555) 555-0125,synthetic_job_board,SYN-20260520-00126,True
CP-00127,2026-04-18,PLC Engineer,Automation Engineer,Electrical & Hardware Engineering,Hoosier Automation Co.,Energy,Denver,CO,United States,On-site,Mid Level,Full-time,90000.0,116000.0,year,USD,AutoCAD | Communication | Control Systems | PLC | Python,Arduino | Project Management | SQL,Bachelor's degree preferred,6,False,Synthetic mid level opportunity in energy focused on AutoCAD and collaborative problem solving.,Cameron Lee,cameron.lee29@example.net,(555) 555-0126,synthetic_job_board,SYN-20260418-00127,True
CP-00128,2026-06-10,Electrical Design Engineer,Electrical Engineer,Electrical & Hardware Engineering,Pioneer Aerospace Works,Robotics,Austin,TX,United States,Remote,Entry Level,Full-time,64000.0,79000.0,year,USD,AWS | Altium | C++ | Communication | Git | PLC | Python,Arduino | Embedded C | Git | LabVIEW | Project Management,Bachelor's degree,1,True,Synthetic entry level opportunity in robotics focused on AWS and collaborative problem solving.,Quinn Kim,quinn.kim30@example.net,(512) 555-0127,synthetic_job_board,SYN-20260610-00128,True
CP-00129,2026-03-29,Junior Electrical Engineer,Electrical Engineer,Electrical & Hardware Engineering,Peachtree Technology Group,Aerospace,Salt Lake City,UT,United States,Hybrid,Entry Level,Contract,60000.0,72000.0,year,USD,Altium | AutoCAD | C++ | Circuit Design | MATLAB,LabVIEW | Project Management,Bachelor's degree preferred,0,True,Synthetic entry level opportunity in aerospace focused on Altium and collaborative problem solving.,Quinn Lewis,quinn.lewis31@example.com,(555) 555-0128,synthetic_job_board,SYN-20260329-00129,True
CP-00130,2026-05-18,Electrical Design Engineer,Electrical Engineer,Electrical & Hardware Engineering,Front Range Controls,Advanced Manufacturing,Raleigh,NC,United States,Hybrid,Internship,Internship,32000.0,46000.0,year,USD,AutoCAD | Circuit Design | Communication | MATLAB | PLC,Arduino | Embedded C | Git,Bachelor's degree preferred,0,True,Synthetic internship opportunity in advanced manufacturing focused on AutoCAD and collaborative problem solving.,Jordan Clark,jordan.clark32@example.com,(919) 555-0129,synthetic_job_board,SYN-20260518-00130,True
CP-00131,2026-05-28,Desktop Support Analyst,IT Support Specialist,Information Technology,Potomac Digital Services,Managed Services,San Diego,CA,United States,Hybrid,Entry Level,Full-time,41000.0,48000.0,year,USD,Communication | Linux | Networking | Technical Support | Ticketing Systems,Cybersecurity | Python,High school diploma,0,True,Synthetic entry level opportunity in managed services focused on Communication and collaborative problem solving.,Drew Wilson,drew.wilson33@example.net,(555) 555-0130,synthetic_job_board,SYN-20260528-00131,True
CP-00132,2026-06-23,Help Desk Technician,IT Support Specialist,Information Technology,Orchard Education Labs,Retail,Denver,CO,United States,On-site,Entry Level,Full-time,40000.0,47000.0,year,USD,Communication | Linux | Networking | Technical Support | Ticketing Systems | Windows,Azure | Project Management,Bachelor's degree,1,False,Synthetic entry level opportunity in retail focused on Communication and collaborative problem solving.,Jordan Wilson,jordan.wilson34@example.org,(555) 555-0131,synthetic_job_board,SYN-20260623-00132,True
CP-00133,2026-01-31,Junior Data Analyst,Data Analyst,Data & Analytics,Blue Ridge Analytics,Retail,Minneapolis,MN,United States,On-site,Associate,Contract,54000.0,70000.0,year,USD,Communication | Data Visualization | Excel | Power BI | Python | SQL | Tableau,Git | Statistics,No degree specified,1,False,Synthetic associate opportunity in retail focused on Communication and collaborative problem solving.,Casey Garcia,casey.garcia35@example.com,(555) 555-0132,synthetic_job_board,SYN-20260131-00133,True
CP-00134,2026-03-12,Controls Engineer,Automation Engineer,Electrical & Hardware Engineering,Axiom Circuit Labs,Advanced Manufacturing,Seattle,WA,United States,On-site,Associate,Full-time,,,year,USD,AutoCAD | Communication | Control Systems | MATLAB | PLC,Arduino | Git | Project Management | Robotics | SQL,Bachelor's degree preferred,2,False,Synthetic associate opportunity in advanced manufacturing focused on AutoCAD and collaborative problem solving.,Quinn Lewis,quinn.lewis36@example.com,(206) 555-0133,synthetic_job_board,SYN-20260312-00134,True
CP-00135,2026-04-08,Full Stack Engineer,Software Engineer,Software Engineering,Liberty Financial Tech,HealthTech,Portland,OR,United States,Remote,Entry Level,Full-time,77000.0,96000.0,year,USD,AWS | Linux | Project Management | React,C++ | Communication | Project Management,No degree specified,1,True,Synthetic entry level opportunity in healthtech focused on AWS and collaborative problem solving.,Reese Nguyen,reese.nguyen37@example.org,(555) 555-0134,synthetic_job_board,SYN-20260408-00135,True
CP-00136,2026-07-07,Power Systems Engineer,Electrical Engineer,Electrical & Hardware Engineering,Hoosier Automation Co.,Robotics,Indianapolis,IN,United States,On-site,Mid Level,Full-time,73000.0,91000.0,year,USD,Altium | C++ | Circuit Design | Communication | MATLAB,Embedded C | Git,Bachelor's degree preferred,6,False,Synthetic mid level opportunity in robotics focused on Altium and collaborative problem solving.,Cameron Martin,cameron.martin38@example.net,(317) 555-0135,synthetic_job_board,SYN-20260707-00136,True
CP-00137,2026-05-12,Junior Data Analyst,Data Analyst,Data & Analytics,Blue Ridge Analytics,Financial Services,Baltimore,MD,United States,Hybrid,Internship,Internship,30000.0,37000.0,year,USD,Communication | Data Visualization | Power BI | Python | SQL | Tableau,AWS | Git | Project Management | Statistics,High school diploma,0,True,Synthetic internship opportunity in financial services focused on Communication and collaborative problem solving.,Cameron Lee,cameron.lee39@example.org,(410) 555-0136,synthetic_job_board,SYN-20260512-00137,True
CP-00138,2026-03-15,Junior Web Developer,Junior Developer,Software Engineering,Cascade Secure Systems,Education Technology,Austin,TX,United States,Remote,Mid Level,Full-time,78000.0,95000.0,year,USD,AWS | Azure | Project Management | React | SQL,AWS | C++ | Java | Linux | Project Management,Bachelor's degree,4,True,Synthetic mid level opportunity in education technology focused on AWS and collaborative problem solving.,Skyler Lewis,skyler.lewis40@example.net,(512) 555-0137,synthetic_job_board,SYN-20260315-00138,True
CP-00139,2026-07-03,IoT Engineer,Embedded Systems Engineer,Electrical & Hardware Engineering,Peachtree Technology Group,Aerospace,Austin,TX,United States,On-site,Associate,Full-time,,,year,USD,Arduino | C++ | Circuit Design | Embedded C | Git | Linux | Microcontrollers,Communication | Python | RTOS,Associate degree,1,False,Synthetic associate opportunity in aerospace focused on Arduino and collaborative problem solving.,Riley Clark,riley.clark41@example.net,(512) 555-0138,synthetic_job_board,SYN-20260703-00139,True
CP-00140,2026-05-14,Full Stack Engineer,Software Engineer,Software Engineering,Great Lakes Data Cooperative,HealthTech,Portland,OR,United States,Remote,Entry Level,Full-time,,,year,USD,Java | JavaScript | Project Management | Python,Azure | C++ | Communication | Docker | Project Management,Bachelor's degree preferred,0,True,Synthetic entry level opportunity in healthtech focused on Java and collaborative problem solving.,Morgan Nguyen,morgan.nguyen42@example.com,(555) 555-0139,synthetic_job_board,SYN-20260514-00140,True
CP-00141,2026-07-10,Cybersecurity Analyst,Cybersecurity Analyst,Cybersecurity,Liberty Financial Tech,Financial Services,San Diego,CA,United States,Hybrid,Entry Level,Full-time,67000.0,89000.0,year,USD,Communication | Cybersecurity | Incident Response | Linux | Networking | Python | SIEM,Azure | Git,Bachelor's degree preferred,0,True,Synthetic entry level opportunity in financial services focused on Communication and collaborative problem solving.,Quinn Lee,quinn.lee43@example.com,(555) 555-0140,synthetic_job_board,SYN-20260710-00141,True
CP-00142,2026-03-04,Reporting Analyst,Data Analyst,Data & Analytics,Orchard Education Labs,Financial Services,Portland,OR,United States,On-site,Entry Level,Full-time,46000.0,60000.0,year,USD,Communication | Data Visualization | Excel | Power BI | Python | SQL | Tableau,Git | Project Management | Statistics,Bachelor's degree,1,False,Synthetic entry level opportunity in financial services focused on Communication and collaborative problem solving.,Morgan Patel,morgan.patel44@example.net,(555) 555-0141,synthetic_job_board,SYN-20260304-00142,True
CP-00143,2026-02-08,Network Engineer,Network Engineer,Information Technology,Great Lakes Data Cooperative,Managed Services,Raleigh,NC,United States,On-site,Entry Level,Full-time,51000.0,69000.0,year,USD,Cisco | Communication | Linux | Networking | Python,AWS | Azure | Git | SIEM,Bachelor's degree,1,False,Synthetic entry level opportunity in managed services focused on Cisco and collaborative problem solving.,Quinn Kim,quinn.kim45@example.net,(919) 555-0142,synthetic_job_board,SYN-20260208-00143,True
CP-00144,2026-02-19,Firmware Engineer,Embedded Systems Engineer,Electrical & Hardware Engineering,Front Range Controls,Robotics,Boston,MA,United States,On-site,Internship,Internship,48000.0,57000.0,year,USD,Arduino | C++ | Circuit Design | Embedded C | Linux | Microcontrollers,MATLAB | Python | RTOS,Bachelor's degree preferred,0,False,Synthetic internship opportunity in robotics focused on Arduino and collaborative problem solving.,Drew Lee,drew.lee46@example.net,(555) 555-0143,synthetic_job_board,SYN-20260219-00144,True
CP-00145,2026-02-05,Application Developer,Software Engineer,Software Engineering,Pioneer Aerospace Works,Cloud Services,Phoenix,AZ,United States,Hybrid,Senior,Full-time,114000.0,159000.0,year,USD,AWS | JavaScript | Linux | Python | React | SQL,C++ | Communication | Project Management,Bachelor's degree,7,True,Synthetic senior opportunity in cloud services focused on AWS and collaborative problem solving.,Taylor Garcia,taylor.garcia47@example.com,(555) 555-0144,synthetic_job_board,SYN-20260205-00145,True
CP-00146,2026-07-20,Reporting Analyst,Data Analyst,Data & Analytics,Harborlight HealthTech,Financial Services,Pittsburgh,PA,United States,On-site,Entry Level,Full-time,45000.0,57000.0,year,USD,Communication | Data Visualization | Power BI | Python | Tableau,AWS | Git | Project Management | Statistics,Bachelor's degree,0,False,Synthetic entry level opportunity in financial services focused on Communication and collaborative problem solving.,Reese Clark,reese.clark48@example.com,(555) 555-0145,synthetic_job_board,SYN-20260720-00146,True
CP-00147,2026-05-01,IT Support Specialist,IT Support Specialist,Information Technology,Summit Network Partners,Education,Raleigh,NC,United States,Hybrid,Internship,Internship,22000.0,31000.0,year,USD,Communication | Linux | Ticketing Systems | Windows,Project Management | Python,No degree specified,0,True,Synthetic internship opportunity in education focused on Communication and collaborative problem solving.,Skyler Brown,skyler.brown49@example.com,(919) 555-0146,synthetic_job_board,SYN-20260501-00147,True
CP-00148,2026-05-01,Product Analyst,Product Analyst,Data & Analytics,Redwood Product Studio,Software,Seattle,WA,United States,Remote,Entry Level,Full-time,68000.0,85000.0,year,USD,AWS | Azure | Product Analytics | Project Management,Project Management | Statistics,Bachelor's degree,1,True,Synthetic entry level opportunity in software focused on AWS and collaborative problem solving.,Avery Kim,avery.kim50@example.net,(206) 555-0147,synthetic_job_board,SYN-20260501-00148,True
CP-00149,2026-07-22,Firmware Engineer,Embedded Systems Engineer,Electrical & Hardware Engineering,Front Range Controls,Robotics,Austin,TX,United States,Remote,Senior,Full-time,110000.0,143000.0,year,USD,Arduino | Azure | Circuit Design | Git | Linux | Project Management,Altium | Communication | MATLAB | Python | RTOS,Associate degree,10,True,Synthetic senior opportunity in robotics focused on Arduino and collaborative problem solving.,Drew Brown,drew.brown51@example.com,(512) 555-0148,synthetic_job_board,SYN-20260722-00149,True
CP-00150,2026-03-03,Information Security Analyst,Cybersecurity Analyst,Cybersecurity,Sonoran Systems Lab,Financial Services,Indianapolis,IN,United States,Remote,Associate,Full-time,62000.0,89000.0,year,USD,AWS | Azure | Cybersecurity | Git | Incident Response | SIEM,Azure | Git | Project Management,Bachelor's degree preferred,3,True,Synthetic associate opportunity in financial services focused on AWS and collaborative problem solving.,Skyler Nguyen,skyler.nguyen52@example.net,(317) 555-0149,synthetic_job_board,SYN-20260303-00150,True
CP-00151,2026-04-22,IT Support Specialist,IT Support Specialist,Information Technology,Cascade Secure Systems,Retail,Pittsburgh,PA,United States,Hybrid,Entry Level,Full-time,37000.0,49000.0,year,USD,Communication | Linux | Networking | Technical Support | Ticketing Systems,Azure | Cybersecurity | Python,Bachelor's degree,0,True,Synthetic entry level opportunity in retail focused on Communication and collaborative problem solving.,Parker Wilson,parker.wilson53@example.net,(555) 555-0150,synthetic_job_board,SYN-20260422-00151,True
CP-00152,2026-05-29,Embedded Software Engineer,Embedded Systems Engineer,Electrical & Hardware Engineering,Harborlight HealthTech,Automotive,Austin,TX,United States,On-site,Entry Level,Full-time,67000.0,81000.0,year,USD,Arduino | C++ | Circuit Design | Embedded C | Linux | Microcontrollers,MATLAB | Python,Bachelor's degree,1,False,Synthetic entry level opportunity in automotive focused on Arduino and collaborative problem solving.,Skyler Brown,skyler.brown54@example.org,(512) 555-0151,synthetic_job_board,SYN-20260529-00152,True
CP-00153,2026-04-14,Junior Web Developer,Junior Developer,Software Engineering,Peachtree Technology Group,Digital Agency,Seattle,WA,United States,Remote,Entry Level,Full-time,56000.0,67000.0,year,USD,AWS | Azure | Communication | JavaScript | Project Management | React | SQL,AWS | C++ | Java | Linux | Project Management,Bachelor's degree,0,True,Synthetic entry level opportunity in digital agency focused on AWS and collaborative problem solving.,Morgan Garcia,morgan.garcia55@example.com,(206) 555-0152,synthetic_job_board,SYN-20260414-00153,True
CP-00154,2026-06-01,Industrial Automation Engineer,Automation Engineer,Electrical & Hardware Engineering,Axiom Circuit Labs,Logistics,Minneapolis,MN,United States,On-site,Associate,Full-time,64000.0,86000.0,year,USD,AutoCAD | Communication | Control Systems | MATLAB | PLC | Python,Git | Project Management,Associate degree,2,False,Synthetic associate opportunity in logistics focused on AutoCAD and collaborative problem solving.,Jordan Nguyen,jordan.nguyen56@example.net,(555) 555-0153,synthetic_job_board,SYN-20260601-00154,True
CP-00155,2026-05-07,Automation Engineer,Automation Engineer,Electrical & Hardware Engineering,Harborlight HealthTech,Advanced Manufacturing,Portland,OR,United States,On-site,Entry Level,Full-time,54000.0,75000.0,year,USD,AutoCAD | Communication | Control Systems | MATLAB | PLC,Arduino | Git | Project Management | Robotics | SQL,Bachelor's degree preferred,0,False,Synthetic entry level opportunity in advanced manufacturing focused on AutoCAD and collaborative problem solving.,Quinn Garcia,quinn.garcia57@example.org,(555) 555-0154,synthetic_job_board,SYN-20260507-00155,True
CP-00156,2026-05-06,Infrastructure Engineer,Network Engineer,Information Technology,Summit Network Partners,Telecommunications,Denver,CO,United States,Hybrid,Entry Level,Full-time,56000.0,74000.0,year,USD,Cisco | Communication | Cybersecurity | Networking | Python,Azure | Git | Project Management | SIEM,Bachelor's degree,1,True,Synthetic entry level opportunity in telecommunications focused on Cisco and collaborative problem solving.,Skyler Lee,skyler.lee58@example.net,(555) 555-0155,synthetic_job_board,SYN-20260506-00156,True
CP-00157,2026-03-16,SOC Analyst,Cybersecurity Analyst,Cybersecurity,Cascade Secure Systems,Financial Services,Denver,CO,United States,Remote,Associate,Full-time,69000.0,96000.0,year,USD,AWS | Cybersecurity | Git | Incident Response | Python | SIEM,Azure | Project Management | SQL,Bachelor's degree preferred,2,True,Synthetic associate opportunity in financial services focused on AWS and collaborative problem solving.,Casey Nguyen,casey.nguyen59@example.org,(555) 555-0156,synthetic_job_board,SYN-20260316-00157,True
CP-00158,2026-07-27,Entry-Level Developer,Junior Developer,Software Engineering,Potomac Digital Services,E-commerce,Raleigh,NC,United States,Remote,Internship,Internship,30000.0,37000.0,year,USD,AWS | Azure | Communication | Project Management | React | SQL,AWS | Java | Linux | Project Management,Bachelor's degree,0,True,Synthetic internship opportunity in e-commerce focused on AWS and collaborative problem solving.,Jordan Garcia,jordan.garcia60@example.net,(919) 555-0157,synthetic_job_board,SYN-20260727-00158,True
CP-00159,2026-03-02,Associate Product Analyst,Product Analyst,Data & Analytics,Front Range Controls,Consumer Technology,Baltimore,MD,United States,On-site,Internship,Internship,32000.0,44000.0,year,USD,Communication | Data Visualization | Excel | Python | SQL,JavaScript | Statistics | Tableau,High school diploma,0,False,Synthetic internship opportunity in consumer technology focused on Communication and collaborative problem solving.,Drew Wilson,drew.wilson61@example.com,(410) 555-0158,synthetic_job_board,SYN-20260302-00159,True
CP-00160,2026-05-12,Software Engineer,Software Engineer,Software Engineering,Harborlight HealthTech,HealthTech,Austin,TX,United States,On-site,Mid Level,Full-time,101000.0,131000.0,year,USD,AWS | Git | Java | JavaScript | Python | React | SQL,Azure | C++,Bachelor's degree,3,False,Synthetic mid level opportunity in healthtech focused on AWS and collaborative problem solving.,Quinn Garcia,quinn.garcia62@example.com,(512) 555-0159,synthetic_job_board,SYN-20260512-00160,True
CP-00161,2026-05-27,Digital Product Analyst,Product Analyst,Data & Analytics,Great Lakes Data Cooperative,Software,San Diego,CA,United States,Remote,Entry Level,Full-time,63000.0,75000.0,year,USD,AWS | Communication | Project Management | Python,Power BI | Project Management | Tableau,Bachelor's degree,0,True,Synthetic entry level opportunity in software focused on AWS and collaborative problem solving.,Avery Nguyen,avery.nguyen63@example.org,(555) 555-0160,synthetic_job_board,SYN-20260527-00161,True
CP-00162,2026-04-05,Electrical Engineer,Electrical Engineer,Electrical & Hardware Engineering,Summit Network Partners,Robotics,Seattle,WA,United States,On-site,Associate,Full-time,66000.0,93000.0,year,USD,AutoCAD | Communication | PLC | Python,Embedded C | Git | LabVIEW | Project Management,Associate degree,2,False,Synthetic associate opportunity in robotics focused on AutoCAD and collaborative problem solving.,Jordan Nguyen,jordan.nguyen64@example.com,(206) 555-0161,synthetic_job_board,SYN-20260405-00162,True
CP-00163,2026-03-27,Firmware Engineer,Embedded Systems Engineer,Electrical & Hardware Engineering,Hoosier Automation Co.,Robotics,Phoenix,AZ,United States,Remote,Senior,Full-time,104000.0,130000.0,year,USD,Arduino | Azure | Circuit Design | Communication | Git,MATLAB | Python,Associate degree,10,True,Synthetic senior opportunity in robotics focused on Arduino and collaborative problem solving.,Avery Wilson,avery.wilson65@example.com,(555) 555-0162,synthetic_job_board,SYN-20260327-00163,True
CP-00164,2026-04-30,SOC Analyst,Cybersecurity Analyst,Cybersecurity,Pioneer Aerospace Works,Government Technology,Atlanta,GA,United States,On-site,Entry Level,Part-time,68000.0,87000.0,year,USD,Communication | Cybersecurity | Incident Response | Linux | Networking | Python | SIEM,AWS | Azure,No degree specified,1,False,Synthetic entry level opportunity in government technology focused on Communication and collaborative problem solving.,Jordan Patel,jordan.patel66@example.net,(555) 555-0163,synthetic_job_board,SYN-20260430-00164,True
CP-00165,2026-04-22,Junior Web Developer,Junior Developer,Software Engineering,Harborlight HealthTech,Digital Agency,Denver,CO,United States,Hybrid,Associate,Full-time,54000.0,69000.0,year,USD,Git | HTML/CSS | JavaScript | Python | React | SQL,AWS | Linux | Project Management,Bachelor's degree,2,True,Synthetic associate opportunity in digital agency focused on Git and collaborative problem solving.,Reese Brown,reese.brown67@example.com,,synthetic_job_board,SYN-20260422-00165,True
CP-00166,2026-03-02,Network Engineer,Network Engineer,Information Technology,Summit Network Partners,Managed Services,Columbus,OH,United States,On-site,Entry Level,Full-time,52000.0,72000.0,year,USD,Cisco | Communication | Linux | Python,AWS | Git | SIEM,Associate degree,1,False,Synthetic entry level opportunity in managed services focused on Cisco and collaborative problem solving.,Skyler Lee,skyler.lee68@example.com,(555) 555-0165,synthetic_job_board,SYN-20260302-00166,True
CP-00167,2026-02-15,Data Analyst,Data Analyst,Data & Analytics,Peachtree Technology Group,Retail,San Diego,CA,United States,Hybrid,Entry Level,Full-time,,,year,USD,Communication | Data Visualization | Excel | Power BI | Python | SQL | Tableau,AWS | Git | Project Management | Statistics,High school diploma,2,True,Synthetic entry level opportunity in retail focused on Communication and collaborative problem solving.,Casey Smith,casey.smith69@example.net,(555) 555-0166,synthetic_job_board,SYN-20260215-00167,True
CP-00168,2026-02-10,IoT Engineer,Embedded Systems Engineer,Electrical & Hardware Engineering,Front Range Controls,Robotics,Indianapolis,IN,United States,On-site,Entry Level,Full-time,,,year,USD,Arduino | C++ | Embedded C | Git | Linux | Microcontrollers,Altium | Communication | MATLAB | Python | RTOS,Bachelor's degree,0,False,Synthetic entry level opportunity in robotics focused on Arduino and collaborative problem solving.,Morgan Lewis,morgan.lewis70@example.org,(317) 555-0167,synthetic_job_board,SYN-20260210-00168,True
CP-00169,2026-03-23,Junior Developer,Junior Developer,Software Engineering,Redwood Product Studio,Education Technology,Raleigh,NC,United States,Remote,Associate,Full-time,63000.0,76000.0,year,USD,Azure | Communication | Git | JavaScript | Project Management | SQL,C++ | Java | Project Management,Bachelor's degree,2,True,Synthetic associate opportunity in education technology focused on Azure and collaborative problem solving.,Skyler Lewis,skyler.lewis71@example.com,(919) 555-0168,synthetic_job_board,SYN-20260323-00169,True
CP-00170,2026-06-23,Security Operations Analyst,Cybersecurity Analyst,Cybersecurity,Potomac Digital Services,Government Technology,Portland,OR,United States,Remote,Entry Level,Full-time,,,year,USD,AWS | Communication | Cybersecurity | Linux | Python,AWS | Azure | Git | Project Management | SQL,Bachelor's degree,1,True,Synthetic entry level opportunity in government technology focused on AWS and collaborative problem solving.,Taylor Martin,taylor.martin72@example.com,(555) 555-0169,synthetic_job_board,SYN-20260623-00170,True
CP-00171,2026-05-06,Backend Engineer,Software Engineer,Software Engineering,Great Lakes Data Cooperative,HealthTech,Baltimore,MD,United States,Remote,Associate,Full-time,78000.0,96000.0,year,USD,Communication | Git | Java | Linux | React,Azure | C++ | Communication | Docker | Project Management,Bachelor's degree,2,True,Synthetic associate opportunity in healthtech focused on Communication and collaborative problem solving.,Morgan Wilson,morgan.wilson73@example.com,(410) 555-0170,synthetic_job_board,SYN-20260506-00171,True
CP-00172,2026-04-29,Application Developer,Software Engineer,Software Engineering,Hoosier Automation Co.,FinTech,Columbus,OH,United States,Hybrid,Entry Level,Full-time,57000.0,74000.0,year,USD,AWS | Git | Python | SQL,Azure | Communication | Docker,No degree specified,0,True,Synthetic entry level opportunity in fintech focused on AWS and collaborative problem solving.,Riley Davis,riley.davis74@example.org,(555) 555-0171,synthetic_job_board,SYN-20260429-00172,True
CP-00173,2026-07-27,IT Support Specialist,IT Support Specialist,Information Technology,Summit Network Partners,Retail,Chicago,IL,United States,On-site,Internship,Internship,23000.0,32000.0,year,USD,Linux | Networking | Technical Support | Ticketing Systems,Azure | Project Management | Python,Bachelor's degree,0,False,Synthetic internship opportunity in retail focused on Linux and collaborative problem solving.,Reese Garcia,reese.garcia75@example.org,(555) 555-0172,synthetic_job_board,SYN-20260727-00173,True
CP-00174,2026-04-21,Backend Engineer,Software Engineer,Software Engineering,Redwood Product Studio,FinTech,Pittsburgh,PA,United States,Remote,Entry Level,Full-time,68000.0,94000.0,year,USD,AWS | Azure | Java | Linux,Docker | Project Management,No degree specified,2,True,Synthetic entry level opportunity in fintech focused on AWS and collaborative problem solving.,Cameron Lee,cameron.lee76@example.com,(555) 555-0173,synthetic_job_board,SYN-20260421-00174,True
CP-00175,2026-03-03,Associate Software Developer,Junior Developer,Software Engineering,Orchard Education Labs,Education Technology,Baltimore,MD,United States,Remote,Entry Level,Full-time,40000.0,58000.0,year,USD,AWS | Azure | Git | HTML/CSS | JavaScript | SQL,AWS | C++ | Java,Bachelor's degree,2,True,Synthetic entry level opportunity in education technology focused on AWS and collaborative problem solving.,Jordan Davis,jordan.davis77@example.org,(410) 555-0174,synthetic_job_board,SYN-20260303-00175,True
CP-00176,2026-05-22,Junior Network Engineer,Network Engineer,Information Technology,Summit Network Partners,Managed Services,Indianapolis,IN,United States,On-site,Entry Level,Full-time,,,year,USD,Cisco | Communication | Cybersecurity | Networking,AWS | Azure | Git | Project Management,No degree specified,1,False,Synthetic entry level opportunity in managed services focused on Cisco and collaborative problem solving.,Riley Garcia,riley.garcia78@example.org,(317) 555-0175,synthetic_job_board,SYN-20260522-00176,True
CP-00177,2026-02-03,Junior Electrical Engineer,Electrical Engineer,Electrical & Hardware Engineering,Pioneer Aerospace Works,Energy,Austin,TX,United States,Hybrid,Entry Level,Full-time,58000.0,76000.0,year,USD,Altium | AutoCAD | Communication | MATLAB | Python,Arduino | Embedded C | Git | LabVIEW | Project Management,Bachelor's degree,2,True,Synthetic entry level opportunity in energy focused on Altium and collaborative problem solving.,Taylor Nguyen,taylor.nguyen79@example.org,(512) 555-0176,synthetic_job_board,SYN-20260203-00177,True
CP-00178,2026-06-20,Electrical Design Engineer,Electrical Engineer,Electrical & Hardware Engineering,Peachtree Technology Group,Advanced Manufacturing,Raleigh,NC,United States,Hybrid,Mid Level,Full-time,78000.0,97000.0,year,USD,Altium | AutoCAD | C++ | Circuit Design | Communication,Arduino | Embedded C | Git | Project Management,Bachelor's degree,4,True,Synthetic mid level opportunity in advanced manufacturing focused on Altium and collaborative problem solving.,Casey Lee,casey.lee80@example.com,(919) 555-0177,synthetic_job_board,SYN-20260620-00178,True
CP-00179,2026-03-16,Backend Engineer,Software Engineer,Software Engineering,Keystone Energy Works,Software,Portland,OR,United States,Remote,Entry Level,Full-time,,,year,USD,AWS | JavaScript | Linux | Project Management,Azure | C++ | Docker | Project Management,High school diploma,0,True,Synthetic entry level opportunity in software focused on AWS and collaborative problem solving.,Avery Nguyen,avery.nguyen81@example.org,(555) 555-0178,synthetic_job_board,SYN-20260316-00179,True
CP-00180,2026-05-11,Firmware Engineer,Embedded Systems Engineer,Electrical & Hardware Engineering,Pioneer Aerospace Works,Medical Devices,Chicago,IL,United States,On-site,Internship,Internship,45000.0,55000.0,year,USD,Circuit Design | Embedded C | Git | Linux | Microcontrollers,Altium | MATLAB,Bachelor's degree,0,False,Synthetic internship opportunity in medical devices focused on Circuit Design and collaborative problem solving.,Jordan Clark,jordan.clark82@example.net,(555) 555-0179,synthetic_job_board,SYN-20260511-00180,True
CP-00181,2026-05-19,Junior Developer,Junior Developer,Software Engineering,Harborlight HealthTech,Education Technology,Baltimore,MD,United States,On-site,Mid Level,Full-time,63000.0,82000.0,year,USD,Communication | Git | HTML/CSS | JavaScript | Python | React | SQL,AWS | C++ | Java | Linux | Project Management,Bachelor's degree,5,False,Synthetic mid level opportunity in education technology focused on Communication and collaborative problem solving.,Taylor Lewis,taylor.lewis83@example.net,(410) 555-0180,synthetic_job_board,SYN-20260519-00181,True
CP-00182,2026-02-25,IT Support Specialist,IT Support Specialist,Information Technology,Rainier Cloud Group,Retail,Indianapolis,IN,United States,On-site,Entry Level,Full-time,40000.0,51000.0,year,USD,Communication | Linux | Technical Support | Ticketing Systems,Cybersecurity | Project Management | Python,Bachelor's degree preferred,1,False,Synthetic entry level opportunity in retail focused on Communication and collaborative problem solving.,Reese Lee,reese.lee84@example.com,(317) 555-0181,synthetic_job_board,SYN-20260225-00182,True
CP-00183,2026-06-16,Electrical Design Engineer,Electrical Engineer,Electrical & Hardware Engineering,Liberty Financial Tech,Aerospace,Columbus,OH,United States,On-site,Internship,Internship,32000.0,46000.0,year,USD,Altium | C++ | Communication | MATLAB | PLC | Python,Arduino | LabVIEW | Project Management,Bachelor's degree,0,False,Synthetic internship opportunity in aerospace focused on Altium and collaborative problem solving.,Casey Smith,casey.smith85@example.net,(555) 555-0182,synthetic_job_board,SYN-20260616-00183,True
CP-00184,2026-02-18,Associate Product Analyst,Product Analyst,Data & Analytics,Great Lakes Data Cooperative,FinTech,Salt Lake City,UT,United States,Remote,Internship,Internship,35000.0,41000.0,year,USD,Communication | Data Visualization | Project Management | Python | SQL,JavaScript | Power BI | Project Management | Statistics | Tableau,Associate degree,0,True,Synthetic internship opportunity in fintech focused on Communication and collaborative problem solving.,Skyler Smith,skyler.smith86@example.org,(555) 555-0183,synthetic_job_board,SYN-20260218-00184,True
CP-00185,2026-06-04,SOC Analyst,Cybersecurity Analyst,Cybersecurity,Rainier Cloud Group,Cloud Services,Austin,TX,United States,Hybrid,Entry Level,Full-time,73000.0,93000.0,year,USD,Communication | Cybersecurity | Incident Response | Linux | Python | SIEM,Azure | Git | Project Management | SQL,Bachelor's degree,2,True,Synthetic entry level opportunity in cloud services focused on Communication and collaborative problem solving.,Parker Lewis,parker.lewis87@example.org,(512) 555-0184,synthetic_job_board,SYN-20260604-00185,True
CP-00186,2026-04-10,Application Developer,Software Engineer,Software Engineering,Orchard Education Labs,Software,San Diego,CA,United States,Hybrid,Mid Level,Full-time,108000.0,131000.0,year,USD,Java | JavaScript | Linux | React,Azure | C++ | Communication,Bachelor's degree,6,True,Synthetic mid level opportunity in software focused on Java and collaborative problem solving.,Morgan Clark,morgan.clark88@example.org,(555) 555-0185,synthetic_job_board,SYN-20260410-00186,True
CP-00187,2026-04-03,Industrial Automation Engineer,Automation Engineer,Electrical & Hardware Engineering,Front Range Controls,Food Production,Austin,TX,United States,Hybrid,Entry Level,Full-time,62000.0,79000.0,year,USD,Communication | Control Systems | MATLAB | Python,Arduino | Git | Project Management | Robotics,High school diploma,0,True,Synthetic entry level opportunity in food production focused on Communication and collaborative problem solving.,Morgan Davis,morgan.davis89@example.org,(512) 555-0186,synthetic_job_board,SYN-20260403-00187,True
CP-00188,2026-07-18,Network Operations Engineer,Network Engineer,Information Technology,Keystone Energy Works,Government Technology,Salt Lake City,UT,United States,Hybrid,Entry Level,Full-time,54000.0,76000.0,year,USD,Cisco | Communication | Cybersecurity | Linux | Networking | Python,AWS | Azure | Git | Project Management | SIEM,High school diploma,1,True,Synthetic entry level opportunity in government technology focused on Cisco and collaborative problem solving.,Skyler Smith,skyler.smith90@example.com,(555) 555-0187,synthetic_job_board,SYN-20260718-00188,True
CP-00189,2026-06-21,Junior Data Analyst,Data Analyst,Data & Analytics,Axiom Circuit Labs,Financial Services,Boston,MA,United States,On-site,Mid Level,Full-time,86000.0,108000.0,year,USD,Communication | Data Visualization | Excel | Power BI | Python | SQL | Tableau,AWS | Project Management,Bachelor's degree,4,False,Synthetic mid level opportunity in financial services focused on Communication and collaborative problem solving.,Drew Lewis,drew.lewis91@example.net,(555) 555-0188,synthetic_job_board,SYN-20260621-00189,True
CP-00190,2026-02-28,Product Analyst,Product Analyst,Data & Analytics,Potomac Digital Services,FinTech,Baltimore,MD,United States,Remote,Entry Level,Contract,51000.0,68000.0,year,USD,Communication | Excel | Product Analytics | Python | SQL,JavaScript | Power BI | Statistics,Associate degree,0,True,Synthetic entry level opportunity in fintech focused on Communication and collaborative problem solving.,Casey Martin,casey.martin92@example.com,(410) 555-0189,synthetic_job_board,SYN-20260228-00190,True
CP-00191,2026-05-09,Cybersecurity Analyst,Cybersecurity Analyst,Cybersecurity,Cascade Secure Systems,Government Technology,Salt Lake City,UT,United States,On-site,Entry Level,Full-time,59000.0,80000.0,year,USD,Incident Response | Linux | Python | SIEM,AWS | Azure | Project Management | SQL,No degree specified,2,False,Synthetic entry level opportunity in government technology focused on Incident Response and collaborative problem solving.,Parker Lee,parker.lee93@example.org,(555) 555-0190,synthetic_job_board,SYN-20260509-00191,True
CP-00192,2026-07-07,Firmware Engineer,Embedded Systems Engineer,Electrical & Hardware Engineering,Northstar Robotics,Aerospace,Salt Lake City,UT,United States,Remote,Internship,Internship,39000.0,46000.0,year,USD,Arduino | Azure | Embedded C | Git | Microcontrollers | Project Management,Altium | Communication | MATLAB | Python | RTOS,No degree specified,0,True,Synthetic internship opportunity in aerospace focused on Arduino and collaborative problem solving.,Casey Brown,casey.brown94@example.net,(555) 555-0191,synthetic_job_board,SYN-20260707-00192,True
CP-00193,2026-07-04,Desktop Support Analyst,IT Support Specialist,Information Technology,Potomac Digital Services,Healthcare,Austin,TX,United States,Hybrid,Entry Level,Full-time,,,year,USD,Communication | Linux | Networking | Technical Support | Windows,Azure | Cybersecurity | Python,High school diploma,0,True,Synthetic entry level opportunity in healthcare focused on Communication and collaborative problem solving.,Skyler Davis,skyler.davis95@example.net,(512) 555-0192,synthetic_job_board,SYN-20260704-00193,True
CP-00194,2026-03-23,Digital Product Analyst,Product Analyst,Data & Analytics,Redwood Product Studio,Software,Raleigh,NC,United States,Remote,Entry Level,Full-time,54000.0,74000.0,year,USD,AWS | Azure | Project Management | Python,Power BI | Project Management,Bachelor's degree,2,True,Synthetic entry level opportunity in software focused on AWS and collaborative problem solving.,Parker Clark,parker.clark96@example.org,(919) 555-0193,synthetic_job_board,SYN-20260323-00194,True
CP-00195,2026-07-19,Backend Engineer,Software Engineer,Software Engineering,Blue Ridge Analytics,Software,Boston,MA,United States,Remote,Entry Level,Full-time,71000.0,92000.0,year,USD,Azure | Communication | Git | Java | Linux | Python | SQL,Azure | Communication | Docker | Project Management,No degree specified,0,True,Synthetic entry level opportunity in software focused on Azure and collaborative problem solving.,Avery Brown,avery.brown0@example.org,(555) 555-0194,synthetic_job_board,SYN-20260719-00195,True
CP-00196,2026-06-05,Controls Engineer,Automation Engineer,Electrical & Hardware Engineering,Axiom Circuit Labs,Logistics,Chicago,IL,United States,Remote,Mid Level,Full-time,,,year,USD,AWS | AutoCAD | Azure | Control Systems | Git | MATLAB | Project Management,Arduino | Project Management | SQL,Bachelor's degree,5,True,Synthetic mid level opportunity in logistics focused on AWS and collaborative problem solving.,Reese Clark,reese.clark1@example.net,(555) 555-0195,synthetic_job_board,SYN-20260605-00196,True
CP-00197,2026-03-29,Full Stack Engineer,Software Engineer,Software Engineering,Cascade Secure Systems,HealthTech,Minneapolis,MN,United States,On-site,Entry Level,Full-time,72000.0,88000.0,year,USD,AWS | Git | Java | JavaScript | Linux | React | SQL,C++ | Communication | Docker,Bachelor's degree,2,False,Synthetic entry level opportunity in healthtech focused on AWS and collaborative problem solving.,Reese Kim,reese.kim2@example.com,(555) 555-0196,synthetic_job_board,SYN-20260329-00197,True
CP-00198,2026-02-20,Information Security Analyst,Cybersecurity Analyst,Cybersecurity,Summit Network Partners,Cybersecurity,Portland,OR,United States,On-site,Entry Level,Part-time,,,year,USD,Communication | Cybersecurity | Python | SIEM,Azure | Project Management,No degree specified,0,False,Synthetic entry level opportunity in cybersecurity focused on Communication and collaborative problem solving.,Skyler Clark,skyler.clark3@example.org,(555) 555-0197,synthetic_job_board,SYN-20260220-00198,True
CP-00199,2026-04-01,Digital Product Analyst,Product Analyst,Data & Analytics,Great Lakes Data Cooperative,Consumer Technology,Raleigh,NC,United States,On-site,Senior,Full-time,93000.0,124000.0,year,USD,Communication | Data Visualization | Excel | Python | SQL,Power BI | Project Management | Tableau,High school diploma,6,False,Synthetic senior opportunity in consumer technology focused on Communication and collaborative problem solving.,Skyler Martin,skyler.martin4@example.net,(919) 555-0198,synthetic_job_board,SYN-20260401-00199,True
CP-00200,2026-07-10,Digital Product Analyst,Product Analyst,Data & Analytics,Cascade Secure Systems,Software,Phoenix,AZ,United States,Remote,Associate,Full-time,68000.0,94000.0,year,USD,AWS | Communication | Git | Product Analytics | Python,JavaScript | Power BI | Project Management | Tableau,Bachelor's degree,2,True,Synthetic associate opportunity in software focused on AWS and collaborative problem solving.,Riley Wilson,riley.wilson5@example.net,(555) 555-0199,synthetic_job_board,SYN-20260710-00200,True
CP-00201,2026-04-22,Junior Developer,Junior Developer,Software Engineering,Axiom Circuit Labs,E-commerce,Chicago,IL,United States,On-site,Mid Level,Full-time,70000.0,88000.0,year,USD,Communication | Git | HTML/CSS | JavaScript | Python | React | SQL,AWS | C++ | Java,No degree specified,5,False,Synthetic mid level opportunity in e-commerce focused on Communication and collaborative problem solving.,Reese Clark,reese.clark6@example.org,(555) 555-0100,synthetic_job_board,SYN-20260422-00201,True
CP-00202,2026-04-13,Backend Engineer,Software Engineer,Software Engineering,Hoosier Automation Co.,Cloud Services,Indianapolis,IN,United States,Remote,Mid Level,Full-time,81000.0,98000.0,year,USD,AWS | Azure | Communication | Git | JavaScript | Linux | SQL,Azure | C++ | Communication | Project Management,Bachelor's degree,5,True,Synthetic mid level opportunity in cloud services focused on AWS and collaborative problem solving.,Jordan Clark,jordan.clark7@example.com,(317) 555-0101,synthetic_job_board,SYN-20260413-00202,True
CP-00203,2026-05-07,Information Security Analyst,Cybersecurity Analyst,Cybersecurity,Great Lakes Data Cooperative,Cloud Services,Austin,TX,United States,Remote,Internship,Internship,37000.0,45000.0,year,USD,AWS | Cybersecurity | Git | Project Management,Git | SQL,Bachelor's degree preferred,0,True,Synthetic internship opportunity in cloud services focused on AWS and collaborative problem solving.,Parker Brown,parker.brown8@example.net,(512) 555-0102,synthetic_job_board,SYN-20260507-00203,True
CP-00204,2026-04-08,Infrastructure Engineer,Network Engineer,Information Technology,Great Lakes Data Cooperative,Telecommunications,Portland,OR,United States,On-site,Internship,Internship,33000.0,43000.0,year,USD,Cisco | Communication | Cybersecurity | Linux | Networking | Python,AWS | Git | Project Management | SIEM,Bachelor's degree preferred,0,False,Synthetic internship opportunity in telecommunications focused on Cisco and collaborative problem solving.,Morgan Kim,morgan.kim9@example.org,(555) 555-0103,synthetic_job_board,SYN-20260408-00204,True
CP-00205,2026-04-25,Backend Engineer,Software Engineer,Software Engineering,Harborlight HealthTech,FinTech,Columbus,OH,United States,Hybrid,Entry Level,Full-time,56000.0,81000.0,year,USD,Git | Java | JavaScript | Linux | Python | SQL,Azure | C++ | Communication | Docker | Project Management,Bachelor's degree,0,True,Synthetic entry level opportunity in fintech focused on Git and collaborative problem solving.,Casey Lewis,casey.lewis10@example.com,(555) 555-0104,synthetic_job_board,SYN-20260425-00205,True
CP-00206,2026-02-09,Automation Engineer,Automation Engineer,Electrical & Hardware Engineering,Summit Network Partners,Food Production,Phoenix,AZ,United States,On-site,Mid Level,Full-time,84000.0,111000.0,year,USD,AutoCAD | Communication | Control Systems | MATLAB | PLC | Python,Arduino | Git | Project Management | Robotics | SQL,Bachelor's degree,5,False,Synthetic mid level opportunity in food production focused on AutoCAD and collaborative problem solving.,Skyler Kim,skyler.kim11@example.net,(555) 555-0105,synthetic_job_board,SYN-20260209-00206,True
CP-00207,2026-06-02,Information Security Analyst,Cybersecurity Analyst,Cybersecurity,Rainier Cloud Group,Financial Services,Indianapolis,IN,United States,Hybrid,Mid Level,Contract,80000.0,98000.0,year,USD,Communication | Cybersecurity | Incident Response | Networking | Python | SIEM,Azure | Git | Project Management | SQL,No degree specified,6,True,Synthetic mid level opportunity in financial services focused on Communication and collaborative problem solving.,Parker Martin,parker.martin12@example.com,(317) 555-0106,synthetic_job_board,SYN-20260602-00207,True
CP-00208,2026-05-17,Embedded Software Engineer,Embedded Systems Engineer,Electrical & Hardware Engineering,Axiom Circuit Labs,Medical Devices,Boston,MA,United States,On-site,Internship,Internship,,,year,USD,C++ | Circuit Design | Embedded C | Git | Linux | Microcontrollers,Altium | Communication | Python | RTOS,,0,False,Synthetic internship opportunity in medical devices focused on C++ and collaborative problem solving.,Casey Lee,casey.lee13@example.com,(555) 555-0107,synthetic_job_board,SYN-20260517-00208,True
CP-00209,2026-03-22,Backend Engineer,Software Engineer,Software Engineering,Harborlight HealthTech,HealthTech,Minneapolis,MN,United States,Remote,Internship,Internship,40000.0,52000.0,year,USD,Azure | Communication | Java | Python | SQL,Azure | Project Management,High school diploma,0,True,Synthetic internship opportunity in healthtech focused on Azure and collaborative problem solving.,Drew Wilson,drew.wilson14@example.net,(555) 555-0108,synthetic_job_board,SYN-20260322-00209,True
CP-00210,2026-03-27,Backend Engineer,Software Engineer,Software Engineering,Blue Ridge Analytics,FinTech,Raleigh,NC,United States,Remote,Senior,Full-time,122000.0,147000.0,year,USD,AWS | Java | Project Management | Python,C++ | Communication | Project Management,Bachelor's degree,6,True,Synthetic senior opportunity in fintech focused on AWS and collaborative problem solving.,Drew Martin,drew.martin15@example.net,(919) 555-0109,synthetic_job_board,SYN-20260327-00210,True
CP-00211,2026-06-19,PLC Engineer,Automation Engineer,Electrical & Hardware Engineering,Northstar Robotics,Food Production,Pittsburgh,PA,United States,On-site,Senior,Full-time,104000.0,130000.0,year,USD,AutoCAD | Communication | Control Systems | MATLAB | PLC | Python,Arduino | Git | Project Management | Robotics | SQL,Bachelor's degree,10,False,Synthetic senior opportunity in food production focused on AutoCAD and collaborative problem solving.,Quinn Patel,quinn.patel16@example.org,(555) 555-0110,synthetic_job_board,SYN-20260619-00211,True
CP-00212,2026-06-09,Data Analyst,Data Analyst,Data & Analytics,Great Lakes Data Cooperative,Retail,Atlanta,GA,United States,On-site,Entry Level,Full-time,51000.0,62000.0,year,USD,Data Visualization | Power BI | Python | SQL | Tableau,AWS | Statistics,Associate degree,1,False,Synthetic entry level opportunity in retail focused on Data Visualization and collaborative problem solving.,Morgan Lee,morgan.lee17@example.org,(555) 555-0111,synthetic_job_board,SYN-20260609-00212,True
CP-00213,2026-03-29,Application Developer,Software Engineer,Software Engineering,Cascade Secure Systems,Cloud Services,Baltimore,MD,United States,Hybrid,Associate,Full-time,80000.0,110000.0,year,USD,Java | JavaScript | Linux | Python | SQL,Azure | C++ | Communication | Docker | Project Management,No degree specified,2,True,Synthetic associate opportunity in cloud services focused on Java and collaborative problem solving.,Cameron Wilson,cameron.wilson18@example.com,(410) 555-0112,synthetic_job_board,SYN-20260329-00213,True
CP-00214,2026-07-07,Application Developer,Software Engineer,Software Engineering,Harborlight HealthTech,HealthTech,San Diego,CA,United States,Remote,Senior,Part-time,141000.0,175000.0,year,USD,AWS | Git | Linux | Python | React,Azure | C++ | Communication,No degree specified,10,True,Synthetic senior opportunity in healthtech focused on AWS and collaborative problem solving.,Casey Garcia,casey.garcia19@example.com,(555) 555-0113,synthetic_job_board,SYN-20260707-00214,True
CP-00215,2026-04-13,Junior Developer,Junior Developer,Software Engineering,Redwood Product Studio,E-commerce,Denver,CO,United States,Hybrid,Internship,Internship,32000.0,44000.0,year,USD,Communication | Git | HTML/CSS | JavaScript | Python | React | SQL,AWS | C++ | Linux | Project Management,Bachelor's degree,0,True,Synthetic internship opportunity in e-commerce focused on Communication and collaborative problem solving.,Cameron Wilson,cameron.wilson20@example.com,(555) 555-0114,synthetic_job_board,SYN-20260413-00215,True
CP-00216,2026-07-09,Firmware Engineer,Embedded Systems Engineer,Electrical & Hardware Engineering,Axiom Circuit Labs,Aerospace,Indianapolis,IN,United States,On-site,Entry Level,Full-time,66000.0,85000.0,year,USD,Arduino | C++ | Circuit Design | Embedded C | Git | Linux | Microcontrollers,Altium | Communication | RTOS,No degree specified,1,False,Synthetic entry level opportunity in aerospace focused on Arduino and collaborative problem solving.,Casey Patel,casey.patel21@example.net,(317) 555-0115,synthetic_job_board,SYN-20260709-00216,True
CP-00217,2026-07-25,Business Data Analyst,Data Analyst,Data & Analytics,Northstar Robotics,Consulting,Phoenix,AZ,United States,Remote,Entry Level,Full-time,,,year,USD,AWS | Azure | Data Visualization | Excel | Git | Python | Tableau,AWS | Git | Project Management | Statistics,Bachelor's degree,1,True,Synthetic entry level opportunity in consulting focused on AWS and collaborative problem solving.,Reese Smith,reese.smith22@example.org,(555) 555-0116,synthetic_job_board,SYN-20260725-00217,True
CP-00218,2026-06-11,SOC Analyst,Cybersecurity Analyst,Cybersecurity,Peachtree Technology Group,Cloud Services,Raleigh,NC,United States,Hybrid,Internship,Internship,34000.0,43000.0,year,USD,Communication | Cybersecurity | Incident Response | Networking | Python | SIEM,Project Management | SQL,Bachelor's degree preferred,0,True,Synthetic internship opportunity in cloud services focused on Communication and collaborative problem solving.,Drew Kim,drew.kim23@example.org,(919) 555-0117,synthetic_job_board,SYN-20260611-00218,True
CP-00219,2026-07-29,Embedded Software Engineer,Embedded Systems Engineer,Electrical & Hardware Engineering,Blue Ridge Analytics,Medical Devices,Boston,MA,United States,On-site,Mid Level,Full-time,100000.0,123000.0,year,USD,Arduino | Circuit Design | Embedded C | Git | Linux,Altium | Communication | Python,No degree specified,6,False,Synthetic mid level opportunity in medical devices focused on Arduino and collaborative problem solving.,Riley Garcia,riley.garcia24@example.com,(555) 555-0118,synthetic_job_board,SYN-20260729-00219,True
CP-00220,2026-05-29,Reporting Analyst,Data Analyst,Data & Analytics,Harborlight HealthTech,Healthcare,Minneapolis,MN,United States,On-site,Associate,Full-time,53000.0,77000.0,year,USD,Communication | Data Visualization | Excel | SQL | Tableau,Git | Statistics,Bachelor's degree,3,False,Synthetic associate opportunity in healthcare focused on Communication and collaborative problem solving.,Reese Nguyen,reese.nguyen25@example.net,(555) 555-0119,synthetic_job_board,SYN-20260529-00220,True
CP-00221,2026-06-22,Associate Software Developer,Junior Developer,Software Engineering,Pioneer Aerospace Works,E-commerce,Indianapolis,IN,United States,Remote,Entry Level,Full-time,44000.0,61000.0,year,USD,AWS | Communication | HTML/CSS | JavaScript | Python | React | SQL,Java | Project Management,Bachelor's degree,2,True,Synthetic entry level opportunity in e-commerce focused on AWS and collaborative problem solving.,Reese Nguyen,reese.nguyen26@example.net,(317) 555-0120,synthetic_job_board,SYN-20260622-00221,True
CP-00222,2026-07-22,Cybersecurity Analyst,Cybersecurity Analyst,Cybersecurity,Liberty Financial Tech,Cybersecurity,Boston,MA,United States,On-site,Mid Level,Full-time,108000.0,136000.0,year,USD,Communication | Cybersecurity | Incident Response | Linux | Networking | Python | SIEM,AWS | Azure | Git | Project Management | SQL,Bachelor's degree,3,False,Synthetic mid level opportunity in cybersecurity focused on Communication and collaborative problem solving.,Jordan Smith,jordan.smith27@example.com,(555) 555-0121,synthetic_job_board,SYN-20260722-00222,True
CP-00223,2026-03-30,Software Engineer,Software Engineer,Software Engineering,Sonoran Systems Lab,FinTech,Columbus,OH,United States,On-site,Internship,Internship,,,year,USD,AWS | Git | Java | Linux | Python | React | SQL,Azure | C++ | Communication | Docker,No degree specified,0,False,Synthetic internship opportunity in fintech focused on AWS and collaborative problem solving.,Parker Kim,parker.kim28@example.net,(555) 555-0122,synthetic_job_board,SYN-20260330-00223,True
CP-00224,2026-02-25,Cybersecurity Analyst,Cybersecurity Analyst,Cybersecurity,Summit Network Partners,Government Technology,San Diego,CA,United States,Remote,Associate,Contract,,,year,USD,AWS | Azure | Communication | Project Management | Python,AWS | Azure | Git | Project Management | SQL,Bachelor's degree preferred,2,True,Synthetic associate opportunity in government technology focused on AWS and collaborative problem solving.,Jordan Nguyen,jordan.nguyen29@example.org,(555) 555-0123,synthetic_job_board,SYN-20260225-00224,True
CP-00225,2026-02-20,Junior Data Analyst,Data Analyst,Data & Analytics,Peachtree Technology Group,Financial Services,Minneapolis,MN,United States,On-site,Internship,Internship,29000.0,37000.0,year,USD,Communication | Excel | Power BI | SQL | Tableau,AWS | Statistics,Associate degree,0,False,Synthetic internship opportunity in financial services focused on Communication and collaborative problem solving.,Morgan Lewis,morgan.lewis30@example.org,(555) 555-0124,synthetic_job_board,SYN-20260220-00225,True
CP-00226,2026-03-15,SOC Analyst,Cybersecurity Analyst,Cybersecurity,Rainier Cloud Group,Cybersecurity,Phoenix,AZ,United States,On-site,Entry Level,Full-time,60000.0,78000.0,year,USD,Communication | Cybersecurity | Incident Response | Linux | Networking | Python | SIEM,Git | Project Management | SQL,Bachelor's degree preferred,1,False,Synthetic entry level opportunity in cybersecurity focused on Communication and collaborative problem solving.,Jordan Kim,jordan.kim31@example.net,(555) 555-0125,synthetic_job_board,SYN-20260315-00226,True
CP-00227,2026-02-07,Backend Engineer,Software Engineer,Software Engineering,Rainier Cloud Group,HealthTech,Minneapolis,MN,United States,Remote,Entry Level,Full-time,70000.0,101000.0,year,USD,Communication | Git | Project Management | React | SQL,C++ | Communication | Docker | Project Management,Bachelor's degree,1,True,Synthetic entry level opportunity in healthtech focused on Communication and collaborative problem solving.,Morgan Brown,morgan.brown32@example.net,(555) 555-0126,synthetic_job_board,SYN-20260207-00227,True
CP-00228,2026-07-03,IT Support Specialist,IT Support Specialist,Information Technology,Keystone Energy Works,Managed Services,Columbus,OH,United States,Hybrid,Mid Level,Full-time,49000.0,66000.0,year,USD,Communication | Linux | Networking | Ticketing Systems | Windows,Cybersecurity | Project Management,Bachelor's degree,6,True,Synthetic mid level opportunity in managed services focused on Communication and collaborative problem solving.,Morgan Kim,morgan.kim33@example.com,(555) 555-0127,synthetic_job_board,SYN-20260703-00228,True
CP-00229,2026-06-21,Information Security Analyst,Cybersecurity Analyst,Cybersecurity,Cascade Secure Systems,Cloud Services,Chicago,IL,United States,Remote,Internship,Internship,35000.0,49000.0,year,USD,Communication | Git | Incident Response | Project Management,AWS | Project Management,High school diploma,0,True,Synthetic internship opportunity in cloud services focused on Communication and collaborative problem solving.,Casey Patel,casey.patel34@example.org,(555) 555-0128,synthetic_job_board,SYN-20260621-00229,True
CP-00230,2026-06-20,Business Data Analyst,Data Analyst,Data & Analytics,Blue Ridge Analytics,Financial Services,Boston,MA,United States,Remote,Internship,Internship,,,year,USD,AWS | Azure | Communication | Project Management | Tableau,AWS | Git | Project Management | Statistics,Bachelor's degree,0,True,Synthetic internship opportunity in financial services focused on AWS and collaborative problem solving.,Skyler Garcia,skyler.garcia35@example.net,(555) 555-0129,synthetic_job_board,SYN-20260620-00230,True
CP-00231,2026-02-23,Application Developer,Software Engineer,Software Engineering,Rainier Cloud Group,FinTech,Raleigh,NC,United States,On-site,Associate,Full-time,93000.0,111000.0,year,USD,JavaScript | Python | React | SQL,Azure | C++ | Communication | Docker | Project Management,Associate degree,3,False,Synthetic associate opportunity in fintech focused on JavaScript and collaborative problem solving.,Riley Martin,riley.martin36@example.net,(919) 555-0130,synthetic_job_board,SYN-20260223-00231,True
CP-00232,2026-05-20,Power Systems Engineer,Electrical Engineer,Electrical & Hardware Engineering,Keystone Energy Works,Robotics,Denver,CO,United States,On-site,Entry Level,Full-time,,,year,USD,AutoCAD | C++ | Circuit Design | Communication | MATLAB | Python,Arduino | Embedded C | Git | LabVIEW | Project Management,Bachelor's degree preferred,2,False,Synthetic entry level opportunity in robotics focused on AutoCAD and collaborative problem solving.,Skyler Lee,skyler.lee37@example.org,(555) 555-0131,synthetic_job_board,SYN-20260520-00232,True
CP-00233,2026-03-08,Security Operations Analyst,Cybersecurity Analyst,Cybersecurity,Potomac Digital Services,Cloud Services,Atlanta,GA,United States,Remote,Internship,Internship,34000.0,49000.0,year,USD,AWS | Azure | Git | Incident Response | Linux | Python | SIEM,AWS | Azure | Git | Project Management | SQL,No degree specified,0,True,Synthetic internship opportunity in cloud services focused on AWS and collaborative problem solving.,Jordan Lee,jordan.lee38@example.net,(555) 555-0132,synthetic_job_board,SYN-20260308-00233,True
CP-00234,2026-06-10,Junior Web Developer,Junior Developer,Software Engineering,Potomac Digital Services,Software,San Diego,CA,United States,Hybrid,Entry Level,Full-time,46000.0,62000.0,year,USD,Communication | Git | HTML/CSS | JavaScript | React | SQL,AWS | Java | Project Management,Bachelor's degree preferred,1,True,Synthetic entry level opportunity in software focused on Communication and collaborative problem solving.,Quinn Patel,quinn.patel39@example.net,,synthetic_job_board,SYN-20260610-00234,True
CP-00235,2026-05-15,Reporting Analyst,Data Analyst,Data & Analytics,Great Lakes Data Cooperative,Financial Services,Raleigh,NC,United States,Hybrid,Internship,Internship,27000.0,36000.0,year,USD,Communication | Excel | Power BI | Python | Tableau,Project Management | Statistics,Bachelor's degree,0,True,Synthetic internship opportunity in financial services focused on Communication and collaborative problem solving.,Taylor Garcia,taylor.garcia40@example.net,(919) 555-0134,synthetic_job_board,SYN-20260515-00235,True
CP-00236,2026-03-15,Data Analyst,Data Analyst,Data & Analytics,Orchard Education Labs,Retail,Baltimore,MD,United States,Remote,Mid Level,Full-time,65000.0,79000.0,year,USD,AWS | Communication | Data Visualization | Power BI | SQL,AWS | Git | Project Management | Statistics,Bachelor's degree,3,True,Synthetic mid level opportunity in retail focused on AWS and collaborative problem solving.,Parker Wilson,parker.wilson41@example.org,(410) 555-0135,synthetic_job_board,SYN-20260315-00236,True
CP-00237,2026-02-24,SOC Analyst,Cybersecurity Analyst,Cybersecurity,Cascade Secure Systems,Cloud Services,Portland,OR,United States,Remote,Internship,Internship,,,year,USD,Communication | Cybersecurity | Linux | Networking | Python,AWS | Git | Project Management | SQL,Bachelor's degree,0,True,Synthetic internship opportunity in cloud services focused on Communication and collaborative problem solving.,Riley Clark,riley.clark42@example.com,(555) 555-0136,synthetic_job_board,SYN-20260224-00237,True
CP-00238,2026-07-28,Product Data Analyst,Product Analyst,Data & Analytics,Front Range Controls,Consumer Technology,Austin,TX,United States,Remote,Associate,Full-time,66000.0,80000.0,year,USD,Data Visualization | Excel | Git | Product Analytics | Project Management | Python,JavaScript | Power BI | Statistics,Bachelor's degree,2,True,Synthetic associate opportunity in consumer technology focused on Data Visualization and collaborative problem solving.,Skyler Clark,skyler.clark43@example.org,(512) 555-0137,synthetic_job_board,SYN-20260728-00238,True
CP-00239,2026-05-22,Associate Product Analyst,Product Analyst,Data & Analytics,Sonoran Systems Lab,FinTech,Boston,MA,United States,Hybrid,Internship,Internship,,,year,USD,Communication | Data Visualization | Excel | Product Analytics | Python | SQL,JavaScript | Power BI | Project Management | Statistics | Tableau,Associate degree,0,True,Synthetic internship opportunity in fintech focused on Communication and collaborative problem solving.,Taylor Wilson,taylor.wilson44@example.net,(555) 555-0138,synthetic_job_board,SYN-20260522-00239,True
CP-00240,2026-06-14,Product Data Analyst,Product Analyst,Data & Analytics,Redwood Product Studio,Consumer Technology,Austin,TX,United States,Hybrid,Associate,Full-time,77000.0,101000.0,year,USD,Data Visualization | Excel | Product Analytics | SQL,Project Management | Statistics | Tableau,Bachelor's degree,2,True,Synthetic associate opportunity in consumer technology focused on Data Visualization and collaborative problem solving.,Quinn Smith,quinn.smith45@example.org,(512) 555-0139,synthetic_job_board,SYN-20260614-00240,True
CP-00241,2026-04-18,Product Analyst,Product Analyst,Data & Analytics,Great Lakes Data Cooperative,E-commerce,Columbus,OH,United States,Hybrid,Mid Level,Full-time,75000.0,95000.0,year,USD,Communication | Data Visualization | Excel | Product Analytics | Python | SQL,JavaScript | Power BI | Project Management | Statistics | Tableau,Bachelor's degree,4,True,Synthetic mid level opportunity in e-commerce focused on Communication and collaborative problem solving.,Quinn Lewis,quinn.lewis46@example.org,(555) 555-0140,synthetic_job_board,SYN-20260418-00241,True
CP-00242,2026-02-11,IoT Engineer,Embedded Systems Engineer,Electrical & Hardware Engineering,Pioneer Aerospace Works,Automotive,Portland,OR,United States,On-site,Mid Level,Full-time,97000.0,119000.0,year,USD,Arduino | Circuit Design | Embedded C | Git | Linux | Microcontrollers,Altium | Communication | MATLAB | Python | RTOS,Bachelor's degree preferred,3,False,Synthetic mid level opportunity in automotive focused on Arduino and collaborative problem solving.,Drew Brown,drew.brown47@example.net,(555) 555-0141,synthetic_job_board,SYN-20260211-00242,True
CP-00243,2026-07-26,Backend Engineer,Software Engineer,Software Engineering,Great Lakes Data Cooperative,HealthTech,San Diego,CA,United States,Hybrid,Entry Level,Full-time,,,year,USD,AWS | Java | JavaScript | Linux | Python | SQL,C++ | Communication | Docker,Bachelor's degree,1,True,Synthetic entry level opportunity in healthtech focused on AWS and collaborative problem solving.,Cameron Nguyen,cameron.nguyen48@example.org,(555) 555-0142,synthetic_job_board,SYN-20260726-00243,True
CP-00244,2026-04-24,Firmware Engineer,Embedded Systems Engineer,Electrical & Hardware Engineering,Sonoran Systems Lab,Automotive,Baltimore,MD,United States,Hybrid,Entry Level,Full-time,70000.0,87000.0,year,USD,Arduino | C++ | Circuit Design | Embedded C,Altium | Communication | RTOS,Bachelor's degree,0,True,Synthetic entry level opportunity in automotive focused on Arduino and collaborative problem solving.,Jordan Garcia,jordan.garcia49@example.com,(410) 555-0143,synthetic_job_board,SYN-20260424-00244,True
CP-00245,2026-06-28,Data Analyst,Data Analyst,Data & Analytics,Liberty Financial Tech,Financial Services,Salt Lake City,UT,United States,Remote,Senior,Full-time,102000.0,128000.0,year,USD,AWS | Communication | Git | Power BI | Project Management | Tableau,AWS | Git | Project Management | Statistics,No degree specified,8,True,Synthetic senior opportunity in financial services focused on AWS and collaborative problem solving.,Avery Martin,avery.martin50@example.com,(555) 555-0144,synthetic_job_board,SYN-20260628-00245,True
CP-00246,2026-07-22,Application Developer,Software Engineer,Software Engineering,Northstar Robotics,Software,Austin,TX,United States,Hybrid,Mid Level,Full-time,99000.0,136000.0,year,USD,Git | Java | JavaScript | Linux | Python | SQL,Azure | C++,Bachelor's degree,3,True,Synthetic mid level opportunity in software focused on Git and collaborative problem solving.,Drew Lee,drew.lee51@example.org,(512) 555-0145,synthetic_job_board,SYN-20260722-00246,True
CP-00247,2026-03-21,Automation Engineer,Automation Engineer,Electrical & Hardware Engineering,Front Range Controls,Advanced Manufacturing,Seattle,WA,United States,Hybrid,Entry Level,Full-time,64000.0,88000.0,year,USD,AutoCAD | Communication | MATLAB | PLC | Python,Arduino | Git | Robotics | SQL,High school diploma,0,True,Synthetic entry level opportunity in advanced manufacturing focused on AutoCAD and collaborative problem solving.,Skyler Garcia,skyler.garcia52@example.net,(206) 555-0146,synthetic_job_board,SYN-20260321-00247,True
CP-00248,2026-07-27,PLC Engineer,Automation Engineer,Electrical & Hardware Engineering,Keystone Energy Works,Food Production,Seattle,WA,United States,On-site,Entry Level,Full-time,65000.0,80000.0,year,USD,Control Systems | MATLAB | PLC | Python,Git | Project Management | Robotics | SQL,Bachelor's degree,2,False,Synthetic entry level opportunity in food production focused on Control Systems and collaborative problem solving.,Drew Lee,drew.lee53@example.org,(206) 555-0147,synthetic_job_board,SYN-20260727-00248,True
CP-00249,2026-06-10,SOC Analyst,Cybersecurity Analyst,Cybersecurity,Cascade Secure Systems,Financial Services,Portland,OR,United States,On-site,Associate,Full-time,73000.0,97000.0,year,USD,Cybersecurity | Incident Response | Linux | Networking | Python | SIEM,Azure | Git | Project Management | SQL,Bachelor's degree,3,False,Synthetic associate opportunity in financial services focused on Cybersecurity and collaborative problem solving.,Parker Davis,parker.davis54@example.com,(555) 555-0148,synthetic_job_board,SYN-20260610-00249,True
CP-00250,2026-05-14,SOC Analyst,Cybersecurity Analyst,Cybersecurity,Rainier Cloud Group,Cloud Services,Baltimore,MD,United States,Hybrid,Entry Level,Full-time,,,year,USD,Communication | Cybersecurity | Linux | Networking | SIEM,Azure | Git | Project Management,Associate degree,0,True,Synthetic entry level opportunity in cloud services focused on Communication and collaborative problem solving.,Reese Clark,reese.clark55@example.org,(410) 555-0149,synthetic_job_board,SYN-20260514-00250,True
CP-00251,2026-02-21,Network Engineer,Network Engineer,Information Technology,Hoosier Automation Co.,Government Technology,Indianapolis,IN,United States,Hybrid,Mid Level,Full-time,,,year,USD,Cisco | Communication | Cybersecurity | Linux | Networking | Python,Git | SIEM,Bachelor's degree preferred,6,True,Synthetic mid level opportunity in government technology focused on Cisco and collaborative problem solving.,Riley Kim,riley.kim56@example.net,(317) 555-0150,synthetic_job_board,SYN-20260221-00251,True
CP-00252,2026-03-29,Technical Support Specialist,IT Support Specialist,Information Technology,Cascade Secure Systems,Retail,Indianapolis,IN,United States,Hybrid,Mid Level,Full-time,,,year,USD,Communication | Linux | Networking | Technical Support | Ticketing Systems | Windows,Azure | Cybersecurity | Project Management | Python,No degree specified,6,True,Synthetic mid level opportunity in retail focused on Communication and collaborative problem solving.,Parker Davis,parker.davis57@example.com,(317) 555-0151,synthetic_job_board,SYN-20260329-00252,True
CP-00253,2026-04-15,Product Data Analyst,Product Analyst,Data & Analytics,Northstar Robotics,E-commerce,Boston,MA,United States,Hybrid,Mid Level,Full-time,84000.0,119000.0,year,USD,Data Visualization | Excel | Product Analytics | Python,JavaScript | Power BI | Project Management | Statistics,Bachelor's degree,6,True,Synthetic mid level opportunity in e-commerce focused on Data Visualization and collaborative problem solving.,Parker Clark,parker.clark58@example.net,(555) 555-0152,synthetic_job_board,SYN-20260415-00253,True
CP-00254,2026-06-17,Embedded Systems Engineer,Embedded Systems Engineer,Electrical & Hardware Engineering,Northstar Robotics,Robotics,Denver,CO,United States,Remote,Entry Level,Full-time,68000.0,84000.0,year,USD,AWS | Azure | C++ | Microcontrollers | Project Management,Altium | Communication | MATLAB | Python | RTOS,Bachelor's degree,1,True,Synthetic entry level opportunity in robotics focused on AWS and collaborative problem solving.,Riley Lewis,riley.lewis59@example.net,(555) 555-0153,synthetic_job_board,SYN-20260617-00254,True
CP-00255,2026-03-12,Junior Developer,Junior Developer,Software Engineering,Redwood Product Studio,Software,Baltimore,MD,United States,Remote,Internship,Internship,26000.0,35000.0,year,USD,AWS | Communication | Git | HTML/CSS | Python | SQL,AWS | Java | Linux,Bachelor's degree,0,True,Synthetic internship opportunity in software focused on AWS and collaborative problem solving.,Riley Davis,riley.davis60@example.net,(410) 555-0154,synthetic_job_board,SYN-20260312-00255,True
CP-00256,2026-07-10,SOC Analyst,Cybersecurity Analyst,Cybersecurity,Harborlight HealthTech,Cybersecurity,Seattle,WA,United States,Hybrid,Senior,Full-time,120000.0,161000.0,year,USD,Communication | Cybersecurity | Incident Response | Linux | Python | SIEM,AWS | Azure | Git,Bachelor's degree,7,True,Synthetic senior opportunity in cybersecurity focused on Communication and collaborative problem solving.,Parker Lewis,parker.lewis61@example.org,(206) 555-0155,synthetic_job_board,SYN-20260710-00256,True
CP-00257,2026-03-28,IT Support Specialist,IT Support Specialist,Information Technology,Summit Network Partners,Managed Services,Chicago,IL,United States,On-site,Entry Level,Contract,39000.0,52000.0,year,USD,Linux | Networking | Technical Support | Ticketing Systems,Azure | Project Management | Python,Bachelor's degree,0,False,Synthetic entry level opportunity in managed services focused on Linux and collaborative problem solving.,Casey Patel,casey.patel62@example.org,(555) 555-0156,synthetic_job_board,SYN-20260328-00257,True
CP-00258,2026-07-05,Information Security Analyst,Cybersecurity Analyst,Cybersecurity,Peachtree Technology Group,Cloud Services,Minneapolis,MN,United States,Remote,Mid Level,Contract,71000.0,97000.0,year,USD,Git | Networking | Python | SIEM,AWS | Azure | Project Management | SQL,Bachelor's degree,3,True,Synthetic mid level opportunity in cloud services focused on Git and collaborative problem solving.,Cameron Lewis,cameron.lewis63@example.com,(555) 555-0157,synthetic_job_board,SYN-20260705-00258,True
CP-00259,2026-02-12,Product Analyst,Product Analyst,Data & Analytics,Orchard Education Labs,FinTech,Minneapolis,MN,United States,On-site,Senior,Full-time,,,year,USD,Communication | Data Visualization | Excel | Product Analytics | Python | SQL,JavaScript | Project Management | Statistics | Tableau,Bachelor's degree,8,False,Synthetic senior opportunity in fintech focused on Communication and collaborative problem solving.,Casey Patel,casey.patel64@example.org,(555) 555-0158,synthetic_job_board,SYN-20260212-00259,True
CP-00260,2026-02-16,Junior Developer,Junior Developer,Software Engineering,Potomac Digital Services,E-commerce,Phoenix,AZ,United States,On-site,Mid Level,Full-time,63000.0,78000.0,year,USD,Git | HTML/CSS | JavaScript | Python | React | SQL,AWS | C++ | Java | Linux | Project Management,No degree specified,4,False,Synthetic mid level opportunity in e-commerce focused on Git and collaborative problem solving.,Taylor Wilson,taylor.wilson65@example.org,(555) 555-0159,synthetic_job_board,SYN-20260216-00260,True
CP-00261,2026-02-12,Infrastructure Engineer,Network Engineer,Information Technology,Summit Network Partners,Telecommunications,Atlanta,GA,United States,On-site,Entry Level,Full-time,,,year,USD,Cisco | Communication | Cybersecurity | Linux | Networking,AWS | Azure | Git | Project Management | SIEM,Bachelor's degree,0,False,Synthetic entry level opportunity in telecommunications focused on Cisco and collaborative problem solving.,Riley Lewis,riley.lewis66@example.org,(555) 555-0160,synthetic_job_board,SYN-20260212-00261,True
CP-00262,2026-06-03,Junior Network Engineer,Network Engineer,Information Technology,Blue Ridge Analytics,Managed Services,Salt Lake City,UT,United States,On-site,Associate,Full-time,64000.0,79000.0,year,USD,Cisco | Cybersecurity | Linux | Networking | Python,AWS | Azure | Git | Project Management | SIEM,Bachelor's degree,1,False,Synthetic associate opportunity in managed services focused on Cisco and collaborative problem solving.,Avery Garcia,avery.garcia67@example.com,(555) 555-0161,synthetic_job_board,SYN-20260603-00262,True
CP-00263,2026-06-02,Software Engineer,Software Engineer,Software Engineering,Rainier Cloud Group,FinTech,Seattle,WA,United States,Remote,Entry Level,Full-time,85000.0,115000.0,year,USD,AWS | Azure | Git | Linux | Project Management | Python | SQL,Azure | C++ | Communication,Bachelor's degree preferred,2,True,Synthetic entry level opportunity in fintech focused on AWS and collaborative problem solving.,Jordan Patel,jordan.patel68@example.com,(206) 555-0162,synthetic_job_board,SYN-20260602-00263,True
CP-00264,2026-07-27,SOC Analyst,Cybersecurity Analyst,Cybersecurity,Cascade Secure Systems,Government Technology,Atlanta,GA,United States,Hybrid,Mid Level,Full-time,90000.0,107000.0,year,USD,Communication | Cybersecurity | Linux | Networking | Python | SIEM,Azure | Git | Project Management | SQL,High school diploma,4,True,Synthetic mid level opportunity in government technology focused on Communication and collaborative problem solving.,Drew Garcia,drew.garcia69@example.net,(555) 555-0163,synthetic_job_board,SYN-20260727-00264,True
CP-00265,2026-04-22,Desktop Support Analyst,IT Support Specialist,Information Technology,Liberty Financial Tech,Retail,Austin,TX,United States,On-site,Entry Level,Full-time,42000.0,58000.0,year,USD,Linux | Technical Support | Ticketing Systems | Windows,Cybersecurity | Project Management,Bachelor's degree,1,False,Synthetic entry level opportunity in retail focused on Linux and collaborative problem solving.,Parker Clark,parker.clark70@example.com,(512) 555-0164,synthetic_job_board,SYN-20260422-00265,True
CP-00266,2026-04-20,Electrical Engineer,Electrical Engineer,Electrical & Hardware Engineering,Summit Network Partners,Advanced Manufacturing,Seattle,WA,United States,On-site,Senior,Full-time,109000.0,134000.0,year,USD,Altium | C++ | Circuit Design | Communication | MATLAB | PLC | Python,LabVIEW | Project Management,Bachelor's degree,6,False,Synthetic senior opportunity in advanced manufacturing focused on Altium and collaborative problem solving.,Reese Kim,reese.kim71@example.org,(206) 555-0165,synthetic_job_board,SYN-20260420-00266,True
CP-00267,2026-02-28,Industrial Automation Engineer,Automation Engineer,Electrical & Hardware Engineering,Keystone Energy Works,Food Production,Baltimore,MD,United States,Remote,Associate,Full-time,,,year,USD,AWS | Azure | Git | MATLAB | PLC | Project Management | Python,Arduino | Project Management | Robotics,Associate degree,1,True,Synthetic associate opportunity in food production focused on AWS and collaborative problem solving.,Avery Lee,avery.lee72@example.com,(410) 555-0166,synthetic_job_board,SYN-20260228-00267,True
CP-00268,2026-05-04,Full Stack Engineer,Software Engineer,Software Engineering,Axiom Circuit Labs,Cloud Services,Austin,TX,United States,On-site,Mid Level,Full-time,,,year,USD,Git | Java | JavaScript | Linux | React,Docker | Project Management,Bachelor's degree,5,False,Synthetic mid level opportunity in cloud services focused on Git and collaborative problem solving.,Morgan Wilson,morgan.wilson73@example.com,(512) 555-0167,synthetic_job_board,SYN-20260504-00268,True
CP-00269,2026-06-26,Full Stack Engineer,Software Engineer,Software Engineering,Blue Ridge Analytics,Cloud Services,Indianapolis,IN,United States,Hybrid,Senior,Full-time,,,year,USD,AWS | Java | Python | SQL,Azure | C++ | Communication | Docker | Project Management,Bachelor's degree,7,True,Synthetic senior opportunity in cloud services focused on AWS and collaborative problem solving.,Casey Wilson,casey.wilson74@example.org,(317) 555-0168,synthetic_job_board,SYN-20260626-00269,True
CP-00270,2026-03-03,Electrical Engineer,Electrical Engineer,Electrical & Hardware Engineering,Keystone Energy Works,Energy,Seattle,WA,United States,On-site,Associate,Full-time,68000.0,95000.0,year,USD,Altium | AutoCAD | Circuit Design | Communication | MATLAB | PLC | Python,Arduino | Embedded C | Git | LabVIEW | Project Management,Bachelor's degree preferred,3,False,Synthetic associate opportunity in energy focused on Altium and collaborative problem solving.,Drew Garcia,drew.garcia75@example.net,(206) 555-0169,synthetic_job_board,SYN-20260303-00270,True
CP-00271,2026-03-26,Controls Engineer,Automation Engineer,Electrical & Hardware Engineering,Front Range Controls,Advanced Manufacturing,Atlanta,GA,United States,On-site,Internship,Internship,,,year,USD,AutoCAD | Communication | Control Systems | MATLAB | PLC | Python,Git | Project Management | Robotics | SQL,No degree specified,0,False,Synthetic internship opportunity in advanced manufacturing focused on AutoCAD and collaborative problem solving.,Cameron Martin,cameron.martin76@example.com,(555) 555-0170,synthetic_job_board,SYN-20260326-00271,True
CP-00272,2026-06-03,IoT Engineer,Embedded Systems Engineer,Electrical & Hardware Engineering,Sonoran Systems Lab,Robotics,Columbus,OH,United States,On-site,Mid Level,Full-time,92000.0,109000.0,year,USD,C++ | Circuit Design | Embedded C | Linux,Altium | Python | RTOS,Bachelor's degree preferred,3,False,Synthetic mid level opportunity in robotics focused on C++ and collaborative problem solving.,Drew Brown,drew.brown77@example.com,(555) 555-0171,synthetic_job_board,SYN-20260603-00272,True
CP-00273,2026-03-17,Entry-Level Developer,Junior Developer,Software Engineering,Orchard Education Labs,Software,Boston,MA,United States,On-site,Internship,Internship,32000.0,38000.0,year,USD,Communication | Git | JavaScript | Python | SQL,Linux | Project Management,No degree specified,0,False,Synthetic internship opportunity in software focused on Communication and collaborative problem solving.,Drew Garcia,drew.garcia78@example.org,(555) 555-0172,synthetic_job_board,SYN-20260317-00273,True
CP-00274,2026-03-16,Junior Data Analyst,Data Analyst,Data & Analytics,Orchard Education Labs,Financial Services,Pittsburgh,PA,United States,Hybrid,Mid Level,Full-time,65000.0,81000.0,year,USD,Data Visualization | Excel | SQL | Tableau,Project Management | Statistics,High school diploma,4,True,Synthetic mid level opportunity in financial services focused on Data Visualization and collaborative problem solving.,Reese Lee,reese.lee79@example.com,(555) 555-0173,synthetic_job_board,SYN-20260316-00274,True
CP-00275,2026-05-06,Data Analyst,Data Analyst,Data & Analytics,Liberty Financial Tech,Healthcare,Chicago,IL,United States,Remote,Internship,Internship,,,year,USD,AWS | Azure | Power BI | Project Management | SQL,AWS | Project Management | Statistics,Bachelor's degree preferred,0,True,Synthetic internship opportunity in healthcare focused on AWS and collaborative problem solving.,Reese Patel,reese.patel80@example.com,(555) 555-0174,synthetic_job_board,SYN-20260506-00275,True
CP-00276,2026-05-18,SOC Analyst,Cybersecurity Analyst,Cybersecurity,Potomac Digital Services,Cybersecurity,Portland,OR,United States,On-site,Mid Level,Full-time,82000.0,106000.0,year,USD,Communication | Cybersecurity | Incident Response | Linux | Networking | Python | SIEM,AWS | Azure | Git | Project Management | SQL,Bachelor's degree,6,False,Synthetic mid level opportunity in cybersecurity focused on Communication and collaborative problem solving.,Drew Lewis,drew.lewis81@example.net,(555) 555-0175,synthetic_job_board,SYN-20260518-00276,True
CP-00277,2026-05-02,Business Data Analyst,Data Analyst,Data & Analytics,Keystone Energy Works,Retail,Portland,OR,United States,Remote,Associate,Full-time,54000.0,77000.0,year,USD,Azure | Communication | Git | Power BI | SQL,AWS | Git | Project Management | Statistics,Bachelor's degree,3,True,Synthetic associate opportunity in retail focused on Azure and collaborative problem solving.,Morgan Davis,morgan.davis82@example.org,(555) 555-0176,synthetic_job_board,SYN-20260502-00277,True
CP-00278,2026-04-24,SOC Analyst,Cybersecurity Analyst,Cybersecurity,Rainier Cloud Group,Financial Services,Boston,MA,United States,Hybrid,Mid Level,Full-time,111000.0,139000.0,year,USD,Cybersecurity | Incident Response | Linux | Networking | Python,AWS | Azure | Project Management,No degree specified,3,True,Synthetic mid level opportunity in financial services focused on Cybersecurity and collaborative problem solving.,Jordan Wilson,jordan.wilson83@example.com,(555) 555-0177,synthetic_job_board,SYN-20260424-00278,True
CP-00279,2026-07-22,Backend Engineer,Software Engineer,Software Engineering,Harborlight HealthTech,HealthTech,Atlanta,GA,United States,Remote,Entry Level,Full-time,72000.0,88000.0,year,USD,AWS | Azure | Communication | Java | JavaScript | Project Management | React,Azure | Project Management,Associate degree,0,True,Synthetic entry level opportunity in healthtech focused on AWS and collaborative problem solving.,Quinn Lewis,quinn.lewis84@example.com,(555) 555-0178,synthetic_job_board,SYN-20260722-00279,True
CP-00280,2026-03-17,Controls Engineer,Automation Engineer,Electrical & Hardware Engineering,Axiom Circuit Labs,Logistics,Indianapolis,IN,United States,Hybrid,Associate,Full-time,63000.0,81000.0,year,USD,Communication | MATLAB | PLC | Python,Git | SQL,Associate degree,1,True,Synthetic associate opportunity in logistics focused on Communication and collaborative problem solving.,Parker Davis,parker.davis85@example.net,(317) 555-0179,synthetic_job_board,SYN-20260317-00280,True
CP-00281,2026-04-08,Associate Product Analyst,Product Analyst,Data & Analytics,Great Lakes Data Cooperative,Software,San Diego,CA,United States,Hybrid,Entry Level,Full-time,,,year,USD,Communication | Data Visualization | Excel | Product Analytics | Python,Statistics | Tableau,Bachelor's degree,1,True,Synthetic entry level opportunity in software focused on Communication and collaborative problem solving.,Casey Clark,casey.clark86@example.com,(555) 555-0180,synthetic_job_board,SYN-20260408-00281,True
CP-00282,2026-03-02,Technical Support Specialist,IT Support Specialist,Information Technology,Peachtree Technology Group,Managed Services,Boston,MA,United States,Hybrid,Mid Level,Full-time,57000.0,82000.0,year,USD,Communication | Linux | Networking | Technical Support | Ticketing Systems | Windows,Azure | Cybersecurity | Project Management | Python,Bachelor's degree preferred,3,True,Synthetic mid level opportunity in managed services focused on Communication and collaborative problem solving.,Cameron Garcia,cameron.garcia87@example.com,(555) 555-0181,synthetic_job_board,SYN-20260302-00282,True
CP-00283,2026-04-10,Junior Electrical Engineer,Electrical Engineer,Electrical & Hardware Engineering,Axiom Circuit Labs,Robotics,Boston,MA,United States,On-site,Associate,Full-time,75000.0,101000.0,year,USD,Altium | C++ | Circuit Design | MATLAB | Python,Embedded C | LabVIEW | Project Management,Bachelor's degree,1,False,Synthetic associate opportunity in robotics focused on Altium and collaborative problem solving.,Parker Wilson,parker.wilson88@example.net,(555) 555-0182,synthetic_job_board,SYN-20260410-00283,True
CP-00284,2026-03-30,Controls Engineer,Automation Engineer,Electrical & Hardware Engineering,Hoosier Automation Co.,Food Production,Salt Lake City,UT,United States,On-site,Mid Level,Contract,80000.0,104000.0,year,USD,AutoCAD | Communication | Control Systems | MATLAB | PLC | Python,Arduino | Git | Robotics | SQL,Bachelor's degree,3,False,Synthetic mid level opportunity in food production focused on AutoCAD and collaborative problem solving.,Avery Smith,avery.smith89@example.com,(555) 555-0183,synthetic_job_board,SYN-20260330-00284,True
CP-00285,2026-07-23,Software Engineer,Software Engineer,Software Engineering,Cascade Secure Systems,Cloud Services,Phoenix,AZ,United States,Remote,Entry Level,Full-time,72000.0,86000.0,year,USD,Azure | Communication | Git | Java | Python | React | SQL,Azure | Communication,Bachelor's degree preferred,2,True,Synthetic entry level opportunity in cloud services focused on Azure and collaborative problem solving.,Riley Nguyen,riley.nguyen90@example.com,(555) 555-0184,synthetic_job_board,SYN-20260723-00285,True
CP-00286,2026-02-06,Network Engineer,Network Engineer,Information Technology,Summit Network Partners,Managed Services,Raleigh,NC,United States,Remote,Mid Level,Full-time,,,year,USD,AWS | Cisco | Communication | Cybersecurity | Linux | Python,AWS | Git | Project Management | SIEM,No degree specified,6,True,Synthetic mid level opportunity in managed services focused on AWS and collaborative problem solving.,Parker Patel,parker.patel91@example.net,(919) 555-0185,synthetic_job_board,SYN-20260206-00286,True
CP-00287,2026-02-11,Industrial Automation Engineer,Automation Engineer,Electrical & Hardware Engineering,Northstar Robotics,Logistics,Indianapolis,IN,United States,On-site,Mid Level,Full-time,68000.0,98000.0,year,USD,Communication | Control Systems | MATLAB | PLC | Python,Arduino | Robotics,No degree specified,3,False,Synthetic mid level opportunity in logistics focused on Communication and collaborative problem solving.,Riley Smith,riley.smith92@example.org,(317) 555-0186,synthetic_job_board,SYN-20260211-00287,True
CP-00288,2026-07-02,Full Stack Engineer,Software Engineer,Software Engineering,Cascade Secure Systems,Cloud Services,Denver,CO,United States,Remote,Associate,Full-time,91000.0,112000.0,year,USD,Java | JavaScript | Project Management | SQL,Azure | Communication | Project Management,No degree specified,3,True,Synthetic associate opportunity in cloud services focused on Java and collaborative problem solving.,Parker Garcia,parker.garcia93@example.com,(555) 555-0187,synthetic_job_board,SYN-20260702-00288,True
CP-00289,2026-02-20,Embedded Systems Engineer,Embedded Systems Engineer,Electrical & Hardware Engineering,Pioneer Aerospace Works,Automotive,San Diego,CA,United States,Hybrid,Mid Level,Full-time,126000.0,154000.0,year,USD,Arduino | Circuit Design | Embedded C | Git | Linux | Microcontrollers,Altium | Communication | MATLAB | Python | RTOS,Bachelor's degree,5,True,Synthetic mid level opportunity in automotive focused on Arduino and collaborative problem solving.,Taylor Wilson,taylor.wilson94@example.net,(555) 555-0188,synthetic_job_board,SYN-20260220-00289,True
CP-00290,2026-03-12,Associate Product Analyst,Product Analyst,Data & Analytics,Keystone Energy Works,Consumer Technology,Denver,CO,United States,Remote,Senior,Full-time,101000.0,128000.0,year,USD,AWS | Azure | Git | Product Analytics | Project Management | SQL,JavaScript | Power BI | Project Management | Tableau,Bachelor's degree,7,True,Synthetic senior opportunity in consumer technology focused on AWS and collaborative problem solving.,Skyler Kim,skyler.kim95@example.org,(555) 555-0189,synthetic_job_board,SYN-20260312-00290,True
CP-00291,2026-04-30,Power Systems Engineer,Electrical Engineer,Electrical & Hardware Engineering,Keystone Energy Works,Energy,Portland,OR,United States,On-site,Internship,Internship,32000.0,41000.0,year,USD,Altium | AutoCAD | C++ | Circuit Design | Communication | MATLAB | PLC,Arduino | Git | LabVIEW | Project Management,Bachelor's degree preferred,0,False,Synthetic internship opportunity in energy focused on Altium and collaborative problem solving.,Avery Patel,avery.patel96@example.net,(555) 555-0190,synthetic_job_board,SYN-20260430-00291,True
CP-00292,2026-05-13,Associate Product Analyst,Product Analyst,Data & Analytics,Rainier Cloud Group,Consumer Technology,Seattle,WA,United States,On-site,Mid Level,Full-time,104000.0,131000.0,year,USD,Communication | Data Visualization | Excel | Product Analytics | Python | SQL,JavaScript | Power BI | Project Management | Statistics | Tableau,Bachelor's degree preferred,6,False,Synthetic mid level opportunity in consumer technology focused on Communication and collaborative problem solving.,Drew Davis,drew.davis0@example.org,(206) 555-0191,synthetic_job_board,SYN-20260513-00292,True
CP-00293,2026-06-15,Embedded Systems Engineer,Embedded Systems Engineer,Electrical & Hardware Engineering,Peachtree Technology Group,Automotive,Salt Lake City,UT,United States,Hybrid,Associate,Full-time,67000.0,88000.0,year,USD,Arduino | C++ | Circuit Design | Embedded C | Git | Microcontrollers,Altium | Communication | MATLAB | Python | RTOS,No degree specified,3,True,Synthetic associate opportunity in automotive focused on Arduino and collaborative problem solving.,Riley Wilson,riley.wilson1@example.org,(555) 555-0192,synthetic_job_board,SYN-20260615-00293,True
CP-00294,2026-07-26,Infrastructure Engineer,Network Engineer,Information Technology,Harborlight HealthTech,Telecommunications,Minneapolis,MN,United States,On-site,Internship,Internship,32000.0,42000.0,year,USD,Cisco | Communication | Cybersecurity | Linux | Networking | Python,Azure | Git | Project Management,Bachelor's degree preferred,0,False,Synthetic internship opportunity in telecommunications focused on Cisco and collaborative problem solving.,Parker Wilson,parker.wilson2@example.net,(555) 555-0193,synthetic_job_board,SYN-20260726-00294,True
CP-00295,2026-06-19,Infrastructure Engineer,Network Engineer,Information Technology,Rainier Cloud Group,Cloud Services,Raleigh,NC,United States,Hybrid,Associate,Contract,73000.0,87000.0,year,USD,Cisco | Communication | Cybersecurity | Linux | Networking | Python,AWS | Azure | Git | Project Management | SIEM,Bachelor's degree,2,True,Synthetic associate opportunity in cloud services focused on Cisco and collaborative problem solving.,Skyler Nguyen,skyler.nguyen3@example.org,(919) 555-0194,synthetic_job_board,SYN-20260619-00295,True
CP-00296,2026-05-25,Junior Developer,Junior Developer,Software Engineering,Keystone Energy Works,Education Technology,Indianapolis,IN,United States,Remote,Mid Level,Contract,60000.0,82000.0,year,USD,AWS | Azure | Git | React | SQL,AWS | C++ | Linux | Project Management,Associate degree,4,True,Synthetic mid level opportunity in education technology focused on AWS and collaborative problem solving.,Reese Kim,reese.kim4@example.net,(317) 555-0195,synthetic_job_board,SYN-20260525-00296,True
CP-00297,2026-04-05,Cybersecurity Analyst,Cybersecurity Analyst,Cybersecurity,Cascade Secure Systems,Government Technology,Austin,TX,United States,Hybrid,Internship,Internship,,,year,USD,Communication | Cybersecurity | Incident Response | Linux | Networking | Python | SIEM,AWS | Git | Project Management | SQL,No degree specified,0,True,Synthetic internship opportunity in government technology focused on Communication and collaborative problem solving.,Reese Lewis,reese.lewis5@example.net,(512) 555-0196,synthetic_job_board,SYN-20260405-00297,True
CP-00298,2026-03-27,Product Analyst,Product Analyst,Data & Analytics,Blue Ridge Analytics,E-commerce,Atlanta,GA,United States,Remote,Entry Level,Full-time,54000.0,70000.0,year,USD,AWS | Data Visualization | Excel | Git | Product Analytics | Project Management | SQL,JavaScript | Project Management | Statistics | Tableau,Bachelor's degree,2,True,Synthetic entry level opportunity in e-commerce focused on AWS and collaborative problem solving.,Taylor Davis,taylor.davis6@example.com,(555) 555-0197,synthetic_job_board,SYN-20260327-00298,True
CP-00299,2026-05-02,Electrical Engineer,Electrical Engineer,Electrical & Hardware Engineering,Front Range Controls,Energy,Baltimore,MD,United States,On-site,Entry Level,Full-time,65000.0,78000.0,year,USD,Altium | AutoCAD | C++ | Circuit Design | Communication,Arduino | LabVIEW,Bachelor's degree,2,False,Synthetic entry level opportunity in energy focused on Altium and collaborative problem solving.,Quinn Martin,quinn.martin7@example.com,(410) 555-0198,synthetic_job_board,SYN-20260502-00299,True
CP-00300,2026-03-18,PLC Engineer,Automation Engineer,Electrical & Hardware Engineering,Axiom Circuit Labs,Energy,Raleigh,NC,United States,On-site,Entry Level,Full-time,53000.0,70000.0,year,USD,AutoCAD | Communication | PLC | Python,Project Management | Robotics,Bachelor's degree,2,False,Synthetic entry level opportunity in energy focused on AutoCAD and collaborative problem solving.,Riley Smith,riley.smith8@example.com,(919) 555-0199,synthetic_job_board,SYN-20260318-00300,True
CP-00301,2026-03-07,Entry-Level Developer,Junior Developer,Software Engineering,Potomac Digital Services,Digital Agency,Chicago,IL,United States,On-site,Entry Level,Full-time,,,year,USD,Communication | Git | JavaScript | React | SQL,AWS | C++ | Java | Linux | Project Management,Bachelor's degree preferred,0,False,Synthetic entry level opportunity in digital agency focused on Communication and collaborative problem solving.,Avery Smith,avery.smith9@example.com,(555) 555-0100,synthetic_job_board,SYN-20260307-00301,True
CP-00302,2026-06-22,Software Engineer,Software Engineer,Software Engineering,Blue Ridge Analytics,Software,Baltimore,MD,United States,Remote,Internship,Internship,35000.0,49000.0,year,USD,Communication | Linux | React | SQL,Azure | C++ | Communication | Docker | Project Management,Associate degree,0,True,Synthetic internship opportunity in software focused on Communication and collaborative problem solving.,Parker Lewis,parker.lewis10@example.org,(410) 555-0101,synthetic_job_board,SYN-20260622-00302,True
CP-00303,2026-07-28,Backend Engineer,Software Engineer,Software Engineering,Rainier Cloud Group,Cloud Services,Denver,CO,United States,Hybrid,Entry Level,Full-time,72000.0,99000.0,year,USD,AWS | Java | JavaScript | Linux | SQL,Azure | Communication | Docker,Bachelor's degree,2,True,Synthetic entry level opportunity in cloud services focused on AWS and collaborative problem solving.,Jordan Lewis,jordan.lewis11@example.net,(555) 555-0102,synthetic_job_board,SYN-20260728-00303,True
CP-00304,2026-06-08,IoT Engineer,Embedded Systems Engineer,Electrical & Hardware Engineering,Potomac Digital Services,Medical Devices,Indianapolis,IN,United States,Hybrid,Entry Level,Full-time,55000.0,71000.0,year,USD,Arduino | Circuit Design | Embedded C | Git | Linux | Microcontrollers,Altium | Python,Bachelor's degree,0,True,Synthetic entry level opportunity in medical devices focused on Arduino and collaborative problem solving.,Parker Wilson,parker.wilson12@example.org,(317) 555-0103,synthetic_job_board,SYN-20260608-00304,True
CP-00305,2026-06-13,Automation Engineer,Automation Engineer,Electrical & Hardware Engineering,Rainier Cloud Group,Advanced Manufacturing,Portland,OR,United States,Hybrid,Entry Level,Full-time,68000.0,85000.0,year,USD,AutoCAD | Communication | Control Systems | MATLAB | PLC | Python,Arduino | Git | Project Management | Robotics,Bachelor's degree,1,True,Synthetic entry level opportunity in advanced manufacturing focused on AutoCAD and collaborative problem solving.,Parker Smith,parker.smith13@example.org,(555) 555-0104,synthetic_job_board,SYN-20260613-00305,True
CP-00306,2026-07-12,Full Stack Engineer,Software Engineer,Software Engineering,Cascade Secure Systems,FinTech,San Diego,CA,United States,Hybrid,Mid Level,Full-time,,,year,USD,AWS | Java | JavaScript | Linux,Azure | Communication,Bachelor's degree,5,True,Synthetic mid level opportunity in fintech focused on AWS and collaborative problem solving.,Quinn Lewis,quinn.lewis14@example.net,(555) 555-0105,synthetic_job_board,SYN-20260712-00306,True
CP-00307,2026-04-23,Entry-Level Developer,Junior Developer,Software Engineering,Front Range Controls,Software,Columbus,OH,United States,On-site,Senior,Full-time,82000.0,109000.0,year,USD,Communication | Git | HTML/CSS | JavaScript | Python | React | SQL,AWS | Linux | Project Management,Bachelor's degree,8,False,Synthetic senior opportunity in software focused on Communication and collaborative problem solving.,Drew Garcia,drew.garcia15@example.org,(555) 555-0106,synthetic_job_board,SYN-20260423-00307,True
CP-00308,2026-06-07,Associate Product Analyst,Product Analyst,Data & Analytics,Northstar Robotics,E-commerce,Raleigh,NC,United States,Remote,Mid Level,Full-time,79000.0,109000.0,year,USD,AWS | Azure | Git | Project Management,JavaScript | Project Management | Statistics | Tableau,Bachelor's degree,5,True,Synthetic mid level opportunity in e-commerce focused on AWS and collaborative problem solving.,Jordan Garcia,jordan.garcia16@example.net,(919) 555-0107,synthetic_job_board,SYN-20260607-00308,True
CP-00309,2026-07-19,Full Stack Engineer,Software Engineer,Software Engineering,Pioneer Aerospace Works,FinTech,Baltimore,MD,United States,On-site,Senior,Full-time,,,year,USD,AWS | Git | Java | Python | React | SQL,Azure | C++ | Communication | Docker | Project Management,Associate degree,6,False,Synthetic senior opportunity in fintech focused on AWS and collaborative problem solving.,Avery Garcia,avery.garcia17@example.com,(410) 555-0108,synthetic_job_board,SYN-20260719-00309,True
CP-00310,2026-03-26,Network Operations Engineer,Network Engineer,Information Technology,Summit Network Partners,Telecommunications,Pittsburgh,PA,United States,Remote,Mid Level,Full-time,,,year,USD,Azure | Cybersecurity | Linux | Python,AWS | Git,Bachelor's degree,3,True,Synthetic mid level opportunity in telecommunications focused on Azure and collaborative problem solving.,Quinn Lee,quinn.lee18@example.net,(555) 555-0109,synthetic_job_board,SYN-20260326-00310,True
CP-00311,2026-02-26,Software Engineer,Software Engineer,Software Engineering,Great Lakes Data Cooperative,Software,Chicago,IL,United States,Remote,Associate,Contract,81000.0,111000.0,year,USD,Communication | Java | Linux | Python | SQL,Azure | C++ | Communication | Docker | Project Management,Bachelor's degree preferred,2,True,Synthetic associate opportunity in software focused on Communication and collaborative problem solving.,Drew Wilson,drew.wilson19@example.com,(555) 555-0110,synthetic_job_board,SYN-20260226-00311,True
CP-00312,2026-03-22,Data Analyst,Data Analyst,Data & Analytics,Rainier Cloud Group,Retail,Denver,CO,United States,Remote,Internship,Internship,,,year,USD,Communication | Excel | Power BI | Project Management | Python,AWS | Git | Project Management | Statistics,Bachelor's degree,0,True,Synthetic internship opportunity in retail focused on Communication and collaborative problem solving.,Jordan Clark,jordan.clark20@example.net,(555) 555-0111,synthetic_job_board,SYN-20260322-00312,True
CP-00313,2026-03-23,Security Operations Analyst,Cybersecurity Analyst,Cybersecurity,Redwood Product Studio,Cybersecurity,Baltimore,MD,United States,On-site,Associate,Full-time,72000.0,94000.0,year,USD,Communication | Linux | Networking | Python | SIEM,AWS | Azure | Git | Project Management | SQL,Bachelor's degree,2,False,Synthetic associate opportunity in cybersecurity focused on Communication and collaborative problem solving.,Reese Lewis,reese.lewis21@example.com,,synthetic_job_board,SYN-20260323-00313,True
CP-00314,2026-07-30,Security Operations Analyst,Cybersecurity Analyst,Cybersecurity,Rainier Cloud Group,Cybersecurity,Chicago,IL,United States,Remote,Associate,Full-time,70000.0,96000.0,year,USD,Azure | Project Management | Python | SIEM,Azure | Git,Bachelor's degree,1,True,Synthetic associate opportunity in cybersecurity focused on Azure and collaborative problem solving.,Taylor Lee,taylor.lee22@example.org,(555) 555-0113,synthetic_job_board,SYN-20260730-00314,True
CP-00315,2026-04-29,SOC Analyst,Cybersecurity Analyst,Cybersecurity,Potomac Digital Services,Financial Services,Chicago,IL,United States,On-site,Internship,Internship,35000.0,42000.0,year,USD,Communication | Cybersecurity | Python | SIEM,Git | Project Management,Bachelor's degree,0,False,Synthetic internship opportunity in financial services focused on Communication and collaborative problem solving.,Drew Kim,drew.kim23@example.org,(555) 555-0114,synthetic_job_board,SYN-20260429-00315,True
CP-00316,2026-03-17,Embedded Systems Engineer,Embedded Systems Engineer,Electrical & Hardware Engineering,Blue Ridge Analytics,Aerospace,Salt Lake City,UT,United States,On-site,Associate,Full-time,70000.0,95000.0,year,USD,Arduino | Embedded C | Git | Linux | Microcontrollers,Altium | Communication | Python,Associate degree,2,False,Synthetic associate opportunity in aerospace focused on Arduino and collaborative problem solving.,Avery Brown,avery.brown24@example.net,(555) 555-0115,synthetic_job_board,SYN-20260317-00316,True
CP-00317,2026-05-22,Junior Data Analyst,Data Analyst,Data & Analytics,Blue Ridge Analytics,Consulting,Portland,OR,United States,On-site,Internship,Internship,29000.0,41000.0,year,USD,Communication | Data Visualization | Excel | Python | SQL | Tableau,Git | Project Management | Statistics,Bachelor's degree,0,False,Synthetic internship opportunity in consulting focused on Communication and collaborative problem solving.,Taylor Kim,taylor.kim25@example.org,(555) 555-0116,synthetic_job_board,SYN-20260522-00317,True
CP-00318,2026-03-01,IoT Engineer,Embedded Systems Engineer,Electrical & Hardware Engineering,Great Lakes Data Cooperative,Aerospace,Salt Lake City,UT,United States,Remote,Internship,Internship,34000.0,49000.0,year,USD,AWS | Arduino | Circuit Design | Communication | Embedded C | Microcontrollers,Altium | MATLAB,No degree specified,0,True,Synthetic internship opportunity in aerospace focused on AWS and collaborative problem solving.,Avery Clark,avery.clark26@example.net,(555) 555-0117,synthetic_job_board,SYN-20260301-00318,True
CP-00319,2026-03-30,IoT Engineer,Embedded Systems Engineer,Electrical & Hardware Engineering,Northstar Robotics,Robotics,Pittsburgh,PA,United States,Hybrid,Mid Level,Full-time,100000.0,119000.0,year,USD,Arduino | Circuit Design | Linux | Microcontrollers,Altium | RTOS,,4,True,Synthetic mid level opportunity in robotics focused on Arduino and collaborative problem solving.,Quinn Martin,quinn.martin27@example.com,(555) 555-0118,synthetic_job_board,SYN-20260330-00319,True
CP-00320,2026-04-21,Reporting Analyst,Data Analyst,Data & Analytics,Great Lakes Data Cooperative,Retail,Portland,OR,United States,Hybrid,Internship,Internship,31000.0,39000.0,year,USD,Communication | Excel | Python | SQL | Tableau,AWS | Git | Project Management | Statistics,Bachelor's degree preferred,0,True,Synthetic internship opportunity in retail focused on Communication and collaborative problem solving.,Drew Patel,drew.patel28@example.org,(555) 555-0119,synthetic_job_board,SYN-20260421-00320,True
CP-00321,2026-07-15,Junior Network Engineer,Network Engineer,Information Technology,Northstar Robotics,Cloud Services,San Diego,CA,United States,Remote,Mid Level,Full-time,96000.0,129000.0,year,USD,Azure | Cybersecurity | Networking | Project Management,AWS | Azure | Git,Bachelor's degree,3,True,Synthetic mid level opportunity in cloud services focused on Azure and collaborative problem solving.,Avery Smith,avery.smith29@example.com,(555) 555-0120,synthetic_job_board,SYN-20260715-00321,True
CP-00322,2026-02-19,Entry-Level Developer,Junior Developer,Software Engineering,Orchard Education Labs,E-commerce,Seattle,WA,United States,Remote,Mid Level,Full-time,65000.0,88000.0,year,USD,AWS | Communication | Git | Python,C++ | Project Management,High school diploma,4,True,Synthetic mid level opportunity in e-commerce focused on AWS and collaborative problem solving.,Reese Davis,reese.davis30@example.org,(206) 555-0121,synthetic_job_board,SYN-20260219-00322,True
CP-00323,2026-05-01,Junior Data Analyst,Data Analyst,Data & Analytics,Potomac Digital Services,Retail,Boston,MA,United States,Remote,Internship,Internship,30000.0,42000.0,year,USD,Azure | Communication | Excel | Power BI | Python | Tableau,Project Management | Statistics,Bachelor's degree preferred,0,True,Synthetic internship opportunity in retail focused on Azure and collaborative problem solving.,Cameron Wilson,cameron.wilson31@example.net,(555) 555-0122,synthetic_job_board,SYN-20260501-00323,True
CP-00324,2026-03-20,Data Analyst,Data Analyst,Data & Analytics,Summit Network Partners,Consulting,Denver,CO,United States,On-site,Associate,Full-time,58000.0,69000.0,year,USD,Communication | Data Visualization | Python | SQL | Tableau,Git | Statistics,Bachelor's degree,1,False,Synthetic associate opportunity in consulting focused on Communication and collaborative problem solving.,Riley Clark,riley.clark32@example.net,(555) 555-0123,synthetic_job_board,SYN-20260320-00324,True
CP-00325,2026-02-24,Full Stack Engineer,Software Engineer,Software Engineering,Blue Ridge Analytics,FinTech,Chicago,IL,United States,Remote,Entry Level,Full-time,60000.0,78000.0,year,USD,Azure | Java | Project Management | Python,Azure | C++ | Communication | Project Management,Bachelor's degree preferred,2,True,Synthetic entry level opportunity in fintech focused on Azure and collaborative problem solving.,Casey Brown,casey.brown33@example.net,(555) 555-0124,synthetic_job_board,SYN-20260224-00325,True
CP-00326,2026-02-12,Junior Web Developer,Junior Developer,Software Engineering,Peachtree Technology Group,Software,Phoenix,AZ,United States,Remote,Entry Level,Part-time,41000.0,53000.0,year,USD,AWS | Azure | HTML/CSS | JavaScript | Python,C++ | Java | Linux,No degree specified,2,True,Synthetic entry level opportunity in software focused on AWS and collaborative problem solving.,Jordan Lee,jordan.lee34@example.net,(555) 555-0125,synthetic_job_board,SYN-20260212-00326,True
CP-00327,2026-06-22,Embedded Systems Engineer,Embedded Systems Engineer,Electrical & Hardware Engineering,Hoosier Automation Co.,Robotics,Pittsburgh,PA,United States,On-site,Mid Level,Full-time,87000.0,115000.0,year,USD,Arduino | Circuit Design | Embedded C | Git | Microcontrollers,Altium | MATLAB,Bachelor's degree,3,False,Synthetic mid level opportunity in robotics focused on Arduino and collaborative problem solving.,Parker Clark,parker.clark35@example.com,(555) 555-0126,synthetic_job_board,SYN-20260622-00327,True
CP-00328,2026-02-08,Entry-Level Developer,Junior Developer,Software Engineering,Orchard Education Labs,Education Technology,Chicago,IL,United States,On-site,Associate,Part-time,48000.0,61000.0,year,USD,Communication | Git | HTML/CSS | JavaScript | Python | React | SQL,AWS | C++ | Java | Linux | Project Management,Bachelor's degree,2,False,Synthetic associate opportunity in education technology focused on Communication and collaborative problem solving.,Riley Brown,riley.brown36@example.org,(555) 555-0127,synthetic_job_board,SYN-20260208-00328,True
CP-00329,2026-07-08,Firmware Engineer,Embedded Systems Engineer,Electrical & Hardware Engineering,Hoosier Automation Co.,Automotive,Seattle,WA,United States,On-site,Associate,Full-time,77000.0,98000.0,year,USD,Arduino | C++ | Circuit Design | Embedded C | Git | Linux | Microcontrollers,Altium | Communication | MATLAB | RTOS,Bachelor's degree,1,False,Synthetic associate opportunity in automotive focused on Arduino and collaborative problem solving.,Taylor Smith,taylor.smith37@example.org,(206) 555-0128,synthetic_job_board,SYN-20260708-00329,True
CP-00330,2026-05-18,Automation Engineer,Automation Engineer,Electrical & Hardware Engineering,Keystone Energy Works,Advanced Manufacturing,Atlanta,GA,United States,On-site,Associate,Full-time,67000.0,86000.0,year,USD,AutoCAD | Control Systems | MATLAB | PLC,Git | Project Management,Bachelor's degree preferred,2,False,Synthetic associate opportunity in advanced manufacturing focused on AutoCAD and collaborative problem solving.,Skyler Brown,skyler.brown38@example.com,(555) 555-0129,synthetic_job_board,SYN-20260518-00330,True
CP-00331,2026-05-31,Electrical Engineer,Electrical Engineer,Electrical & Hardware Engineering,Axiom Circuit Labs,Robotics,Atlanta,GA,United States,On-site,Associate,Contract,,,year,USD,Altium | AutoCAD | C++ | PLC | Python,Arduino | Embedded C | Git | LabVIEW,Associate degree,2,False,Synthetic associate opportunity in robotics focused on Altium and collaborative problem solving.,Drew Brown,drew.brown39@example.com,(555) 555-0130,synthetic_job_board,SYN-20260531-00331,True
CP-00332,2026-05-15,Technical Support Specialist,IT Support Specialist,Information Technology,Summit Network Partners,Healthcare,Austin,TX,United States,On-site,Associate,Full-time,42000.0,53000.0,year,USD,Communication | Linux | Technical Support | Ticketing Systems | Windows,Azure | Project Management | Python,Associate degree,2,False,Synthetic associate opportunity in healthcare focused on Communication and collaborative problem solving.,Morgan Brown,morgan.brown40@example.com,(512) 555-0131,synthetic_job_board,SYN-20260515-00332,True
CP-00333,2026-03-16,Security Operations Analyst,Cybersecurity Analyst,Cybersecurity,Summit Network Partners,Financial Services,San Diego,CA,United States,Hybrid,Mid Level,Full-time,83000.0,106000.0,year,USD,Communication | Cybersecurity | Incident Response | Linux | Networking | Python | SIEM,AWS | Git | Project Management | SQL,Bachelor's degree preferred,6,True,Synthetic mid level opportunity in financial services focused on Communication and collaborative problem solving.,Jordan Smith,jordan.smith41@example.org,(555) 555-0132,synthetic_job_board,SYN-20260316-00333,True
CP-00334,2026-05-03,Digital Product Analyst,Product Analyst,Data & Analytics,Summit Network Partners,Consumer Technology,Raleigh,NC,United States,Hybrid,Senior,Contract,101000.0,121000.0,year,USD,Communication | Excel | Product Analytics | Python | SQL,JavaScript | Power BI | Tableau,Bachelor's degree,7,True,Synthetic senior opportunity in consumer technology focused on Communication and collaborative problem solving.,Reese Smith,reese.smith42@example.org,(919) 555-0133,synthetic_job_board,SYN-20260503-00334,True
CP-00335,2026-06-11,IoT Engineer,Embedded Systems Engineer,Electrical & Hardware Engineering,Axiom Circuit Labs,Medical Devices,Raleigh,NC,United States,On-site,Mid Level,Full-time,95000.0,125000.0,year,USD,C++ | Embedded C | Git | Microcontrollers,Altium | Communication | MATLAB | Python | RTOS,Bachelor's degree preferred,6,False,Synthetic mid level opportunity in medical devices focused on C++ and collaborative problem solving.,Skyler Clark,skyler.clark43@example.net,(919) 555-0134,synthetic_job_board,SYN-20260611-00335,True
CP-00336,2026-02-17,Electrical Design Engineer,Electrical Engineer,Electrical & Hardware Engineering,Keystone Energy Works,Robotics,Denver,CO,United States,On-site,Entry Level,Full-time,53000.0,74000.0,year,USD,Altium | AutoCAD | Circuit Design | Communication | MATLAB | PLC | Python,Arduino | Embedded C | Git | LabVIEW | Project Management,No degree specified,1,False,Synthetic entry level opportunity in robotics focused on Altium and collaborative problem solving.,Drew Brown,drew.brown44@example.com,(555) 555-0135,synthetic_job_board,SYN-20260217-00336,True
CP-00337,2026-03-21,Backend Engineer,Software Engineer,Software Engineering,Great Lakes Data Cooperative,Cloud Services,Baltimore,MD,United States,Remote,Mid Level,Full-time,94000.0,124000.0,year,USD,Azure | JavaScript | Linux | Project Management | React | SQL,Azure | C++ | Communication | Docker | Project Management,Bachelor's degree,3,True,Synthetic mid level opportunity in cloud services focused on Azure and collaborative problem solving.,Riley Nguyen,riley.nguyen45@example.org,(410) 555-0136,synthetic_job_board,SYN-20260321-00337,True
CP-00338,2026-02-17,Data Analyst,Data Analyst,Data & Analytics,Keystone Energy Works,Consulting,Baltimore,MD,United States,Hybrid,Internship,Internship,31000.0,38000.0,year,USD,Communication | Data Visualization | Excel | Power BI | Python | SQL | Tableau,AWS | Git | Project Management | Statistics,Bachelor's degree preferred,0,True,Synthetic internship opportunity in consulting focused on Communication and collaborative problem solving.,Parker Patel,parker.patel46@example.org,(410) 555-0137,synthetic_job_board,SYN-20260217-00338,True
CP-00339,2026-03-18,Backend Engineer,Software Engineer,Software Engineering,Pioneer Aerospace Works,FinTech,Seattle,WA,United States,Hybrid,Senior,Full-time,148000.0,204000.0,year,USD,AWS | Git | Java | Linux | Python | React,Azure | Project Management,Bachelor's degree,10,True,Synthetic senior opportunity in fintech focused on AWS and collaborative problem solving.,Avery Lee,avery.lee47@example.net,(206) 555-0138,synthetic_job_board,SYN-20260318-00339,True
CP-00340,2026-05-21,Junior Electrical Engineer,Electrical Engineer,Electrical & Hardware Engineering,Keystone Energy Works,Robotics,Raleigh,NC,United States,Hybrid,Mid Level,Full-time,74000.0,100000.0,year,USD,Altium | AutoCAD | C++ | Circuit Design | Communication | MATLAB | PLC,Arduino | Embedded C | LabVIEW | Project Management,No degree specified,6,True,Synthetic mid level opportunity in robotics focused on Altium and collaborative problem solving.,Riley Garcia,riley.garcia48@example.org,(919) 555-0139,synthetic_job_board,SYN-20260521-00340,True
CP-00341,2026-03-17,Desktop Support Analyst,IT Support Specialist,Information Technology,Summit Network Partners,Managed Services,Minneapolis,MN,United States,On-site,Mid Level,Part-time,56000.0,71000.0,year,USD,Communication | Linux | Networking | Ticketing Systems | Windows,Azure | Cybersecurity,Bachelor's degree,3,False,Synthetic mid level opportunity in managed services focused on Communication and collaborative problem solving.,Skyler Lee,skyler.lee49@example.com,(555) 555-0140,synthetic_job_board,SYN-20260317-00341,True
CP-00342,2026-05-11,Junior Network Engineer,Network Engineer,Information Technology,Rainier Cloud Group,Government Technology,Seattle,WA,United States,On-site,Mid Level,Full-time,106000.0,136000.0,year,USD,Cisco | Cybersecurity | Linux | Networking | Python,AWS | SIEM,Bachelor's degree,6,False,Synthetic mid level opportunity in government technology focused on Cisco and collaborative problem solving.,Jordan Martin,jordan.martin50@example.net,(206) 555-0141,synthetic_job_board,SYN-20260511-00342,True
CP-00343,2026-04-30,Junior Electrical Engineer,Electrical Engineer,Electrical & Hardware Engineering,Keystone Energy Works,Robotics,Atlanta,GA,United States,On-site,Entry Level,Full-time,52000.0,75000.0,year,USD,Altium | AutoCAD | C++ | Circuit Design | MATLAB | PLC,Arduino | Embedded C | Git | LabVIEW,Bachelor's degree,1,False,Synthetic entry level opportunity in robotics focused on Altium and collaborative problem solving.,Quinn Martin,quinn.martin51@example.net,(555) 555-0142,synthetic_job_board,SYN-20260430-00343,True
CP-00344,2026-03-19,Software Engineer,Software Engineer,Software Engineering,Orchard Education Labs,Cloud Services,Raleigh,NC,United States,Hybrid,Entry Level,Full-time,66000.0,81000.0,year,USD,AWS | Git | Java | JavaScript | Linux | React | SQL,Azure | Communication | Project Management,Bachelor's degree,1,True,Synthetic entry level opportunity in cloud services focused on AWS and collaborative problem solving.,Parker Nguyen,parker.nguyen52@example.com,(919) 555-0143,synthetic_job_board,SYN-20260319-00344,True
CP-00345,2026-02-05,Industrial Automation Engineer,Automation Engineer,Electrical & Hardware Engineering,Summit Network Partners,Advanced Manufacturing,Salt Lake City,UT,United States,Hybrid,Senior,Full-time,101000.0,143000.0,year,USD,AutoCAD | Communication | Control Systems | MATLAB | PLC | Python,Git | Robotics,Bachelor's degree,10,True,Synthetic senior opportunity in advanced manufacturing focused on AutoCAD and collaborative problem solving.,Skyler Martin,skyler.martin53@example.com,(555) 555-0144,synthetic_job_board,SYN-20260205-00345,True
CP-00346,2026-05-08,Reporting Analyst,Data Analyst,Data & Analytics,Liberty Financial Tech,Healthcare,Raleigh,NC,United States,Remote,Mid Level,Full-time,79000.0,100000.0,year,USD,Azure | Communication | Data Visualization | Git | Project Management | SQL | Tableau,AWS | Git | Project Management | Statistics,No degree specified,4,True,Synthetic mid level opportunity in healthcare focused on Azure and collaborative problem solving.,Morgan Kim,morgan.kim54@example.net,(919) 555-0145,synthetic_job_board,SYN-20260508-00346,True
CP-00347,2026-06-08,Cybersecurity Analyst,Cybersecurity Analyst,Cybersecurity,Cascade Secure Systems,Cybersecurity,Boston,MA,United States,Remote,Entry Level,Full-time,68000.0,87000.0,year,USD,AWS | Communication | Cybersecurity | Git | Incident Response | Linux | SIEM,AWS | Azure | Git | Project Management | SQL,Bachelor's degree preferred,0,True,Synthetic entry level opportunity in cybersecurity focused on AWS and collaborative problem solving.,Taylor Lewis,taylor.lewis55@example.org,(555) 555-0146,synthetic_job_board,SYN-20260608-00347,True
CP-00348,2026-07-16,Full Stack Engineer,Software Engineer,Software Engineering,Rainier Cloud Group,HealthTech,Raleigh,NC,United States,Hybrid,Internship,Internship,48000.0,59000.0,year,USD,Java | Linux | Python | React | SQL,C++ | Docker,No degree specified,0,True,Synthetic internship opportunity in healthtech focused on Java and collaborative problem solving.,Reese Patel,reese.patel56@example.org,(919) 555-0147,synthetic_job_board,SYN-20260716-00348,True
CP-00349,2026-07-29,SOC Analyst,Cybersecurity Analyst,Cybersecurity,Summit Network Partners,Financial Services,Portland,OR,United States,Hybrid,Senior,Full-time,103000.0,127000.0,year,USD,Communication | Cybersecurity | Incident Response | Linux | Networking | Python | SIEM,AWS | Azure | Git | Project Management,Bachelor's degree,6,True,Synthetic senior opportunity in financial services focused on Communication and collaborative problem solving.,Quinn Lewis,quinn.lewis57@example.com,(555) 555-0148,synthetic_job_board,SYN-20260729-00349,True
CP-00350,2026-05-12,Junior Network Engineer,Network Engineer,Information Technology,Rainier Cloud Group,Government Technology,Minneapolis,MN,United States,Remote,Mid Level,Full-time,86000.0,114000.0,year,USD,Cybersecurity | Git | Networking | Project Management | Python,Azure | Project Management | SIEM,Bachelor's degree,5,True,Synthetic mid level opportunity in government technology focused on Cybersecurity and collaborative problem solving.,Jordan Nguyen,jordan.nguyen58@example.net,(555) 555-0149,synthetic_job_board,SYN-20260512-00350,True
CP-00351,2026-06-24,Junior Electrical Engineer,Electrical Engineer,Electrical & Hardware Engineering,Pioneer Aerospace Works,Advanced Manufacturing,Austin,TX,United States,On-site,Associate,Full-time,75000.0,104000.0,year,USD,AutoCAD | C++ | Circuit Design | PLC | Python,Arduino | Git | LabVIEW | Project Management,Bachelor's degree,3,False,Synthetic associate opportunity in advanced manufacturing focused on AutoCAD and collaborative problem solving.,Reese Martin,reese.martin59@example.com,(512) 555-0150,synthetic_job_board,SYN-20260624-00351,True
CP-00352,2026-03-02,Junior Data Analyst,Data Analyst,Data & Analytics,Axiom Circuit Labs,Financial Services,Raleigh,NC,United States,On-site,Entry Level,Full-time,51000.0,66000.0,year,USD,Communication | Data Visualization | Excel | Power BI | Python | SQL | Tableau,Git | Project Management | Statistics,Bachelor's degree,1,False,Synthetic entry level opportunity in financial services focused on Communication and collaborative problem solving.,Casey Nguyen,casey.nguyen60@example.com,(919) 555-0151,synthetic_job_board,SYN-20260302-00352,True
CP-00353,2026-02-07,Security Operations Analyst,Cybersecurity Analyst,Cybersecurity,Sonoran Systems Lab,Cybersecurity,Seattle,WA,United States,On-site,Entry Level,Part-time,67000.0,79000.0,year,USD,Communication | Cybersecurity | Incident Response | Networking | SIEM,Azure | Git | SQL,No degree specified,0,False,Synthetic entry level opportunity in cybersecurity focused on Communication and collaborative problem solving.,Reese Davis,reese.davis61@example.org,(206) 555-0152,synthetic_job_board,SYN-20260207-00353,True
CP-00354,2026-04-13,Software Engineer,Software Engineer,Software Engineering,Pioneer Aerospace Works,Software,Chicago,IL,United States,On-site,Entry Level,Full-time,,,year,USD,Java | JavaScript | Linux | React,C++ | Project Management,Bachelor's degree,2,False,Synthetic entry level opportunity in software focused on Java and collaborative problem solving.,Avery Clark,avery.clark62@example.net,(555) 555-0153,synthetic_job_board,SYN-20260413-00354,True
CP-00355,2026-03-29,Desktop Support Analyst,IT Support Specialist,Information Technology,Peachtree Technology Group,Retail,Chicago,IL,United States,Hybrid,Internship,Internship,21000.0,28000.0,year,USD,Communication | Networking | Technical Support | Ticketing Systems | Windows,Cybersecurity | Python,No degree specified,0,True,Synthetic internship opportunity in retail focused on Communication and collaborative problem solving.,Jordan Brown,jordan.brown63@example.com,(555) 555-0154,synthetic_job_board,SYN-20260329-00355,True
CP-00356,2026-04-04,Embedded Software Engineer,Embedded Systems Engineer,Electrical & Hardware Engineering,Front Range Controls,Robotics,Raleigh,NC,United States,Remote,Internship,Internship,41000.0,50000.0,year,USD,Azure | Circuit Design | Communication | Git | Microcontrollers,Altium | MATLAB,Bachelor's degree,0,True,Synthetic internship opportunity in robotics focused on Azure and collaborative problem solving.,Parker Brown,parker.brown64@example.org,(919) 555-0155,synthetic_job_board,SYN-20260404-00356,True
CP-00357,2026-04-14,Technical Support Specialist,IT Support Specialist,Information Technology,Potomac Digital Services,Managed Services,Raleigh,NC,United States,Hybrid,Associate,Contract,45000.0,62000.0,year,USD,Communication | Linux | Networking | Technical Support | Windows,Azure | Python,Associate degree,2,True,Synthetic associate opportunity in managed services focused on Communication and collaborative problem solving.,Taylor Garcia,taylor.garcia65@example.net,(919) 555-0156,synthetic_job_board,SYN-20260414-00357,True
CP-00358,2026-02-12,Network Operations Engineer,Network Engineer,Information Technology,Summit Network Partners,Managed Services,Chicago,IL,United States,Remote,Mid Level,Full-time,87000.0,107000.0,year,USD,Azure | Cisco | Linux | Networking,AWS | Git | Project Management,Bachelor's degree,5,True,Synthetic mid level opportunity in managed services focused on Azure and collaborative problem solving.,Parker Nguyen,parker.nguyen66@example.org,(555) 555-0157,synthetic_job_board,SYN-20260212-00358,True
CP-00359,2026-02-28,Junior Electrical Engineer,Electrical Engineer,Electrical & Hardware Engineering,Keystone Energy Works,Energy,Raleigh,NC,United States,Remote,Senior,Part-time,87000.0,110000.0,year,USD,Altium | AutoCAD | C++ | Circuit Design,Arduino | Git | LabVIEW | Project Management,Bachelor's degree,8,True,Synthetic senior opportunity in energy focused on Altium and collaborative problem solving.,Quinn Wilson,quinn.wilson67@example.com,(919) 555-0158,synthetic_job_board,SYN-20260228-00359,True
CP-00360,2026-03-27,Backend Engineer,Software Engineer,Software Engineering,Liberty Financial Tech,HealthTech,Raleigh,NC,United States,Remote,Mid Level,Full-time,,,year,USD,Azure | Java | Linux | Project Management | Python,Azure | C++ | Communication | Docker | Project Management,No degree specified,5,True,Synthetic mid level opportunity in healthtech focused on Azure and collaborative problem solving.,Drew Wilson,drew.wilson68@example.org,(919) 555-0159,synthetic_job_board,SYN-20260327-00360,True
CP-00361,2026-05-28,Digital Product Analyst,Product Analyst,Data & Analytics,Blue Ridge Analytics,Consumer Technology,Columbus,OH,United States,Remote,Entry Level,Full-time,,,year,USD,Data Visualization | Excel | Product Analytics | Python | SQL,Power BI | Statistics,Bachelor's degree,1,True,Synthetic entry level opportunity in consumer technology focused on Data Visualization and collaborative problem solving.,Jordan Nguyen,jordan.nguyen69@example.net,(555) 555-0160,synthetic_job_board,SYN-20260528-00361,True
CP-00362,2026-07-10,Product Data Analyst,Product Analyst,Data & Analytics,Redwood Product Studio,Software,Chicago,IL,United States,Remote,Internship,Internship,33000.0,40000.0,year,USD,AWS | Azure | Communication | Excel | Git | Python | SQL,JavaScript | Power BI,Bachelor's degree,0,True,Synthetic internship opportunity in software focused on AWS and collaborative problem solving.,Morgan Wilson,morgan.wilson70@example.org,(555) 555-0161,synthetic_job_board,SYN-20260710-00362,True
CP-00363,2026-06-11,Entry-Level Developer,Junior Developer,Software Engineering,Peachtree Technology Group,E-commerce,Minneapolis,MN,United States,Remote,Associate,Contract,,,year,USD,Azure | Git | HTML/CSS | Project Management | Python | SQL,AWS | Linux | Project Management,Bachelor's degree,2,True,Synthetic associate opportunity in e-commerce focused on Azure and collaborative problem solving.,Taylor Wilson,taylor.wilson71@example.net,(555) 555-0162,synthetic_job_board,SYN-20260611-00363,True
CP-00364,2026-06-03,Electrical Design Engineer,Electrical Engineer,Electrical & Hardware Engineering,Keystone Energy Works,Energy,Pittsburgh,PA,United States,On-site,Entry Level,Full-time,54000.0,66000.0,year,USD,AutoCAD | C++ | MATLAB | PLC | Python,Arduino | Embedded C | Git | LabVIEW,Bachelor's degree preferred,0,False,Synthetic entry level opportunity in energy focused on AutoCAD and collaborative problem solving.,Drew Brown,drew.brown72@example.com,(555) 555-0163,synthetic_job_board,SYN-20260603-00364,True
CP-00365,2026-02-05,Digital Product Analyst,Product Analyst,Data & Analytics,Redwood Product Studio,FinTech,Raleigh,NC,United States,Remote,Entry Level,Full-time,,,year,USD,AWS | Git | Product Analytics | Project Management | Python,JavaScript | Power BI | Project Management | Statistics | Tableau,High school diploma,1,True,Synthetic entry level opportunity in fintech focused on AWS and collaborative problem solving.,Cameron Patel,cameron.patel73@example.org,(919) 555-0164,synthetic_job_board,SYN-20260205-00365,True
CP-00366,2026-06-21,Junior Network Engineer,Network Engineer,Information Technology,Sonoran Systems Lab,Cloud Services,Austin,TX,United States,On-site,Senior,Full-time,111000.0,151000.0,year,USD,Communication | Cybersecurity | Linux | Python,AWS | Azure | Git | Project Management | SIEM,Bachelor's degree,7,False,Synthetic senior opportunity in cloud services focused on Communication and collaborative problem solving.,Reese Lee,reese.lee74@example.org,(512) 555-0165,synthetic_job_board,SYN-20260621-00366,True
CP-00367,2026-04-01,Backend Engineer,Software Engineer,Software Engineering,Cascade Secure Systems,Software,Raleigh,NC,United States,Remote,Entry Level,Full-time,77000.0,91000.0,year,USD,Git | JavaScript | Linux | Project Management | React,Azure | C++ | Communication | Docker | Project Management,Bachelor's degree preferred,0,True,Synthetic entry level opportunity in software focused on Git and collaborative problem solving.,Drew Brown,drew.brown75@example.org,(919) 555-0166,synthetic_job_board,SYN-20260401-00367,True
CP-00368,2026-04-20,Technical Support Specialist,IT Support Specialist,Information Technology,Potomac Digital Services,Retail,Denver,CO,United States,Hybrid,Associate,Full-time,,,year,USD,Communication | Linux | Networking | Technical Support,Cybersecurity | Project Management,No degree specified,2,True,Synthetic associate opportunity in retail focused on Communication and collaborative problem solving.,Casey Lee,casey.lee76@example.com,(555) 555-0167,synthetic_job_board,SYN-20260420-00368,True
CP-00369,2026-03-11,Associate Software Developer,Junior Developer,Software Engineering,Summit Network Partners,E-commerce,Portland,OR,United States,Remote,Mid Level,Full-time,65000.0,91000.0,year,USD,Communication | HTML/CSS | JavaScript | Project Management,Java | Project Management,Bachelor's degree preferred,4,True,Synthetic mid level opportunity in e-commerce focused on Communication and collaborative problem solving.,Drew Lewis,drew.lewis77@example.org,(555) 555-0168,synthetic_job_board,SYN-20260311-00369,True
CP-00370,2026-01-31,IoT Engineer,Embedded Systems Engineer,Electrical & Hardware Engineering,Hoosier Automation Co.,Medical Devices,Pittsburgh,PA,United States,On-site,Entry Level,Full-time,,,year,USD,Arduino | C++ | Circuit Design | Git | Linux,Altium | Communication | MATLAB | Python | RTOS,Bachelor's degree,1,False,Synthetic entry level opportunity in medical devices focused on Arduino and collaborative problem solving.,Jordan Garcia,jordan.garcia78@example.com,(555) 555-0169,synthetic_job_board,SYN-20260131-00370,True
CP-00371,2026-06-21,Power Systems Engineer,Electrical Engineer,Electrical & Hardware Engineering,Hoosier Automation Co.,Advanced Manufacturing,Columbus,OH,United States,On-site,Associate,Full-time,63000.0,78000.0,year,USD,Altium | AutoCAD | Circuit Design | MATLAB | PLC | Python,Arduino | Git | Project Management,Bachelor's degree,2,False,Synthetic associate opportunity in advanced manufacturing focused on Altium and collaborative problem solving.,Casey Garcia,casey.garcia79@example.org,(555) 555-0170,synthetic_job_board,SYN-20260621-00371,True
CP-00372,2026-03-16,Software Engineer,Software Engineer,Software Engineering,Orchard Education Labs,Software,Boston,MA,United States,Remote,Internship,Internship,38000.0,51000.0,year,USD,AWS | Azure | Communication | Git | Java | JavaScript | Python,C++ | Communication | Docker,Bachelor's degree,0,True,Synthetic internship opportunity in software focused on AWS and collaborative problem solving.,Riley Nguyen,riley.nguyen80@example.net,(555) 555-0171,synthetic_job_board,SYN-20260316-00372,True
CP-00373,2026-03-07,Reporting Analyst,Data Analyst,Data & Analytics,Great Lakes Data Cooperative,Financial Services,Portland,OR,United States,Hybrid,Senior,Full-time,90000.0,107000.0,year,USD,Communication | Data Visualization | Python | Tableau,AWS | Git,Bachelor's degree,6,True,Synthetic senior opportunity in financial services focused on Communication and collaborative problem solving.,Casey Patel,casey.patel81@example.org,(555) 555-0172,synthetic_job_board,SYN-20260307-00373,True
CP-00374,2026-05-16,Junior Electrical Engineer,Electrical Engineer,Electrical & Hardware Engineering,Keystone Energy Works,Advanced Manufacturing,Pittsburgh,PA,United States,On-site,Internship,Internship,29000.0,41000.0,year,USD,Altium | Communication | MATLAB | PLC,Arduino | Embedded C,No degree specified,0,False,Synthetic internship opportunity in advanced manufacturing focused on Altium and collaborative problem solving.,Cameron Clark,cameron.clark82@example.com,(555) 555-0173,synthetic_job_board,SYN-20260516-00374,True
CP-00375,2026-03-15,Junior Electrical Engineer,Electrical Engineer,Electrical & Hardware Engineering,Front Range Controls,Aerospace,Pittsburgh,PA,United States,On-site,Senior,Contract,85000.0,120000.0,year,USD,Altium | Circuit Design | MATLAB | Python,Arduino | Embedded C | Git | LabVIEW | Project Management,Associate degree,7,False,Synthetic senior opportunity in aerospace focused on Altium and collaborative problem solving.,Casey Davis,casey.davis83@example.net,(555) 555-0174,synthetic_job_board,SYN-20260315-00375,True
CP-00376,2026-07-12,Desktop Support Analyst,IT Support Specialist,Information Technology,Liberty Financial Tech,Managed Services,Denver,CO,United States,On-site,Entry Level,Full-time,,,year,USD,Communication | Networking | Technical Support | Windows,Azure | Cybersecurity | Project Management | Python,Bachelor's degree preferred,2,False,Synthetic entry level opportunity in managed services focused on Communication and collaborative problem solving.,Avery Patel,avery.patel84@example.org,(555) 555-0175,synthetic_job_board,SYN-20260712-00376,True
CP-00377,2026-06-29,Backend Engineer,Software Engineer,Software Engineering,Pioneer Aerospace Works,HealthTech,Denver,CO,United States,Hybrid,Associate,Full-time,97000.0,114000.0,year,USD,AWS | Java | Linux | Python | SQL,Azure | C++ | Communication | Docker | Project Management,Associate degree,2,True,Synthetic associate opportunity in healthtech focused on AWS and collaborative problem solving.,Quinn Patel,quinn.patel85@example.org,(555) 555-0176,synthetic_job_board,SYN-20260629-00377,True
CP-00378,2026-05-11,Data Analyst,Data Analyst,Data & Analytics,Summit Network Partners,Retail,Austin,TX,United States,Remote,Internship,Internship,32000.0,40000.0,year,USD,AWS | Communication | Git | Project Management | SQL | Tableau,AWS | Git | Statistics,Bachelor's degree,0,True,Synthetic internship opportunity in retail focused on AWS and collaborative problem solving.,Parker Martin,parker.martin86@example.com,(512) 555-0177,synthetic_job_board,SYN-20260511-00378,True
CP-00379,2026-04-05,Digital Product Analyst,Product Analyst,Data & Analytics,Axiom Circuit Labs,E-commerce,Salt Lake City,UT,United States,Hybrid,Internship,Internship,35000.0,44000.0,year,USD,Communication | Data Visualization | Excel | Product Analytics | Python,JavaScript | Power BI | Project Management | Statistics | Tableau,Bachelor's degree preferred,0,True,Synthetic internship opportunity in e-commerce focused on Communication and collaborative problem solving.,Drew Smith,drew.smith87@example.com,(555) 555-0178,synthetic_job_board,SYN-20260405-00379,True
CP-00380,2026-07-26,Infrastructure Engineer,Network Engineer,Information Technology,Redwood Product Studio,Government Technology,Seattle,WA,United States,Remote,Entry Level,Full-time,67000.0,84000.0,year,USD,Communication | Cybersecurity | Git | Networking | Project Management | Python,AWS | Azure | Git | Project Management | SIEM,Bachelor's degree,1,True,Synthetic entry level opportunity in government technology focused on Communication and collaborative problem solving.,Skyler Kim,skyler.kim88@example.org,(206) 555-0179,synthetic_job_board,SYN-20260726-00380,True
CP-00381,2026-05-02,Information Security Analyst,Cybersecurity Analyst,Cybersecurity,Rainier Cloud Group,Financial Services,Portland,OR,United States,Remote,Entry Level,Full-time,59000.0,85000.0,year,USD,Git | Linux | Networking | Project Management | Python,AWS | Azure | Git | Project Management,Bachelor's degree,0,True,Synthetic entry level opportunity in financial services focused on Git and collaborative problem solving.,Casey Garcia,casey.garcia89@example.com,(555) 555-0180,synthetic_job_board,SYN-20260502-00381,True
CP-00382,2026-02-06,Network Engineer,Network Engineer,Information Technology,Cascade Secure Systems,Cloud Services,Phoenix,AZ,United States,Hybrid,Entry Level,Full-time,56000.0,77000.0,year,USD,Cisco | Cybersecurity | Linux | Python,Azure | Git | Project Management | SIEM,Bachelor's degree,1,True,Synthetic entry level opportunity in cloud services focused on Cisco and collaborative problem solving.,Skyler Wilson,skyler.wilson90@example.com,(555) 555-0181,synthetic_job_board,SYN-20260206-00382,True
CP-00383,2026-03-18,Power Systems Engineer,Electrical Engineer,Electrical & Hardware Engineering,Northstar Robotics,Advanced Manufacturing,Atlanta,GA,United States,Hybrid,Mid Level,Full-time,81000.0,97000.0,year,USD,Altium | C++ | Circuit Design | Communication | MATLAB | PLC | Python,Git | LabVIEW | Project Management,Bachelor's degree preferred,3,True,Synthetic mid level opportunity in advanced manufacturing focused on Altium and collaborative problem solving.,Skyler Davis,skyler.davis91@example.net,(555) 555-0182,synthetic_job_board,SYN-20260318-00383,True
CP-00384,2026-07-27,Junior Data Analyst,Data Analyst,Data & Analytics,Redwood Product Studio,Financial Services,Columbus,OH,United States,On-site,Entry Level,Full-time,48000.0,61000.0,year,USD,Communication | Excel | Power BI | Python | Tableau,AWS | Git | Statistics,Bachelor's degree,2,False,Synthetic entry level opportunity in financial services focused on Communication and collaborative problem solving.,Reese Lewis,reese.lewis92@example.org,(555) 555-0183,synthetic_job_board,SYN-20260727-00384,True
CP-00385,2026-02-17,Associate Software Developer,Junior Developer,Software Engineering,Orchard Education Labs,Education Technology,Raleigh,NC,United States,Hybrid,Entry Level,Full-time,,,year,USD,Communication | Git | HTML/CSS | JavaScript | Python | React | SQL,AWS | C++ | Java | Linux,Bachelor's degree,2,True,Synthetic entry level opportunity in education technology focused on Communication and collaborative problem solving.,Cameron Nguyen,cameron.nguyen93@example.org,(919) 555-0184,synthetic_job_board,SYN-20260217-00385,True
CP-00386,2026-04-16,Infrastructure Engineer,Network Engineer,Information Technology,Sonoran Systems Lab,Cloud Services,Columbus,OH,United States,Hybrid,Internship,Internship,35000.0,42000.0,year,USD,Cisco | Communication | Cybersecurity | Linux | Networking | Python,AWS | Azure,Bachelor's degree,0,True,Synthetic internship opportunity in cloud services focused on Cisco and collaborative problem solving.,Taylor Davis,taylor.davis94@example.net,(555) 555-0185,synthetic_job_board,SYN-20260416-00386,True
CP-00387,2026-05-21,Automation Engineer,Automation Engineer,Electrical & Hardware Engineering,Front Range Controls,Food Production,Denver,CO,United States,On-site,Mid Level,Full-time,87000.0,109000.0,year,USD,Communication | Control Systems | PLC | Python,Git | Project Management | SQL,Bachelor's degree preferred,6,False,Synthetic mid level opportunity in food production focused on Communication and collaborative problem solving.,Riley Nguyen,riley.nguyen95@example.net,(555) 555-0186,synthetic_job_board,SYN-20260521-00387,True
CP-00388,2026-03-28,Application Developer,Software Engineer,Software Engineering,Rainier Cloud Group,Software,Columbus,OH,United States,Remote,Senior,Full-time,118000.0,141000.0,year,USD,AWS | Java | JavaScript | Project Management | Python | React | SQL,Azure | C++ | Communication | Project Management,No degree specified,7,True,Synthetic senior opportunity in software focused on AWS and collaborative problem solving.,Avery Brown,avery.brown96@example.org,(555) 555-0187,synthetic_job_board,SYN-20260328-00388,True
CP-00389,2026-06-29,Product Analyst,Product Analyst,Data & Analytics,Great Lakes Data Cooperative,E-commerce,Phoenix,AZ,United States,On-site,Internship,Internship,33000.0,40000.0,year,USD,Data Visualization | Product Analytics | Python | SQL,JavaScript | Project Management | Statistics | Tableau,High school diploma,0,False,Synthetic internship opportunity in e-commerce focused on Data Visualization and collaborative problem solving.,Morgan Garcia,morgan.garcia0@example.net,(555) 555-0188,synthetic_job_board,SYN-20260629-00389,True
CP-00390,2026-06-24,Business Data Analyst,Data Analyst,Data & Analytics,Blue Ridge Analytics,Healthcare,Columbus,OH,United States,Remote,Mid Level,Contract,59000.0,78000.0,year,USD,Azure | Excel | Git | Power BI | SQL | Tableau,AWS | Git | Project Management | Statistics,Bachelor's degree,4,True,Synthetic mid level opportunity in healthcare focused on Azure and collaborative problem solving.,Morgan Patel,morgan.patel1@example.com,(555) 555-0189,synthetic_job_board,SYN-20260624-00390,True
CP-00391,2026-07-06,Junior Network Engineer,Network Engineer,Information Technology,Northstar Robotics,Cloud Services,Portland,OR,United States,Remote,Senior,Full-time,98000.0,126000.0,year,USD,Cisco | Git | Project Management | Python,AWS | Azure | Git | Project Management,Bachelor's degree,7,True,Synthetic senior opportunity in cloud services focused on Cisco and collaborative problem solving.,Drew Martin,drew.martin2@example.net,(555) 555-0190,synthetic_job_board,SYN-20260706-00391,True
CP-00392,2026-07-14,Product Data Analyst,Product Analyst,Data & Analytics,Redwood Product Studio,Software,Phoenix,AZ,United States,Hybrid,Internship,Internship,,,year,USD,Communication | Data Visualization | Excel | SQL,JavaScript | Power BI | Project Management | Statistics | Tableau,Bachelor's degree preferred,0,True,Synthetic internship opportunity in software focused on Communication and collaborative problem solving.,Riley Clark,riley.clark3@example.com,(555) 555-0191,synthetic_job_board,SYN-20260714-00392,True
CP-00393,2026-05-15,Product Analyst,Product Analyst,Data & Analytics,Northstar Robotics,FinTech,Seattle,WA,United States,On-site,Mid Level,Full-time,97000.0,116000.0,year,USD,Data Visualization | Excel | Product Analytics | Python,JavaScript | Power BI | Project Management | Tableau,Bachelor's degree,5,False,Synthetic mid level opportunity in fintech focused on Data Visualization and collaborative problem solving.,Avery Wilson,avery.wilson4@example.com,(206) 555-0192,synthetic_job_board,SYN-20260515-00393,True
CP-00394,2026-04-06,IT Support Specialist,IT Support Specialist,Information Technology,Axiom Circuit Labs,Education,Chicago,IL,United States,On-site,Entry Level,Full-time,,,year,USD,Communication | Linux | Networking | Technical Support | Ticketing Systems | Windows,Cybersecurity | Project Management | Python,High school diploma,1,False,Synthetic entry level opportunity in education focused on Communication and collaborative problem solving.,Cameron Lewis,cameron.lewis5@example.org,(555) 555-0193,synthetic_job_board,SYN-20260406-00394,True
CP-00395,2026-05-19,Technical Support Specialist,IT Support Specialist,Information Technology,Potomac Digital Services,Managed Services,Portland,OR,United States,Hybrid,Internship,Internship,23000.0,30000.0,year,USD,Communication | Linux | Networking | Technical Support,Cybersecurity | Project Management,Bachelor's degree,0,True,Synthetic internship opportunity in managed services focused on Communication and collaborative problem solving.,Casey Davis,casey.davis6@example.org,(555) 555-0194,synthetic_job_board,SYN-20260519-00395,True
CP-00396,2026-06-10,Power Systems Engineer,Electrical Engineer,Electrical & Hardware Engineering,Pioneer Aerospace Works,Advanced Manufacturing,Chicago,IL,United States,On-site,Mid Level,Part-time,84000.0,115000.0,year,USD,AutoCAD | Circuit Design | Communication | MATLAB | PLC | Python,Embedded C | LabVIEW | Project Management,Bachelor's degree,3,False,Synthetic mid level opportunity in advanced manufacturing focused on AutoCAD and collaborative problem solving.,Taylor Patel,taylor.patel7@example.net,(555) 555-0195,synthetic_job_board,SYN-20260610-00396,True
CP-00397,2026-07-13,Entry-Level Developer,Junior Developer,Software Engineering,Peachtree Technology Group,Education Technology,Indianapolis,IN,United States,Remote,Associate,Full-time,47000.0,66000.0,year,USD,Azure | Communication | Git | HTML/CSS | SQL,C++ | Project Management,Bachelor's degree,3,True,Synthetic associate opportunity in education technology focused on Azure and collaborative problem solving.,Taylor Smith,taylor.smith8@example.com,(317) 555-0196,synthetic_job_board,SYN-20260713-00397,True
CP-00398,2026-05-26,Electrical Design Engineer,Electrical Engineer,Electrical & Hardware Engineering,Pioneer Aerospace Works,Advanced Manufacturing,Denver,CO,United States,Hybrid,Mid Level,Full-time,87000.0,106000.0,year,USD,Altium | AutoCAD | Circuit Design | PLC | Python,Arduino | Embedded C | Git | LabVIEW,Bachelor's degree,4,True,Synthetic mid level opportunity in advanced manufacturing focused on Altium and collaborative problem solving.,Jordan Martin,jordan.martin9@example.org,(555) 555-0197,synthetic_job_board,SYN-20260526-00398,True
CP-00399,2026-07-04,Entry-Level Developer,Junior Developer,Software Engineering,Potomac Digital Services,Software,Pittsburgh,PA,United States,Remote,Entry Level,Full-time,42000.0,49000.0,year,USD,Azure | HTML/CSS | JavaScript | Project Management | Python | React | SQL,AWS | C++ | Java | Linux | Project Management,Bachelor's degree,1,True,Synthetic entry level opportunity in software focused on Azure and collaborative problem solving.,Morgan Martin,morgan.martin10@example.org,(555) 555-0198,synthetic_job_board,SYN-20260704-00399,True
CP-00400,2026-07-16,Junior Electrical Engineer,Electrical Engineer,Electrical & Hardware Engineering,Front Range Controls,Energy,Denver,CO,United States,On-site,Mid Level,Full-time,88000.0,115000.0,year,USD,Altium | AutoCAD | Circuit Design | Communication | MATLAB | PLC | Python,Arduino | Embedded C | Git | LabVIEW | Project Management,Bachelor's degree,5,False,Synthetic mid level opportunity in energy focused on Altium and collaborative problem solving.,Jordan Martin,jordan.martin11@example.com,(555) 555-0199,synthetic_job_board,SYN-20260716-00400,True
CP-00401,2026-05-12,Junior Data Analyst,Data Analyst,Data & Analytics,Summit Network Partners,Financial Services,Baltimore,MD,United States,Remote,Associate,Full-time,55000.0,73000.0,year,USD,Azure | Power BI | Project Management | Python,AWS | Statistics,Associate degree,2,True,Synthetic associate opportunity in financial services focused on Azure and collaborative problem solving.,Casey Lewis,casey.lewis12@example.net,(410) 555-0100,synthetic_job_board,SYN-20260512-00401,True
CP-00402,2026-02-14,SOC Analyst,Cybersecurity Analyst,Cybersecurity,Potomac Digital Services,Financial Services,Atlanta,GA,United States,Remote,Internship,Internship,36000.0,45000.0,year,USD,AWS | Azure | Cybersecurity | Linux | Networking | Python | SIEM,AWS | Azure | Git | SQL,Bachelor's degree preferred,0,True,Synthetic internship opportunity in financial services focused on AWS and collaborative problem solving.,Morgan Lee,morgan.lee13@example.net,(555) 555-0101,synthetic_job_board,SYN-20260214-00402,True
CP-00403,2026-07-26,Business Data Analyst,Data Analyst,Data & Analytics,Great Lakes Data Cooperative,Financial Services,Indianapolis,IN,United States,Remote,Entry Level,Full-time,45000.0,55000.0,year,USD,Excel | Project Management | Python | Tableau,AWS | Project Management | Statistics,Bachelor's degree,0,True,Synthetic entry level opportunity in financial services focused on Excel and collaborative problem solving.,Quinn Garcia,quinn.garcia14@example.net,(317) 555-0102,synthetic_job_board,SYN-20260726-00403,True
CP-00404,2026-03-29,SOC Analyst,Cybersecurity Analyst,Cybersecurity,Summit Network Partners,Cloud Services,Austin,TX,United States,Remote,Internship,Internship,,,year,USD,Azure | Communication | Git | Incident Response | Project Management | Python,AWS | Azure | Git | Project Management | SQL,High school diploma,0,True,Synthetic internship opportunity in cloud services focused on Azure and collaborative problem solving.,Morgan Lewis,morgan.lewis15@example.org,(512) 555-0103,synthetic_job_board,SYN-20260329-00404,True
CP-00405,2026-02-19,IoT Engineer,Embedded Systems Engineer,Electrical & Hardware Engineering,Axiom Circuit Labs,Robotics,Salt Lake City,UT,United States,Remote,Senior,Full-time,123000.0,164000.0,year,USD,Arduino | Azure | Communication | Embedded C | Git | Linux | Project Management,MATLAB | Python | RTOS,Bachelor's degree preferred,8,True,Synthetic senior opportunity in robotics focused on Arduino and collaborative problem solving.,Drew Smith,drew.smith16@example.org,(555) 555-0104,synthetic_job_board,SYN-20260219-00405,True
CP-00406,2026-03-31,PLC Engineer,Automation Engineer,Electrical & Hardware Engineering,Front Range Controls,Energy,Austin,TX,United States,On-site,Internship,Internship,38000.0,47000.0,year,USD,AutoCAD | Communication | Control Systems | MATLAB | PLC,Arduino | SQL,Bachelor's degree preferred,0,False,Synthetic internship opportunity in energy focused on AutoCAD and collaborative problem solving.,Morgan Wilson,morgan.wilson17@example.net,(512) 555-0105,synthetic_job_board,SYN-20260331-00406,True
CP-00407,2026-02-24,Junior Data Analyst,Data Analyst,Data & Analytics,Harborlight HealthTech,Healthcare,Denver,CO,United States,Hybrid,Entry Level,Full-time,,,year,USD,Communication | Data Visualization | Excel | Power BI | Python | SQL,AWS | Statistics,High school diploma,1,True,Synthetic entry level opportunity in healthcare focused on Communication and collaborative problem solving.,Reese Lewis,reese.lewis18@example.net,(555) 555-0106,synthetic_job_board,SYN-20260224-00407,True
CP-00408,2026-02-07,Junior Developer,Junior Developer,Software Engineering,Redwood Product Studio,Education Technology,Salt Lake City,UT,United States,Hybrid,Entry Level,Full-time,46000.0,62000.0,year,USD,Communication | Git | HTML/CSS | JavaScript | Python | React | SQL,AWS | C++ | Project Management,Bachelor's degree,0,True,Synthetic entry level opportunity in education technology focused on Communication and collaborative problem solving.,Reese Davis,reese.davis19@example.com,,synthetic_job_board,SYN-20260207-00408,True
CP-00409,2026-02-24,PLC Engineer,Automation Engineer,Electrical & Hardware Engineering,Axiom Circuit Labs,Energy,Indianapolis,IN,United States,Hybrid,Entry Level,Full-time,55000.0,78000.0,year,USD,AutoCAD | Communication | Control Systems | MATLAB | PLC | Python,Arduino | Project Management | SQL,Bachelor's degree preferred,1,True,Synthetic entry level opportunity in energy focused on AutoCAD and collaborative problem solving.,Riley Clark,riley.clark20@example.com,(317) 555-0108,synthetic_job_board,SYN-20260224-00409,True
CP-00410,2026-03-16,Electrical Design Engineer,Electrical Engineer,Electrical & Hardware Engineering,Pioneer Aerospace Works,Energy,Denver,CO,United States,On-site,Internship,Internship,38000.0,47000.0,year,USD,AutoCAD | C++ | Circuit Design | MATLAB | PLC | Python,Arduino | Git | LabVIEW | Project Management,Bachelor's degree,0,False,Synthetic internship opportunity in energy focused on AutoCAD and collaborative problem solving.,Reese Lewis,reese.lewis21@example.org,(555) 555-0109,synthetic_job_board,SYN-20260316-00410,True
CP-00411,2026-06-09,IT Support Specialist,IT Support Specialist,Information Technology,Peachtree Technology Group,Retail,Baltimore,MD,United States,On-site,Internship,Internship,23000.0,27000.0,year,USD,Communication | Networking | Technical Support | Windows,Azure | Cybersecurity | Project Management | Python,Bachelor's degree preferred,0,False,Synthetic internship opportunity in retail focused on Communication and collaborative problem solving.,Drew Patel,drew.patel22@example.com,(410) 555-0110,synthetic_job_board,SYN-20260609-00411,True
CP-00412,2026-04-07,Embedded Software Engineer,Embedded Systems Engineer,Electrical & Hardware Engineering,Northstar Robotics,Robotics,Phoenix,AZ,United States,Hybrid,Mid Level,Full-time,91000.0,111000.0,year,USD,Arduino | C++ | Circuit Design | Embedded C | Microcontrollers,MATLAB | RTOS,No degree specified,5,True,Synthetic mid level opportunity in robotics focused on Arduino and collaborative problem solving.,Riley Patel,riley.patel23@example.net,(555) 555-0111,synthetic_job_board,SYN-20260407-00412,True
CP-00413,2026-05-06,Data Analyst,Data Analyst,Data & Analytics,Orchard Education Labs,Retail,Austin,TX,United States,Hybrid,Internship,Internship,28000.0,34000.0,year,USD,Communication | Data Visualization | Excel | Power BI | Python | Tableau,AWS | Git | Project Management | Statistics,High school diploma,0,True,Synthetic internship opportunity in retail focused on Communication and collaborative problem solving.,Reese Kim,reese.kim24@example.org,(512) 555-0112,synthetic_job_board,SYN-20260506-00413,True
CP-00414,2026-06-02,Desktop Support Analyst,IT Support Specialist,Information Technology,Peachtree Technology Group,Healthcare,Indianapolis,IN,United States,Hybrid,Senior,Full-time,,,year,USD,Communication | Networking | Technical Support | Ticketing Systems | Windows,Azure | Project Management | Python,Bachelor's degree,6,True,Synthetic senior opportunity in healthcare focused on Communication and collaborative problem solving.,Casey Patel,casey.patel25@example.com,(317) 555-0113,synthetic_job_board,SYN-20260602-00414,True
CP-00415,2026-05-23,Firmware Engineer,Embedded Systems Engineer,Electrical & Hardware Engineering,Northstar Robotics,Robotics,Raleigh,NC,United States,Hybrid,Entry Level,Contract,64000.0,76000.0,year,USD,C++ | Circuit Design | Embedded C | Git | Microcontrollers,Altium | MATLAB | RTOS,Bachelor's degree preferred,2,True,Synthetic entry level opportunity in robotics focused on C++ and collaborative problem solving.,Riley Smith,riley.smith26@example.org,(919) 555-0114,synthetic_job_board,SYN-20260523-00415,True
CP-00416,2026-02-05,Network Engineer,Network Engineer,Information Technology,Peachtree Technology Group,Government Technology,Portland,OR,United States,On-site,Internship,Internship,28000.0,35000.0,year,USD,Cisco | Cybersecurity | Linux | Networking,AWS | Git | Project Management | SIEM,Bachelor's degree preferred,0,False,Synthetic internship opportunity in government technology focused on Cisco and collaborative problem solving.,Riley Davis,riley.davis27@example.org,(555) 555-0115,synthetic_job_board,SYN-20260205-00416,True
CP-00417,2026-07-13,Power Systems Engineer,Electrical Engineer,Electrical & Hardware Engineering,Redwood Product Studio,Energy,Atlanta,GA,United States,Hybrid,Mid Level,Full-time,85000.0,109000.0,year,USD,Altium | AutoCAD | C++ | Circuit Design | MATLAB | PLC,Embedded C | Git | LabVIEW,No degree specified,5,True,Synthetic mid level opportunity in energy focused on Altium and collaborative problem solving.,Parker Davis,parker.davis28@example.org,(555) 555-0116,synthetic_job_board,SYN-20260713-00417,True
CP-00418,2026-06-29,Cybersecurity Analyst,Cybersecurity Analyst,Cybersecurity,Rainier Cloud Group,Financial Services,Chicago,IL,United States,Hybrid,Senior,Full-time,114000.0,160000.0,year,USD,Communication | Linux | Networking | Python | SIEM,AWS | Git,Bachelor's degree preferred,8,True,Synthetic senior opportunity in financial services focused on Communication and collaborative problem solving.,Parker Nguyen,parker.nguyen29@example.net,(555) 555-0117,synthetic_job_board,SYN-20260629-00418,True
CP-00419,2026-06-21,IoT Engineer,Embedded Systems Engineer,Electrical & Hardware Engineering,Front Range Controls,Automotive,Atlanta,GA,United States,Remote,Associate,Full-time,69000.0,91000.0,year,USD,AWS | Azure | C++ | Embedded C | Git | Project Management,Communication | MATLAB | Python,High school diploma,2,True,Synthetic associate opportunity in automotive focused on AWS and collaborative problem solving.,Parker Clark,parker.clark30@example.org,(555) 555-0118,synthetic_job_board,SYN-20260621-00419,True
CP-00420,2026-05-10,Electrical Engineer,Electrical Engineer,Electrical & Hardware Engineering,Liberty Financial Tech,Energy,Seattle,WA,United States,On-site,Associate,Full-time,,,year,USD,AutoCAD | C++ | Communication | MATLAB | PLC | Python,Arduino | Embedded C | LabVIEW | Project Management,Bachelor's degree,2,False,Synthetic associate opportunity in energy focused on AutoCAD and collaborative problem solving.,Parker Clark,parker.clark31@example.net,(206) 555-0119,synthetic_job_board,SYN-20260510-00420,True
CP-00421,2026-02-14,SOC Analyst,Cybersecurity Analyst,Cybersecurity,Summit Network Partners,Financial Services,Phoenix,AZ,United States,Hybrid,Senior,Full-time,102000.0,121000.0,year,USD,Communication | Cybersecurity | Incident Response | Linux | Networking | SIEM,AWS | Git | SQL,Bachelor's degree,7,True,Synthetic senior opportunity in financial services focused on Communication and collaborative problem solving.,Cameron Wilson,cameron.wilson32@example.com,(555) 555-0120,synthetic_job_board,SYN-20260214-00421,True
CP-00422,2026-07-19,Network Engineer,Network Engineer,Information Technology,Front Range Controls,Cloud Services,Baltimore,MD,United States,Remote,Mid Level,Contract,,,year,USD,Communication | Cybersecurity | Git | Linux | Networking | Project Management,AWS | Azure | Git | Project Management,Bachelor's degree preferred,4,True,Synthetic mid level opportunity in cloud services focused on Communication and collaborative problem solving.,Riley Clark,riley.clark33@example.org,(410) 555-0121,synthetic_job_board,SYN-20260719-00422,True
CP-00423,2026-06-15,Application Developer,Software Engineer,Software Engineering,Cascade Secure Systems,HealthTech,Atlanta,GA,United States,Remote,Internship,Internship,40000.0,51000.0,year,USD,AWS | Azure | Git | Java | JavaScript | React,Azure | C++ | Communication | Project Management,,0,True,Synthetic internship opportunity in healthtech focused on AWS and collaborative problem solving.,Jordan Martin,jordan.martin34@example.net,(555) 555-0122,synthetic_job_board,SYN-20260615-00423,True
CP-00424,2026-06-08,Reporting Analyst,Data Analyst,Data & Analytics,Front Range Controls,Financial Services,Columbus,OH,United States,Remote,Internship,Internship,29000.0,38000.0,year,USD,Communication | Data Visualization | Python | SQL | Tableau,AWS | Statistics,Bachelor's degree preferred,0,True,Synthetic internship opportunity in financial services focused on Communication and collaborative problem solving.,Riley Patel,riley.patel35@example.com,(555) 555-0123,synthetic_job_board,SYN-20260608-00424,True
CP-00425,2026-07-08,IoT Engineer,Embedded Systems Engineer,Electrical & Hardware Engineering,Northstar Robotics,Automotive,San Diego,CA,United States,Remote,Entry Level,Full-time,69000.0,99000.0,year,USD,Arduino | Azure | Circuit Design | Communication | Git | Linux | Microcontrollers,Altium | Communication | RTOS,Bachelor's degree,0,True,Synthetic entry level opportunity in automotive focused on Arduino and collaborative problem solving.,Cameron Smith,cameron.smith36@example.net,(555) 555-0124,synthetic_job_board,SYN-20260708-00425,True
CP-00426,2026-06-26,Network Engineer,Network Engineer,Information Technology,Harborlight HealthTech,Cloud Services,Boston,MA,United States,On-site,Internship,Internship,38000.0,47000.0,year,USD,Cisco | Communication | Cybersecurity | Networking | Python,AWS | Azure | SIEM,Bachelor's degree preferred,0,False,Synthetic internship opportunity in cloud services focused on Cisco and collaborative problem solving.,Reese Lee,reese.lee37@example.net,(555) 555-0125,synthetic_job_board,SYN-20260626-00426,True
CP-00427,2026-02-19,Business Data Analyst,Data Analyst,Data & Analytics,Great Lakes Data Cooperative,Healthcare,Minneapolis,MN,United States,Remote,Entry Level,Full-time,43000.0,54000.0,year,USD,Communication | Power BI | Project Management | Python | Tableau,AWS | Statistics,Bachelor's degree,1,True,Synthetic entry level opportunity in healthcare focused on Communication and collaborative problem solving.,Jordan Davis,jordan.davis38@example.com,(555) 555-0126,synthetic_job_board,SYN-20260219-00427,True
CP-00428,2026-06-26,IT Support Specialist,IT Support Specialist,Information Technology,Summit Network Partners,Managed Services,Denver,CO,United States,On-site,Associate,Full-time,46000.0,64000.0,year,USD,Communication | Linux | Networking | Technical Support | Ticketing Systems | Windows,Cybersecurity | Project Management,Bachelor's degree preferred,1,False,Synthetic associate opportunity in managed services focused on Communication and collaborative problem solving.,Casey Clark,casey.clark39@example.com,(555) 555-0127,synthetic_job_board,SYN-20260626-00428,True
CP-00429,2026-06-09,IT Support Specialist,IT Support Specialist,Information Technology,Blue Ridge Analytics,Education,Portland,OR,United States,Hybrid,Mid Level,Full-time,49000.0,63000.0,year,USD,Communication | Linux | Networking | Ticketing Systems,Cybersecurity | Python,Bachelor's degree,5,True,Synthetic mid level opportunity in education focused on Communication and collaborative problem solving.,Reese Nguyen,reese.nguyen40@example.net,(555) 555-0128,synthetic_job_board,SYN-20260609-00429,True
CP-00430,2026-06-28,Junior Network Engineer,Network Engineer,Information Technology,Sonoran Systems Lab,Managed Services,San Diego,CA,United States,Remote,Senior,Full-time,121000.0,148000.0,year,USD,Azure | Communication | Cybersecurity | Git,AWS | Azure | Git | Project Management | SIEM,Bachelor's degree,6,True,Synthetic senior opportunity in managed services focused on Azure and collaborative problem solving.,Cameron Smith,cameron.smith41@example.net,(555) 555-0129,synthetic_job_board,SYN-20260628-00430,True
CP-00431,2026-02-25,Technical Support Specialist,IT Support Specialist,Information Technology,Peachtree Technology Group,Managed Services,Denver,CO,United States,On-site,Entry Level,Full-time,39000.0,49000.0,year,USD,Communication | Linux | Networking | Technical Support | Ticketing Systems | Windows,Azure | Cybersecurity | Project Management | Python,Bachelor's degree,2,False,Synthetic entry level opportunity in managed services focused on Communication and collaborative problem solving.,Morgan Smith,morgan.smith42@example.com,(555) 555-0130,synthetic_job_board,SYN-20260225-00431,True
CP-00432,2026-06-05,Application Developer,Software Engineer,Software Engineering,Northstar Robotics,Cloud Services,Pittsburgh,PA,United States,Remote,Mid Level,Full-time,102000.0,130000.0,year,USD,AWS | Azure | Project Management | React | SQL,Azure | C++ | Communication | Docker | Project Management,Bachelor's degree,4,True,Synthetic mid level opportunity in cloud services focused on AWS and collaborative problem solving.,Riley Martin,riley.martin43@example.com,(555) 555-0131,synthetic_job_board,SYN-20260605-00432,True
CP-00433,2026-05-31,Cybersecurity Analyst,Cybersecurity Analyst,Cybersecurity,Harborlight HealthTech,Financial Services,Portland,OR,United States,Remote,Senior,Full-time,,,year,USD,AWS | Azure | Cybersecurity | Python | SIEM,AWS | Azure | Project Management | SQL,Bachelor's degree,8,True,Synthetic senior opportunity in financial services focused on AWS and collaborative problem solving.,Jordan Kim,jordan.kim44@example.com,(555) 555-0132,synthetic_job_board,SYN-20260531-00433,True
CP-00434,2026-02-27,Junior Electrical Engineer,Electrical Engineer,Electrical & Hardware Engineering,Pioneer Aerospace Works,Energy,Minneapolis,MN,United States,On-site,Mid Level,Full-time,86000.0,106000.0,year,USD,Altium | AutoCAD | MATLAB | PLC,Embedded C | Git | LabVIEW | Project Management,Bachelor's degree,5,False,Synthetic mid level opportunity in energy focused on Altium and collaborative problem solving.,Cameron Kim,cameron.kim45@example.org,(555) 555-0133,synthetic_job_board,SYN-20260227-00434,True
CP-00435,2026-02-10,Security Operations Analyst,Cybersecurity Analyst,Cybersecurity,Potomac Digital Services,Cloud Services,Boston,MA,United States,Hybrid,Senior,Full-time,107000.0,150000.0,year,USD,Communication | Cybersecurity | Incident Response | Networking | Python | SIEM,AWS | Git | Project Management | SQL,Bachelor's degree,7,True,Synthetic senior opportunity in cloud services focused on Communication and collaborative problem solving.,Casey Clark,casey.clark46@example.net,(555) 555-0134,synthetic_job_board,SYN-20260210-00435,True
CP-00436,2026-05-18,Application Developer,Software Engineer,Software Engineering,Axiom Circuit Labs,FinTech,Baltimore,MD,United States,Hybrid,Mid Level,Full-time,,,year,USD,Git | JavaScript | Linux | Python | SQL,Azure | C++ | Communication,Bachelor's degree,5,True,Synthetic mid level opportunity in fintech focused on Git and collaborative problem solving.,Cameron Davis,cameron.davis47@example.org,(410) 555-0135,synthetic_job_board,SYN-20260518-00436,True
CP-00437,2026-03-24,Security Operations Analyst,Cybersecurity Analyst,Cybersecurity,Cascade Secure Systems,Financial Services,Indianapolis,IN,United States,On-site,Associate,Contract,68000.0,82000.0,year,USD,Communication | Cybersecurity | Incident Response | Linux | SIEM,AWS | Azure,Bachelor's degree,2,False,Synthetic associate opportunity in financial services focused on Communication and collaborative problem solving.,Riley Kim,riley.kim48@example.net,(317) 555-0136,synthetic_job_board,SYN-20260324-00437,True
CP-00438,2026-04-13,Business Data Analyst,Data Analyst,Data & Analytics,Orchard Education Labs,Consulting,Denver,CO,United States,Remote,Entry Level,Full-time,44000.0,62000.0,year,USD,Azure | Communication | Excel | Power BI | Tableau,AWS | Git | Project Management | Statistics,Bachelor's degree,0,True,Synthetic entry level opportunity in consulting focused on Azure and collaborative problem solving.,Morgan Patel,morgan.patel49@example.net,(555) 555-0137,synthetic_job_board,SYN-20260413-00438,True
CP-00439,2026-03-23,Help Desk Technician,IT Support Specialist,Information Technology,Peachtree Technology Group,Retail,Chicago,IL,United States,On-site,Entry Level,Full-time,,,year,USD,Communication | Linux | Networking | Technical Support | Windows,Cybersecurity | Project Management | Python,Bachelor's degree,2,False,Synthetic entry level opportunity in retail focused on Communication and collaborative problem solving.,Parker Davis,parker.davis50@example.org,(555) 555-0138,synthetic_job_board,SYN-20260323-00439,True
CP-00440,2026-05-07,Controls Engineer,Automation Engineer,Electrical & Hardware Engineering,Peachtree Technology Group,Energy,Baltimore,MD,United States,Hybrid,Mid Level,Full-time,,,year,USD,AutoCAD | Control Systems | MATLAB | PLC,Git | Robotics | SQL,Bachelor's degree preferred,6,True,Synthetic mid level opportunity in energy focused on AutoCAD and collaborative problem solving.,Quinn Brown,quinn.brown51@example.com,(410) 555-0139,synthetic_job_board,SYN-20260507-00440,True
CP-00441,2026-07-14,Application Developer,Software Engineer,Software Engineering,Great Lakes Data Cooperative,FinTech,Phoenix,AZ,United States,Remote,Mid Level,Full-time,,,year,USD,Azure | Communication | JavaScript | Project Management | Python | React,Azure | C++ | Communication | Docker,Bachelor's degree preferred,5,True,Synthetic mid level opportunity in fintech focused on Azure and collaborative problem solving.,Riley Smith,riley.smith52@example.net,(555) 555-0140,synthetic_job_board,SYN-20260714-00441,True
CP-00442,2026-03-08,Electrical Engineer,Electrical Engineer,Electrical & Hardware Engineering,Keystone Energy Works,Energy,Baltimore,MD,United States,On-site,Mid Level,Part-time,78000.0,112000.0,year,USD,AutoCAD | C++ | MATLAB | PLC,Arduino | Embedded C | LabVIEW | Project Management,No degree specified,3,False,Synthetic mid level opportunity in energy focused on AutoCAD and collaborative problem solving.,Taylor Wilson,taylor.wilson53@example.org,(410) 555-0141,synthetic_job_board,SYN-20260308-00442,True
CP-00443,2026-07-22,Backend Engineer,Software Engineer,Software Engineering,Blue Ridge Analytics,Cloud Services,Atlanta,GA,United States,Remote,Senior,Full-time,121000.0,152000.0,year,USD,AWS | Azure | Java | JavaScript | React,Azure | C++ | Communication | Docker | Project Management,Bachelor's degree,6,True,Synthetic senior opportunity in cloud services focused on AWS and collaborative problem solving.,Drew Lewis,drew.lewis54@example.net,(555) 555-0142,synthetic_job_board,SYN-20260722-00443,True
CP-00444,2026-06-29,Embedded Software Engineer,Embedded Systems Engineer,Electrical & Hardware Engineering,Northstar Robotics,Automotive,San Diego,CA,United States,Hybrid,Mid Level,Full-time,111000.0,134000.0,year,USD,Arduino | C++ | Circuit Design | Git | Linux | Microcontrollers,Altium | MATLAB | RTOS,Bachelor's degree,3,True,Synthetic mid level opportunity in automotive focused on Arduino and collaborative problem solving.,Morgan Smith,morgan.smith55@example.net,(555) 555-0143,synthetic_job_board,SYN-20260629-00444,True
CP-00445,2026-03-21,Associate Product Analyst,Product Analyst,Data & Analytics,Axiom Circuit Labs,FinTech,Chicago,IL,United States,Remote,Internship,Internship,31000.0,44000.0,year,USD,Data Visualization | Git | Product Analytics | Project Management | Python | SQL,JavaScript | Power BI | Statistics | Tableau,Bachelor's degree,0,True,Synthetic internship opportunity in fintech focused on Data Visualization and collaborative problem solving.,Drew Smith,drew.smith56@example.org,(555) 555-0144,synthetic_job_board,SYN-20260321-00445,True
CP-00446,2026-05-14,Industrial Automation Engineer,Automation Engineer,Electrical & Hardware Engineering,Hoosier Automation Co.,Advanced Manufacturing,Seattle,WA,United States,Hybrid,Associate,Full-time,63000.0,83000.0,year,USD,AutoCAD | Communication | Control Systems | MATLAB | PLC | Python,Arduino | Git | Project Management,Bachelor's degree preferred,3,True,Synthetic associate opportunity in advanced manufacturing focused on AutoCAD and collaborative problem solving.,Parker Brown,parker.brown57@example.com,(206) 555-0145,synthetic_job_board,SYN-20260514-00446,True
CP-00447,2026-07-19,Entry-Level Developer,Junior Developer,Software Engineering,Peachtree Technology Group,E-commerce,Baltimore,MD,United States,On-site,Associate,Full-time,53000.0,67000.0,year,USD,Communication | Git | HTML/CSS | JavaScript | Python | React | SQL,AWS | C++ | Java | Project Management,Bachelor's degree,2,False,Synthetic associate opportunity in e-commerce focused on Communication and collaborative problem solving.,Parker Garcia,parker.garcia58@example.org,(410) 555-0146,synthetic_job_board,SYN-20260719-00447,True
CP-00448,2026-06-06,Application Developer,Software Engineer,Software Engineering,Blue Ridge Analytics,HealthTech,Salt Lake City,UT,United States,Remote,Mid Level,Full-time,96000.0,130000.0,year,USD,AWS | Communication | Git | Java | Linux | SQL,C++ | Docker | Project Management,Bachelor's degree,4,True,Synthetic mid level opportunity in healthtech focused on AWS and collaborative problem solving.,Quinn Clark,quinn.clark59@example.net,(555) 555-0147,synthetic_job_board,SYN-20260606-00448,True
CP-00449,2026-03-02,Software Engineer,Software Engineer,Software Engineering,Cascade Secure Systems,Software,Raleigh,NC,United States,Hybrid,Entry Level,Full-time,70000.0,88000.0,year,USD,AWS | Git | Java | Linux | Python,Azure | Communication | Docker | Project Management,Bachelor's degree preferred,0,True,Synthetic entry level opportunity in software focused on AWS and collaborative problem solving.,Reese Smith,reese.smith60@example.com,(919) 555-0148,synthetic_job_board,SYN-20260302-00449,True
CP-00450,2026-07-20,Data Analyst,Data Analyst,Data & Analytics,Sonoran Systems Lab,Healthcare,Phoenix,AZ,United States,Remote,Entry Level,Full-time,52000.0,61000.0,year,USD,Git | Power BI | Project Management | SQL,AWS | Git | Project Management,Bachelor's degree preferred,1,True,Synthetic entry level opportunity in healthcare focused on Git and collaborative problem solving.,Skyler Nguyen,skyler.nguyen61@example.com,(555) 555-0149,synthetic_job_board,SYN-20260720-00450,True
CP-00451,2026-04-29,Power Systems Engineer,Electrical Engineer,Electrical & Hardware Engineering,Front Range Controls,Energy,Salt Lake City,UT,United States,Remote,Internship,Internship,31000.0,43000.0,year,USD,AWS | Azure | Circuit Design | Communication | Git | PLC | Python,Arduino | Embedded C | Git | LabVIEW | Project Management,No degree specified,0,True,Synthetic internship opportunity in energy focused on AWS and collaborative problem solving.,Riley Davis,riley.davis62@example.com,(555) 555-0150,synthetic_job_board,SYN-20260429-00451,True
CP-00452,2026-03-29,Associate Software Developer,Junior Developer,Software Engineering,Redwood Product Studio,Digital Agency,Boston,MA,United States,Hybrid,Associate,Full-time,,,year,USD,Communication | Git | HTML/CSS | JavaScript | Python | React,AWS | Java | Linux | Project Management,Bachelor's degree,3,True,Synthetic associate opportunity in digital agency focused on Communication and collaborative problem solving.,Jordan Nguyen,jordan.nguyen63@example.net,(555) 555-0151,synthetic_job_board,SYN-20260329-00452,True
CP-00453,2026-05-27,SOC Analyst,Cybersecurity Analyst,Cybersecurity,Northstar Robotics,Cybersecurity,San Diego,CA,United States,Remote,Entry Level,Full-time,68000.0,87000.0,year,USD,AWS | Cybersecurity | Linux | Networking | Python | SIEM,AWS | Git | Project Management | SQL,Bachelor's degree,0,True,Synthetic entry level opportunity in cybersecurity focused on AWS and collaborative problem solving.,Drew Lewis,drew.lewis64@example.com,(555) 555-0152,synthetic_job_board,SYN-20260527-00453,True
CP-00454,2026-05-16,Backend Engineer,Software Engineer,Software Engineering,Cascade Secure Systems,FinTech,Raleigh,NC,United States,Remote,Senior,Full-time,,,year,USD,AWS | Azure | Communication | Git | JavaScript | Linux,Azure | Docker,Bachelor's degree preferred,6,True,Synthetic senior opportunity in fintech focused on AWS and collaborative problem solving.,Drew Davis,drew.davis65@example.org,(919) 555-0153,synthetic_job_board,SYN-20260516-00454,True
CP-00455,2026-02-27,Product Data Analyst,Product Analyst,Data & Analytics,Blue Ridge Analytics,E-commerce,San Diego,CA,United States,On-site,Entry Level,Full-time,,,year,USD,Communication | Data Visualization | Excel | Product Analytics | Python | SQL,JavaScript | Project Management,Bachelor's degree,2,False,Synthetic entry level opportunity in e-commerce focused on Communication and collaborative problem solving.,Cameron Garcia,cameron.garcia66@example.org,(555) 555-0154,synthetic_job_board,SYN-20260227-00455,True
CP-00456,2026-05-09,Automation Engineer,Automation Engineer,Electrical & Hardware Engineering,Front Range Controls,Logistics,Seattle,WA,United States,Hybrid,Associate,Full-time,72000.0,96000.0,year,USD,AutoCAD | Control Systems | MATLAB | PLC | Python,Arduino | Git | Project Management | Robotics | SQL,Bachelor's degree preferred,2,True,Synthetic associate opportunity in logistics focused on AutoCAD and collaborative problem solving.,Cameron Patel,cameron.patel67@example.net,(206) 555-0155,synthetic_job_board,SYN-20260509-00456,True
CP-00457,2026-03-09,Embedded Software Engineer,Embedded Systems Engineer,Electrical & Hardware Engineering,Front Range Controls,Medical Devices,Portland,OR,United States,On-site,Entry Level,Full-time,65000.0,81000.0,year,USD,Arduino | C++ | Circuit Design | Git | Linux,Altium | Communication | RTOS,Bachelor's degree preferred,2,False,Synthetic entry level opportunity in medical devices focused on Arduino and collaborative problem solving.,Casey Kim,casey.kim68@example.org,(555) 555-0156,synthetic_job_board,SYN-20260309-00457,True
CP-00458,2026-05-17,Junior Electrical Engineer,Electrical Engineer,Electrical & Hardware Engineering,Front Range Controls,Energy,Columbus,OH,United States,On-site,Mid Level,Full-time,69000.0,99000.0,year,USD,Altium | AutoCAD | PLC | Python,Arduino | Embedded C | Git,Bachelor's degree,4,False,Synthetic mid level opportunity in energy focused on Altium and collaborative problem solving.,Cameron Wilson,cameron.wilson69@example.org,(555) 555-0157,synthetic_job_board,SYN-20260517-00458,True
CP-00459,2026-07-16,Full Stack Engineer,Software Engineer,Software Engineering,Pioneer Aerospace Works,Cloud Services,Denver,CO,United States,Hybrid,Mid Level,Full-time,109000.0,149000.0,year,USD,AWS | Git | Python | React | SQL,Azure | C++ | Communication | Docker | Project Management,Bachelor's degree preferred,4,True,Synthetic mid level opportunity in cloud services focused on AWS and collaborative problem solving.,Drew Smith,drew.smith70@example.com,(555) 555-0158,synthetic_job_board,SYN-20260716-00459,True
CP-00460,2026-03-20,Data Analyst,Data Analyst,Data & Analytics,Harborlight HealthTech,Retail,Austin,TX,United States,Hybrid,Internship,Internship,33000.0,40000.0,year,USD,Communication | Data Visualization | Excel | Power BI | Python | SQL | Tableau,AWS | Git | Project Management,Bachelor's degree preferred,0,True,Synthetic internship opportunity in retail focused on Communication and collaborative problem solving.,Quinn Garcia,quinn.garcia71@example.net,(512) 555-0159,synthetic_job_board,SYN-20260320-00460,True
CP-00461,2026-02-22,Desktop Support Analyst,IT Support Specialist,Information Technology,Harborlight HealthTech,Retail,San Diego,CA,United States,On-site,Associate,Full-time,50000.0,62000.0,year,USD,Communication | Networking | Technical Support | Ticketing Systems | Windows,Azure | Cybersecurity | Project Management | Python,Bachelor's degree,2,False,Synthetic associate opportunity in retail focused on Communication and collaborative problem solving.,Drew Garcia,drew.garcia72@example.com,(555) 555-0160,synthetic_job_board,SYN-20260222-00461,True
CP-00462,2026-02-25,Electrical Engineer,Electrical Engineer,Electrical & Hardware Engineering,Harborlight HealthTech,Robotics,Baltimore,MD,United States,Hybrid,Senior,Full-time,95000.0,125000.0,year,USD,AutoCAD | C++ | Circuit Design | Communication,Arduino | LabVIEW | Project Management,Associate degree,6,True,Synthetic senior opportunity in robotics focused on AutoCAD and collaborative problem solving.,Parker Clark,parker.clark73@example.org,(410) 555-0161,synthetic_job_board,SYN-20260225-00462,True
CP-00463,2026-02-20,Junior Developer,Junior Developer,Software Engineering,Peachtree Technology Group,Software,Boston,MA,United States,Hybrid,Associate,Full-time,54000.0,71000.0,year,USD,HTML/CSS | JavaScript | React | SQL,AWS | C++ | Java | Linux | Project Management,High school diploma,3,True,Synthetic associate opportunity in software focused on HTML/CSS and collaborative problem solving.,Drew Lewis,drew.lewis74@example.net,(555) 555-0162,synthetic_job_board,SYN-20260220-00463,True
CP-00464,2026-04-19,Information Security Analyst,Cybersecurity Analyst,Cybersecurity,Great Lakes Data Cooperative,Cloud Services,Seattle,WA,United States,Hybrid,Internship,Internship,36000.0,50000.0,year,USD,Communication | Cybersecurity | Incident Response | Networking | Python | SIEM,AWS | Azure | Git | Project Management | SQL,No degree specified,0,True,Synthetic internship opportunity in cloud services focused on Communication and collaborative problem solving.,Jordan Kim,jordan.kim75@example.org,(206) 555-0163,synthetic_job_board,SYN-20260419-00464,True
CP-00465,2026-05-01,Full Stack Engineer,Software Engineer,Software Engineering,Great Lakes Data Cooperative,Software,Baltimore,MD,United States,Remote,Mid Level,Full-time,89000.0,120000.0,year,USD,AWS | Azure | Communication | Git | JavaScript | Python | SQL,Azure | Docker | Project Management,High school diploma,6,True,Synthetic mid level opportunity in software focused on AWS and collaborative problem solving.,Casey Patel,casey.patel76@example.net,(410) 555-0164,synthetic_job_board,SYN-20260501-00465,True
CP-00466,2026-02-25,Junior Data Analyst,Data Analyst,Data & Analytics,Harborlight HealthTech,Healthcare,Chicago,IL,United States,Remote,Internship,Internship,,,year,USD,Azure | Excel | Power BI | Tableau,AWS | Git | Project Management,Bachelor's degree preferred,0,True,Synthetic internship opportunity in healthcare focused on Azure and collaborative problem solving.,Skyler Brown,skyler.brown77@example.net,(555) 555-0165,synthetic_job_board,SYN-20260225-00466,True
CP-00467,2026-03-25,Application Developer,Software Engineer,Software Engineering,Front Range Controls,FinTech,Seattle,WA,United States,Hybrid,Senior,Full-time,142000.0,177000.0,year,USD,AWS | Git | Python | React | SQL,C++ | Docker | Project Management,Bachelor's degree,10,True,Synthetic senior opportunity in fintech focused on AWS and collaborative problem solving.,Taylor Garcia,taylor.garcia78@example.com,(206) 555-0166,synthetic_job_board,SYN-20260325-00467,True
CP-00468,2026-03-11,Software Engineer,Software Engineer,Software Engineering,Harborlight HealthTech,HealthTech,Seattle,WA,United States,Remote,Mid Level,Full-time,110000.0,136000.0,year,USD,Azure | Git | Java | Project Management | Python | React,C++ | Communication | Project Management,Associate degree,3,True,Synthetic mid level opportunity in healthtech focused on Azure and collaborative problem solving.,Riley Lee,riley.lee79@example.com,(206) 555-0167,synthetic_job_board,SYN-20260311-00468,True
CP-00469,2026-05-11,Help Desk Technician,IT Support Specialist,Information Technology,Peachtree Technology Group,Retail,Denver,CO,United States,On-site,Senior,Full-time,69000.0,87000.0,year,USD,Communication | Linux | Networking | Ticketing Systems | Windows,Cybersecurity | Project Management | Python,No degree specified,8,False,Synthetic senior opportunity in retail focused on Communication and collaborative problem solving.,Jordan Clark,jordan.clark80@example.org,(555) 555-0168,synthetic_job_board,SYN-20260511-00469,True
CP-00470,2026-02-21,Network Engineer,Network Engineer,Information Technology,Cascade Secure Systems,Cloud Services,Seattle,WA,United States,On-site,Mid Level,Part-time,105000.0,127000.0,year,USD,Communication | Cybersecurity | Linux | Networking,AWS | Azure | Git | SIEM,Bachelor's degree,6,False,Synthetic mid level opportunity in cloud services focused on Communication and collaborative problem solving.,Skyler Wilson,skyler.wilson81@example.net,(206) 555-0169,synthetic_job_board,SYN-20260221-00470,True
CP-00471,2026-06-25,Associate Software Developer,Junior Developer,Software Engineering,Orchard Education Labs,Software,Pittsburgh,PA,United States,Remote,Entry Level,Full-time,38000.0,49000.0,year,USD,AWS | Azure | Communication | HTML/CSS | JavaScript | Project Management | SQL,Java | Project Management,Bachelor's degree,1,True,Synthetic entry level opportunity in software focused on AWS and collaborative problem solving.,Quinn Clark,quinn.clark82@example.net,(555) 555-0170,synthetic_job_board,SYN-20260625-00471,True
CP-00472,2026-06-27,Electrical Design Engineer,Electrical Engineer,Electrical & Hardware Engineering,Pioneer Aerospace Works,Aerospace,Phoenix,AZ,United States,On-site,Senior,Full-time,104000.0,125000.0,year,USD,Altium | C++ | Circuit Design | Communication | MATLAB | PLC | Python,Arduino | Git | LabVIEW | Project Management,No degree specified,8,False,Synthetic senior opportunity in aerospace focused on Altium and collaborative problem solving.,Reese Davis,reese.davis83@example.net,(555) 555-0171,synthetic_job_board,SYN-20260627-00472,True
CP-00473,2026-06-24,Junior Network Engineer,Network Engineer,Information Technology,Summit Network Partners,Cloud Services,Chicago,IL,United States,On-site,Associate,Full-time,64000.0,81000.0,year,USD,Cisco | Cybersecurity | Networking | Python,Azure | Project Management,Bachelor's degree,2,False,Synthetic associate opportunity in cloud services focused on Cisco and collaborative problem solving.,Casey Patel,casey.patel84@example.com,(555) 555-0172,synthetic_job_board,SYN-20260624-00473,True
CP-00474,2026-06-05,Firmware Engineer,Embedded Systems Engineer,Electrical & Hardware Engineering,Hoosier Automation Co.,Medical Devices,Salt Lake City,UT,United States,Hybrid,Internship,Internship,37000.0,47000.0,year,USD,Arduino | Embedded C | Linux | Microcontrollers,Altium | Communication | MATLAB | Python,No degree specified,0,True,Synthetic internship opportunity in medical devices focused on Arduino and collaborative problem solving.,Morgan Smith,morgan.smith85@example.org,(555) 555-0173,synthetic_job_board,SYN-20260605-00474,True
CP-00475,2026-06-20,Junior Developer,Junior Developer,Software Engineering,Orchard Education Labs,E-commerce,Denver,CO,United States,Hybrid,Entry Level,Full-time,40000.0,57000.0,year,USD,Git | HTML/CSS | JavaScript | React | SQL,AWS | Java | Linux | Project Management,Bachelor's degree preferred,1,True,Synthetic entry level opportunity in e-commerce focused on Git and collaborative problem solving.,Taylor Nguyen,taylor.nguyen86@example.org,(555) 555-0174,synthetic_job_board,SYN-20260620-00475,True
CP-00476,2026-06-18,Electrical Design Engineer,Electrical Engineer,Electrical & Hardware Engineering,Hoosier Automation Co.,Advanced Manufacturing,Seattle,WA,United States,On-site,Associate,Part-time,,,year,USD,AutoCAD | Circuit Design | Communication | MATLAB | PLC | Python,Embedded C | Git | LabVIEW,Bachelor's degree,2,False,Synthetic associate opportunity in advanced manufacturing focused on AutoCAD and collaborative problem solving.,Reese Clark,reese.clark87@example.org,(206) 555-0175,synthetic_job_board,SYN-20260618-00476,True
CP-00477,2026-02-02,Firmware Engineer,Embedded Systems Engineer,Electrical & Hardware Engineering,Sonoran Systems Lab,Automotive,Portland,OR,United States,Remote,Associate,Full-time,74000.0,93000.0,year,USD,Arduino | C++ | Circuit Design | Communication | Project Management,Altium | Communication | MATLAB | Python | RTOS,High school diploma,1,True,Synthetic associate opportunity in automotive focused on Arduino and collaborative problem solving.,Cameron Davis,cameron.davis88@example.org,(555) 555-0176,synthetic_job_board,SYN-20260202-00477,True
CP-00478,2026-07-06,Entry-Level Developer,Junior Developer,Software Engineering,Potomac Digital Services,E-commerce,Columbus,OH,United States,Remote,Entry Level,Full-time,40000.0,54000.0,year,USD,Azure | HTML/CSS | JavaScript | React,C++ | Java | Linux,Bachelor's degree,0,True,Synthetic entry level opportunity in e-commerce focused on Azure and collaborative problem solving.,Jordan Clark,jordan.clark89@example.com,(555) 555-0177,synthetic_job_board,SYN-20260706-00478,True
CP-00479,2026-05-15,Backend Engineer,Software Engineer,Software Engineering,Redwood Product Studio,Software,San Diego,CA,United States,Remote,Entry Level,Contract,,,year,USD,Java | JavaScript | Python | SQL,C++ | Communication | Project Management,Bachelor's degree,2,True,Synthetic entry level opportunity in software focused on Java and collaborative problem solving.,Avery Davis,avery.davis90@example.net,(555) 555-0178,synthetic_job_board,SYN-20260515-00479,True
CP-00480,2026-06-10,Firmware Engineer,Embedded Systems Engineer,Electrical & Hardware Engineering,Pioneer Aerospace Works,Automotive,San Diego,CA,United States,On-site,Mid Level,Full-time,111000.0,141000.0,year,USD,Arduino | C++ | Circuit Design | Embedded C | Git | Linux | Microcontrollers,Altium | RTOS,Bachelor's degree,3,False,Synthetic mid level opportunity in automotive focused on Arduino and collaborative problem solving.,Parker Davis,parker.davis91@example.com,(555) 555-0179,synthetic_job_board,SYN-20260610-00480,True
CP-00481,2026-07-04,Help Desk Technician,IT Support Specialist,Information Technology,Summit Network Partners,Retail,Chicago,IL,United States,Remote,Entry Level,Full-time,36000.0,47000.0,year,USD,Azure | Communication | Linux | Networking | Project Management | Technical Support | Windows,Azure | Project Management | Python,Bachelor's degree,0,True,Synthetic entry level opportunity in retail focused on Azure and collaborative problem solving.,Parker Garcia,parker.garcia92@example.org,(555) 555-0180,synthetic_job_board,SYN-20260704-00481,True
CP-00482,2026-04-22,Security Operations Analyst,Cybersecurity Analyst,Cybersecurity,Sonoran Systems Lab,Financial Services,Boston,MA,United States,Hybrid,Mid Level,Full-time,96000.0,128000.0,year,USD,Communication | Cybersecurity | Incident Response | Linux | Networking | SIEM,Git | Project Management,Bachelor's degree,3,True,Synthetic mid level opportunity in financial services focused on Communication and collaborative problem solving.,Avery Lee,avery.lee93@example.org,(555) 555-0181,synthetic_job_board,SYN-20260422-00482,True
CP-00483,2026-06-15,Electrical Design Engineer,Electrical Engineer,Electrical & Hardware Engineering,Harborlight HealthTech,Aerospace,Portland,OR,United States,Hybrid,Mid Level,Full-time,85000.0,105000.0,year,USD,Altium | AutoCAD | C++ | Communication | PLC | Python,Arduino | LabVIEW | Project Management,Bachelor's degree preferred,4,True,Synthetic mid level opportunity in aerospace focused on Altium and collaborative problem solving.,Morgan Clark,morgan.clark94@example.net,(555) 555-0182,synthetic_job_board,SYN-20260615-00483,True
CP-00484,2026-02-21,IoT Engineer,Embedded Systems Engineer,Electrical & Hardware Engineering,Axiom Circuit Labs,Automotive,Indianapolis,IN,United States,On-site,Associate,Full-time,68000.0,91000.0,year,USD,Arduino | Circuit Design | Embedded C | Git,Altium | MATLAB | RTOS,Associate degree,3,False,Synthetic associate opportunity in automotive focused on Arduino and collaborative problem solving.,Casey Martin,casey.martin95@example.com,(317) 555-0183,synthetic_job_board,SYN-20260221-00484,True
CP-00485,2026-04-07,Application Developer,Software Engineer,Software Engineering,Redwood Product Studio,Cloud Services,Denver,CO,United States,Remote,Entry Level,Full-time,,,year,USD,Communication | Linux | Project Management | SQL,Azure | C++ | Communication | Project Management,Associate degree,1,True,Synthetic entry level opportunity in cloud services focused on Communication and collaborative problem solving.,Skyler Clark,skyler.clark96@example.net,(555) 555-0184,synthetic_job_board,SYN-20260407-00485,True
CP-00486,2026-03-22,Product Analyst,Product Analyst,Data & Analytics,Redwood Product Studio,FinTech,Denver,CO,United States,Remote,Mid Level,Full-time,,,year,USD,AWS | Azure | Communication | Python,Power BI | Project Management | Statistics | Tableau,Bachelor's degree preferred,3,True,Synthetic mid level opportunity in fintech focused on AWS and collaborative problem solving.,Riley Wilson,riley.wilson0@example.org,(555) 555-0185,synthetic_job_board,SYN-20260322-00486,True
CP-00487,2026-07-10,Reporting Analyst,Data Analyst,Data & Analytics,Blue Ridge Analytics,Healthcare,Columbus,OH,United States,Hybrid,Internship,Internship,27000.0,37000.0,year,USD,Communication | Data Visualization | Excel | Python | SQL | Tableau,Git | Statistics,Bachelor's degree,0,True,Synthetic internship opportunity in healthcare focused on Communication and collaborative problem solving.,Parker Davis,parker.davis1@example.net,(555) 555-0186,synthetic_job_board,SYN-20260710-00487,True
CP-00488,2026-02-01,Controls Engineer,Automation Engineer,Electrical & Hardware Engineering,Axiom Circuit Labs,Logistics,Denver,CO,United States,Hybrid,Internship,Internship,35000.0,48000.0,year,USD,AutoCAD | Communication | MATLAB | PLC | Python,Arduino | Git | Project Management | Robotics | SQL,Bachelor's degree,0,True,Synthetic internship opportunity in logistics focused on AutoCAD and collaborative problem solving.,Jordan Wilson,jordan.wilson2@example.org,(555) 555-0187,synthetic_job_board,SYN-20260201-00488,True
CP-00489,2026-02-18,Electrical Design Engineer,Electrical Engineer,Electrical & Hardware Engineering,Keystone Energy Works,Aerospace,Minneapolis,MN,United States,Remote,Entry Level,Full-time,46000.0,62000.0,year,USD,Altium | C++ | Circuit Design | Communication | Project Management,Arduino | Embedded C,Bachelor's degree,2,True,Synthetic entry level opportunity in aerospace focused on Altium and collaborative problem solving.,Cameron Wilson,cameron.wilson3@example.com,(555) 555-0188,synthetic_job_board,SYN-20260218-00489,True
CP-00490,2026-02-06,IT Support Specialist,IT Support Specialist,Information Technology,Sonoran Systems Lab,Healthcare,Phoenix,AZ,United States,Remote,Associate,Full-time,45000.0,55000.0,year,USD,Azure | Communication | Git | Networking | Technical Support,Project Management | Python,Bachelor's degree,2,True,Synthetic associate opportunity in healthcare focused on Azure and collaborative problem solving.,Jordan Lee,jordan.lee4@example.com,(555) 555-0189,synthetic_job_board,SYN-20260206-00490,True
CP-00491,2026-06-23,Software Engineer,Software Engineer,Software Engineering,Northstar Robotics,Cloud Services,Chicago,IL,United States,Hybrid,Internship,Internship,41000.0,53000.0,year,USD,AWS | Git | Java | JavaScript | Linux | React,C++ | Communication | Project Management,Bachelor's degree,0,True,Synthetic internship opportunity in cloud services focused on AWS and collaborative problem solving.,Casey Patel,casey.patel5@example.org,(555) 555-0190,synthetic_job_board,SYN-20260623-00491,True
CP-00492,2026-06-09,Software Engineer,Software Engineer,Software Engineering,Orchard Education Labs,Cloud Services,Phoenix,AZ,United States,Remote,Entry Level,Full-time,67000.0,80000.0,year,USD,Git | Java | JavaScript | Project Management | SQL,Azure | C++ | Communication | Docker | Project Management,No degree specified,2,True,Synthetic entry level opportunity in cloud services focused on Git and collaborative problem solving.,Taylor Martin,taylor.martin6@example.com,(555) 555-0191,synthetic_job_board,SYN-20260609-00492,True
CP-00493,2026-07-20,Embedded Systems Engineer,Embedded Systems Engineer,Electrical & Hardware Engineering,Pioneer Aerospace Works,Aerospace,Columbus,OH,United States,Remote,Mid Level,Full-time,90000.0,120000.0,year,USD,AWS | C++ | Circuit Design | Embedded C | Microcontrollers | Project Management,Altium | Communication | MATLAB | Python | RTOS,Bachelor's degree,3,True,Synthetic mid level opportunity in aerospace focused on AWS and collaborative problem solving.,Avery Smith,avery.smith7@example.com,(555) 555-0192,synthetic_job_board,SYN-20260720-00493,True
CP-00494,2026-07-02,Junior Developer,Junior Developer,Software Engineering,Axiom Circuit Labs,Education Technology,Pittsburgh,PA,United States,On-site,Mid Level,Full-time,64000.0,81000.0,year,USD,Communication | JavaScript | Python | React,AWS | C++ | Java | Linux | Project Management,Associate degree,3,False,Synthetic mid level opportunity in education technology focused on Communication and collaborative problem solving.,Skyler Martin,skyler.martin8@example.org,(555) 555-0193,synthetic_job_board,SYN-20260702-00494,True
CP-00495,2026-02-03,Reporting Analyst,Data Analyst,Data & Analytics,Blue Ridge Analytics,Financial Services,Portland,OR,United States,Remote,Mid Level,Part-time,,,year,USD,Azure | Data Visualization | Excel | Python | SQL | Tableau,AWS | Git | Project Management,Bachelor's degree,3,True,Synthetic mid level opportunity in financial services focused on Azure and collaborative problem solving.,Casey Brown,casey.brown9@example.org,(555) 555-0194,synthetic_job_board,SYN-20260203-00495,True
CP-00496,2026-06-04,Data Analyst,Data Analyst,Data & Analytics,Peachtree Technology Group,Financial Services,Denver,CO,United States,Remote,Entry Level,Full-time,46000.0,64000.0,year,USD,Azure | Communication | Excel | Git | Project Management,Git | Project Management,No degree specified,0,True,Synthetic entry level opportunity in financial services focused on Azure and collaborative problem solving.,Jordan Patel,jordan.patel10@example.net,(555) 555-0195,synthetic_job_board,SYN-20260604-00496,True
CP-00497,2026-06-07,Junior Electrical Engineer,Electrical Engineer,Electrical & Hardware Engineering,Hoosier Automation Co.,Energy,Baltimore,MD,United States,On-site,Mid Level,Full-time,76000.0,96000.0,year,USD,Altium | AutoCAD | C++ | Circuit Design | Communication | PLC | Python,Arduino | Embedded C | Git | LabVIEW,Bachelor's degree,6,False,Synthetic mid level opportunity in energy focused on Altium and collaborative problem solving.,Avery Kim,avery.kim11@example.net,(410) 555-0196,synthetic_job_board,SYN-20260607-00497,True
CP-00498,2026-03-15,Business Data Analyst,Data Analyst,Data & Analytics,Liberty Financial Tech,Retail,Baltimore,MD,United States,Hybrid,Internship,Internship,,,year,USD,Communication | Data Visualization | Excel | Power BI | Python | SQL | Tableau,AWS | Project Management,Bachelor's degree,0,True,Synthetic internship opportunity in retail focused on Communication and collaborative problem solving.,Skyler Clark,skyler.clark12@example.com,(410) 555-0197,synthetic_job_board,SYN-20260315-00498,True
CP-00499,2026-05-06,Application Developer,Software Engineer,Software Engineering,Liberty Financial Tech,Software,Austin,TX,United States,Hybrid,Associate,Full-time,88000.0,121000.0,year,USD,AWS | Java | JavaScript | Linux,Azure | Project Management,No degree specified,2,True,Synthetic associate opportunity in software focused on AWS and collaborative problem solving.,Avery Kim,avery.kim13@example.com,(512) 555-0198,synthetic_job_board,SYN-20260506-00499,True
CP-00500,2026-04-03,Security Operations Analyst,Cybersecurity Analyst,Cybersecurity,Peachtree Technology Group,Financial Services,Seattle,WA,United States,Remote,Mid Level,Full-time,94000.0,118000.0,year,USD,Communication | Git | Incident Response | Linux | SIEM,AWS | Azure | Git | Project Management | SQL,Bachelor's degree preferred,4,True,Synthetic mid level opportunity in financial services focused on Communication and collaborative problem solving.,Avery Lewis,avery.lewis14@example.com,(206) 555-0199,synthetic_job_board,SYN-20260403-00500,True
CP-00501,2026-04-06,SOC Analyst,Cybersecurity Analyst,Cybersecurity,Summit Network Partners,Cybersecurity,Baltimore,MD,United States,Remote,Mid Level,Part-time,89000.0,106000.0,year,USD,AWS | Azure | Communication | Cybersecurity | Incident Response | Python,AWS | Git,Associate degree,4,True,Synthetic mid level opportunity in cybersecurity focused on AWS and collaborative problem solving.,Cameron Kim,cameron.kim15@example.com,(410) 555-0100,synthetic_job_board,SYN-20260406-00501,True
CP-00502,2026-05-27,Product Analyst,Product Analyst,Data & Analytics,Redwood Product Studio,E-commerce,Atlanta,GA,United States,On-site,Associate,Full-time,64000.0,78000.0,year,USD,Data Visualization | Excel | Product Analytics | Python | SQL,JavaScript | Power BI | Statistics | Tableau,Bachelor's degree,3,False,Synthetic associate opportunity in e-commerce focused on Data Visualization and collaborative problem solving.,Reese Garcia,reese.garcia16@example.net,(555) 555-0101,synthetic_job_board,SYN-20260527-00502,True
CP-00503,2026-05-01,Application Developer,Software Engineer,Software Engineering,Harborlight HealthTech,Software,Columbus,OH,United States,Hybrid,Internship,Internship,36000.0,45000.0,year,USD,Git | JavaScript | Linux | React,Azure | C++ | Communication | Docker | Project Management,Bachelor's degree preferred,0,True,Synthetic internship opportunity in software focused on Git and collaborative problem solving.,Avery Brown,avery.brown17@example.com,(555) 555-0102,synthetic_job_board,SYN-20260501-00503,True
CP-00504,2026-05-06,PLC Engineer,Automation Engineer,Electrical & Hardware Engineering,Pioneer Aerospace Works,Logistics,Pittsburgh,PA,United States,Hybrid,Entry Level,Full-time,55000.0,72000.0,year,USD,AutoCAD | Control Systems | MATLAB | PLC | Python,Arduino | Git | Project Management | Robotics | SQL,No degree specified,1,True,Synthetic entry level opportunity in logistics focused on AutoCAD and collaborative problem solving.,Morgan Nguyen,morgan.nguyen18@example.net,(555) 555-0103,synthetic_job_board,SYN-20260506-00504,True
CP-00505,2026-03-08,Security Operations Analyst,Cybersecurity Analyst,Cybersecurity,Rainier Cloud Group,Cloud Services,Chicago,IL,United States,On-site,Internship,Internship,40000.0,47000.0,year,USD,Communication | Cybersecurity | Incident Response | Linux | Networking | Python | SIEM,AWS | SQL,High school diploma,0,False,Synthetic internship opportunity in cloud services focused on Communication and collaborative problem solving.,Riley Lee,riley.lee19@example.com,(555) 555-0104,synthetic_job_board,SYN-20260308-00505,True
CP-00506,2026-06-24,Business Data Analyst,Data Analyst,Data & Analytics,Liberty Financial Tech,Financial Services,Atlanta,GA,United States,Hybrid,Senior,Full-time,95000.0,132000.0,year,USD,Communication | Data Visualization | Excel | Python | SQL | Tableau,Git | Project Management | Statistics,Bachelor's degree,10,True,Synthetic senior opportunity in financial services focused on Communication and collaborative problem solving.,Quinn Martin,quinn.martin20@example.net,(555) 555-0105,synthetic_job_board,SYN-20260624-00506,True
CP-00507,2026-07-27,Full Stack Engineer,Software Engineer,Software Engineering,Pioneer Aerospace Works,FinTech,Raleigh,NC,United States,Remote,Senior,Full-time,121000.0,162000.0,year,USD,Azure | Git | Java | JavaScript | Project Management | React,Azure | C++ | Communication | Project Management,Associate degree,6,True,Synthetic senior opportunity in fintech focused on Azure and collaborative problem solving.,Morgan Davis,morgan.davis21@example.net,(919) 555-0106,synthetic_job_board,SYN-20260727-00507,True
CP-00508,2026-06-11,Network Operations Engineer,Network Engineer,Information Technology,Redwood Product Studio,Cloud Services,Indianapolis,IN,United States,On-site,Entry Level,Contract,54000.0,66000.0,year,USD,Cisco | Communication | Linux | Networking,AWS | Azure | Git | Project Management | SIEM,No degree specified,0,False,Synthetic entry level opportunity in cloud services focused on Cisco and collaborative problem solving.,Drew Wilson,drew.wilson22@example.net,(317) 555-0107,synthetic_job_board,SYN-20260611-00508,True
CP-00509,2026-04-16,Embedded Software Engineer,Embedded Systems Engineer,Electrical & Hardware Engineering,Sonoran Systems Lab,Automotive,Salt Lake City,UT,United States,On-site,Senior,Full-time,110000.0,130000.0,year,USD,Arduino | C++ | Linux | Microcontrollers,Altium | Communication | MATLAB | Python | RTOS,No degree specified,6,False,Synthetic senior opportunity in automotive focused on Arduino and collaborative problem solving.,Parker Lewis,parker.lewis23@example.org,,synthetic_job_board,SYN-20260416-00509,True
CP-00510,2026-03-04,Software Engineer,Software Engineer,Software Engineering,Liberty Financial Tech,HealthTech,Pittsburgh,PA,United States,Hybrid,Entry Level,Full-time,67000.0,87000.0,year,USD,AWS | Git | JavaScript | Linux | Python | React | SQL,Azure | C++ | Communication | Docker | Project Management,Associate degree,0,True,Synthetic entry level opportunity in healthtech focused on AWS and collaborative problem solving.,Taylor Garcia,taylor.garcia24@example.net,(555) 555-0109,synthetic_job_board,SYN-20260304-00510,True
CP-00511,2026-07-23,Infrastructure Engineer,Network Engineer,Information Technology,Northstar Robotics,Managed Services,Raleigh,NC,United States,Hybrid,Entry Level,Full-time,61000.0,76000.0,year,USD,Cisco | Communication | Cybersecurity | Linux | Python,AWS | Azure | Git | SIEM,Bachelor's degree,1,True,Synthetic entry level opportunity in managed services focused on Cisco and collaborative problem solving.,Jordan Clark,jordan.clark25@example.net,(919) 555-0110,synthetic_job_board,SYN-20260723-00511,True
CP-00512,2026-05-23,Backend Engineer,Software Engineer,Software Engineering,Sonoran Systems Lab,Software,Boston,MA,United States,Remote,Entry Level,Contract,85000.0,111000.0,year,USD,Azure | Communication | Java | JavaScript | Project Management,Azure | C++ | Communication | Docker | Project Management,Associate degree,0,True,Synthetic entry level opportunity in software focused on Azure and collaborative problem solving.,Drew Wilson,drew.wilson26@example.net,(555) 555-0111,synthetic_job_board,SYN-20260523-00512,True
CP-00513,2026-03-25,Business Data Analyst,Data Analyst,Data & Analytics,Harborlight HealthTech,Healthcare,Austin,TX,United States,Remote,Internship,Internship,30000.0,42000.0,year,USD,AWS | Data Visualization | Git | SQL | Tableau,AWS | Git | Project Management | Statistics,Bachelor's degree,0,True,Synthetic internship opportunity in healthcare focused on AWS and collaborative problem solving.,Parker Brown,parker.brown27@example.net,(512) 555-0112,synthetic_job_board,SYN-20260325-00513,True
CP-00514,2026-07-28,Network Engineer,Network Engineer,Information Technology,Rainier Cloud Group,Managed Services,Chicago,IL,United States,Remote,Entry Level,Full-time,59000.0,81000.0,year,USD,AWS | Communication | Cybersecurity | Git | Project Management,AWS | Azure | Project Management | SIEM,Bachelor's degree preferred,0,True,Synthetic entry level opportunity in managed services focused on AWS and collaborative problem solving.,Skyler Lewis,skyler.lewis28@example.net,(555) 555-0113,synthetic_job_board,SYN-20260728-00514,True
CP-00515,2026-03-19,Firmware Engineer,Embedded Systems Engineer,Electrical & Hardware Engineering,Harborlight HealthTech,Aerospace,Seattle,WA,United States,On-site,Mid Level,Full-time,100000.0,135000.0,year,USD,Arduino | C++ | Circuit Design | Embedded C | Linux,Altium | MATLAB | Python | RTOS,Bachelor's degree,5,False,Synthetic mid level opportunity in aerospace focused on Arduino and collaborative problem solving.,Avery Brown,avery.brown29@example.org,(206) 555-0114,synthetic_job_board,SYN-20260319-00515,True
CP-00516,2026-06-13,Junior Electrical Engineer,Electrical Engineer,Electrical & Hardware Engineering,Axiom Circuit Labs,Advanced Manufacturing,San Diego,CA,United States,Hybrid,Entry Level,Contract,60000.0,81000.0,year,USD,Altium | AutoCAD | Circuit Design | PLC | Python,Arduino | Embedded C | LabVIEW | Project Management,No degree specified,0,True,Synthetic entry level opportunity in advanced manufacturing focused on Altium and collaborative problem solving.,Avery Martin,avery.martin30@example.org,(555) 555-0115,synthetic_job_board,SYN-20260613-00516,True
CP-00517,2026-04-06,Entry-Level Developer,Junior Developer,Software Engineering,Redwood Product Studio,Digital Agency,Indianapolis,IN,United States,Remote,Entry Level,Full-time,44000.0,58000.0,year,USD,AWS | Communication | Git | JavaScript | Python,AWS | C++ | Java | Linux,Bachelor's degree,2,True,Synthetic entry level opportunity in digital agency focused on AWS and collaborative problem solving.,Cameron Kim,cameron.kim31@example.com,(317) 555-0116,synthetic_job_board,SYN-20260406-00517,True
CP-00518,2026-06-07,IoT Engineer,Embedded Systems Engineer,Electrical & Hardware Engineering,Pioneer Aerospace Works,Aerospace,Baltimore,MD,United States,Hybrid,Associate,Full-time,,,year,USD,Arduino | C++ | Circuit Design | Git | Linux | Microcontrollers,MATLAB | Python,Bachelor's degree,1,True,Synthetic associate opportunity in aerospace focused on Arduino and collaborative problem solving.,Avery Garcia,avery.garcia32@example.com,(410) 555-0117,synthetic_job_board,SYN-20260607-00518,True
CP-00519,2026-04-29,Junior Developer,Junior Developer,Software Engineering,Orchard Education Labs,Education Technology,Chicago,IL,United States,On-site,Associate,Full-time,47000.0,61000.0,year,USD,Communication | Git | HTML/CSS | JavaScript | Python | React | SQL,AWS | Java | Project Management,No degree specified,2,False,Synthetic associate opportunity in education technology focused on Communication and collaborative problem solving.,Casey Kim,casey.kim33@example.net,(555) 555-0118,synthetic_job_board,SYN-20260429-00519,True
CP-00520,2026-05-15,Power Systems Engineer,Electrical Engineer,Electrical & Hardware Engineering,Pioneer Aerospace Works,Robotics,Boston,MA,United States,Remote,Mid Level,Full-time,100000.0,124000.0,year,USD,C++ | Circuit Design | Communication | Git | PLC | Project Management | Python,Arduino | Embedded C | Git | LabVIEW | Project Management,Bachelor's degree,4,True,Synthetic mid level opportunity in robotics focused on C++ and collaborative problem solving.,Casey Lee,casey.lee34@example.org,(555) 555-0119,synthetic_job_board,SYN-20260515-00520,True
CP-00521,2026-04-05,Industrial Automation Engineer,Automation Engineer,Electrical & Hardware Engineering,Axiom Circuit Labs,Advanced Manufacturing,Denver,CO,United States,On-site,Entry Level,Full-time,59000.0,82000.0,year,USD,AutoCAD | Communication | Control Systems | MATLAB | PLC | Python,Arduino | Robotics | SQL,Bachelor's degree,0,False,Synthetic entry level opportunity in advanced manufacturing focused on AutoCAD and collaborative problem solving.,Cameron Kim,cameron.kim35@example.net,(555) 555-0120,synthetic_job_board,SYN-20260405-00521,True
CP-00522,2026-04-08,IT Support Specialist,IT Support Specialist,Information Technology,Summit Network Partners,Retail,Raleigh,NC,United States,On-site,Internship,Internship,22000.0,28000.0,year,USD,Communication | Linux | Networking | Ticketing Systems,Azure | Cybersecurity | Project Management | Python,,0,False,Synthetic internship opportunity in retail focused on Communication and collaborative problem solving.,Reese Clark,reese.clark36@example.net,(919) 555-0121,synthetic_job_board,SYN-20260408-00522,True
CP-00523,2026-03-20,Junior Web Developer,Junior Developer,Software Engineering,Axiom Circuit Labs,Education Technology,Boston,MA,United States,Remote,Senior,Full-time,86000.0,123000.0,year,USD,AWS | Communication | HTML/CSS | Project Management | SQL,C++ | Java | Linux | Project Management,Bachelor's degree,7,True,Synthetic senior opportunity in education technology focused on AWS and collaborative problem solving.,Cameron Kim,cameron.kim37@example.net,(555) 555-0122,synthetic_job_board,SYN-20260320-00523,True
CP-00524,2026-02-02,Security Operations Analyst,Cybersecurity Analyst,Cybersecurity,Great Lakes Data Cooperative,Government Technology,Pittsburgh,PA,United States,Hybrid,Mid Level,Full-time,,,year,USD,Communication | Incident Response | Linux | Networking | Python,AWS | Azure,Bachelor's degree preferred,3,True,Synthetic mid level opportunity in government technology focused on Communication and collaborative problem solving.,Parker Wilson,parker.wilson38@example.com,(555) 555-0123,synthetic_job_board,SYN-20260202-00524,True
CP-00525,2026-07-11,Full Stack Engineer,Software Engineer,Software Engineering,Liberty Financial Tech,Cloud Services,Raleigh,NC,United States,Hybrid,Senior,Full-time,,,year,USD,Git | Java | JavaScript | Linux | Python | React | SQL,Azure | C++ | Communication | Docker | Project Management,Bachelor's degree preferred,10,True,Synthetic senior opportunity in cloud services focused on Git and collaborative problem solving.,Parker Brown,parker.brown39@example.com,(919) 555-0124,synthetic_job_board,SYN-20260711-00525,True
CP-00526,2026-04-25,Infrastructure Engineer,Network Engineer,Information Technology,Liberty Financial Tech,Cloud Services,San Diego,CA,United States,Remote,Senior,Full-time,123000.0,174000.0,year,USD,Azure | Cisco | Communication | Git | Linux | Project Management,AWS | Git | Project Management | SIEM,Associate degree,8,True,Synthetic senior opportunity in cloud services focused on Azure and collaborative problem solving.,Quinn Lee,quinn.lee40@example.org,(555) 555-0125,synthetic_job_board,SYN-20260425-00526,True
CP-00527,2026-06-09,Security Operations Analyst,Cybersecurity Analyst,Cybersecurity,Keystone Energy Works,Cloud Services,Austin,TX,United States,Remote,Entry Level,Full-time,64000.0,84000.0,year,USD,AWS | Azure | Cybersecurity | Git | SIEM,AWS | Azure | Git | Project Management | SQL,Bachelor's degree,0,True,Synthetic entry level opportunity in cloud services focused on AWS and collaborative problem solving.,Riley Wilson,riley.wilson41@example.com,(512) 555-0126,synthetic_job_board,SYN-20260609-00527,True
CP-00528,2026-07-04,Power Systems Engineer,Electrical Engineer,Electrical & Hardware Engineering,Cascade Secure Systems,Energy,Columbus,OH,United States,On-site,Entry Level,Part-time,59000.0,75000.0,year,USD,C++ | Circuit Design | Communication | MATLAB | PLC | Python,Arduino | Embedded C | LabVIEW | Project Management,Bachelor's degree,2,False,Synthetic entry level opportunity in energy focused on C++ and collaborative problem solving.,Avery Brown,avery.brown42@example.net,(555) 555-0127,synthetic_job_board,SYN-20260704-00528,True
CP-00529,2026-05-10,Application Developer,Software Engineer,Software Engineering,Blue Ridge Analytics,FinTech,Boston,MA,United States,Hybrid,Internship,Internship,46000.0,61000.0,year,USD,Git | Java | JavaScript | Python | React,Azure | C++ | Docker | Project Management,Bachelor's degree preferred,0,True,Synthetic internship opportunity in fintech focused on Git and collaborative problem solving.,Avery Kim,avery.kim43@example.net,(555) 555-0128,synthetic_job_board,SYN-20260510-00529,True
CP-00530,2026-02-21,Electrical Design Engineer,Electrical Engineer,Electrical & Hardware Engineering,Cascade Secure Systems,Aerospace,Seattle,WA,United States,Remote,Entry Level,Full-time,67000.0,85000.0,year,USD,Azure | C++ | Git | Project Management,Embedded C | Git | LabVIEW | Project Management,Bachelor's degree,1,True,Synthetic entry level opportunity in aerospace focused on Azure and collaborative problem solving.,Casey Patel,casey.patel44@example.org,(206) 555-0129,synthetic_job_board,SYN-20260221-00530,True
CP-00531,2026-03-19,IoT Engineer,Embedded Systems Engineer,Electrical & Hardware Engineering,Front Range Controls,Robotics,Portland,OR,United States,Hybrid,Mid Level,Full-time,95000.0,119000.0,year,USD,Arduino | C++ | Circuit Design | Embedded C | Git | Linux,Altium | Communication | MATLAB | Python | RTOS,Associate degree,5,True,Synthetic mid level opportunity in robotics focused on Arduino and collaborative problem solving.,Parker Smith,parker.smith45@example.org,(555) 555-0130,synthetic_job_board,SYN-20260319-00531,True
CP-00532,2026-05-09,Junior Developer,Junior Developer,Software Engineering,Peachtree Technology Group,Education Technology,Chicago,IL,United States,Remote,Associate,Full-time,48000.0,68000.0,year,USD,Azure | Git | HTML/CSS | Project Management | Python | SQL,AWS | C++ | Java | Linux,Bachelor's degree,3,True,Synthetic associate opportunity in education technology focused on Azure and collaborative problem solving.,Riley Wilson,riley.wilson46@example.org,(555) 555-0131,synthetic_job_board,SYN-20260509-00532,True
CP-00533,2026-03-02,Reporting Analyst,Data Analyst,Data & Analytics,Rainier Cloud Group,Financial Services,Austin,TX,United States,Hybrid,Entry Level,Full-time,56000.0,67000.0,year,USD,Communication | Power BI | SQL | Tableau,AWS | Git | Statistics,Associate degree,0,True,Synthetic entry level opportunity in financial services focused on Communication and collaborative problem solving.,Drew Lewis,drew.lewis47@example.net,(512) 555-0132,synthetic_job_board,SYN-20260302-00533,True
CP-00534,2026-04-09,Reporting Analyst,Data Analyst,Data & Analytics,Blue Ridge Analytics,Healthcare,Pittsburgh,PA,United States,Remote,Internship,Internship,26000.0,35000.0,year,USD,Communication | Data Visualization | Project Management | SQL,Git | Project Management | Statistics,Bachelor's degree,0,True,Synthetic internship opportunity in healthcare focused on Communication and collaborative problem solving.,Casey Garcia,casey.garcia48@example.net,(555) 555-0133,synthetic_job_board,SYN-20260409-00534,True
CP-00535,2026-05-27,Product Data Analyst,Product Analyst,Data & Analytics,Redwood Product Studio,Software,Chicago,IL,United States,Hybrid,Entry Level,Full-time,54000.0,75000.0,year,USD,Communication | Data Visualization | Python | SQL,Power BI | Statistics | Tableau,Associate degree,1,True,Synthetic entry level opportunity in software focused on Communication and collaborative problem solving.,Avery Nguyen,avery.nguyen49@example.com,(555) 555-0134,synthetic_job_board,SYN-20260527-00535,True
CP-00536,2026-07-17,Digital Product Analyst,Product Analyst,Data & Analytics,Keystone Energy Works,Software,Portland,OR,United States,On-site,Mid Level,Full-time,74000.0,91000.0,year,USD,Communication | Data Visualization | Product Analytics | Python,JavaScript | Power BI | Project Management | Statistics | Tableau,Bachelor's degree,5,False,Synthetic mid level opportunity in software focused on Communication and collaborative problem solving.,Reese Garcia,reese.garcia50@example.org,(555) 555-0135,synthetic_job_board,SYN-20260717-00536,True
CP-00537,2026-03-15,Full Stack Engineer,Software Engineer,Software Engineering,Rainier Cloud Group,Software,San Diego,CA,United States,Hybrid,Entry Level,Full-time,68000.0,91000.0,year,USD,AWS | Java | JavaScript | Linux | Python,C++ | Communication | Project Management,Bachelor's degree,2,True,Synthetic entry level opportunity in software focused on AWS and collaborative problem solving.,Reese Davis,reese.davis51@example.com,(555) 555-0136,synthetic_job_board,SYN-20260315-00537,True
CP-00538,2026-05-10,Embedded Systems Engineer,Embedded Systems Engineer,Electrical & Hardware Engineering,Axiom Circuit Labs,Aerospace,Seattle,WA,United States,On-site,Entry Level,Full-time,78000.0,99000.0,year,USD,C++ | Circuit Design | Embedded C | Git | Linux,Altium | Communication | MATLAB | RTOS,Bachelor's degree preferred,1,False,Synthetic entry level opportunity in aerospace focused on C++ and collaborative problem solving.,Riley Martin,riley.martin52@example.net,(206) 555-0137,synthetic_job_board,SYN-20260510-00538,True
CP-00539,2026-03-07,Application Developer,Software Engineer,Software Engineering,Northstar Robotics,Software,San Diego,CA,United States,On-site,Mid Level,Full-time,107000.0,143000.0,year,USD,Git | Java | JavaScript | Linux | Python | React | SQL,Azure | Docker,High school diploma,6,False,Synthetic mid level opportunity in software focused on Git and collaborative problem solving.,Casey Smith,casey.smith53@example.org,(555) 555-0138,synthetic_job_board,SYN-20260307-00539,True
CP-00540,2026-06-10,Application Developer,Software Engineer,Software Engineering,Blue Ridge Analytics,Cloud Services,Indianapolis,IN,United States,Hybrid,Associate,Part-time,79000.0,105000.0,year,USD,AWS | Git | JavaScript | Python | SQL,Azure | C++ | Docker,Bachelor's degree preferred,1,True,Synthetic associate opportunity in cloud services focused on AWS and collaborative problem solving.,Riley Lewis,riley.lewis54@example.net,(317) 555-0139,synthetic_job_board,SYN-20260610-00540,True
CP-00541,2026-03-05,Product Analyst,Product Analyst,Data & Analytics,Front Range Controls,Consumer Technology,Denver,CO,United States,Remote,Mid Level,Full-time,93000.0,117000.0,year,USD,Communication | Excel | Product Analytics | Project Management | SQL,JavaScript | Project Management | Statistics | Tableau,No degree specified,3,True,Synthetic mid level opportunity in consumer technology focused on Communication and collaborative problem solving.,Drew Clark,drew.clark55@example.com,(555) 555-0140,synthetic_job_board,SYN-20260305-00541,True
CP-00542,2026-04-19,PLC Engineer,Automation Engineer,Electrical & Hardware Engineering,Redwood Product Studio,Logistics,Raleigh,NC,United States,Remote,Mid Level,Full-time,89000.0,111000.0,year,USD,AWS | AutoCAD | MATLAB | PLC | Python,Arduino | Git,Bachelor's degree,6,True,Synthetic mid level opportunity in logistics focused on AWS and collaborative problem solving.,Skyler Wilson,skyler.wilson56@example.org,(919) 555-0141,synthetic_job_board,SYN-20260419-00542,True
CP-00543,2026-03-16,Reporting Analyst,Data Analyst,Data & Analytics,Liberty Financial Tech,Financial Services,Pittsburgh,PA,United States,On-site,Associate,Full-time,60000.0,74000.0,year,USD,Communication | Data Visualization | SQL | Tableau,AWS | Git | Project Management | Statistics,Bachelor's degree,2,False,Synthetic associate opportunity in financial services focused on Communication and collaborative problem solving.,Quinn Garcia,quinn.garcia57@example.net,(555) 555-0142,synthetic_job_board,SYN-20260316-00543,True
CP-00544,2026-04-25,Industrial Automation Engineer,Automation Engineer,Electrical & Hardware Engineering,Northstar Robotics,Advanced Manufacturing,Seattle,WA,United States,Remote,Entry Level,Full-time,77000.0,97000.0,year,USD,AWS | AutoCAD | Azure | Git | Project Management | Python,Arduino | Robotics | SQL,Bachelor's degree,1,True,Synthetic entry level opportunity in advanced manufacturing focused on AWS and collaborative problem solving.,Cameron Lee,cameron.lee58@example.net,(206) 555-0143,synthetic_job_board,SYN-20260425-00544,True
CP-00545,2026-06-30,IoT Engineer,Embedded Systems Engineer,Electrical & Hardware Engineering,Sonoran Systems Lab,Automotive,Chicago,IL,United States,Remote,Mid Level,Full-time,100000.0,120000.0,year,USD,AWS | Azure | C++ | Embedded C | Git | Linux | Project Management,Communication | MATLAB,Associate degree,4,True,Synthetic mid level opportunity in automotive focused on AWS and collaborative problem solving.,Avery Clark,avery.clark59@example.com,(555) 555-0144,synthetic_job_board,SYN-20260630-00545,True
CP-00546,2026-02-05,Application Developer,Software Engineer,Software Engineering,Cascade Secure Systems,FinTech,Raleigh,NC,United States,Remote,Entry Level,Full-time,61000.0,87000.0,year,USD,Azure | Communication | Git | JavaScript | Linux | Project Management | SQL,Azure | C++ | Docker,Bachelor's degree,0,True,Synthetic entry level opportunity in fintech focused on Azure and collaborative problem solving.,Skyler Smith,skyler.smith60@example.com,(919) 555-0145,synthetic_job_board,SYN-20260205-00546,True
CP-00547,2026-02-25,Backend Engineer,Software Engineer,Software Engineering,Rainier Cloud Group,HealthTech,Phoenix,AZ,United States,Remote,Entry Level,Full-time,,,year,USD,AWS | Communication | Git | Project Management | Python | React | SQL,Azure | C++ | Communication | Docker | Project Management,Bachelor's degree preferred,0,True,Synthetic entry level opportunity in healthtech focused on AWS and collaborative problem solving.,Taylor Patel,taylor.patel61@example.org,(555) 555-0146,synthetic_job_board,SYN-20260225-00547,True
CP-00548,2026-06-10,Desktop Support Analyst,IT Support Specialist,Information Technology,Potomac Digital Services,Healthcare,Chicago,IL,United States,Hybrid,Internship,Internship,21000.0,29000.0,year,USD,Communication | Linux | Networking | Technical Support,Azure | Cybersecurity | Project Management | Python,Bachelor's degree,0,True,Synthetic internship opportunity in healthcare focused on Communication and collaborative problem solving.,Parker Martin,parker.martin62@example.com,(555) 555-0147,synthetic_job_board,SYN-20260610-00548,True
CP-00549,2026-02-20,IT Support Specialist,IT Support Specialist,Information Technology,Summit Network Partners,Managed Services,Atlanta,GA,United States,On-site,Entry Level,Full-time,36000.0,50000.0,year,USD,Communication | Linux | Networking | Technical Support | Ticketing Systems | Windows,Cybersecurity | Project Management | Python,No degree specified,1,False,Synthetic entry level opportunity in managed services focused on Communication and collaborative problem solving.,Casey Martin,casey.martin63@example.com,(555) 555-0148,synthetic_job_board,SYN-20260220-00549,True
CP-00550,2026-03-29,Full Stack Engineer,Software Engineer,Software Engineering,Pioneer Aerospace Works,HealthTech,Austin,TX,United States,Hybrid,Entry Level,Full-time,70000.0,90000.0,year,USD,Git | Java | JavaScript | Linux | SQL,Azure | Communication | Docker,No degree specified,1,True,Synthetic entry level opportunity in healthtech focused on Git and collaborative problem solving.,Parker Lewis,parker.lewis64@example.net,(512) 555-0149,synthetic_job_board,SYN-20260329-00550,True
CP-00551,2026-06-29,Junior Data Analyst,Data Analyst,Data & Analytics,Blue Ridge Analytics,Consulting,Baltimore,MD,United States,Remote,Senior,Full-time,,,year,USD,AWS | Communication | Excel | Power BI | Tableau,AWS | Git,Associate degree,10,True,Synthetic senior opportunity in consulting focused on AWS and collaborative problem solving.,Jordan Brown,jordan.brown65@example.org,(410) 555-0150,synthetic_job_board,SYN-20260629-00551,True
CP-00552,2026-05-17,Power Systems Engineer,Electrical Engineer,Electrical & Hardware Engineering,Keystone Energy Works,Energy,Atlanta,GA,United States,Remote,Associate,Contract,66000.0,85000.0,year,USD,AutoCAD | Azure | C++ | Circuit Design | Communication | PLC,Arduino | Embedded C | Git | LabVIEW | Project Management,Bachelor's degree,3,True,Synthetic associate opportunity in energy focused on AutoCAD and collaborative problem solving.,Reese Lewis,reese.lewis66@example.net,(555) 555-0151,synthetic_job_board,SYN-20260517-00552,True
CP-00553,2026-04-18,Backend Engineer,Software Engineer,Software Engineering,Great Lakes Data Cooperative,HealthTech,Seattle,WA,United States,Hybrid,Entry Level,Full-time,76000.0,101000.0,year,USD,Git | Java | Linux | SQL,Azure | C++ | Project Management,High school diploma,0,True,Synthetic entry level opportunity in healthtech focused on Git and collaborative problem solving.,Parker Smith,parker.smith67@example.org,(206) 555-0152,synthetic_job_board,SYN-20260418-00553,True
CP-00554,2026-03-29,Associate Product Analyst,Product Analyst,Data & Analytics,Northstar Robotics,Consumer Technology,Salt Lake City,UT,United States,Remote,Mid Level,Full-time,82000.0,110000.0,year,USD,AWS | Data Visualization | Product Analytics | Project Management | SQL,JavaScript | Project Management | Tableau,Bachelor's degree,4,True,Synthetic mid level opportunity in consumer technology focused on AWS and collaborative problem solving.,Avery Patel,avery.patel68@example.net,(555) 555-0153,synthetic_job_board,SYN-20260329-00554,True
CP-00555,2026-07-09,Product Data Analyst,Product Analyst,Data & Analytics,Blue Ridge Analytics,Consumer Technology,Baltimore,MD,United States,Hybrid,Senior,Full-time,99000.0,121000.0,year,USD,Communication | Data Visualization | Product Analytics | Python | SQL,JavaScript | Power BI | Statistics | Tableau,Bachelor's degree preferred,6,True,Synthetic senior opportunity in consumer technology focused on Communication and collaborative problem solving.,Casey Martin,casey.martin69@example.org,(410) 555-0154,synthetic_job_board,SYN-20260709-00555,True
CP-00556,2026-06-03,IoT Engineer,Embedded Systems Engineer,Electrical & Hardware Engineering,Front Range Controls,Automotive,Chicago,IL,United States,On-site,Mid Level,Full-time,94000.0,122000.0,year,USD,Arduino | C++ | Circuit Design | Embedded C | Git | Linux | Microcontrollers,Altium | Communication,Bachelor's degree,6,False,Synthetic mid level opportunity in automotive focused on Arduino and collaborative problem solving.,Quinn Lewis,quinn.lewis70@example.net,(555) 555-0155,synthetic_job_board,SYN-20260603-00556,True
CP-00557,2026-05-07,Help Desk Technician,IT Support Specialist,Information Technology,Orchard Education Labs,Healthcare,Baltimore,MD,United States,Hybrid,Senior,Full-time,63000.0,79000.0,year,USD,Communication | Networking | Ticketing Systems | Windows,Azure | Cybersecurity | Project Management,Associate degree,10,True,Synthetic senior opportunity in healthcare focused on Communication and collaborative problem solving.,Avery Garcia,avery.garcia71@example.net,(410) 555-0156,synthetic_job_board,SYN-20260507-00557,True
CP-00558,2026-04-25,Software Engineer,Software Engineer,Software Engineering,Redwood Product Studio,Cloud Services,Raleigh,NC,United States,Hybrid,Entry Level,Full-time,68000.0,95000.0,year,USD,AWS | Java | JavaScript | Linux | Python | SQL,Azure | C++ | Docker | Project Management,Bachelor's degree,1,True,Synthetic entry level opportunity in cloud services focused on AWS and collaborative problem solving.,Drew Lewis,drew.lewis72@example.net,(919) 555-0157,synthetic_job_board,SYN-20260425-00558,True
CP-00559,2026-04-17,Junior Data Analyst,Data Analyst,Data & Analytics,Front Range Controls,Healthcare,Seattle,WA,United States,Remote,Mid Level,Full-time,,,year,USD,Communication | Data Visualization | Excel | Git | Power BI | SQL,AWS | Git | Project Management | Statistics,Bachelor's degree,6,True,Synthetic mid level opportunity in healthcare focused on Communication and collaborative problem solving.,Skyler Patel,skyler.patel73@example.net,(206) 555-0158,synthetic_job_board,SYN-20260417-00559,True
CP-00560,2026-06-03,Data Analyst,Data Analyst,Data & Analytics,Peachtree Technology Group,Financial Services,Raleigh,NC,United States,Remote,Entry Level,Full-time,49000.0,61000.0,year,USD,Git | Project Management | Python | SQL,Git | Project Management,Bachelor's degree preferred,1,True,Synthetic entry level opportunity in financial services focused on Git and collaborative problem solving.,Cameron Wilson,cameron.wilson74@example.net,(919) 555-0159,synthetic_job_board,SYN-20260603-00560,True
CP-00561,2026-06-10,Associate Product Analyst,Product Analyst,Data & Analytics,Great Lakes Data Cooperative,E-commerce,Raleigh,NC,United States,On-site,Entry Level,Full-time,,,year,USD,Communication | Data Visualization | Excel | Product Analytics | Python | SQL,JavaScript | Power BI | Project Management,Bachelor's degree,1,False,Synthetic entry level opportunity in e-commerce focused on Communication and collaborative problem solving.,Avery Davis,avery.davis75@example.net,(919) 555-0160,synthetic_job_board,SYN-20260610-00561,True
CP-00562,2026-03-06,Business Data Analyst,Data Analyst,Data & Analytics,Harborlight HealthTech,Consulting,Austin,TX,United States,Hybrid,Entry Level,Full-time,55000.0,67000.0,year,USD,Communication | Excel | Power BI | Python,AWS | Git | Project Management | Statistics,Bachelor's degree preferred,1,True,Synthetic entry level opportunity in consulting focused on Communication and collaborative problem solving.,Casey Smith,casey.smith76@example.org,(512) 555-0161,synthetic_job_board,SYN-20260306-00562,True
CP-00563,2026-04-04,Full Stack Engineer,Software Engineer,Software Engineering,Blue Ridge Analytics,Software,Atlanta,GA,United States,On-site,Entry Level,Contract,65000.0,89000.0,year,USD,AWS | Git | Java | JavaScript | Linux | Python | SQL,Azure | Docker | Project Management,Bachelor's degree preferred,0,False,Synthetic entry level opportunity in software focused on AWS and collaborative problem solving.,Cameron Davis,cameron.davis77@example.net,(555) 555-0162,synthetic_job_board,SYN-20260404-00563,True
CP-00564,2026-05-25,Backend Engineer,Software Engineer,Software Engineering,Blue Ridge Analytics,Cloud Services,Austin,TX,United States,Remote,Internship,Internship,36000.0,47000.0,year,USD,AWS | Java | JavaScript | Python,Docker | Project Management,Bachelor's degree preferred,0,True,Synthetic internship opportunity in cloud services focused on AWS and collaborative problem solving.,Jordan Kim,jordan.kim78@example.org,(512) 555-0163,synthetic_job_board,SYN-20260525-00564,True
CP-00565,2026-05-05,Help Desk Technician,IT Support Specialist,Information Technology,Axiom Circuit Labs,Managed Services,Denver,CO,United States,On-site,Entry Level,Full-time,44000.0,57000.0,year,USD,Communication | Linux | Ticketing Systems | Windows,Project Management | Python,Bachelor's degree,0,False,Synthetic entry level opportunity in managed services focused on Communication and collaborative problem solving.,Drew Patel,drew.patel79@example.net,(555) 555-0164,synthetic_job_board,SYN-20260505-00565,True
CP-00566,2026-03-09,Technical Support Specialist,IT Support Specialist,Information Technology,Orchard Education Labs,Managed Services,Portland,OR,United States,Remote,Mid Level,Full-time,47000.0,64000.0,year,USD,AWS | Azure | Linux | Project Management | Ticketing Systems | Windows,Azure | Cybersecurity | Project Management | Python,Bachelor's degree,6,True,Synthetic mid level opportunity in managed services focused on AWS and collaborative problem solving.,Morgan Davis,morgan.davis80@example.org,(555) 555-0165,synthetic_job_board,SYN-20260309-00566,True
CP-00567,2026-03-01,Automation Engineer,Automation Engineer,Electrical & Hardware Engineering,Hoosier Automation Co.,Energy,Austin,TX,United States,Hybrid,Entry Level,Full-time,,,year,USD,AutoCAD | Communication | Control Systems | MATLAB | PLC,Arduino | Git | Project Management | SQL,Bachelor's degree,0,True,Synthetic entry level opportunity in energy focused on AutoCAD and collaborative problem solving.,Casey Wilson,casey.wilson81@example.com,(512) 555-0166,synthetic_job_board,SYN-20260301-00567,True
CP-00568,2026-05-10,Associate Product Analyst,Product Analyst,Data & Analytics,Liberty Financial Tech,Consumer Technology,Austin,TX,United States,Remote,Mid Level,Part-time,97000.0,115000.0,year,USD,AWS | Communication | Excel | Product Analytics | Project Management | Python,JavaScript | Power BI | Project Management | Statistics | Tableau,Bachelor's degree preferred,3,True,Synthetic mid level opportunity in consumer technology focused on AWS and collaborative problem solving.,Taylor Brown,taylor.brown82@example.com,(512) 555-0167,synthetic_job_board,SYN-20260510-00568,True
CP-00569,2026-02-26,Electrical Engineer,Electrical Engineer,Electrical & Hardware Engineering,Keystone Energy Works,Advanced Manufacturing,Austin,TX,United States,On-site,Associate,Full-time,70000.0,84000.0,year,USD,Altium | AutoCAD | Circuit Design | Communication | PLC,Arduino | Git,Bachelor's degree,3,False,Synthetic associate opportunity in advanced manufacturing focused on Altium and collaborative problem solving.,Casey Patel,casey.patel83@example.net,(512) 555-0168,synthetic_job_board,SYN-20260226-00569,True
CP-00570,2026-03-12,Help Desk Technician,IT Support Specialist,Information Technology,Sonoran Systems Lab,Education,Austin,TX,United States,Hybrid,Associate,Full-time,43000.0,54000.0,year,USD,Communication | Linux | Networking | Technical Support | Ticketing Systems | Windows,Cybersecurity | Project Management,Bachelor's degree,1,True,Synthetic associate opportunity in education focused on Communication and collaborative problem solving.,Jordan Nguyen,jordan.nguyen84@example.net,(512) 555-0169,synthetic_job_board,SYN-20260312-00570,True
CP-00571,2026-04-23,Associate Software Developer,Junior Developer,Software Engineering,Potomac Digital Services,E-commerce,Pittsburgh,PA,United States,Hybrid,Entry Level,Full-time,49000.0,57000.0,year,USD,Communication | Git | JavaScript | Python | React | SQL,AWS | Java | Linux,No degree specified,2,True,Synthetic entry level opportunity in e-commerce focused on Communication and collaborative problem solving.,Parker Lee,parker.lee85@example.org,(555) 555-0170,synthetic_job_board,SYN-20260423-00571,True
CP-00572,2026-03-30,Data Analyst,Data Analyst,Data & Analytics,Harborlight HealthTech,Healthcare,San Diego,CA,United States,Remote,Internship,Internship,28000.0,39000.0,year,USD,AWS | Azure | Communication | Project Management | Python,AWS | Project Management | Statistics,High school diploma,0,True,Synthetic internship opportunity in healthcare focused on AWS and collaborative problem solving.,Cameron Wilson,cameron.wilson86@example.org,(555) 555-0171,synthetic_job_board,SYN-20260330-00572,True
CP-00573,2026-02-13,Digital Product Analyst,Product Analyst,Data & Analytics,Rainier Cloud Group,E-commerce,Raleigh,NC,United States,Remote,Senior,Full-time,102000.0,138000.0,year,USD,AWS | Data Visualization | Git | Product Analytics | SQL,Power BI | Project Management | Statistics | Tableau,Bachelor's degree,10,True,Synthetic senior opportunity in e-commerce focused on AWS and collaborative problem solving.,Skyler Davis,skyler.davis87@example.net,(919) 555-0172,synthetic_job_board,SYN-20260213-00573,True
CP-00574,2026-03-10,Information Security Analyst,Cybersecurity Analyst,Cybersecurity,Liberty Financial Tech,Financial Services,Raleigh,NC,United States,On-site,Associate,Full-time,72000.0,94000.0,year,USD,Communication | Cybersecurity | Incident Response | Linux | SIEM,AWS | Azure | Git | Project Management | SQL,Bachelor's degree,2,False,Synthetic associate opportunity in financial services focused on Communication and collaborative problem solving.,Drew Garcia,drew.garcia88@example.org,(919) 555-0173,synthetic_job_board,SYN-20260310-00574,True
CP-00575,2026-05-05,Application Developer,Software Engineer,Software Engineering,Harborlight HealthTech,HealthTech,Columbus,OH,United States,Remote,Entry Level,Full-time,64000.0,76000.0,year,USD,Git | Java | JavaScript | Linux | Project Management | Python,Azure | C++ | Communication | Docker | Project Management,No degree specified,0,True,Synthetic entry level opportunity in healthtech focused on Git and collaborative problem solving.,Taylor Kim,taylor.kim89@example.com,(555) 555-0174,synthetic_job_board,SYN-20260505-00575,True
CP-00576,2026-02-17,Controls Engineer,Automation Engineer,Electrical & Hardware Engineering,Northstar Robotics,Logistics,Raleigh,NC,United States,On-site,Internship,Internship,35000.0,48000.0,year,USD,Communication | Control Systems | PLC | Python,Arduino | Git | Project Management | Robotics | SQL,Bachelor's degree preferred,0,False,Synthetic internship opportunity in logistics focused on Communication and collaborative problem solving.,Skyler Lewis,skyler.lewis90@example.org,(919) 555-0175,synthetic_job_board,SYN-20260217-00576,True
CP-00577,2026-05-30,Electrical Design Engineer,Electrical Engineer,Electrical & Hardware Engineering,Axiom Circuit Labs,Robotics,Pittsburgh,PA,United States,On-site,Entry Level,Contract,54000.0,67000.0,year,USD,Altium | AutoCAD | MATLAB | PLC,Arduino | Git | Project Management,Associate degree,1,False,Synthetic entry level opportunity in robotics focused on Altium and collaborative problem solving.,Drew Kim,drew.kim91@example.org,(555) 555-0176,synthetic_job_board,SYN-20260530-00577,True
CP-00578,2026-01-31,IoT Engineer,Embedded Systems Engineer,Electrical & Hardware Engineering,Hoosier Automation Co.,Robotics,Denver,CO,United States,On-site,Internship,Internship,35000.0,47000.0,year,USD,Arduino | C++ | Circuit Design | Embedded C | Git | Linux | Microcontrollers,Communication | RTOS,Bachelor's degree,0,False,Synthetic internship opportunity in robotics focused on Arduino and collaborative problem solving.,Skyler Martin,skyler.martin92@example.com,(555) 555-0177,synthetic_job_board,SYN-20260131-00578,True
CP-00579,2026-07-27,Security Operations Analyst,Cybersecurity Analyst,Cybersecurity,Summit Network Partners,Financial Services,Pittsburgh,PA,United States,Hybrid,Entry Level,Full-time,,,year,USD,Communication | Cybersecurity | Incident Response | Linux | Python | SIEM,AWS | Azure | Git,No degree specified,0,True,Synthetic entry level opportunity in financial services focused on Communication and collaborative problem solving.,Taylor Kim,taylor.kim93@example.org,(555) 555-0178,synthetic_job_board,SYN-20260727-00579,True
CP-00580,2026-04-28,Entry-Level Developer,Junior Developer,Software Engineering,Orchard Education Labs,Education Technology,Denver,CO,United States,Remote,Entry Level,Part-time,43000.0,53000.0,year,USD,Git | JavaScript | Project Management | Python | React,Java | Project Management,No degree specified,1,True,Synthetic entry level opportunity in education technology focused on Git and collaborative problem solving.,Casey Lewis,casey.lewis94@example.org,(555) 555-0179,synthetic_job_board,SYN-20260428-00580,True
CP-00581,2026-05-09,Data Analyst,Data Analyst,Data & Analytics,Keystone Energy Works,Consulting,Raleigh,NC,United States,Remote,Entry Level,Full-time,50000.0,64000.0,year,USD,AWS | Data Visualization | Excel | Project Management | Python,AWS | Project Management,Bachelor's degree preferred,1,True,Synthetic entry level opportunity in consulting focused on AWS and collaborative problem solving.,Riley Patel,riley.patel95@example.net,(919) 555-0180,synthetic_job_board,SYN-20260509-00581,True
CP-00582,2026-03-04,Associate Product Analyst,Product Analyst,Data & Analytics,Great Lakes Data Cooperative,Consumer Technology,Indianapolis,IN,United States,Hybrid,Entry Level,Full-time,45000.0,55000.0,year,USD,Communication | Data Visualization | Excel | Product Analytics | Python | SQL,Project Management | Statistics | Tableau,Bachelor's degree preferred,0,True,Synthetic entry level opportunity in consumer technology focused on Communication and collaborative problem solving.,Parker Lee,parker.lee96@example.net,(317) 555-0181,synthetic_job_board,SYN-20260304-00582,True
CP-00583,2026-07-02,Backend Engineer,Software Engineer,Software Engineering,Rainier Cloud Group,FinTech,Atlanta,GA,United States,Remote,Mid Level,Full-time,,,year,USD,Azure | Git | Java | Linux | Project Management | React | SQL,C++ | Communication | Project Management,High school diploma,6,True,Synthetic mid level opportunity in fintech focused on Azure and collaborative problem solving.,Morgan Wilson,morgan.wilson0@example.com,(555) 555-0182,synthetic_job_board,SYN-20260702-00583,True
CP-00584,2026-04-25,Software Engineer,Software Engineer,Software Engineering,Great Lakes Data Cooperative,Cloud Services,Boston,MA,United States,Hybrid,Entry Level,Part-time,80000.0,99000.0,year,USD,AWS | Git | Java | Linux | Python | React | SQL,Azure | C++ | Communication | Docker,Bachelor's degree,1,True,Synthetic entry level opportunity in cloud services focused on AWS and collaborative problem solving.,Jordan Davis,jordan.davis1@example.net,(555) 555-0183,synthetic_job_board,SYN-20260425-00584,True
CP-00585,2026-04-29,Cybersecurity Analyst,Cybersecurity Analyst,Cybersecurity,Great Lakes Data Cooperative,Government Technology,Pittsburgh,PA,United States,Hybrid,Internship,Internship,,,year,USD,Communication | Cybersecurity | Incident Response | Linux | Networking | Python | SIEM,AWS | Azure | Git | SQL,No degree specified,0,True,Synthetic internship opportunity in government technology focused on Communication and collaborative problem solving.,Parker Lee,parker.lee2@example.net,(555) 555-0184,synthetic_job_board,SYN-20260429-00585,True
CP-00586,2026-07-20,Power Systems Engineer,Electrical Engineer,Electrical & Hardware Engineering,Axiom Circuit Labs,Advanced Manufacturing,Phoenix,AZ,United States,On-site,Senior,Full-time,95000.0,135000.0,year,USD,AutoCAD | C++ | Circuit Design | Communication | Python,Arduino | Git,Bachelor's degree preferred,10,False,Synthetic senior opportunity in advanced manufacturing focused on AutoCAD and collaborative problem solving.,Cameron Lee,cameron.lee3@example.com,(555) 555-0185,synthetic_job_board,SYN-20260720-00586,True
CP-00587,2026-04-21,Information Security Analyst,Cybersecurity Analyst,Cybersecurity,Cascade Secure Systems,Cybersecurity,Raleigh,NC,United States,Remote,Associate,Full-time,79000.0,99000.0,year,USD,Azure | Cybersecurity | Incident Response | Linux | SIEM,AWS | Azure | Git | SQL,Bachelor's degree,2,True,Synthetic associate opportunity in cybersecurity focused on Azure and collaborative problem solving.,Riley Patel,riley.patel4@example.net,(919) 555-0186,synthetic_job_board,SYN-20260421-00587,True
CP-00588,2026-06-19,Entry-Level Developer,Junior Developer,Software Engineering,Potomac Digital Services,Software,Minneapolis,MN,United States,Remote,Associate,Full-time,53000.0,68000.0,year,USD,AWS | Git | JavaScript | Project Management | Python,AWS | C++ | Java | Linux | Project Management,Bachelor's degree preferred,2,True,Synthetic associate opportunity in software focused on AWS and collaborative problem solving.,Quinn Brown,quinn.brown5@example.net,(555) 555-0187,synthetic_job_board,SYN-20260619-00588,True
CP-00589,2026-07-02,Entry-Level Developer,Junior Developer,Software Engineering,Hoosier Automation Co.,Education Technology,Denver,CO,United States,On-site,Entry Level,Full-time,44000.0,61000.0,year,USD,Communication | Git | HTML/CSS | JavaScript | Python | React | SQL,AWS | C++ | Java | Linux,Bachelor's degree preferred,1,False,Synthetic entry level opportunity in education technology focused on Communication and collaborative problem solving.,Cameron Nguyen,cameron.nguyen6@example.org,(555) 555-0188,synthetic_job_board,SYN-20260702-00589,True
CP-00590,2026-07-21,Application Developer,Software Engineer,Software Engineering,Cascade Secure Systems,FinTech,Portland,OR,United States,Hybrid,Mid Level,Full-time,,,year,USD,AWS | Java | Linux | Python | React | SQL,C++ | Docker | Project Management,No degree specified,4,True,Synthetic mid level opportunity in fintech focused on AWS and collaborative problem solving.,Parker Martin,parker.martin7@example.net,(555) 555-0189,synthetic_job_board,SYN-20260721-00590,True
CP-00591,2026-03-06,Automation Engineer,Automation Engineer,Electrical & Hardware Engineering,Keystone Energy Works,Energy,Raleigh,NC,United States,On-site,Associate,Full-time,78000.0,94000.0,year,USD,AutoCAD | Communication | Control Systems | MATLAB | Python,Arduino | Git | SQL,No degree specified,1,False,Synthetic associate opportunity in energy focused on AutoCAD and collaborative problem solving.,Skyler Davis,skyler.davis8@example.net,(919) 555-0190,synthetic_job_board,SYN-20260306-00591,True
CP-00592,2026-04-11,Reporting Analyst,Data Analyst,Data & Analytics,Orchard Education Labs,Healthcare,Seattle,WA,United States,Remote,Internship,Internship,33000.0,39000.0,year,USD,Azure | Communication | Data Visualization | Excel | Python | SQL,AWS | Project Management | Statistics,No degree specified,0,True,Synthetic internship opportunity in healthcare focused on Azure and collaborative problem solving.,Morgan Lewis,morgan.lewis9@example.com,(206) 555-0191,synthetic_job_board,SYN-20260411-00592,True
CP-00593,2026-04-10,IT Support Specialist,IT Support Specialist,Information Technology,Keystone Energy Works,Retail,Baltimore,MD,United States,Hybrid,Mid Level,Contract,52000.0,68000.0,year,USD,Communication | Linux | Ticketing Systems | Windows,Project Management | Python,Bachelor's degree,3,True,Synthetic mid level opportunity in retail focused on Communication and collaborative problem solving.,Riley Lee,riley.lee10@example.net,(410) 555-0192,synthetic_job_board,SYN-20260410-00593,True
CP-00594,2026-07-22,Electrical Engineer,Electrical Engineer,Electrical & Hardware Engineering,Keystone Energy Works,Energy,Columbus,OH,United States,Hybrid,Internship,Internship,28000.0,36000.0,year,USD,Altium | AutoCAD | Circuit Design | Communication | MATLAB,Arduino | Embedded C | Project Management,Bachelor's degree,0,True,Synthetic internship opportunity in energy focused on Altium and collaborative problem solving.,Skyler Garcia,skyler.garcia11@example.com,(555) 555-0193,synthetic_job_board,SYN-20260722-00594,True
CP-00595,2026-03-04,Embedded Software Engineer,Embedded Systems Engineer,Electrical & Hardware Engineering,Hoosier Automation Co.,Robotics,Minneapolis,MN,United States,Hybrid,Internship,Internship,37000.0,48000.0,year,USD,Embedded C | Git | Linux | Microcontrollers,Altium | Communication | Python | RTOS,No degree specified,0,True,Synthetic internship opportunity in robotics focused on Embedded C and collaborative problem solving.,Reese Davis,reese.davis12@example.com,(555) 555-0194,synthetic_job_board,SYN-20260304-00595,True
CP-00596,2026-03-25,Automation Engineer,Automation Engineer,Electrical & Hardware Engineering,Peachtree Technology Group,Advanced Manufacturing,Pittsburgh,PA,United States,On-site,Associate,Full-time,,,year,USD,Communication | Control Systems | MATLAB | PLC | Python,Arduino | Git | Project Management | SQL,No degree specified,1,False,Synthetic associate opportunity in advanced manufacturing focused on Communication and collaborative problem solving.,Avery Lewis,avery.lewis13@example.net,(555) 555-0195,synthetic_job_board,SYN-20260325-00596,True
CP-00597,2026-06-15,PLC Engineer,Automation Engineer,Electrical & Hardware Engineering,Axiom Circuit Labs,Food Production,Minneapolis,MN,United States,Hybrid,Senior,Full-time,101000.0,145000.0,year,USD,AutoCAD | Control Systems | MATLAB | Python,Arduino | Git | Project Management | SQL,Bachelor's degree preferred,7,True,Synthetic senior opportunity in food production focused on AutoCAD and collaborative problem solving.,Quinn Davis,quinn.davis14@example.com,(555) 555-0196,synthetic_job_board,SYN-20260615-00597,True
CP-00598,2026-06-08,Information Security Analyst,Cybersecurity Analyst,Cybersecurity,Harborlight HealthTech,Government Technology,Minneapolis,MN,United States,Remote,Internship,Internship,36000.0,43000.0,year,USD,Azure | Communication | Cybersecurity | Git | Networking | Project Management | SIEM,AWS | Azure | Git | Project Management | SQL,Bachelor's degree preferred,0,True,Synthetic internship opportunity in government technology focused on Azure and collaborative problem solving.,Quinn Patel,quinn.patel15@example.org,(555) 555-0197,synthetic_job_board,SYN-20260608-00598,True
CP-00599,2026-02-22,Power Systems Engineer,Electrical Engineer,Electrical & Hardware Engineering,Keystone Energy Works,Advanced Manufacturing,Minneapolis,MN,United States,Hybrid,Entry Level,Full-time,50000.0,72000.0,year,USD,Altium | AutoCAD | C++ | Circuit Design | Communication | MATLAB | PLC,Arduino | Embedded C | Git | LabVIEW | Project Management,Bachelor's degree,1,True,Synthetic entry level opportunity in advanced manufacturing focused on Altium and collaborative problem solving.,Drew Davis,drew.davis16@example.com,(555) 555-0198,synthetic_job_board,SYN-20260222-00599,True
CP-00600,2026-03-10,Application Developer,Software Engineer,Software Engineering,Rainier Cloud Group,Cloud Services,Austin,TX,United States,On-site,Entry Level,Full-time,74000.0,94000.0,year,USD,AWS | Git | Java | JavaScript | Python,Azure | Docker | Project Management,No degree specified,2,False,Synthetic entry level opportunity in cloud services focused on AWS and collaborative problem solving.,Parker Davis,parker.davis17@example.net,,synthetic_job_board,SYN-20260310-00600,True
CP-00601,2026-07-26,IoT Engineer,Embedded Systems Engineer,Electrical & Hardware Engineering,Sonoran Systems Lab,Automotive,Denver,CO,United States,On-site,Entry Level,Full-time,72000.0,92000.0,year,USD,Arduino | Circuit Design | Embedded C | Microcontrollers,Communication | MATLAB | Python | RTOS,Bachelor's degree,0,False,Synthetic entry level opportunity in automotive focused on Arduino and collaborative problem solving.,Cameron Wilson,cameron.wilson18@example.net,(555) 555-0100,synthetic_job_board,SYN-20260726-00601,True
CP-00602,2026-04-03,Application Developer,Software Engineer,Software Engineering,Sonoran Systems Lab,Software,Atlanta,GA,United States,Remote,Entry Level,Full-time,72000.0,99000.0,year,USD,AWS | Azure | Communication | Git | Project Management | React,Azure | Communication | Project Management,High school diploma,0,True,Synthetic entry level opportunity in software focused on AWS and collaborative problem solving.,Riley Kim,riley.kim19@example.net,(555) 555-0101,synthetic_job_board,SYN-20260403-00602,True
CP-00603,2026-03-27,Data Analyst,Data Analyst,Data & Analytics,Liberty Financial Tech,Consulting,Indianapolis,IN,United States,Hybrid,Entry Level,Full-time,52000.0,61000.0,year,USD,Communication | Data Visualization | Excel | Power BI | Python | SQL | Tableau,Git | Statistics,Bachelor's degree,0,True,Synthetic entry level opportunity in consulting focused on Communication and collaborative problem solving.,Riley Davis,riley.davis20@example.org,(317) 555-0102,synthetic_job_board,SYN-20260327-00603,True
CP-00604,2026-04-05,IT Support Specialist,IT Support Specialist,Information Technology,Summit Network Partners,Healthcare,San Diego,CA,United States,Hybrid,Associate,Full-time,49000.0,59000.0,year,USD,Communication | Networking | Technical Support | Windows,Azure | Cybersecurity | Python,No degree specified,2,True,Synthetic associate opportunity in healthcare focused on Communication and collaborative problem solving.,Riley Clark,riley.clark21@example.org,(555) 555-0103,synthetic_job_board,SYN-20260405-00604,True
CP-00605,2026-06-05,Help Desk Technician,IT Support Specialist,Information Technology,Potomac Digital Services,Healthcare,Chicago,IL,United States,Hybrid,Senior,Full-time,65000.0,81000.0,year,USD,Communication | Networking | Technical Support | Ticketing Systems | Windows,Azure | Cybersecurity,Bachelor's degree,8,True,Synthetic senior opportunity in healthcare focused on Communication and collaborative problem solving.,Reese Smith,reese.smith22@example.com,(555) 555-0104,synthetic_job_board,SYN-20260605-00605,True
CP-00606,2026-06-11,Software Engineer,Software Engineer,Software Engineering,Cascade Secure Systems,HealthTech,Minneapolis,MN,United States,Hybrid,Entry Level,Full-time,66000.0,85000.0,year,USD,AWS | Git | Java | JavaScript | Linux | Python | React,Azure | C++ | Communication | Docker | Project Management,High school diploma,2,True,Synthetic entry level opportunity in healthtech focused on AWS and collaborative problem solving.,Riley Wilson,riley.wilson23@example.net,(555) 555-0105,synthetic_job_board,SYN-20260611-00606,True
CP-00607,2026-04-20,Network Operations Engineer,Network Engineer,Information Technology,Potomac Digital Services,Cloud Services,Phoenix,AZ,United States,Hybrid,Associate,Full-time,66000.0,81000.0,year,USD,Cisco | Communication | Cybersecurity | Linux | Networking | Python,Azure | Git | SIEM,Bachelor's degree preferred,1,True,Synthetic associate opportunity in cloud services focused on Cisco and collaborative problem solving.,Avery Lewis,avery.lewis24@example.org,(555) 555-0106,synthetic_job_board,SYN-20260420-00607,True
CP-00608,2026-06-12,Software Engineer,Software Engineer,Software Engineering,Blue Ridge Analytics,Cloud Services,Seattle,WA,United States,Hybrid,Entry Level,Full-time,,,year,USD,AWS | Java | JavaScript | Linux,C++ | Docker,Bachelor's degree,2,True,Synthetic entry level opportunity in cloud services focused on AWS and collaborative problem solving.,Drew Davis,drew.davis25@example.net,(206) 555-0107,synthetic_job_board,SYN-20260612-00608,True
CP-00609,2026-03-26,Data Analyst,Data Analyst,Data & Analytics,Keystone Energy Works,Healthcare,Salt Lake City,UT,United States,Remote,Senior,Full-time,81000.0,113000.0,year,USD,Azure | Git | Python | SQL,Git | Project Management | Statistics,No degree specified,6,True,Synthetic senior opportunity in healthcare focused on Azure and collaborative problem solving.,Quinn Garcia,quinn.garcia26@example.net,(555) 555-0108,synthetic_job_board,SYN-20260326-00609,True
CP-00610,2026-07-26,Backend Engineer,Software Engineer,Software Engineering,Sonoran Systems Lab,Software,Raleigh,NC,United States,Remote,Internship,Internship,37000.0,52000.0,year,USD,Azure | Java | JavaScript | Project Management | Python | React | SQL,Azure | C++ | Docker | Project Management,Bachelor's degree,0,True,Synthetic internship opportunity in software focused on Azure and collaborative problem solving.,Avery Clark,avery.clark27@example.com,(919) 555-0109,synthetic_job_board,SYN-20260726-00610,True
CP-00611,2026-05-07,Power Systems Engineer,Electrical Engineer,Electrical & Hardware Engineering,Front Range Controls,Energy,Austin,TX,United States,Remote,Mid Level,Full-time,85000.0,108000.0,year,USD,Altium | Azure | C++ | Communication | Git | Python,Embedded C | LabVIEW | Project Management,Bachelor's degree,6,True,Synthetic mid level opportunity in energy focused on Altium and collaborative problem solving.,Casey Wilson,casey.wilson28@example.net,(512) 555-0110,synthetic_job_board,SYN-20260507-00611,True
CP-00612,2026-07-04,Automation Engineer,Automation Engineer,Electrical & Hardware Engineering,Front Range Controls,Logistics,Boston,MA,United States,Hybrid,Associate,Full-time,83000.0,107000.0,year,USD,AutoCAD | Control Systems | MATLAB | PLC,Project Management | SQL,Bachelor's degree preferred,3,True,Synthetic associate opportunity in logistics focused on AutoCAD and collaborative problem solving.,Reese Wilson,reese.wilson29@example.com,(555) 555-0111,synthetic_job_board,SYN-20260704-00612,True
CP-00613,2026-04-24,Data Analyst,Data Analyst,Data & Analytics,Orchard Education Labs,Consulting,Pittsburgh,PA,United States,Hybrid,Entry Level,Full-time,,,year,USD,Data Visualization | Excel | Python | Tableau,AWS | Git | Project Management | Statistics,Associate degree,0,True,Synthetic entry level opportunity in consulting focused on Data Visualization and collaborative problem solving.,Reese Martin,reese.martin30@example.net,(555) 555-0112,synthetic_job_board,SYN-20260424-00613,True
CP-00614,2026-04-21,Application Developer,Software Engineer,Software Engineering,Cascade Secure Systems,Cloud Services,Baltimore,MD,United States,On-site,Mid Level,Contract,108000.0,129000.0,year,USD,Git | JavaScript | Python | React | SQL,Communication | Docker,High school diploma,5,False,Synthetic mid level opportunity in cloud services focused on Git and collaborative problem solving.,Casey Garcia,casey.garcia31@example.org,(410) 555-0113,synthetic_job_board,SYN-20260421-00614,True
CP-00615,2026-02-07,Embedded Software Engineer,Embedded Systems Engineer,Electrical & Hardware Engineering,Northstar Robotics,Aerospace,Seattle,WA,United States,On-site,Internship,Internship,,,year,USD,Arduino | C++ | Embedded C | Git | Linux | Microcontrollers,Altium | Communication | RTOS,No degree specified,0,False,Synthetic internship opportunity in aerospace focused on Arduino and collaborative problem solving.,Skyler Garcia,skyler.garcia32@example.net,(206) 555-0114,synthetic_job_board,SYN-20260207-00615,True
CP-00616,2026-03-02,Full Stack Engineer,Software Engineer,Software Engineering,Rainier Cloud Group,FinTech,Indianapolis,IN,United States,Remote,Mid Level,Full-time,102000.0,141000.0,year,USD,AWS | Azure | Git | Linux,Azure | C++ | Communication | Docker | Project Management,Bachelor's degree,3,True,Synthetic mid level opportunity in fintech focused on AWS and collaborative problem solving.,Riley Martin,riley.martin33@example.net,(317) 555-0115,synthetic_job_board,SYN-20260302-00616,True
CP-00617,2026-04-11,SOC Analyst,Cybersecurity Analyst,Cybersecurity,Rainier Cloud Group,Financial Services,Boston,MA,United States,Hybrid,Entry Level,Full-time,,,year,USD,Communication | Cybersecurity | Linux | Networking | Python,AWS | Git,Bachelor's degree preferred,0,True,Synthetic entry level opportunity in financial services focused on Communication and collaborative problem solving.,Skyler Smith,skyler.smith34@example.com,(555) 555-0116,synthetic_job_board,SYN-20260411-00617,True
CP-00618,2026-06-25,IoT Engineer,Embedded Systems Engineer,Electrical & Hardware Engineering,Peachtree Technology Group,Aerospace,Portland,OR,United States,On-site,Mid Level,Full-time,87000.0,116000.0,year,USD,Arduino | C++ | Circuit Design | Embedded C | Git | Linux | Microcontrollers,Altium | Communication | MATLAB | Python | RTOS,Bachelor's degree preferred,5,False,Synthetic mid level opportunity in aerospace focused on Arduino and collaborative problem solving.,Skyler Patel,skyler.patel35@example.org,(555) 555-0117,synthetic_job_board,SYN-20260625-00618,True
CP-00619,2026-05-20,PLC Engineer,Automation Engineer,Electrical & Hardware Engineering,Blue Ridge Analytics,Logistics,Austin,TX,United States,On-site,Mid Level,Full-time,85000.0,108000.0,year,USD,AutoCAD | Communication | Control Systems | MATLAB | PLC | Python,Arduino | Git | Project Management,Associate degree,3,False,Synthetic mid level opportunity in logistics focused on AutoCAD and collaborative problem solving.,Jordan Lee,jordan.lee36@example.org,(512) 555-0118,synthetic_job_board,SYN-20260520-00619,True
CP-00620,2026-02-01,Electrical Design Engineer,Electrical Engineer,Electrical & Hardware Engineering,Redwood Product Studio,Robotics,Indianapolis,IN,United States,On-site,Associate,Full-time,62000.0,73000.0,year,USD,Altium | Circuit Design | Communication | Python,Embedded C | Git,Bachelor's degree preferred,3,False,Synthetic associate opportunity in robotics focused on Altium and collaborative problem solving.,Jordan Brown,jordan.brown37@example.net,(317) 555-0119,synthetic_job_board,SYN-20260201-00620,True
CP-00621,2026-07-10,Reporting Analyst,Data Analyst,Data & Analytics,Orchard Education Labs,Consulting,Baltimore,MD,United States,On-site,Entry Level,Full-time,44000.0,58000.0,year,USD,Communication | Data Visualization | Excel | Power BI | Python | SQL | Tableau,Git | Project Management | Statistics,Bachelor's degree,1,False,Synthetic entry level opportunity in consulting focused on Communication and collaborative problem solving.,Jordan Wilson,jordan.wilson38@example.org,(410) 555-0120,synthetic_job_board,SYN-20260710-00621,True
CP-00622,2026-02-16,IoT Engineer,Embedded Systems Engineer,Electrical & Hardware Engineering,Pioneer Aerospace Works,Medical Devices,Pittsburgh,PA,United States,On-site,Entry Level,Full-time,65000.0,86000.0,year,USD,Arduino | C++ | Circuit Design | Embedded C | Git | Linux | Microcontrollers,Communication | MATLAB,Bachelor's degree,2,False,Synthetic entry level opportunity in medical devices focused on Arduino and collaborative problem solving.,Morgan Smith,morgan.smith39@example.net,(555) 555-0121,synthetic_job_board,SYN-20260216-00622,True
CP-00623,2026-05-13,Full Stack Engineer,Software Engineer,Software Engineering,Liberty Financial Tech,Cloud Services,Boston,MA,United States,Hybrid,Mid Level,Full-time,,,year,USD,Git | Java | Linux | Python | React,C++ | Communication | Docker,Bachelor's degree,4,True,Synthetic mid level opportunity in cloud services focused on Git and collaborative problem solving.,Reese Lee,reese.lee40@example.org,(555) 555-0122,synthetic_job_board,SYN-20260513-00623,True
CP-00624,2026-03-16,Product Analyst,Product Analyst,Data & Analytics,Peachtree Technology Group,E-commerce,Minneapolis,MN,United States,Hybrid,Associate,Full-time,59000.0,75000.0,year,USD,Communication | Data Visualization | Product Analytics | Python | SQL,JavaScript | Power BI | Project Management | Statistics | Tableau,Bachelor's degree preferred,3,True,Synthetic associate opportunity in e-commerce focused on Communication and collaborative problem solving.,Skyler Lewis,skyler.lewis41@example.net,(555) 555-0123,synthetic_job_board,SYN-20260316-00624,True
CP-00625,2026-04-06,Embedded Systems Engineer,Embedded Systems Engineer,Electrical & Hardware Engineering,Hoosier Automation Co.,Robotics,Columbus,OH,United States,On-site,Internship,Internship,34000.0,46000.0,year,USD,Arduino | C++ | Circuit Design | Embedded C | Linux | Microcontrollers,Altium | MATLAB | Python,High school diploma,0,False,Synthetic internship opportunity in robotics focused on Arduino and collaborative problem solving.,Morgan Brown,morgan.brown42@example.com,(555) 555-0124,synthetic_job_board,SYN-20260406-00625,True
CP-00626,2026-03-28,Information Security Analyst,Cybersecurity Analyst,Cybersecurity,Cascade Secure Systems,Cloud Services,Phoenix,AZ,United States,Hybrid,Mid Level,Full-time,88000.0,112000.0,year,USD,Cybersecurity | Incident Response | Linux | Networking | SIEM,AWS | Azure | Git | Project Management | SQL,Bachelor's degree preferred,3,True,Synthetic mid level opportunity in cloud services focused on Cybersecurity and collaborative problem solving.,Reese Nguyen,reese.nguyen43@example.org,(555) 555-0125,synthetic_job_board,SYN-20260328-00626,True
CP-00627,2026-03-02,Reporting Analyst,Data Analyst,Data & Analytics,Orchard Education Labs,Healthcare,Pittsburgh,PA,United States,On-site,Internship,Internship,29000.0,37000.0,year,USD,Communication | Data Visualization | Excel | Python | Tableau,Git | Statistics,Bachelor's degree preferred,0,False,Synthetic internship opportunity in healthcare focused on Communication and collaborative problem solving.,Drew Nguyen,drew.nguyen44@example.org,(555) 555-0126,synthetic_job_board,SYN-20260302-00627,True
CP-00628,2026-07-30,IoT Engineer,Embedded Systems Engineer,Electrical & Hardware Engineering,Liberty Financial Tech,Robotics,Denver,CO,United States,On-site,Associate,Full-time,88000.0,114000.0,year,USD,Arduino | Circuit Design | Embedded C | Git,Communication | MATLAB | Python,Bachelor's degree preferred,2,False,Synthetic associate opportunity in robotics focused on Arduino and collaborative problem solving.,Avery Patel,avery.patel45@example.com,(555) 555-0127,synthetic_job_board,SYN-20260730-00628,True
CP-00629,2026-03-13,Business Data Analyst,Data Analyst,Data & Analytics,Keystone Energy Works,Retail,Denver,CO,United States,Remote,Entry Level,Full-time,50000.0,72000.0,year,USD,Azure | Data Visualization | Git | SQL | Tableau,Git | Project Management,Associate degree,2,True,Synthetic entry level opportunity in retail focused on Azure and collaborative problem solving.,Cameron Smith,cameron.smith46@example.com,(555) 555-0128,synthetic_job_board,SYN-20260313-00629,True
CP-00630,2026-06-06,Full Stack Engineer,Software Engineer,Software Engineering,Harborlight HealthTech,Cloud Services,Chicago,IL,United States,Hybrid,Entry Level,Full-time,69000.0,86000.0,year,USD,AWS | JavaScript | Linux | Python | React,Communication | Project Management,Bachelor's degree,1,True,Synthetic entry level opportunity in cloud services focused on AWS and collaborative problem solving.,Cameron Wilson,cameron.wilson47@example.net,(555) 555-0129,synthetic_job_board,SYN-20260606-00630,True
CP-00631,2026-03-28,Security Operations Analyst,Cybersecurity Analyst,Cybersecurity,Rainier Cloud Group,Cybersecurity,San Diego,CA,United States,On-site,Entry Level,Full-time,72000.0,88000.0,year,USD,Cybersecurity | Incident Response | Linux | Networking | SIEM,AWS | Azure | Project Management | SQL,Bachelor's degree,2,False,Synthetic entry level opportunity in cybersecurity focused on Cybersecurity and collaborative problem solving.,Quinn Wilson,quinn.wilson48@example.org,(555) 555-0130,synthetic_job_board,SYN-20260328-00631,True
CP-00632,2026-06-04,Full Stack Engineer,Software Engineer,Software Engineering,Rainier Cloud Group,HealthTech,Columbus,OH,United States,Remote,Internship,Internship,36000.0,52000.0,year,USD,AWS | Git | Python | React,Azure | Communication | Docker,Bachelor's degree,0,True,Synthetic internship opportunity in healthtech focused on AWS and collaborative problem solving.,Quinn Nguyen,quinn.nguyen49@example.com,(555) 555-0131,synthetic_job_board,SYN-20260604-00632,True
CP-00633,2026-02-05,Software Engineer,Software Engineer,Software Engineering,Northstar Robotics,HealthTech,Seattle,WA,United States,Remote,Associate,Full-time,106000.0,128000.0,year,USD,Communication | Java | JavaScript | Linux | Project Management | Python | React,Azure | C++ | Communication | Docker | Project Management,No degree specified,2,True,Synthetic associate opportunity in healthtech focused on Communication and collaborative problem solving.,Reese Lewis,reese.lewis50@example.com,(206) 555-0132,synthetic_job_board,SYN-20260205-00633,True
CP-00634,2026-02-03,Full Stack Engineer,Software Engineer,Software Engineering,Sonoran Systems Lab,HealthTech,Boston,MA,United States,Hybrid,Entry Level,Full-time,77000.0,98000.0,year,USD,AWS | Java | JavaScript | Linux | React,C++ | Communication,Bachelor's degree,0,True,Synthetic entry level opportunity in healthtech focused on AWS and collaborative problem solving.,Avery Patel,avery.patel51@example.net,(555) 555-0133,synthetic_job_board,SYN-20260203-00634,True
CP-00635,2026-05-29,Product Analyst,Product Analyst,Data & Analytics,Great Lakes Data Cooperative,FinTech,Chicago,IL,United States,Hybrid,Entry Level,Full-time,54000.0,64000.0,year,USD,Communication | Data Visualization | Product Analytics | Python,JavaScript | Statistics | Tableau,Bachelor's degree,1,True,Synthetic entry level opportunity in fintech focused on Communication and collaborative problem solving.,Casey Kim,casey.kim52@example.org,(555) 555-0134,synthetic_job_board,SYN-20260529-00635,True
CP-00636,2026-02-26,Embedded Software Engineer,Embedded Systems Engineer,Electrical & Hardware Engineering,Front Range Controls,Automotive,Denver,CO,United States,Remote,Mid Level,Full-time,94000.0,123000.0,year,USD,Arduino | Azure | C++ | Git | Project Management,Altium | MATLAB | Python,Bachelor's degree,4,True,Synthetic mid level opportunity in automotive focused on Arduino and collaborative problem solving.,Morgan Lee,morgan.lee53@example.com,(555) 555-0135,synthetic_job_board,SYN-20260226-00636,True
CP-00637,2026-03-01,Data Analyst,Data Analyst,Data & Analytics,Peachtree Technology Group,Financial Services,San Diego,CA,United States,On-site,Entry Level,Full-time,,,year,USD,Power BI | Python | SQL | Tableau,AWS | Git | Project Management,Bachelor's degree,2,False,Synthetic entry level opportunity in financial services focused on Power BI and collaborative problem solving.,Quinn Brown,quinn.brown54@example.net,(555) 555-0136,synthetic_job_board,SYN-20260301-00637,True
CP-00638,2026-06-12,Backend Engineer,Software Engineer,Software Engineering,Sonoran Systems Lab,HealthTech,Salt Lake City,UT,United States,Remote,Mid Level,Part-time,92000.0,113000.0,year,USD,Git | Java | JavaScript | Linux | Python | SQL,Azure | C++ | Project Management,No degree specified,4,True,Synthetic mid level opportunity in healthtech focused on Git and collaborative problem solving.,Parker Patel,parker.patel55@example.com,(555) 555-0137,synthetic_job_board,SYN-20260612-00638,True
CP-00639,2026-06-27,Associate Product Analyst,Product Analyst,Data & Analytics,Great Lakes Data Cooperative,E-commerce,Boston,MA,United States,On-site,Mid Level,Full-time,,,year,USD,Communication | Excel | Product Analytics | Python | SQL,Power BI | Project Management | Statistics,No degree specified,3,False,Synthetic mid level opportunity in e-commerce focused on Communication and collaborative problem solving.,Parker Wilson,parker.wilson56@example.com,(555) 555-0138,synthetic_job_board,SYN-20260627-00639,True
CP-00640,2026-04-05,Full Stack Engineer,Software Engineer,Software Engineering,Blue Ridge Analytics,Software,Austin,TX,United States,Hybrid,Mid Level,Part-time,104000.0,140000.0,year,USD,AWS | Java | React | SQL,Azure | Project Management,Bachelor's degree preferred,5,True,Synthetic mid level opportunity in software focused on AWS and collaborative problem solving.,Drew Davis,drew.davis57@example.net,(512) 555-0139,synthetic_job_board,SYN-20260405-00640,True
CP-00004,2026-04-22,Security Operations Analyst,Cybersecurity Analyst,Cybersecurity,Cascade Secure Systems,Government Technology,Portland,OR,United States,On-site,Entry Level,Part-time,60000.0,80000.0,year,USD,Cybersecurity | Incident Response | Linux | Networking | Python,AWS | Azure | Git | Project Management | SQL,Bachelor's degree,2,False,Synthetic entry level opportunity in government technology focused on Cybersecurity and collaborative problem solving.,Quinn Wilson,quinn.wilson3@example.net,(555) 555-0103,synthetic_job_board,SYN-20260422-00004,True
CP-00048,2026-05-28,Security Operations Analyst,Cybersecurity Analyst,Cybersecurity,Potomac Digital Services,Cybersecurity,Minneapolis,MN,United States,Remote,Mid Level,Full-time,90000.0,114000.0,year,USD,Azure | Communication | Git | Project Management,AWS | Azure | Git | Project Management | SQL,Bachelor's degree,6,True,Synthetic mid level opportunity in cybersecurity focused on Azure and collaborative problem solving.,Quinn Kim,quinn.kim47@example.com,(555) 555-0147,synthetic_job_board,SYN-20260528-00048,True
CP-00102,2026-06-01,Data Analyst,Data Analyst,Data & Analytics,Blue Ridge Analytics,Healthcare,Seattle,WA,United States,Remote,Mid Level,Full-time,87000.0,105000.0,year,USD,Data Visualization | Project Management | Python | Tableau,AWS | Git | Project Management,No degree specified,6,True,Synthetic mid level opportunity in healthcare focused on Data Visualization and collaborative problem solving.,Skyler Wilson,skyler.wilson4@example.net,(206) 555-0101,synthetic_job_board,SYN-20260601-00102,True
CP-00189,2026-06-21,Junior Data Analyst,Data Analyst,Data & Analytics,Axiom Circuit Labs,Financial Services,Boston,MA,United States,On-site,Mid Level,Full-time,86000.0,108000.0,year,USD,Communication | Data Visualization | Excel | Power BI | Python | SQL | Tableau,AWS | Project Management,Bachelor's degree,4,False,Synthetic mid level opportunity in financial services focused on Communication and collaborative problem solving.,Drew Lewis,drew.lewis91@example.net,(555) 555-0188,synthetic_job_board,SYN-20260621-00189,True
CP-00302,2026-06-22,Software Engineer,Software Engineer,Software Engineering,Blue Ridge Analytics,Software,Baltimore,MD,United States,Remote,Internship,Internship,35000.0,49000.0,year,USD,Communication | Linux | React | SQL,Azure | C++ | Communication | Docker | Project Management,Associate degree,0,True,Synthetic internship opportunity in software focused on Communication and collaborative problem solving.,Parker Lewis,parker.lewis10@example.org,(410) 555-0101,synthetic_job_board,SYN-20260622-00302,True
CP-00416,2026-02-05,Network Engineer,Network Engineer,Information Technology,Peachtree Technology Group,Government Technology,Portland,OR,United States,On-site,Internship,Internship,28000.0,35000.0,year,USD,Cisco | Cybersecurity | Linux | Networking,AWS | Git | Project Management | SIEM,Bachelor's degree preferred,0,False,Synthetic internship opportunity in government technology focused on Cisco and collaborative problem solving.,Riley Davis,riley.davis27@example.org,(555) 555-0115,synthetic_job_board,SYN-20260205-00416,True
CP-00523,2026-03-20,Junior Web Developer,Junior Developer,Software Engineering,Axiom Circuit Labs,Education Technology,Boston,MA,United States,Remote,Senior,Full-time,86000.0,123000.0,year,USD,AWS | Communication | HTML/CSS | Project Management | SQL,C++ | Java | Linux | Project Management,Bachelor's degree,7,True,Synthetic senior opportunity in education technology focused on AWS and collaborative problem solving.,Cameron Kim,cameron.kim37@example.net,(555) 555-0122,synthetic_job_board,SYN-20260320-00523,True
CP-00604,2026-04-05,IT Support Specialist,IT Support Specialist,Information Technology,Summit Network Partners,Healthcare,San Diego,CA,United States,Hybrid,Associate,Full-time,49000.0,59000.0,year,USD,Communication | Networking | Technical Support | Windows,Azure | Cybersecurity | Python,No degree specified,2,True,Synthetic associate opportunity in healthcare focused on Communication and collaborative problem solving.,Riley Clark,riley.clark21@example.org,(555) 555-0103,synthetic_job_board,SYN-20260405-00604,True
CP-ND-001,2026-06-25,Industrial Automation Engineer,Automation Engineer,Electrical & Hardware Engineering,Front Range Controls,Logistics,Boston,MA,United States,Hybrid,Mid Level,Full-time,95000.0,126000.0,year,USD,AutoCAD | Communication | Control Systems | PLC | Python,Arduino | Git | Project Management | Robotics | SQL,Bachelor's degree,4,True,Synthetic mid level opportunity in logistics focused on AutoCAD and collaborative problem solving.,Taylor Davis,taylor.davis8@example.com,(555) 555-0108,synthetic_job_board,SYN-NEAR-001,True
CP-ND-002,2026-03-06,SOC Analyst,Cybersecurity Analyst,Cybersecurity,Rainier Cloud Group,Cloud Services,Pittsburgh,PA,United States,Remote,Entry Level,Full-time,,,year,USD,Azure | Cybersecurity | Incident Response | Linux | Project Management,AWS | Azure | Git | Project Management | SQL,Bachelor's degree,1,True,Synthetic entry level opportunity in cloud services focused on Azure and collaborative problem solving.,Reese Davis,reese.davis92@example.org,(555) 555-0192,synthetic_job_board,SYN-NEAR-002,True
CP-ND-003,2026-02-06,Application Developer,Software Engineer,Software Engineering,Pioneer Aerospace Works,Cloud Services,Phoenix,AZ,United States,Hybrid,Senior,Full-time,114000.0,159000.0,year,USD,AWS | JavaScript | Linux | Python | React | SQL,C++ | Communication | Project Management,Bachelor's degree,7,True,Synthetic senior opportunity in cloud services focused on AWS and collaborative problem solving.,Taylor Garcia,taylor.garcia47@example.com,(555) 555-0144,synthetic_job_board,SYN-NEAR-003,True
CP-ND-004,2026-03-01,Industrial Automation Engineer,Automation Engineer,Electrical & Hardware Engineering,Keystone Energy Works,Food Production,Baltimore,MD,United States,Remote,Associate,Full-time,,,year,USD,AWS | Azure | Git | MATLAB | PLC | Project Management | Python,Arduino | Project Management | Robotics,Associate degree,1,True,Synthetic associate opportunity in food production focused on AWS and collaborative problem solving.,Avery Lee,avery.lee72@example.com,(410) 555-0166,synthetic_job_board,SYN-NEAR-004,True
CP-ND-005,2026-05-12,Data Analyst,Data Analyst,Data & Analytics,Summit Network Partners,Retail,Austin,TX,United States,Remote,Internship,Internship,32000.0,40000.0,year,USD,AWS | Communication | Git | Project Management | SQL | Tableau,AWS | Git | Statistics,Bachelor's degree,0,True,Synthetic internship opportunity in retail focused on AWS and collaborative problem solving.,Parker Martin,parker.martin86@example.com,(512) 555-0177,synthetic_job_board,SYN-NEAR-005,True
CP-ND-006,2026-02-07,IT Support Specialist,IT Support Specialist,Information Technology,Sonoran Systems Lab,Healthcare,Phoenix,AZ,United States,Remote,Associate,Full-time,45000.0,55000.0,year,USD,Azure | Communication | Git | Networking | Technical Support,Project Management | Python,Bachelor's degree,2,True,Synthetic associate opportunity in healthcare focused on Azure and collaborative problem solving.,Jordan Lee,jordan.lee4@example.com,(555) 555-0189,synthetic_job_board,SYN-NEAR-006,True
